id,store,app_name,app_category,country,rating,author,review_date,content,lang_detected,sentiment_label,sentiment_score,keyword_category,created_at
2863,google_play,Gojek,mobility_superapp,SEA,1,NIKUN THÀNH (Monkeybaby),2024-09-07,Gojek bây giờ đã ngừng hoạt động r tiếc thật ha 😞,vi,negative,0.9389,기타,2026-06-05 09:24:42.911098+00
2864,google_play,Gojek,mobility_superapp,SEA,5,Ngân Đậu,2024-09-07,Đồng hàng Gojek vỏn vẹn 6 năm từ hồi còn là GoViet. Thật buồn khi nghe tin Gojek rút .,vi,negative,0.8822,기타,2026-06-05 09:24:42.911098+00
2865,google_play,Gojek,mobility_superapp,SEA,5,Nhi Phạm,2024-09-07,Rât thich đi Gojek,vi,positive,0.366,기타,2026-06-05 09:24:42.911098+00
2866,google_play,Gojek,mobility_superapp,SEA,5,Anh Nguyễn Ngọc Minh,2024-09-07,Buồn lắm á gojek sao lại ngưng?,vi,negative,0.8634,기타,2026-06-05 09:24:42.911098+00
2867,google_play,Gojek,mobility_superapp,SEA,5,Võ Anh Thư,2024-09-07,tạm biệt Gojek huhu😭😭😭,vi,negative,0.7158,기타,2026-06-05 09:24:42.911098+00
2868,google_play,Gojek,mobility_superapp,SEA,1,Đức Anh lê,2024-09-07,Mãi kh gửi mã otp để đăng nhập???? Mấy ngày liền r kh đăng nhập đc,vi,neutral,0.5807,기타,2026-06-05 09:24:42.911098+00
2869,google_play,Gojek,mobility_superapp,SEA,5,TV,2024-09-07,Sau 6 năm đồng hành. Tạm biệt gojet cùng tôi di chuyển an toàn.,vi,positive,0.6441,기타,2026-06-05 09:24:42.911098+00
2817,google_play,Gojek,mobility_superapp,SEA,5,Minh Thư Trương Trần,2024-09-15,"Đồng hành cùng gojek trong 2 năm trải qua rất nhiều kỉ niệm, học được rất nhiều điều từ những câu chuyện của những bác tài xế💓, lần này nhận được tin tạm dừng của Gojek cảm thấy rất buồn và tiếc nuối. Chúc Gojek sắp tới mọi thứ thuận lợi, cảm ơn vì hành trình vừa qua và tạm biệt!!😭😭",vi,positive,0.696,배차·대기,2026-06-05 09:24:42.911098+00
2818,google_play,Gojek,mobility_superapp,SEA,5,Tiến mạnh Trần,2024-09-15,"Chúc anh chị công ty gojek nhiều sức khỏe, dù ko còn cộng tác chung với nhau nữa, nhưng vẫn nhớ và mọi người, nhớ rất nhiều và cảm ơn rất nhiều, ai nói gì thì nói với riêng tôi công ty gojek làm ăn tiền bạc rất là rạch ròi đâu ra đó, nhưng mà thị trường quá khốc liệt, phá nhiều hơn cạnh tranh nên gojek đành ra đi, tiền rẻ hơn app khác nhiều, trời mưa gió thì ko thấy lên, mà vẫn giữ nguyên, vậy mà nhiều người vẫn chê mắc mà ko biết mắc ở chỗ nào,",vi,positive,0.5469,기타,2026-06-05 09:24:42.911098+00
2819,google_play,Gojek,mobility_superapp,SEA,5,Diễm Nguyễn,2024-09-15,Quá tuyệt vời,vi,positive,0.8715,기타,2026-06-05 09:24:42.911098+00
2820,google_play,Gojek,mobility_superapp,SEA,5,Minhthu Lu,2024-09-15,Cảm ơn Gojek trong thời gian qua nha.,vi,positive,0.8369,기타,2026-06-05 09:24:42.911098+00
2821,google_play,Gojek,mobility_superapp,SEA,5,Huy Trương Anh,2024-09-15,Cảm ơn vì đã đồng hành đến ngày hôm nay,vi,positive,0.7185,기타,2026-06-05 09:24:42.911098+00
2822,google_play,Gojek,mobility_superapp,SEA,1,Mãi Lê,2024-09-15,Lũ súc vật nhận cuốc k chạy tốn tg của t,vi,negative,0.4763,기타,2026-06-05 09:24:42.911098+00
2823,google_play,Gojek,mobility_superapp,SEA,4,Tân Nguyễn,2024-09-15,OK BYE BYE GỬI VÀO ĐẦU 15/9 1 NGÀY TRƯỚC KHI GOJEK STOP,vi,negative,0.5016,기타,2026-06-05 09:24:42.911098+00
2824,google_play,Gojek,mobility_superapp,SEA,5,Minh Việt,2024-09-14,Hãy ở lại Việt Nam đừng bỏ chúng tôi,vi,negative,0.4077,기타,2026-06-05 09:24:42.911098+00
2825,google_play,Gojek,mobility_superapp,SEA,1,Leonhard Licht,2024-09-14,"Chờ tài gần tiếng k nhận đơn,hủy cũng k hủy được",vi,negative,0.5044,기타,2026-06-05 09:24:42.911098+00
2826,google_play,Gojek,mobility_superapp,SEA,1,Quân Dương,2024-09-14,"chờ tài mãi không thấy tài xế nhận đơn ship đồ ăn lại còn không hủy được, rất ức chế",vi,negative,0.8867,배차·대기,2026-06-05 09:24:42.911098+00
2827,google_play,Gojek,mobility_superapp,SEA,1,tu vlog,2024-09-14,Đặt xe tài xế ko nhận,vi,neutral,0.6001,배차·대기,2026-06-05 09:24:42.911098+00
2828,google_play,Gojek,mobility_superapp,SEA,5,Hoàng Oanh Nguyễn,2024-09-14,Tiền xe đi rẻ bác tài dễ thương lúc nào cũng đặt đi xe gojek mà giờ lại dừng hoạt động nghe tin này nhà mình ai cng buồn ai cũng sợ ko còn app nào đặt xe nữa mong gojek vẫn hoạt động tiếp tục để mình có app để đặt xe đi nữa,vi,negative,0.5729,기타,2026-06-05 09:24:42.911098+00
2829,google_play,Gojek,mobility_superapp,SEA,5,Nguyễn Thi “AnhThi_DKM1191_050”,2024-09-14,Cảm ơn những vì chuyến đi an toàn và tuyến đường phù hợp,vi,positive,0.8024,기타,2026-06-05 09:24:42.911098+00
2830,google_play,Gojek,mobility_superapp,SEA,1,Vinh Nguyễn Hữu,2024-09-14,Cut đi,vi,negative,0.5786,기타,2026-06-05 09:24:42.911098+00
2831,google_play,Gojek,mobility_superapp,SEA,5,Bin,2024-09-14,"Gojek rất tốt, mình rất vui. Chúc bạn về nước vui vẻ.",vi,positive,0.9304,기타,2026-06-05 09:24:42.911098+00
2832,google_play,Gojek,mobility_superapp,SEA,4,nhỏ bii,2024-09-14,"m.n biết app nào chạy xuyên đêm kh ạ, tại mai khuya 2 3g e cần từ trung an về hóc môn ạa😭",vi,neutral,0.6039,기타,2026-06-05 09:24:42.911098+00
2833,google_play,Gojek,mobility_superapp,SEA,1,Nhat Duy,2024-09-13,Đặt xong trả tiền ko ship tới,vi,neutral,0.5573,기타,2026-06-05 09:24:42.911098+00
2834,google_play,Gojek,mobility_superapp,SEA,1,Dung Mỵ,2024-09-13,"Hỗ trợ khách hàng tệ, rất tệ",vi,negative,0.8846,서비스,2026-06-05 09:24:42.911098+00
2835,google_play,Gojek,mobility_superapp,SEA,5,Trunss,2024-09-13,Cảm ơn gojek,vi,positive,0.7576,기타,2026-06-05 09:24:42.911098+00
2836,google_play,Gojek,mobility_superapp,SEA,1,Như Vương,2024-09-13,"22h ngày 12/9/2024 tôi đặt GoCar từ Bình Thạnh đi BX Ngã Tư Ga trong vòng 15' bị tài xế hủy 3 chuyến liên tục, tài xế không hủy liền sau khi xác nhận xe mà để chờ tầm 5' mới hủy chuyến. Lâu lâu thử đặt Gojek mà quá thất vọng.",vi,negative,0.8361,배차·대기,2026-06-05 09:24:42.911098+00
2837,google_play,Gojek,mobility_superapp,SEA,2,Tín Trần,2024-09-12,"Đợi mãi mà chả thấy xe, app xuống cấp thật rồi",vi,negative,0.9086,기타,2026-06-05 09:24:42.911098+00
2838,google_play,Gojek,mobility_superapp,SEA,5,Anh Thư Nguyễn,2024-09-12,Mấy chú giao hàng rất dễ thương,vi,positive,0.8132,기타,2026-06-05 09:24:42.911098+00
2839,google_play,Gojek,mobility_superapp,SEA,5,Thảo Nguyên Nguyễn Mai,2024-09-12,"Thật sự thì Gojek rất tuyệt vời, tôi đã sử dụng Gojek trong 6 năm qua, có rất nhiều mã giảm giá, ưu đãi cho người dùng, khi nghe tin phải tạm biệt Gojek thì tôi cảm thấy hơi buồn.",vi,negative,0.6818,요금,2026-06-05 09:24:42.911098+00
3078,google_play,Gojek,mobility_superapp,SEA,1,Spt E.,2022-02-17,ลงทะเบียนไม่ได้ ไม่มีรหัสส่งมา,th,negative,0.6712,기타,2026-06-05 09:24:42.911098+00
1920,google_play,Grab,mobility_superapp,SEA,1,Yu Kuanjira,2026-06-02,คนข้างบนได้เยอะคนข้างล่างได้น้อย ฟีเจ้อพ่วงก้อไม่เอื้อประโยชกะลูกค้าแถมคนโดนด่าคือไรเด้อ รับไปเลยหนึ่งดาวบ.อุ,th,negative,0.7436,기타,2026-06-05 09:24:42.911098+00
1921,google_play,Grab,mobility_superapp,SEA,5,Ramzan Ali,2026-06-02,good 100%,so,positive,0.529,기타,2026-06-05 09:24:42.911098+00
1922,google_play,Grab,mobility_superapp,SEA,5,Merlita Cuizon,2026-06-02,Amazing helpful i ordered from here dubai,da,positive,0.6918,기타,2026-06-05 09:24:42.911098+00
1923,google_play,Grab,mobility_superapp,SEA,1,Pasti Pober,2026-06-02,"PROMO: small order fee is 130 pesos, so that the order can qualify for 45 pesos delivery discount. Non promo i get delivery for 45 every day. Make it make sense.",en,neutral,0.4711,EV·충전,2026-06-05 09:24:42.911098+00
1924,google_play,Grab,mobility_superapp,SEA,1,Mari Anjie,2026-06-02,"signing up was hard, not to mention verification is not working properly why should we send a message and not the app itself",en,negative,0.9158,기타,2026-06-05 09:24:42.911098+00
1925,google_play,Grab,mobility_superapp,SEA,5,Syed Abbas kazmi,2026-06-02,Nice apps,fr,positive,0.7009,기타,2026-06-05 09:24:42.911098+00
1926,google_play,Grab,mobility_superapp,SEA,5,Bharat Rajpoot,2026-06-02,Good 😊 app bahut he acha app h👍🏆,en,positive,0.6836,기타,2026-06-05 09:24:42.911098+00
1927,google_play,Grab,mobility_superapp,SEA,1,Khalid Edris,2026-06-02,subrang tagal ng order,tl,negative,0.6931,기타,2026-06-05 09:24:42.911098+00
2840,google_play,Gojek,mobility_superapp,SEA,5,Lan Lan,2024-09-12,"Mình sẽ nhớ GOJEK nhiều lắm ! App đặt xe công nghệ tốt nhất, nhiệt tình nhất, giao hàng nhanh nhất mình từng sử dụng ! Thật buồn vô cùng 😔 khi GOJEK rời khỏi Việt Nam 🇻🇳 ! Mình rất mong GOJEK quay trở lại, thế giới này thật trống vắng và buồn bã làm sao khi không còn GOJEK ở đây ! 💔😢😞",vi,negative,0.9101,기타,2026-06-05 09:24:42.911098+00
2841,google_play,Gojek,mobility_superapp,SEA,1,佳慧,2024-09-11,"Như quần, đợi hơn nửa tiếng đồng hồ, trong khi trên map xung quanh khu vực hiện rất nhiều tài xế, không ai nhận đơn, khốn nạn",vi,negative,0.8026,배차·대기,2026-06-05 09:24:42.911098+00
2842,google_play,Gojek,mobility_superapp,SEA,5,Nhut Quang Le,2024-09-11,Dù gì cũng là kỷ niệm :)),vi,positive,0.8328,기타,2026-06-05 09:24:42.911098+00
2843,google_play,Gojek,mobility_superapp,SEA,5,Phong Phạm Thanh,2024-09-10,Cuộc vui nào cũng sẽ tàn. Good bye Gojek ❤️🇻🇳,vi,positive,0.4126,기타,2026-06-05 09:24:42.911098+00
2844,google_play,Gojek,mobility_superapp,SEA,2,Tấn an Huỳnh lê,2024-09-10,Đặt xe mà chẳng có xe nào mặc dù có nhiều tài xế hiện trên bản đồ rất gần,vi,neutral,0.6186,배차·대기,2026-06-05 09:24:42.911098+00
1797,google_play,Grab,mobility_superapp,SEA,5,Shahrul Danial,2026-06-04,function app better,en,positive,0.3512,기타,2026-06-05 09:24:42.911098+00
1798,google_play,Grab,mobility_superapp,SEA,5,Yangatama Atylu,2026-06-04,fast delivery,da,neutral,0.5613,기타,2026-06-05 09:24:42.911098+00
1799,google_play,Grab,mobility_superapp,SEA,5,Nasuha Mohd,2026-06-04,This app helps me to get car services and buy food delivery easily. The apps is very useful and have variety of features we can use.,en,positive,0.8446,서비스,2026-06-05 09:24:42.911098+00
1800,google_play,Grab,mobility_superapp,SEA,5,Manisha Thakur,2026-06-04,it is very useful app it is very easily transporter taxi and food,en,positive,0.7026,기타,2026-06-05 09:24:42.911098+00
2920,google_play,Gojek,mobility_superapp,SEA,1,Truc Pham,2024-09-01,Quá tệ,vi,negative,0.428,기타,2026-06-05 09:24:42.911098+00
2921,google_play,Gojek,mobility_superapp,SEA,5,Tuấn Le,2024-09-01,Mong gojek ngày càng phát triển,vi,positive,0.6664,기타,2026-06-05 09:24:42.911098+00
2922,google_play,Gojek,mobility_superapp,SEA,1,Gấm Thị,2024-09-01,Lần nào đưa tiền cũng ko chịu hối Mà nói. Hối là hết tiền lẻ Dậy lấy tiền lẻ chi rồi ko chịu hối đi 18k phải bo luôn cho chẳng 50k à,vi,negative,0.6939,기타,2026-06-05 09:24:42.911098+00
2923,google_play,Gojek,mobility_superapp,SEA,1,My Trần,2024-09-01,Đăng nhập được éo,vi,neutral,0.6144,기타,2026-06-05 09:24:42.911098+00
2924,google_play,Gojek,mobility_superapp,SEA,5,All_Star RiveFiora,2024-09-01,"Lúc trước đăng nhập vào vẫn nhận được mã otp, hai ngày nay không nhận mã, qua đăng ký mấy app kia thì có mã otp là sao nhỉ",vi,neutral,0.4903,기타,2026-06-05 09:24:42.911098+00
2069,google_play,Grab,mobility_superapp,SEA,5,A1C Uy WPM,2026-05-30,on time and panctual,en,neutral,0.58,기타,2026-06-05 09:24:42.911098+00
2925,google_play,Gojek,mobility_superapp,SEA,1,Đức Anh Hoàng,2024-09-01,Ko có mã giảm giá,vi,neutral,0.5701,요금,2026-06-05 09:24:42.911098+00
2926,google_play,Gojek,mobility_superapp,SEA,1,Gia Mẫn Âu,2024-08-31,QUÁ TỆ,vi,negative,0.644,기타,2026-06-05 09:24:42.911098+00
2927,google_play,Gojek,mobility_superapp,SEA,1,Linh Hồ Nguyễn Thùy,2024-08-31,"Bắt chuyến xe ra bến chờ nửa tiếng ko ai nhận, hay đi nên ko thèm nhận, dịch vụ thì tệ hại mà đòi người dùng lựa chọn. Bên này hay tăng giá mà còn ko nhận khách",vi,negative,0.8808,요금,2026-06-05 09:24:42.911098+00
2928,google_play,Gojek,mobility_superapp,SEA,1,Anh Nguyễn,2024-08-31,Đợi 30p không tìm được tài xế mà không cho hủy đơn,vi,negative,0.5742,배차·대기,2026-06-05 09:24:42.911098+00
2929,google_play,Gojek,mobility_superapp,SEA,5,Tuyet Nguyen,2024-08-31,Tốt nhanh,vi,neutral,0.4583,기타,2026-06-05 09:24:42.911098+00
2930,google_play,Gojek,mobility_superapp,SEA,5,Vinh Thế,2024-08-31,Dv tốt,vi,positive,0.6203,기타,2026-06-05 09:24:42.911098+00
2931,google_play,Gojek,mobility_superapp,SEA,1,Giang Trà Vinh Nguyen,2024-08-31,"Ap như bùi ! Số điện thoại đã đăng ký trên thiết bị khác, qua thiết bị mới đăng nhập thì lại không nhận ra , báo không có tài khoản. Vậy cũng tạo Ap. Dẹp đi là vừa.",vi,negative,0.633,기타,2026-06-05 09:24:42.911098+00
2932,google_play,Gojek,mobility_superapp,SEA,1,Won Der,2024-08-30,"Dịch vụ ngày càng đắt đỏ, sắp phá sản rồi",vi,negative,0.9292,기타,2026-06-05 09:24:42.911098+00
2933,google_play,Gojek,mobility_superapp,SEA,1,vinh tran,2024-08-30,"Như lol ! Trước đây còn dc. Giờ lag như chó ! Đn tk mà méo dc , mã otp tế cha hay gì ? Mịa app",vi,negative,0.43,기타,2026-06-05 09:24:42.911098+00
2934,google_play,Gojek,mobility_superapp,SEA,4,Khoa Anh,2024-08-30,Tốt tuy nhiên có vài tp ko thèm chở khách luôn,vi,negative,0.5885,기타,2026-06-05 09:24:42.911098+00
2935,google_play,Gojek,mobility_superapp,SEA,5,Hải Yến Lê,2024-08-29,Tại sao không thể kết nối trực tiếp với thẻ ngân hàng,vi,neutral,0.5349,기타,2026-06-05 09:24:42.911098+00
2936,google_play,Gojek,mobility_superapp,SEA,5,Thanh Shipper,2024-08-28,Ok...,af,neutral,0.5584,기타,2026-06-05 09:24:42.911098+00
2937,google_play,Gojek,mobility_superapp,SEA,1,MinhSang Nguyen,2024-08-27,Đứng đợi 10 phút ko thấy đón,vi,negative,0.5449,기타,2026-06-05 09:24:42.911098+00
2938,google_play,Gojek,mobility_superapp,SEA,1,Khôi Đỗ,2024-08-27,rất bất tiện,vi,negative,0.935,기타,2026-06-05 09:24:42.911098+00
2939,google_play,Gojek,mobility_superapp,SEA,5,Jennie Queen,2024-08-27,"Tốt, đặt xe giá hợp lý hơn những app khác.",vi,positive,0.5669,요금,2026-06-05 09:24:42.911098+00
2940,google_play,Gojek,mobility_superapp,SEA,5,TM Jeff,2024-08-27,Tốt hơn màu vàng là cái chắc,vi,positive,0.4088,기타,2026-06-05 09:24:42.911098+00
2941,google_play,Gojek,mobility_superapp,SEA,3,Anh Tuan,2024-08-27,"Định vị chỗ khách đang đứng quá tệ, lần nào cũng vậy",vi,negative,0.9187,기타,2026-06-05 09:24:42.911098+00
2942,google_play,Gojek,mobility_superapp,SEA,2,Kháng Dinh Nguyễn,2024-08-26,Chưa phổ biến khu vực tp Sóc Trăng,vi,neutral,0.7108,기타,2026-06-05 09:24:42.911098+00
2943,google_play,Gojek,mobility_superapp,SEA,5,Xana Alex,2024-08-26,Quán gà nướng rất ngon ạ,vi,positive,0.8299,기타,2026-06-05 09:24:42.911098+00
2944,google_play,Gojek,mobility_superapp,SEA,5,Ttt Vvv,2024-08-26,Tuyệt,vi,negative,0.6536,기타,2026-06-05 09:24:42.911098+00
2945,google_play,Gojek,mobility_superapp,SEA,1,Văn Bùi Thanh,2024-08-25,Giao hàng lâu vcl đặt từ 7h mà 8h chưa có người giao phải đặt lại,vi,negative,0.4991,기타,2026-06-05 09:24:42.911098+00
2946,google_play,Gojek,mobility_superapp,SEA,5,Thuy Tran Thanh,2024-08-25,Rất tốt giá cả hợp lý 👍,vi,positive,0.7541,요금,2026-06-05 09:24:42.911098+00
3079,google_play,Gojek,mobility_superapp,SEA,1,Coc 11,2022-02-12,แอพขอรหัสโคตช้าแอพกากจัด,th,negative,0.9161,기타,2026-06-05 09:24:42.911098+00
3080,google_play,Gojek,mobility_superapp,SEA,5,ธนกฤต เซซัง,2022-02-04,ไม่มีความสุขบนความทุกข์ของคนอื่น,th,negative,0.8207,기타,2026-06-05 09:24:42.911098+00
2871,google_play,Gojek,mobility_superapp,SEA,5,Khánh Tống,2024-09-07,Lần cuối cùng em đồng hành cùng gojek là lần vui nhất lun em mong sau này app sẽ mãi trong tim em 🥰🥰,vi,positive,0.8844,기타,2026-06-05 09:24:42.911098+00
2872,google_play,Gojek,mobility_superapp,SEA,5,My Trà,2024-09-07,Pls don't leave me gojek-chan. Ko có gojek làm sao toi sống đc 😭😭😭😭😭😭😭😭😭😭😭😭😭😭😭😭😭😭😭😭😭😭😭😭😭😭😭😭😭😭😭😭😭,vi,negative,0.8599,기타,2026-06-05 09:24:42.911098+00
2873,google_play,Gojek,mobility_superapp,SEA,5,hs NVTN,2024-09-06,"I have been using your service for 3 years, not bad, thanks so much",en,positive,0.8953,서비스,2026-06-05 09:24:42.911098+00
2874,google_play,Gojek,mobility_superapp,SEA,5,Kim Uyên Lê Trần,2024-09-06,"Cảm ơn Gojek bên mình suốt 5 năm đại học. Đi học gojek, đặt food gojek, gửi đồ gojek. Thật tiếc khi bạn rời đi. Mong là ở vũ trụ nào đó, gojek một đường nở hoa 😍 Chân thành cảm ơn",vi,positive,0.6147,기타,2026-06-05 09:24:42.911098+00
2875,google_play,Gojek,mobility_superapp,SEA,5,Lâm Hoài Trung,2024-09-06,"Dẫu biết rằng trong thương trường, ""thắng làm vua, thua rút về nước"". Khi hay tin Gojek buôn thị trường Việt Nam. Có gì đó trong lòng buồn man mác. Cố gắng gojek nhé, tôi luôn nhớ về bạn. Thương các em nhỏ (2 bánh) lại phải thay đổi môi trường mưu sinh.",vi,negative,0.3446,기타,2026-06-05 09:24:42.911098+00
2876,google_play,Gojek,mobility_superapp,SEA,5,Mỹ Hạnh Cao,2024-09-06,"Hello, I am sorry that you have come to the decision to leave Vietnam market. I have always been ordering foods and travelling with you. It has always been a great experience. Wish you many lucks and success for new journey ahead.",en,positive,0.512,기타,2026-06-05 09:24:42.911098+00
2877,google_play,Gojek,mobility_superapp,SEA,2,Lương Mai,2024-09-06,Bác tài hủy chuyến nhiều quá,vi,negative,0.9143,기타,2026-06-05 09:24:42.911098+00
2878,google_play,Gojek,mobility_superapp,SEA,5,Phucthao Hoàng huu,2024-09-06,Tốt đẹp an toàn,vi,positive,0.7055,기타,2026-06-05 09:24:42.911098+00
2879,google_play,Gojek,mobility_superapp,SEA,5,Khang Đoàn,2024-09-06,Good bye gojek,hr,negative,0.4889,기타,2026-06-05 09:24:42.911098+00
2880,google_play,Gojek,mobility_superapp,SEA,5,Xuân Tiến Huỳnh,2024-09-06,"Lợi dụng thời điểm tăng giá cước lên gấp đôi, trải nghiệm cảm thấy tệ!!",vi,negative,0.9282,요금,2026-06-05 09:24:42.911098+00
2881,google_play,Gojek,mobility_superapp,SEA,5,Hiếu Trịnh minh,2024-09-06,Lời chào cuối cùng đến gojek .cảm ơn vì những chuyến xe,vi,positive,0.8344,기타,2026-06-05 09:24:42.911098+00
2882,google_play,Gojek,mobility_superapp,SEA,5,thuanhh thuw,2024-09-06,"Gắn bó với gojek suốt nhiều năm rồi, hôm nay nghe tin gojek dừng hoạt động tại Việt Nam làm mình cảm thấy tiếc nuối và buồn bã lắm, vì phải tạm biệt 1 app có những cô chú tài xế thái độ rất nhiệt tình mà còn thân thiện với khách hàng như mình ý, tuy tiếc nuối vậy nhưng mình cũng cảm thấy rất hạnh phúc và phải cảm ơn những gì gojek mang lại trong chặng đường vừa qua ở VN, hi vọng gojek sẽ mãi bền vững và phát triển thị trường của mình rộng rãi hơn nhé! Chúc GOJEK thành công ở bất kì nơi đâu! 🥰",vi,positive,0.6814,배차·대기,2026-06-05 09:24:42.911098+00
2883,google_play,Gojek,mobility_superapp,SEA,3,Thương Hội Vũ,2024-09-06,"1 cú đổi tên, bay luôn thương hiệu goviet, đối thủ cạnh tranh 1 thời của Gra",vi,neutral,0.4921,기타,2026-06-05 09:24:42.911098+00
1961,google_play,Grab,mobility_superapp,SEA,5,ronel Garcines,2026-06-01,nice to use,it,positive,0.6992,기타,2026-06-05 09:24:42.911098+00
1962,google_play,Grab,mobility_superapp,SEA,1,Lix Lumayag,2026-06-01,"Need pa may load for SMS. Instead of Grab sending me the code, baliktad na--ikaw ang magsesend ng code sa grab. Anong klase 'yan? Ang tagal pa ng puzzle captca. Ano, need pa magpa-load para lang makagamit?",tl,negative,0.8582,기타,2026-06-05 09:24:42.911098+00
1963,google_play,Grab,mobility_superapp,SEA,1,Deo Ventanilla,2026-06-01,Giligans Calamba poor service,ca,negative,0.9348,서비스,2026-06-05 09:24:42.911098+00
1964,google_play,Grab,mobility_superapp,SEA,1,Myoule,2026-06-01,"Nunggu makanan bisa sampe 2 jam lebih, driver suka cancel dan ganti2. Kalo g mau anter ya jangan ambil, gak bisa di report pula gara2 ngabisin waktu doang",id,negative,0.851,배차·대기,2026-06-05 09:24:42.911098+00
1965,google_play,Grab,mobility_superapp,SEA,1,Felix Xing Yang,2026-06-01,"Bad services, food delayed cannot contact restaurant",en,negative,0.8847,서비스,2026-06-05 09:24:42.911098+00
1966,google_play,Grab,mobility_superapp,SEA,5,Jess Dimaculangan,2026-06-01,"On time po lage at mbilis mag booked,, ☺️☺️☺️✌️",en,positive,0.7811,기타,2026-06-05 09:24:42.911098+00
1967,google_play,Grab,mobility_superapp,SEA,5,Jessa mar Magalante,2026-06-01,it helps a lot for new residents of this place by ordering food from grab. easy and budget friendly.,en,positive,0.7614,기타,2026-06-05 09:24:42.911098+00
1968,google_play,Grab,mobility_superapp,SEA,5,Joan Canlas,2026-06-01,fine,it,neutral,0.3777,기타,2026-06-05 09:24:42.911098+00
1969,google_play,Grab,mobility_superapp,SEA,1,Darren Joy Olojan,2026-06-01,Putang inang app yan. walang proper control interface. punyeta nakaka inis andaming distractions.,tl,negative,0.9582,기타,2026-06-05 09:24:42.911098+00
1970,google_play,Grab,mobility_superapp,SEA,1,Holly Hollance,2026-06-01,"This app was automatically installed due to some Samsung phone issue that I can't work out. Every time an app automatically installs itself onto my phone, I feel like it's 2014 again, and U2's album 'Songs of Innocence' has been automatically uploaded to my iPod without my permission.",en,negative,0.7578,EV·충전,2026-06-05 09:24:42.911098+00
742,google_play,LOCA Taxi,kokkok,LAO,1,Nounu lula,2025-02-11,Not ok,no,negative,0.9267,기타,2026-06-05 09:24:42.911098+00
1971,google_play,Grab,mobility_superapp,SEA,1,Coleen Casanova,2026-06-01,"Ordered at standard delivery. I made the order at exactly 3:01pm with the estimated time to arrive after 20-30min but the estimated time of arrival is 3:55pm? At this point I'm way past hunger already. My appetite is GONE. This is beyond delayed. PS. Unrealistic wait time. They say that the wait time is only 15 minutes. But it actually takes almost an hour. Time check: 6:45pm, I booked around 6:10pm.",en,negative,0.8511,배차·대기,2026-06-05 09:24:42.911098+00
1972,google_play,Grab,mobility_superapp,SEA,5,Ulapjay Saban,2026-06-01,good in service,en,positive,0.7524,서비스,2026-06-05 09:24:42.911098+00
1973,google_play,Grab,mobility_superapp,SEA,5,Jo Jo,2026-06-01,very good for food delivery to your door,en,positive,0.6504,기타,2026-06-05 09:24:42.911098+00
1975,google_play,Grab,mobility_superapp,SEA,5,Edralean Santos,2026-06-01,"All-in-one app — rides, food, delivery, groceries. Drivers are professional and prices are fair. Cashless payment makes it so convenient. Always reliable.",en,positive,0.801,결제,2026-06-05 09:24:42.911098+00
1976,google_play,Grab,mobility_superapp,SEA,5,Ninanona Cervantes Lina,2026-06-01,🤙👍🤟,unknown,positive,0.6195,기타,2026-06-05 09:24:42.911098+00
2884,google_play,Gojek,mobility_superapp,SEA,5,Hậu Ngọc,2024-09-06,Cảm ơn gojeck nhé tạm biệt cảm ơn banh chúc bạn dù ở mảng nào nước nào cũng phát triển hơn nhé hẹn gặp lại vào một ngày nào đó 1 lần nữa cảm ơn và chào tạm biệt see you again,vi,positive,0.8319,기타,2026-06-05 09:24:42.911098+00
2885,google_play,Gojek,mobility_superapp,SEA,5,Hiếu Nguyễn Văn,2024-09-06,Gojek ơi đừng bỏ tụi tôi mà,vi,negative,0.4079,기타,2026-06-05 09:24:42.911098+00
2886,google_play,Gojek,mobility_superapp,SEA,5,Tôm Thẻ TV,2024-09-06,Gojek là ứng dụng tuyệt vời,vi,positive,0.9213,기타,2026-06-05 09:24:42.911098+00
2887,google_play,Gojek,mobility_superapp,SEA,5,Trường Hải Lê,2024-09-05,"Xin đừng rời khỏi VN ,hãy ở lại. Chúng tôi rất nhớ bạn Gojek ạ .",vi,positive,0.396,기타,2026-06-05 09:24:42.911098+00
2888,google_play,Gojek,mobility_superapp,SEA,5,Phan Minh Quân,2024-09-05,Tạm biệt,vi,neutral,0.387,기타,2026-06-05 09:24:42.911098+00
2889,google_play,Gojek,mobility_superapp,SEA,1,Phương Huỳnh,2024-09-05,"App tốt nhưng mà tài xế quá tồi tệ, tôi đứng 10 - 15 phút cái tài xế kiu hủy nhưng mà tui ko hỉu vì tui cần về gấp rùi sau đó tài xế lại rùi chửi tui tui kiu hủy rùi mà s cô ko hỉu còn kiu tui chở chi tui đâu có rảnh (mình nghĩ tài xế ko thk chở mk mới hủy, mk đứng đợi họ chứ họ đâu có đợi mình rùi nói họ đợi lâu quá rùi hủy)",vi,negative,0.6717,배차·대기,2026-06-05 09:24:42.911098+00
2890,google_play,Gojek,mobility_superapp,SEA,1,Quốc Huy Offical,2024-09-05,"Ứng dụng chó má , rút máu tài xế , định vị sai tính tiền bậy bạ khách hàng để ăn tiền tổng đài",vi,negative,0.7537,배차·대기,2026-06-05 09:24:42.911098+00
2891,google_play,Gojek,mobility_superapp,SEA,5,Phúc Hưng Đỗ,2024-09-05,Cám ơn Gojek nhiều nhé,vi,positive,0.8504,기타,2026-06-05 09:24:42.911098+00
2892,google_play,Gojek,mobility_superapp,SEA,5,李庚 希1,2024-09-05,Tạm biệt hẹn ngày ko gặp lại nhé người ae Indonesia 😂😂😂,vi,positive,0.5017,기타,2026-06-05 09:24:42.911098+00
2893,google_play,Gojek,mobility_superapp,SEA,5,Minh Hai Nguyen,2024-09-05,cảm ơn và tạm biệt,vi,positive,0.6202,기타,2026-06-05 09:24:42.911098+00
2894,google_play,Gojek,mobility_superapp,SEA,5,Hiền Trần,2024-09-05,"Tài xế thân thiện, hỗ trợ nhiệt tình",vi,positive,0.515,배차·대기,2026-06-05 09:24:42.911098+00
2895,google_play,Gojek,mobility_superapp,SEA,5,Ly,2024-09-05,Tạm biệt Gojek vì những kỉ niệm đẹp,vi,positive,0.8791,기타,2026-06-05 09:24:42.911098+00
2896,google_play,Gojek,mobility_superapp,SEA,5,VyTi,2024-09-05,Ứng dụng ngày đầu ra mắt đã lỗi,vi,negative,0.7808,앱오류,2026-06-05 09:24:42.911098+00
2897,google_play,Gojek,mobility_superapp,SEA,5,Linh Uyên,2024-09-05,Dịch vụ tốt giá cả hợp lý,vi,positive,0.4791,요금,2026-06-05 09:24:42.911098+00
2898,google_play,Gojek,mobility_superapp,SEA,5,Minh Minh,2024-09-05,"Giá tui thấy rẻ, ok lắm luôn ý",vi,positive,0.68,요금,2026-06-05 09:24:42.911098+00
2899,google_play,Gojek,mobility_superapp,SEA,5,Dương Minh,2024-09-05,"Thật sự gojek rất tuyệt, nhưng sắp phải chia tay gojek nên hơi buồn chút",vi,negative,0.7795,기타,2026-06-05 09:24:42.911098+00
2900,google_play,Gojek,mobility_superapp,SEA,5,Nguyên Lương,2024-09-05,Tạm biệt 👋👋gojek,vi,positive,0.4816,기타,2026-06-05 09:24:42.911098+00
2901,google_play,Gojek,mobility_superapp,SEA,5,Nguyễn Hoàng Duẫn,2024-09-05,Tôi muốn App tiếp tục hoạt động tại Việt Nam 🥲,vi,neutral,0.5679,기타,2026-06-05 09:24:42.911098+00
2902,google_play,Gojek,mobility_superapp,SEA,5,duy phuong nguyen,2024-09-04,Gojek Việt Nam đóng cửa rồi mọi người ơi. Buồn quá,vi,negative,0.9244,기타,2026-06-05 09:24:42.911098+00
2903,google_play,Gojek,mobility_superapp,SEA,1,Fuji Jiimmy,2024-09-04,Bye bye Gojek. Tên khó đọc vkl,vi,negative,0.9313,기타,2026-06-05 09:24:42.911098+00
2904,google_play,Gojek,mobility_superapp,SEA,5,Thái Hoà Phạm,2024-09-04,Xin đừng xoá app,vi,negative,0.6795,기타,2026-06-05 09:24:42.911098+00
2905,google_play,Gojek,mobility_superapp,SEA,5,Nguyên Bảo,2024-09-04,Tốt đừng dừng hoạt động mà,vi,negative,0.4674,기타,2026-06-05 09:24:42.911098+00
2906,google_play,Gojek,mobility_superapp,SEA,5,Ngoc Nguyen,2024-09-04,"ê, hong có cho nghỉ",vi,negative,0.4417,기타,2026-06-05 09:24:42.911098+00
2907,google_play,Gojek,mobility_superapp,SEA,5,Hoa Cúc Tuyệt Thế,2024-09-04,ĐỪNG DỪNG HOẠT ĐỘNG MÀ. TUI KHÓC Ó Ó Ó,vi,negative,0.3914,기타,2026-06-05 09:24:42.911098+00
2981,google_play,Gojek,mobility_superapp,SEA,1,Anh Hoàng,2024-08-14,Bắt chuyến đi xa nhưng trong lúc đi tôi có việc tôi đổi qua địa chỉ gần hơn địa chỉ lúc đang trong chuyến đi chưa đi đc nữa đường mà k đổi lại giá vẫn để giá củ trong khi bình thường tôi đi đọan ngắn giá chưa bằng nữa giá củ,vi,neutral,0.4816,요금,2026-06-05 09:24:42.911098+00
2982,google_play,Gojek,mobility_superapp,SEA,5,Kháhn An,2024-08-14,Dịch vụ tốt 5 sao,vi,positive,0.7912,기타,2026-06-05 09:24:42.911098+00
2983,google_play,Gojek,mobility_superapp,SEA,5,Quân Trần,2024-08-14,"Nếu như không nhầm thì tôi sử dụng app này trên 7 năm rồi, ngoại trừ một số tài xế xe 4 bánh hơi bị khó chịu ra thì các bác tài 2 bánh rất vui vẻ và nhiệt tình. Chúc Gojek mỗi ngày mỗi thành công nhé ❤🙆❤",vi,positive,0.7211,배차·대기,2026-06-05 09:24:42.911098+00
2984,google_play,Gojek,mobility_superapp,SEA,5,Hieu Nguyen,2024-08-13,Tái xế thân thiện và chuyên nghiep,vi,positive,0.5344,기타,2026-06-05 09:24:42.911098+00
2985,google_play,Gojek,mobility_superapp,SEA,5,Trang Pham,2024-08-13,Okiii,so,neutral,0.4917,기타,2026-06-05 09:24:42.911098+00
268,google_play,KOKKOK Move,kokkok,LAO,1,Ohm Phomsombud,2024-04-07,ເສຍດາຍຢ່າງຫນຶ່ງເອີ້ນລົດຢາກໆ,unknown,negative,0.5919,기타,2026-06-05 09:24:42.911098+00
2022,google_play,Grab,mobility_superapp,SEA,5,Afrina Rezan,2026-05-31,"“Very convenient for transport and food delivery. Easy to use, but prices can be quite high during peak hours. Overall, a useful app.”",en,positive,0.7932,요금,2026-06-05 09:24:42.911098+00
2023,google_play,Grab,mobility_superapp,SEA,3,Maulana Hamdan,2026-05-31,fix bug!!!! loading lemot parah,id,negative,0.9251,앱오류,2026-06-05 09:24:42.911098+00
2024,google_play,Grab,mobility_superapp,SEA,1,Hasriza Putri Abu Hassan,2026-05-31,very bad in navigation & map,tl,negative,0.9209,기타,2026-06-05 09:24:42.911098+00
2025,google_play,Grab,mobility_superapp,SEA,5,Vickky,2026-05-31,great service by grab,en,positive,0.7469,서비스,2026-06-05 09:24:42.911098+00
2026,google_play,Grab,mobility_superapp,SEA,5,chad imano,2026-05-31,awesome way to travel,en,positive,0.8827,기타,2026-06-05 09:24:42.911098+00
2027,google_play,Grab,mobility_superapp,SEA,5,Benedict Lee,2026-05-31,very convenient to use. payment also easy too,en,positive,0.6755,결제,2026-06-05 09:24:42.911098+00
2028,google_play,Grab,mobility_superapp,SEA,5,Julie Anne Labuca,2026-05-31,so good,so,positive,0.6675,기타,2026-06-05 09:24:42.911098+00
2029,google_play,Grab,mobility_superapp,SEA,5,Darren Mak,2026-05-31,"grabpay is not working, i cannot add my card",en,negative,0.8132,결제,2026-06-05 09:24:42.911098+00
2030,google_play,Grab,mobility_superapp,SEA,3,Cj Gabriel Rodriguez,2026-05-31,it's good and all but one thing I don't like in this app is the unjustifiable price of their delivery fee where some of the foods costs less than the delivery fee. it pisses me off sometimes.,en,negative,0.9573,요금,2026-06-05 09:24:42.911098+00
2031,google_play,Grab,mobility_superapp,SEA,5,Salim Khan,2026-05-31,bahut achcha hai,sw,positive,0.3982,기타,2026-06-05 09:24:42.911098+00
2032,google_play,Grab,mobility_superapp,SEA,1,Fadhil Adinugroho,2026-05-31,"Aplikasi aneh drivernya males males terutama yang Mobil, kalau jauh dikira kita bawa hewan. Nggak applikator nggak drivernya tukang scam, begini ribut tarif kerja aja nggak becus",id,negative,0.9112,배차·대기,2026-06-05 09:24:42.911098+00
3084,google_play,Gojek,mobility_superapp,SEA,3,Sung Woe,2021-12-23,ขอลองใช้ดูก่อนนะคะ ถ้าดีจริง จะกลับมาให้ที่เหลือค่ะ,th,positive,0.5012,기타,2026-06-05 09:24:42.911098+00
3085,google_play,Gojek,mobility_superapp,SEA,1,Mr.aroon Keeleelaeng,2021-12-21,วนจนไม่เจอ555+,th,neutral,0.4671,기타,2026-06-05 09:24:42.911098+00
3086,google_play,Gojek,mobility_superapp,SEA,1,ทันไท จอนซีน่า,2021-12-19,แอพกากๆotpไม่ส่งสักทีเข้าระบบก็ไม่ได้แล้วบอกกูทำเกินกำหนดถุยยยไอเวน,th,negative,0.9237,기타,2026-06-05 09:24:42.911098+00
3087,google_play,Gojek,mobility_superapp,SEA,4,สันติ งามเกิน,2021-12-15,ผมต้องขอโทษจริงๆนะครับทีได้กระทำ ในสิ่งที่ไม่สมควรทำผมจะไม่กระทำอีก แต่ผมขอไห้พวกคุณอภัยไห้ผมเถิดครับ ผมผิดไปแล้วจริงๆ,th,negative,0.8292,기타,2026-06-05 09:24:42.911098+00
3088,google_play,Gojek,mobility_superapp,SEA,5,สุภาพร อาจเอี่ยม,2021-11-27,เยี่ยมดีทนกับสภาพใช้งานแอปที่ดี มีคุณภาพอีกอย่างค่ะ,th,positive,0.7649,기타,2026-06-05 09:24:42.911098+00
3089,google_play,Gojek,mobility_superapp,SEA,2,Pikachuuu,2021-11-18,ขอรีวิวนิดนึงนะคะ หวังว่าตอนสั่งอาหารตอนกลางคืนคนขับจะไม่ว่างเพราะตอนกลางคืนหิวบ่อยค่ะ,th,neutral,0.5365,기타,2026-06-05 09:24:42.911098+00
3090,google_play,Gojek,mobility_superapp,SEA,3,ถ้าเลือกได้ เลือกไปแล้ว,2021-11-11,ก็ดีน่ะ,th,positive,0.5792,기타,2026-06-05 09:24:42.911098+00
3091,google_play,Gojek,mobility_superapp,SEA,5,เปลี่ยนทอง น้อยจันทร์,2021-10-23,ขอบคุณที่ดูแลมาตลอดการใชงานเยี้ยมมากค่ะ,th,positive,0.7884,기타,2026-06-05 09:24:42.911098+00
1996,google_play,Grab,mobility_superapp,SEA,1,Tana Mae Santos,2026-06-01,apart from the x2 very expensive delivery fees that never went down no matter what the time and weather or traffic conditions. the app lately always suggests long routes that take longer and are inaccessible. the prices for me despite shorter distance is more expensive than others with much longer routes!!!! zero stars for that! Incredibly unfair! Mad about how they take advantage of loyal users.,en,negative,0.9464,EV·충전,2026-06-05 09:24:42.911098+00
1998,google_play,Grab,mobility_superapp,SEA,1,Irfan Papan,2026-06-01,"grab suka telan duit, topup lambat masuk. help centre slalu xde.",id,negative,0.7941,기타,2026-06-05 09:24:42.911098+00
1999,google_play,Grab,mobility_superapp,SEA,1,Francis Reyes,2026-06-01,"good riddance, grab. switching to indrive now because of your incompetent service.",en,negative,0.8657,서비스,2026-06-05 09:24:42.911098+00
2000,google_play,Grab,mobility_superapp,SEA,5,Ace James Michael Jaingue,2026-06-01,I like it 😁,sq,positive,0.8686,기타,2026-06-05 09:24:42.911098+00
2001,google_play,Grab,mobility_superapp,SEA,5,Mudassir Ahmad,2026-06-01,use app best,af,positive,0.4002,기타,2026-06-05 09:24:42.911098+00
2002,google_play,Grab,mobility_superapp,SEA,1,Jeff Hicks,2026-06-01,this new update broke the app. I stopped using the app because of the high price coupled with the surge pricing which is BS no one wanted. now I can't see any pictures of any product. for an app that uses visa and master card you can't use international cards but you can't get a bank account until you've been here long enough to get a Arc Id.,en,negative,0.9141,결제,2026-06-05 09:24:42.911098+00
2003,google_play,Grab,mobility_superapp,SEA,1,Vienpancito,2026-06-01,"my location is not there, are we even existing? 😭 I want to grab foodies, like other people!! because we're too far at restaurants.",en,negative,0.7934,EV·충전,2026-06-05 09:24:42.911098+00
2004,google_play,Grab,mobility_superapp,SEA,1,Jarael Bea,2026-06-01,"The fare jumped from ₱229 to ₱376. That's ridiculous. No wonder no drivers were being assigned to my booking—it seemed like the booking wasn't being matched right away until the fare increased. And take note, that's already with a PWD discount. There wasn't even any traffic since it was still very early in the morning, which makes the sudden price increase even more puzzling",en,negative,0.8993,EV·충전,2026-06-05 09:24:42.911098+00
2005,google_play,Grab,mobility_superapp,SEA,1,Ellebana Adenip,2026-06-01,After the update I can't cash In to grabpay using banking apps or e-wallets. But I can cash in from my banking app to e-wallets or vice versa. Is the maintenance not yet done? The help center in the grap app is not very helpful either.,en,negative,0.8842,결제,2026-06-05 09:24:42.911098+00
2007,google_play,Grab,mobility_superapp,SEA,1,Max Power,2026-06-01,if you want cold food,cy,neutral,0.7384,기타,2026-06-05 09:24:42.911098+00
3092,google_play,Gojek,mobility_superapp,SEA,5,เบญญาภา กรมวังก้อน,2021-10-16,O k,pt,neutral,0.3845,기타,2026-06-05 09:24:42.911098+00
3093,google_play,Gojek,mobility_superapp,SEA,5,Lite i,2021-10-12,เสียดายนะคับในฐานะผู้บริโภค ขอให้ก้าวต่อไป,th,negative,0.884,기타,2026-06-05 09:24:42.911098+00
3094,google_play,Gojek,mobility_superapp,SEA,5,ชลินท์วัฒน์ เลื่อนฤทธิ์,2021-10-08,ดีแท๊กดีมากครับ,th,positive,0.8108,기타,2026-06-05 09:24:42.911098+00
3096,google_play,Gojek,mobility_superapp,SEA,3,สมเกียรติ ชัยโภชน์,2021-10-03,ผมก็ยังไม่รู้ความหมายมากนัก,th,negative,0.8089,기타,2026-06-05 09:24:42.911098+00
3097,google_play,Gojek,mobility_superapp,SEA,5,preeyapat Chuenarom,2021-09-19,ดูง่ายสร้างง่าย,th,neutral,0.4857,기타,2026-06-05 09:24:42.911098+00
3098,google_play,Gojek,mobility_superapp,SEA,3,Mana Florence,2021-09-19,ลาก่อน Gojek โชคดีกับการทำธุรกิจที่ประเทศอื่นนะ ตลาดประเทศไทยแข่งขันสูงมาก เจาะยาก,th,negative,0.5942,기타,2026-06-05 09:24:42.911098+00
3099,google_play,Gojek,mobility_superapp,SEA,1,Tanisa Kanjanakul,2021-09-17,Makanannya hilang terus . 👎👎👎👎👎👎,id,negative,0.9344,기타,2026-06-05 09:24:42.911098+00
3100,google_play,Gojek,mobility_superapp,SEA,1,Vswith,2021-09-16,ลาก่อน,th,negative,0.4589,기타,2026-06-05 09:24:42.911098+00
3101,google_play,Gojek,mobility_superapp,SEA,5,กัปปะ 1,2021-09-08,ผมสังอาหาเป็นกับGojek สังงายทำความเขาใจได้เร็ว,th,neutral,0.4015,기타,2026-06-05 09:24:42.911098+00
3102,google_play,Gojek,mobility_superapp,SEA,5,winnie,2021-09-05,"Membantu , membantu sikap kemageran ini. 💔☺",id,positive,0.5028,기타,2026-06-05 09:24:42.911098+00
3103,google_play,Gojek,mobility_superapp,SEA,5,Hawaeoaplap Salae,2021-08-28,ครับขอบคุณครับ,th,positive,0.6683,기타,2026-06-05 09:24:42.911098+00
3104,google_play,Gojek,mobility_superapp,SEA,5,Songsak Sichana,2021-08-25,ถ้าใช้ได้สำเร็จจะแชร์ให้รุ่งเรืองครับ,th,positive,0.6292,기타,2026-06-05 09:24:42.911098+00
3105,google_play,Gojek,mobility_superapp,SEA,5,เสถียร วรรฌลังกา,2021-08-22,ความดังไม่คงที่ ความดีซิคงทน ... รักษาการบริการไว้ครับ!,th,positive,0.4398,서비스,2026-06-05 09:24:42.911098+00
3106,google_play,Gojek,mobility_superapp,SEA,5,นายรักสงบ,2021-08-10,ถึงไม่เคยสั่งก้ตามดูตั้งแต่คลิปชัยโสโรแล้ว,th,neutral,0.603,기타,2026-06-05 09:24:42.911098+00
3107,google_play,Gojek,mobility_superapp,SEA,1,ToNara,2021-08-09,ในเมื่อสั่งของไม่ได้ต้องการที่จะลบบัญชีแต่ไม่มีปุ่มลบบัญชีคืออะไร ต้องการข้อมูลเราไปทำไร,th,neutral,0.5569,기타,2026-06-05 09:24:42.911098+00
3108,google_play,Gojek,mobility_superapp,SEA,1,Noobman,2021-08-09,เจ๊งแล้วก็รบกวน ลบบัญชีออกด้วยโว้ย,th,negative,0.86,기타,2026-06-05 09:24:42.911098+00
3109,google_play,Gojek,mobility_superapp,SEA,4,Sukrita Jokkrajai,2021-08-08,6j NJ knySOa 4th,sk,neutral,0.7188,기타,2026-06-05 09:24:42.911098+00
3110,google_play,Gojek,mobility_superapp,SEA,5,Yut Anh,2021-08-07,ดีนะ,th,positive,0.6713,기타,2026-06-05 09:24:42.911098+00
3111,google_play,Gojek,mobility_superapp,SEA,1,Destiny Rp,2021-08-06,ตอนนี้ยังหาปุ่มลบบัญชี​ไม่เจอ ยกเลิกบริการแล้ว แต่ให้สมัครอยู่ ต้องการข้อมูลไปทำอะไร?,th,negative,0.5248,서비스,2026-06-05 09:24:42.911098+00
3112,google_play,Gojek,mobility_superapp,SEA,1,Surin Udompol,2021-08-03,ว่างเปล่า..กดดูอะไรก็ไม่มี?,th,negative,0.6183,기타,2026-06-05 09:24:42.911098+00
3113,google_play,Gojek,mobility_superapp,SEA,5,Bimmiiz (บิ๋ม),2021-08-01,คนที่บอกว่าสั่งไม่ได้ คุณไม่ได้อ่านข้อความในแอพหรอว่าวันที่ 30 คือวันสุดท้ายที่แอพเปิดให้ใช้งาน แต่ที่ไม่มีคนขับเพราะคนขับเขาน่าจะออกจากไลเดอร์ของgojekหมดแล้ว บายๆ gojek ครั้งนึงเคยใช้บริการ ขอบคุณนะคะที่เป็นสื่อกลางในการสั่งอาหาร ส่งอาหารให้,th,neutral,0.4902,서비스,2026-06-05 09:24:42.911098+00
3114,google_play,Gojek,mobility_superapp,SEA,1,Jiramet Orpasteranun,2021-08-01,ลงทะเบียนยังลงไม่ได้เลย,th,negative,0.8191,기타,2026-06-05 09:24:42.911098+00
3115,google_play,Gojek,mobility_superapp,SEA,5,DJNoom Official Studio,2021-08-01,ขอบคุณสำหรับการให้บริการที่ดีตลอดมาในประเทศไทยไม่ว่าจะจากไปด้วยเหตุผลได้เเต่ขอบคุณจริงๆที่ให้บริการอย่างดีมาโดยตลอด.จากผู้ใช้งานเเอปในไทย,th,positive,0.7675,서비스,2026-06-05 09:24:42.911098+00
3116,google_play,Gojek,mobility_superapp,SEA,1,Wattana Kongkrajang,2021-07-31,ใช้งานยากมากกกกกกกกกกกกก,th,negative,0.8694,기타,2026-06-05 09:24:42.911098+00
3117,google_play,Gojek,mobility_superapp,SEA,5,Peacha,2021-07-31,"รบกวนอ่านให้เข้าใจ แอปgojek กำลังจะปิดตัวลงในวันที่ 31นี้ ส่งผลให้ไม่สามารถสั่ง/เรียกรถได้ ทำได้เพียงถอนเงินที่อยู่ในแอป ซึ่งแอปได้ประกาศออกมาก่อนหน้านี้แล้วว่าจะชะลอการทำงาน ส่งผลให้แอปไม่มีคนขับ, ไม่แปลกที่ใช้แอปไม่ได้",th,negative,0.7916,결제,2026-06-05 09:24:42.911098+00
3118,google_play,Gojek,mobility_superapp,SEA,1,Siya Liber,2021-07-30,ใช้ไม่ได้อ่ะ งง,th,negative,0.8867,기타,2026-06-05 09:24:42.911098+00
636,google_play,LOCA Taxi,kokkok,LAO,5,A Google user,2020-03-18,"Best taxi or ride app in Vientiane, Lao. I used it for almost 18 months now. Cars and drivers always great. Easy loading wallet or pay cash.",en,positive,0.8585,결제,2026-06-05 09:24:42.911098+00
637,google_play,LOCA Taxi,kokkok,LAO,5,A Google user,2020-03-16,Expensive but no other choice,en,neutral,0.5058,요금,2026-06-05 09:24:42.911098+00
270,google_play,KOKKOK Move,kokkok,LAO,1,Zunday,2024-04-03,ຂີ່ສະດວກໃດແຕ່ວ່າເອີ້ນໂຄດຍາກ,unknown,negative,0.4552,기타,2026-06-05 09:24:42.911098+00
3119,google_play,Gojek,mobility_superapp,SEA,2,Ammarawadee K,2021-07-29,คือแอปเป็นอะไร งงมากก กดสั่งไม่ได้บอกว่าไม่มีคนขับว่างมาเป็นอาทิตย์ล่ะนะ ร้านอยู่ไกลบ้างล่ะทัังที่ก้สั่งร้านนี้ออกบ่อยคืองง กดสั่งร้านไหนก้ไม่ได้ ปรับปรุงด่วนค่ะ สั่งอาหารไม่ได้เป็นอาทิตย์แล้วไหม,th,negative,0.8512,기타,2026-06-05 09:24:42.911098+00
3120,google_play,Gojek,mobility_superapp,SEA,1,Kittithon Yimthupthim,2021-07-29,สั่งอะไรตอนนี้ก็มีแต่ ร้านอยู่ไกลเกินไป ลองสั่งร้านใกล้ ๆ ไหม คือกูอยากกินร้านนี้ แล้วจะให้เลือกร้านอื่นเพื่อ ? แอปติ้งต๊องชิบหาย,th,negative,0.7243,기타,2026-06-05 09:24:42.911098+00
3121,google_play,Gojek,mobility_superapp,SEA,5,Sin' Sia,2021-07-28,App น่ารักมาก มีฟังชั่นที่จำเป็นทั้งหมด​ ใช้งานง่าย​ ไม่รก​,th,positive,0.6995,기타,2026-06-05 09:24:42.911098+00
3122,google_play,Gojek,mobility_superapp,SEA,1,FonGBeeR T.,2021-07-27,ห่วย กดสั่งไรไปก็ขึ้นแต่ไม่มีคนขับใกล้ๆ ถ้าไม่มีคนขับก็ปิดแอปไปเลย ไปศึกษาดูคู่แข่งบ้างนะว่าเขาพัฒนาไปถึงไหนกันแล้ว,th,negative,0.8249,기타,2026-06-05 09:24:42.911098+00
3123,google_play,Gojek,mobility_superapp,SEA,1,aririn story,2021-07-26,การเติมเงินเข้าเติมเงินง่ายดายมาก แต่พอจะใช้เงินถอนเงินยุ่งยากมาก ต้องยืนยันตัวตนวุ่นวายต้องถ่ายรูปตัวเองคู่กับบัตรประชาชนทีต้องเติมเงินไม่เห็นมีอย่างนี้เลย ระบบแย่มาก,th,negative,0.8863,결제,2026-06-05 09:24:42.911098+00
3124,google_play,Gojek,mobility_superapp,SEA,4,Pharita Ratana,2021-07-25,สะ​ดวกค่ะ,th,neutral,0.4042,기타,2026-06-05 09:24:42.911098+00
3125,google_play,Gojek,mobility_superapp,SEA,5,kitti raoshiramongkon,2021-07-24,เป็นกำลังใจให้ครับ,th,positive,0.7817,기타,2026-06-05 09:24:42.911098+00
3126,google_play,Gojek,mobility_superapp,SEA,4,กางเกงยีนส์,2021-07-22,ทางร้านก็อยากจะขายแต่ คนขับไม่มีไปไหนหมด ไม่ว่าง ลองมา3-4รอบแล้ว มีแต่บอกว่าคนขับไม่ว่างๆ คือไม่เข้าใจระบบแต่ก่อนไม่เคยเป็นแบบนี้ ปรับปรุงด้วยนะคะ,th,negative,0.8232,기타,2026-06-05 09:24:42.911098+00
3127,google_play,Gojek,mobility_superapp,SEA,1,Kerkrit Saetang,2021-07-22,ช่วงนี้ไม่มีไรเดอร์แถวลาดพร้าวเลยหรอครับ,th,neutral,0.576,기타,2026-06-05 09:24:42.911098+00
3128,google_play,Gojek,mobility_superapp,SEA,5,Jeab Jo,2021-07-21,สั่งง่ายได้เร็วสะดวกสบาย เหมาะกับช่วงโควิดค่ะ,th,neutral,0.4899,기타,2026-06-05 09:24:42.911098+00
3199,google_play,Gojek,mobility_superapp,SEA,1,Up Up,2021-06-27,ยังไม่รู้เลยลองก่อน,th,neutral,0.6852,기타,2026-06-05 09:24:42.911098+00
3217,google_play,Gojek,mobility_superapp,SEA,5,Wanchai Sangkhatam,2021-06-22,ไม่มีคำชม ผมใช้โทรศัพท์ตัวเองไม่ได้แล้วเพราะโฆษณาพวกท่านลบกวนตลอดเวลากสรใช้งาน ใครมีช่องทางกากระทรวง ไอที บอกด้วยจะปรึกษา,th,negative,0.8142,기타,2026-06-05 09:24:42.911098+00
3218,google_play,Gojek,mobility_superapp,SEA,5,Cherry Hisospy,2021-06-22,ได้ส่งฟรีตลอด,th,neutral,0.5724,기타,2026-06-05 09:24:42.911098+00
3219,google_play,Gojek,mobility_superapp,SEA,4,Supparit Thongrit,2021-06-21,ยังไม่ได้โหลด.,th,neutral,0.5444,기타,2026-06-05 09:24:42.911098+00
3220,google_play,Gojek,mobility_superapp,SEA,4,Kanchana Kana,2021-06-21,"Overall is good. Feature and platform is wasy to use However, i struggle to find the delivering fee as i have to choose one item in the restaurant then continue to next page to see how much is deliver price. Would be better if they can develop the app to sjow deliver price of each restqurant and add filters abiut delivering price .",en,negative,0.5132,EV·충전,2026-06-05 09:24:42.911098+00
3221,google_play,Gojek,mobility_superapp,SEA,1,may araya,2021-06-21,ติดต่อเจ้าหน้าที่ก็ยาก บริหารจัดการคนส่งให้ดีกว่านี้หน่อยค่ะ คนส่งไม่เคยเช็คของอาหารได้ไม่ครบตลอด!,th,negative,0.776,기타,2026-06-05 09:24:42.911098+00
3222,google_play,Gojek,mobility_superapp,SEA,1,Weerawat Weerawa,2021-06-21,อัพเดตแล้วใช้งานแอพไม่ได้😤😤😤,th,negative,0.8588,기타,2026-06-05 09:24:42.911098+00
3223,google_play,Gojek,mobility_superapp,SEA,1,Chayanit K.,2021-06-21,มันบอกว่าไม่มีคนขับซึ่งเราสั่งอาหารไปแล้วและเราจะแจ้งยกเลิกก็ไม่ได้ เพราะว่าที่ร้านเขาก็อาจจะทำเสร็จแล้ว ไม่เตรียมพร้อมอะไรเลยหรอ,th,negative,0.6559,기타,2026-06-05 09:24:42.911098+00
3224,google_play,Gojek,mobility_superapp,SEA,5,Wuth S,2021-06-21,Promotion so good,en,positive,0.8151,기타,2026-06-05 09:24:42.911098+00
1857,google_play,Grab,mobility_superapp,SEA,1,Runa Sousa,2026-06-03,driver nak call masa update tadi tak boleh call. dah lah saya kena marah. boleh ke kalau buat call tu masih boleh berjalan walaupun tengah update,id,negative,0.6815,배차·대기,2026-06-05 09:24:42.911098+00
2086,google_play,Grab,mobility_superapp,SEA,5,Joe Smajic,2026-05-30,cool driver.,en,positive,0.6852,배차·대기,2026-06-05 09:24:42.911098+00
2087,google_play,Grab,mobility_superapp,SEA,3,Fida Long,2026-05-30,pay through online not activated because use grab pay ewallet,en,negative,0.5666,결제,2026-06-05 09:24:42.911098+00
2088,google_play,Grab,mobility_superapp,SEA,1,Nazrin Arshad,2026-05-30,"Expensive fare for short distance, ridiculous",en,negative,0.9321,요금,2026-06-05 09:24:42.911098+00
2089,google_play,Grab,mobility_superapp,SEA,4,Frank McCollum,2026-05-30,"pretty good overall, but had 3 drivers in a row cancel this morning. also, the actual time until the drive shows up is regularly 2x as long as the estimate shown initially.",en,negative,0.4527,배차·대기,2026-06-05 09:24:42.911098+00
3143,google_play,Gojek,mobility_superapp,SEA,5,ฐาปณีย์ มณีอ่อน,2021-07-14,ส่งเร็วดี,th,positive,0.5163,기타,2026-06-05 09:24:42.911098+00
3145,google_play,Gojek,mobility_superapp,SEA,5,Fourth Dimension,2021-07-13,ใช้ได้ปกติ ถ้าฉลาดพอที่จะใช้,th,neutral,0.5346,기타,2026-06-05 09:24:42.911098+00
3146,google_play,Gojek,mobility_superapp,SEA,5,Da Panida,2021-07-13,"ไปดูในคริปพี่เนมมาค่ะดีมากลูกค้าที่ใช้ครั้งแรกได้รับส่วนลด2,500บาทดีมากแถมมีอาหารทุกอย่างไครได้ส่วนลดไม่ถึงถือว่าโชคร้ายนะคะแอปGOJEKดีมากค่ะให้ห้าดาวเลยค่ะ ดีมากๆๆๆๆๆแถมคนส่งของก็รับประกันได้ว่าไม่ติดเชื้อโควิด-19ด้วยดีมากค่ะ",th,positive,0.7188,기타,2026-06-05 09:24:42.911098+00
3147,google_play,Gojek,mobility_superapp,SEA,2,Aie 3175,2021-07-13,ไม่เคยสั่ง,th,negative,0.4421,기타,2026-06-05 09:24:42.911098+00
3148,google_play,Gojek,mobility_superapp,SEA,5,Sirapicha Boonjai,2021-07-12,ชอบมีโปรโมชั่นตลอาดๆ,th,positive,0.6069,기타,2026-06-05 09:24:42.911098+00
3149,google_play,Gojek,mobility_superapp,SEA,4,ณัฐมญญ์ โกมลเปลิน,2021-07-11,รสชาดดีราคาไม่แพง,th,positive,0.6442,요금,2026-06-05 09:24:42.911098+00
3150,google_play,Gojek,mobility_superapp,SEA,1,prudyaa meechaiyo,2021-07-11,ได้โคดส่วนลดมาจากแอ็ป scb แต่ใช้ไม่ได้ รู้สึกเฟลนะ,th,negative,0.8809,기타,2026-06-05 09:24:42.911098+00
3151,google_play,Gojek,mobility_superapp,SEA,1,ploy,2021-07-11,ไม่มีคนขับเลย,th,negative,0.5925,기타,2026-06-05 09:24:42.911098+00
3152,google_play,Gojek,mobility_superapp,SEA,1,Poomnivat Sevikul,2021-07-11,หาที่ใส่โค้ดโปรโมชั่นไม่เจอ ทำให้เสียโค้ดไปฟรีๆ ร้านที่อยากกินก็ไม่มี น่าจะใช้ครั้งเดียวเลิก เพราะร้านที่สั่งมากิน คุณภาพอาหารแย่มากๆ ไม่คุ้มกับเงินที่เสียไป,th,negative,0.8728,결제,2026-06-05 09:24:42.911098+00
3153,google_play,Gojek,mobility_superapp,SEA,5,Chonchanok Muttarat,2021-07-10,It's good & good bye the app,en,positive,0.7678,기타,2026-06-05 09:24:42.911098+00
3154,google_play,Gojek,mobility_superapp,SEA,5,Wimol Yossomnuek,2021-07-10,น่าเสียดายนะจะปิดตัวซะแล้ว,th,negative,0.9292,기타,2026-06-05 09:24:42.911098+00
3155,google_play,Gojek,mobility_superapp,SEA,4,Montree Matchiao,2021-07-09,โอเคร,th,positive,0.5042,기타,2026-06-05 09:24:42.911098+00
3156,google_play,Gojek,mobility_superapp,SEA,5,dangsss power,2021-07-08,"หาคนขับยากค่ะแต่อยากสนับสนุนต่อไปสู้ๆนะคะส่วนลดลูกค้าใหม่ประทับใจมากค่ะ,^^",th,positive,0.7849,기타,2026-06-05 09:24:42.911098+00
3157,google_play,Gojek,mobility_superapp,SEA,1,Saowaluk Supakitsap,2021-07-08,แอพแย่มาก วันนี้คือวันสุดท้ายที่จะสั่งอาหารกับ Gojek ถึงแม้จะยังเหลือส่วนลด ก็ไม่เสียดาย ขอทิ้งเลย เพราะเบื่อหน่าย และเอือมระอากับระบบ กับทีม Support เวลามีปัญหา อาหารไม่ตรง ไม่ครบ ไม่เคยได้รับความช่วยเหลือ เดือนสิงหาคมจะย้ายไปเป็นแอพอื่น ก็หวังว่า ผู้บริหารที่รับช่วงต่อ จะใส่ใจลูกค้า ถ้าคุณไม่เอาลูกค้า ลูกค้าไม่ใช้บริการกับคุณ คุณก็สู้คู่แข่งไม่ได้ แล้วธุรกิจของคุณจะอยู่ได้หรือไม่ เคยให้โอกาส ลองกลับมาใช้บริการ แต่สุดท้ายเกินทน พอจริงๆ ใครคิดจะใช้บริการ ก่อนจะเปลี่ยนมือ ก็ลองชั่งใจดูค่ะ ลาก่อน,th,negative,0.7795,서비스,2026-06-05 09:24:42.911098+00
3158,google_play,Gojek,mobility_superapp,SEA,5,Suthiwat Krutsutha,2021-07-08,ใช้ดีครับ,th,positive,0.4784,기타,2026-06-05 09:24:42.911098+00
3159,google_play,Gojek,mobility_superapp,SEA,1,Solaeh Doloh,2021-07-08,ทุกคนรู้ไหมครับ ส่วนมากไรเดอร์ไม่เยอะนะครับ เพราะใด้ค่าส่ง น้อยๆมาก ถูกกว่า แต่ที่คนสั่งแพน ในหักที่ร้านอีก หางานประจำ ได้เยอะกว่าอีก,th,neutral,0.5939,기타,2026-06-05 09:24:42.911098+00
3160,google_play,Gojek,mobility_superapp,SEA,5,Sakonsupa pothisarn,2021-07-06,ใช้ง่ายดีค่ะ,th,positive,0.7569,기타,2026-06-05 09:24:42.911098+00
3161,google_play,Gojek,mobility_superapp,SEA,2,Proud Surakate,2021-07-06,ส่วนตัวคือแอพดีนะเข้าใจง่ายติดที่ไรเดอร์น้อยหรือยังไง ก็คืออยากกินอะไรก็หาเจอนะแต่ไม่มีไรเดอร์มาส่งให้,th,neutral,0.5052,기타,2026-06-05 09:24:42.911098+00
3162,google_play,Gojek,mobility_superapp,SEA,5,Prawut Sittived,2021-07-06,ดีประทับใจ,th,positive,0.7355,기타,2026-06-05 09:24:42.911098+00
3163,google_play,Gojek,mobility_superapp,SEA,5,nuk kid,2021-07-06,เยี่ยม โปรส่วนลดเยอะ,th,positive,0.8133,기타,2026-06-05 09:24:42.911098+00
3164,google_play,Gojek,mobility_superapp,SEA,5,เนาวรัตน์ ประบุญเรือง,2021-07-05,พนักงานบริการดีเยี่ยมมากค่ะ,th,positive,0.8364,서비스,2026-06-05 09:24:42.911098+00
3165,google_play,Gojek,mobility_superapp,SEA,5,อํานาจ หลวงศรี,2021-07-05,ขอโทด,th,negative,0.9143,기타,2026-06-05 09:24:42.911098+00
3166,google_play,Gojek,mobility_superapp,SEA,5,Phankon Sadi,2021-07-05,ดีนะ ชอบแอพนี้ที่สุด,th,positive,0.847,기타,2026-06-05 09:24:42.911098+00
3167,google_play,Gojek,mobility_superapp,SEA,5,Wattanakit Thanarattananukul,2021-07-04,สะดวก สบาย,th,positive,0.4753,기타,2026-06-05 09:24:42.911098+00
3168,google_play,Gojek,mobility_superapp,SEA,5,ZephyriezTh,2021-07-04,ใช้บัตรเครดิตโดยตรงได้..ดาเบสต์,th,neutral,0.6367,기타,2026-06-05 09:24:42.911098+00
3169,google_play,Gojek,mobility_superapp,SEA,4,ANS,2021-07-04,แอปนี้สำหรับเราเลือกเก็บเงินปลายทาง ปัญหาน้อยสุด ค่าส่งแพงกว่าเจ้าอื่นจริง แต่ส่วนใหญ่พนักงานเป็นงาน ชำนาญทาง แล้วบริการดีกว่าเจ้าสีชมพู ตอนนี้ยังเลือกใช้เพราะการบริการ,th,neutral,0.5227,결제,2026-06-05 09:24:42.911098+00
3170,google_play,Gojek,mobility_superapp,SEA,4,Teerasak Kaesanthia,2021-07-04,งานเยอะขอบๆๆ,th,positive,0.4224,기타,2026-06-05 09:24:42.911098+00
3171,google_play,Gojek,mobility_superapp,SEA,1,Jirayut Koatpan,2021-07-04,เป็นแอพที่ห่วยแตกมาก สั่งอาหารคือยก้ลิกออเดอร์ตลอด ปิดแอพไปหาทำอย่างอื่นเหอะ โคตรเซง เสียเวลามาก,th,negative,0.8879,기타,2026-06-05 09:24:42.911098+00
3172,google_play,Gojek,mobility_superapp,SEA,5,ni rod,2021-07-04,ค่าส่งไม่แพง โปรเยอะ ร้านเยอะ พนักงานสุภาพ,th,neutral,0.5513,기타,2026-06-05 09:24:42.911098+00
3173,google_play,Gojek,mobility_superapp,SEA,1,PHONH SOUVINTHONG,2021-07-03,สั่งไปบอกไม่มีคนขับแบบนี้ได้หรอ,th,negative,0.6075,기타,2026-06-05 09:24:42.911098+00
3174,google_play,Gojek,mobility_superapp,SEA,5,Wariya Hima,2021-07-03,ดีค่ะ อยากให้มีส่วนลดเยอะๆ,th,positive,0.7479,기타,2026-06-05 09:24:42.911098+00
3175,google_play,Gojek,mobility_superapp,SEA,1,Pimpada Charean,2021-07-03,อวสานโลกเจ็ต สั่งอาหารตัดบัตรครั้งแรก 177บาท อาหารหมด สั่งใหม่ครั้งที่ 2 ตัดบัตร 141บาท หลังจากใช้ส่วนลด คนขับโทรแจ้งของที่สั่งหมด สั่งใหม่ที่ร้านได้บิลมา 144 บาท มาถึงคนขับบอกต้องให้จ่ายเพิ่ม 15 บาท อวสานโกเจ็ค ฉันจะไม่สั่งอีกเลย,th,negative,0.4647,기타,2026-06-05 09:24:42.911098+00
3176,google_play,Gojek,mobility_superapp,SEA,5,ธีรยุทธ สมบูรณ,2021-07-03,เยี่ยมครับ,th,positive,0.7644,기타,2026-06-05 09:24:42.911098+00
3177,google_play,Gojek,mobility_superapp,SEA,1,Widchakorn Klomsom,2021-07-02,ช่วยปรับในเรื่องของการถอนเงินออกให้ไม่ยุ่งยากทีครับ ให้ง่ายเหมือนเวลาเงินเข้าแอพ ง่ายเหลือเกินกดเติมปุ๊ปเข้าปั๊ป Realtime ง่ายมากกกกกกก แต่พอจะเอาออกต้องทำเรื่อง ต้องถ่ายรูป และรอเวลา สุดจัด แต่เรื่องบริการไรเดอร์เร็ว ดี ครับ,th,positive,0.412,결제,2026-06-05 09:24:42.911098+00
3178,google_play,Gojek,mobility_superapp,SEA,1,TingTong_,2021-07-01,รู้สึกแย่นะ เราอุส่าเลือกใช้แอปนี้แต่หาไรเดอร์ไม่ได้เนี้ย,th,negative,0.9211,기타,2026-06-05 09:24:42.911098+00
3179,google_play,Gojek,mobility_superapp,SEA,5,Devils red black,2021-07-01,ให้ยืนยันตัวตนอะไรหลายๆครั้งเนีย!,th,neutral,0.4882,기타,2026-06-05 09:24:42.911098+00
3180,google_play,Gojek,mobility_superapp,SEA,5,yui u-ei yui u-ei,2021-06-30,ใช้ง่ายมากค่ะ สะดวก ติดตามสถานะพนักงานส่ง ได้ชัดเจน และยังมีส่วนลดให้ด้วยค่ะ ขอบคุณค่ะ,th,positive,0.6906,기타,2026-06-05 09:24:42.911098+00
3182,google_play,Gojek,mobility_superapp,SEA,5,Ilove You,2021-06-30,ดืืมากคับ,th,negative,0.7315,기타,2026-06-05 09:24:42.911098+00
3183,google_play,Gojek,mobility_superapp,SEA,5,Parnwinee Ratchadasiri,2021-06-29,พัฒนาแล้วดีขึ้นเยอะ,th,positive,0.7241,기타,2026-06-05 09:24:42.911098+00
3184,google_play,Gojek,mobility_superapp,SEA,5,ekarat suakrong,2021-06-29,So good,so,positive,0.7593,기타,2026-06-05 09:24:42.911098+00
3185,google_play,Gojek,mobility_superapp,SEA,1,Zammy Shat,2021-06-29,สั่งอาหารไม่เคยได้เลยจ้าขนาดเรียกมอเตอร์ไซค์มารับก็ไม่มี Messenger ช่างน้อยนิดเหลือเกินนะจ๊ะแอปนี้,th,negative,0.858,기타,2026-06-05 09:24:42.911098+00
3216,google_play,Gojek,mobility_superapp,SEA,5,พล.ต.อ.เสด็จ หวายฤทธิ์,2021-06-23,เจ้าหน้าที่กองปราบปราม,th,neutral,0.4755,기타,2026-06-05 09:24:42.911098+00
3186,google_play,Gojek,mobility_superapp,SEA,1,KENDO CHANEL KIDS,2021-06-29,ห่วยค่ะ สั่งอาหารไป 5 รอบได้ ขึ้นว่าไม่มีไรเดอร์ว่างไม่ว่างทั้งวันเลยหรอคะ พอไรเดอร์กดรับออเดอร์แต่ไรเดอร์ก็กดยกเลิกซะงั้น,th,negative,0.8523,기타,2026-06-05 09:24:42.911098+00
3187,google_play,Gojek,mobility_superapp,SEA,5,ิุอุเทน สอนวงษ์,2021-06-29,เยี่ยมใช้โค้ดได้หมดทุกโค้ดเลยเยี่ยมมาก ชอบนะสั่งปุปคนขับรับออเด้อปัปใว้ดีชอบ,th,positive,0.8005,기타,2026-06-05 09:24:42.911098+00
3188,google_play,Gojek,mobility_superapp,SEA,4,Abcdef Ghijk,2021-06-29,"'เเไพำำพุ,,,ถ้ากดพ คำ",th,neutral,0.4975,기타,2026-06-05 09:24:42.911098+00
3189,google_play,Gojek,mobility_superapp,SEA,5,Varin Chutivaraporn,2021-06-29,ดีสะดวกบริการสุภาพ,th,positive,0.4868,서비스,2026-06-05 09:24:42.911098+00
3190,google_play,Gojek,mobility_superapp,SEA,3,Hhg Nnb,2021-06-29,สบายดีไหมคัรบ,th,neutral,0.5439,기타,2026-06-05 09:24:42.911098+00
3191,google_play,Gojek,mobility_superapp,SEA,5,กุสุมา แก้วชิงดวง,2021-06-28,ดีมากค่ะบริการดี รวดเร็วดี อาหารน่าทานมาก อยู่ในห่ออย่างดี,th,positive,0.7849,서비스,2026-06-05 09:24:42.911098+00
3277,google_play,Gojek,mobility_superapp,SEA,1,Satit Poemtawee,2021-06-09,บริการห่วยมาก,th,negative,0.9005,서비스,2026-06-05 09:24:42.911098+00
638,google_play,LOCA Taxi,kokkok,LAO,1,A Google user,2020-03-09,Using a Samsung note 2 and it crashes everytime I load up the app.,en,negative,0.8345,EV·충전,2026-06-05 09:24:42.911098+00
639,google_play,LOCA Taxi,kokkok,LAO,2,A Google user,2020-02-28,Map does not show actual tracking so many bugs these days,en,negative,0.8963,앱오류,2026-06-05 09:24:42.911098+00
3225,google_play,Gojek,mobility_superapp,SEA,1,Wanachaporn Chuchit,2021-06-21,คนขับไม่พร้อม ไม่เคยสั่งของได้เลลยงง แก้ไขตรงนี้ด้วยนะคะ แย่มาก,th,negative,0.8899,기타,2026-06-05 09:24:42.911098+00
3226,google_play,Gojek,mobility_superapp,SEA,5,กมนลฉัตร แดงช่วง,2021-06-21,เดี่ยวนี้ทุกอย่าดีมากอแต่บางทำไม่เป็นก็มีค่ะ,th,neutral,0.4706,기타,2026-06-05 09:24:42.911098+00
3227,google_play,Gojek,mobility_superapp,SEA,5,Mus Sulong,2021-06-21,แอปนี้มีประโยขน์มาก จะทำให้เรามีความรู้เกี่ยวกับ คำนวน ระยะทาง จุดหนึ่งไปที่จุดหนึ่ง สบายๆ,th,positive,0.572,기타,2026-06-05 09:24:42.911098+00
3228,google_play,Gojek,mobility_superapp,SEA,5,นางวรัญญา แผ่นภาษิต,2021-06-20,ดีมากค่ะ Love love,th,positive,0.9238,기타,2026-06-05 09:24:42.911098+00
3229,google_play,Gojek,mobility_superapp,SEA,1,Dtn,2021-06-20,ใส่ส่วนลดไปแล้ว พอมาส่งกลับต้องจ่ายเต็มราคา งงมาก,th,negative,0.7381,요금,2026-06-05 09:24:42.911098+00
3231,google_play,Gojek,mobility_superapp,SEA,1,อาชวิน หอมทอง,2021-06-20,เเอปห่วยเเตก ห่วยมาก คนขับไม่มีโดนยกเลิกออเดอร์10รอบ เเย่มากเเย่จริงๆ,th,negative,0.8749,기타,2026-06-05 09:24:42.911098+00
3232,google_play,Gojek,mobility_superapp,SEA,1,Alone Only,2021-06-20,คนขับหายาก มีร้านไม่มีคนขับ,th,neutral,0.649,기타,2026-06-05 09:24:42.911098+00
3233,google_play,Gojek,mobility_superapp,SEA,5,Sirikan S.,2021-06-20,จัดส่งเร็ว อาหารถูกต้อง ดีค่ะ,th,positive,0.6229,배차·대기,2026-06-05 09:24:42.911098+00
3234,google_play,Gojek,mobility_superapp,SEA,4,Nu P.,2021-06-18,รวดเร็วทันใจ​อาหารถูกต้อง,th,neutral,0.5742,배차·대기,2026-06-05 09:24:42.911098+00
3235,google_play,Gojek,mobility_superapp,SEA,1,Super Max,2021-06-17,มีให้ดาวติดลบปะ แย่มาก ระงับเพื่อ ก็แล้วแต่นะ ไม่อยากให้ลูกค้าใช้ ใช้แอพอื่น จบ,th,negative,0.8816,기타,2026-06-05 09:24:42.911098+00
3236,google_play,Gojek,mobility_superapp,SEA,5,สุริยา รักษาพล,2021-06-17,ใช้ชีวิิตอย่างอิสสระ,th,neutral,0.4244,기타,2026-06-05 09:24:42.911098+00
3237,google_play,Gojek,mobility_superapp,SEA,4,Saisamorn Teangtongkam,2021-06-17,เร็วทันใจ,th,neutral,0.4937,기타,2026-06-05 09:24:42.911098+00
3238,google_play,Gojek,mobility_superapp,SEA,5,Bo Mo,2021-06-17,ยังไม่เคยใช้เลยครับ,th,negative,0.4977,기타,2026-06-05 09:24:42.911098+00
3239,google_play,Gojek,mobility_superapp,SEA,5,Puensanitt Thunya Better Half,2021-06-17,ค่าส่งไม่แพง มีโปรให้เยอะ ใช้งานง่าย,th,neutral,0.5704,기타,2026-06-05 09:24:42.911098+00
3240,google_play,Gojek,mobility_superapp,SEA,5,สาธิต ปานแดง,2021-06-16,โหดแอฟม่ได้เลย,th,negative,0.3879,기타,2026-06-05 09:24:42.911098+00
3241,google_play,Gojek,mobility_superapp,SEA,5,Aphi Poon,2021-06-16,แอปนี้ดีที่สุดแล้ว,th,positive,0.8306,기타,2026-06-05 09:24:42.911098+00
3242,google_play,Gojek,mobility_superapp,SEA,5,วัชรี สันติสกุลวงศ์,2021-06-16,ส้งเร็ว พนักงานบริการดีค่ะ,th,positive,0.6557,서비스,2026-06-05 09:24:42.911098+00
3243,google_play,Gojek,mobility_superapp,SEA,5,จิตต์ราเมศวร์ วิเศษศิริ,2021-06-16,เพิ่งใช้ครั้งแรกโอเคมากครับ แต่ยังงงๆอยู่,th,neutral,0.4246,기타,2026-06-05 09:24:42.911098+00
3244,google_play,Gojek,mobility_superapp,SEA,5,Puifai28965,2021-06-16,ใช้ง่าย ชอบที่สุดคือล็อกอินง่ายมาก,th,positive,0.725,기타,2026-06-05 09:24:42.911098+00
2197,google_play,Grab,mobility_superapp,SEA,5,Ronnie Eric,2026-05-28,not talkative but profesional type of driver. my personal space very confordable i can do my checklist while waiting to reach destination . good job!!,en,positive,0.6994,배차·대기,2026-06-05 09:24:42.911098+00
2198,google_play,Grab,mobility_superapp,SEA,5,Kunal Jangid,2026-05-28,"Superb experience, I tried many similar apps before but this one is the best so far. Very responsive and clean UI. Highly recommend to all!",en,positive,0.9173,기타,2026-06-05 09:24:42.911098+00
2199,google_play,Grab,mobility_superapp,SEA,1,Lady El Moutatouia,2026-05-28,Too many difficulties involving grab.. unsatisfied cust. will use another provider,en,negative,0.9118,기타,2026-06-05 09:24:42.911098+00
3245,google_play,Gojek,mobility_superapp,SEA,5,นเรศ กิตติรัตนา,2021-06-16,ดีมาก มีโปรเสมอไป ใช้งานง่าย,th,positive,0.8024,기타,2026-06-05 09:24:42.911098+00
3246,google_play,Gojek,mobility_superapp,SEA,5,นัฏฐวัฒ นามดี,2021-06-15,แอปนี้ดีมาก​ สั่งสินค้าได้ง่ายไม่สับสน​ ไรเดอร์ก็ให้บริการดี​ รวดเร็ว​ แต่น่าจะลดค่าบริการให้ถูกกว่านี้ให้เหมือนกับแอปสั่งอาหารเจ้าอื่นๆ,th,positive,0.5812,서비스,2026-06-05 09:24:42.911098+00
3247,google_play,Gojek,mobility_superapp,SEA,5,Suphanny Nakhowkro,2021-06-15,ฝากท้องกับนายตลอดเลยนะจ๊ จัดโปรบ่อยๆๆนะรออยู่555,th,positive,0.7228,기타,2026-06-05 09:24:42.911098+00
3248,google_play,Gojek,mobility_superapp,SEA,5,Hathaipat,2021-06-15,คือ...ดี,th,positive,0.7472,기타,2026-06-05 09:24:42.911098+00
3249,google_play,Gojek,mobility_superapp,SEA,1,Nueng weerawat,2021-06-15,ระบบการสั่งแย่ ใส่รหัสส่วนลดไม่ลด ใส่ใหม่ก็บอกว่าใช้แล้ว ยกเลิกการสั่งก็ไม่ได้ จะสั่งต้องระวัง ระบบช่วยเหลือแย่,th,negative,0.8955,기타,2026-06-05 09:24:42.911098+00
1858,google_play,Grab,mobility_superapp,SEA,1,Brandon Kenzo,2026-06-03,apasih.pas daftar di suruh masukkan pin padahal gak pernah buat,id,negative,0.6101,기타,2026-06-05 09:24:42.911098+00
1859,google_play,Grab,mobility_superapp,SEA,1,SS#,2026-06-03,harga mahal nk mampos ..,tl,negative,0.7306,기타,2026-06-05 09:24:42.911098+00
3250,google_play,Gojek,mobility_superapp,SEA,5,Kapi Jub,2021-06-15,ใช้ง่าย ส่วนลดเยอะ ค่าส่งในระยะไม่เกิน 3กม. ไม่ถึง 20 บาท,th,neutral,0.6216,기타,2026-06-05 09:24:42.911098+00
3251,google_play,Gojek,mobility_superapp,SEA,5,Aomrat pacharaphanphong,2021-06-15,ที่ใช้บริการมาทุกครั้งดีมากค่ะ ยังไม่มีครั้งไหนที่ไม่ประทับใจ,th,positive,0.7861,서비스,2026-06-05 09:24:42.911098+00
3252,google_play,Gojek,mobility_superapp,SEA,5,ภมร อินทร์ผึ้ง,2021-06-15,ปรับปรุง,th,neutral,0.4297,기타,2026-06-05 09:24:42.911098+00
3253,google_play,Gojek,mobility_superapp,SEA,5,chaow kk,2021-06-14,เร็วดี มีมรรยาท ครับ,th,positive,0.6322,기타,2026-06-05 09:24:42.911098+00
3254,google_play,Gojek,mobility_superapp,SEA,5,Ni Ni,2021-06-14,ได้อยู่ๆ,th,positive,0.5113,기타,2026-06-05 09:24:42.911098+00
3255,google_play,Gojek,mobility_superapp,SEA,5,ลภัสรดา นามไพร,2021-06-14,บริการดี สุภาพค่ะ,th,positive,0.6788,서비스,2026-06-05 09:24:42.911098+00
3256,google_play,Gojek,mobility_superapp,SEA,5,Sunantha Sirikul,2021-06-14,สนุกมีสาระ,th,positive,0.6898,기타,2026-06-05 09:24:42.911098+00
3257,google_play,Gojek,mobility_superapp,SEA,5,สุนันทา รอดมา,2021-06-13,สั่งง่ายกว่าอันอื่นพนักงานดีกว่าสีชมพู,th,positive,0.4537,기타,2026-06-05 09:24:42.911098+00
3258,google_play,Gojek,mobility_superapp,SEA,5,Sukontip Jinrat,2021-06-13,วันนี้ตอนสั่ง ไม่รู้ว่าฝนกำลังตกหนัก รีบโทรหาคนขับ ว่าฝนตกหนักนะ รอให้ฝนซาก่อนค่อยมา น้องเค้าเกรงใจเรามาก กลัวว่าเราจะรอนาน เราก็บอกว่าเราได้ไม่ต้องห่วง จริงๆน้องเค้ามีเซอร์วิสมายด์ค่ะ รอไม่นานน้องเค้าก็มาถึงหน้าบ้าน,th,negative,0.4276,기타,2026-06-05 09:24:42.911098+00
3259,google_play,Gojek,mobility_superapp,SEA,3,Nawarat Phanichkasem,2021-06-13,การบริการของไรเดอร์ดีค่ะ แต่มีออเดอร์เครื่องดื่ม ถูกยกเลิกมาบ่อย อันนี้ไม่โอเคเลย,th,negative,0.8882,서비스,2026-06-05 09:24:42.911098+00
3260,google_play,Gojek,mobility_superapp,SEA,5,นัน พล,2021-06-13,รีวิว,th,neutral,0.4607,기타,2026-06-05 09:24:42.911098+00
3261,google_play,Gojek,mobility_superapp,SEA,1,Bank Sine,2021-06-12,ไม่มีคนขับรองรับก้ไม่ควรเปิดให้บริการน่ะครับ,th,negative,0.7718,서비스,2026-06-05 09:24:42.911098+00
3262,google_play,Gojek,mobility_superapp,SEA,1,Kwang BBB,2021-06-12,ห่วย เติมเงินยากกรอกเบอร์ไปหลายรอบขึ้นไม่ถูกๆ งง มาก,th,negative,0.9011,결제,2026-06-05 09:24:42.911098+00
3263,google_play,Gojek,mobility_superapp,SEA,3,P J,2021-06-12,ส-อาทิตย์จะสั่งทาน แต่ไม่มีส่วนลดให้ลูกค้าเก่าที่ใช้แอฟ เลยไม่ได้กินเลย ทำไมไม่ให้ลูกค้าเก่าลดเยอาะๆ แบบนี้คนก็สั่งน้อยลง,th,negative,0.7864,기타,2026-06-05 09:24:42.911098+00
3264,google_play,Gojek,mobility_superapp,SEA,5,พรเทพ มั่งมี,2021-06-12,บริการดี รวดเร็ว ความปลอดภัยสูง,th,positive,0.583,서비스,2026-06-05 09:24:42.911098+00
3265,google_play,Gojek,mobility_superapp,SEA,3,DR.G,2021-06-12,แอพเมื่อใช้งานไปสักพักจะเริ่ม หน่วงและกระตุกครับ,th,negative,0.8483,기타,2026-06-05 09:24:42.911098+00
3266,google_play,Gojek,mobility_superapp,SEA,4,Chaba kaew,2021-06-11,ควรแยกเมนูอาหารเป็นหมวดหมู่ สไลด์กว่าจะถึงเมนูที่ต้องการตาลายแล้ว หาไม่เจออีก,th,negative,0.611,기타,2026-06-05 09:24:42.911098+00
3267,google_play,Gojek,mobility_superapp,SEA,5,ภูวนาท ทวีวัฒนากุล,2021-06-11,ok.D,sk,neutral,0.4225,기타,2026-06-05 09:24:42.911098+00
3268,google_play,Gojek,mobility_superapp,SEA,1,Q. Majesty,2021-06-11,คือจะบอกว่าสั่งไก่Texas2รอบ รอบ2ไม่ประทับใจเพราะสั่ง 2ชุด คนละบ้านเสือกรวมมา ร้านโคตรชุ่ยเลย เลิกสั่งละ,th,negative,0.8487,기타,2026-06-05 09:24:42.911098+00
3269,google_play,Gojek,mobility_superapp,SEA,5,Arayanan Yui,2021-06-11,โปรดี,th,positive,0.5478,기타,2026-06-05 09:24:42.911098+00
3339,google_play,Gojek,mobility_superapp,SEA,5,Nittaya Tar,2021-05-29,ใช้ง่ายค่ะ,th,positive,0.6178,기타,2026-06-05 09:24:42.911098+00
3340,google_play,Gojek,mobility_superapp,SEA,5,Ratchanon Firstfirst,2021-05-29,หมุดไม่เคยตรงเลย,th,negative,0.655,기타,2026-06-05 09:24:42.911098+00
3341,google_play,Gojek,mobility_superapp,SEA,5,ขวัญใจ เชี่ยวอมรชัย,2021-05-29,ดีคั,th,positive,0.6,기타,2026-06-05 09:24:42.911098+00
3342,google_play,Gojek,mobility_superapp,SEA,5,EvE Chada,2021-05-28,เจอแต่พนักงานดีมากๆ,th,positive,0.8079,기타,2026-06-05 09:24:42.911098+00
3343,google_play,Gojek,mobility_superapp,SEA,1,Boonyanoot Thongchaijalernporn,2021-05-28,แอพเอ๋อมากก มีสินค้าในตระกร้า พอกดไปบอกหมด แล้วให้ลบ แต่เสือกกดลบไม่ได้ คือไรอ่ะ แอพกระจอกงี้หรอ,th,negative,0.6356,기타,2026-06-05 09:24:42.911098+00
3344,google_play,Gojek,mobility_superapp,SEA,5,พงษ์เทพ อันทปัญญา,2021-05-28,แจกเงินสดจบเลย,th,neutral,0.5203,결제,2026-06-05 09:24:42.911098+00
3345,google_play,Gojek,mobility_superapp,SEA,1,ทวีรัฐ โตลักษณะ,2021-05-28,แย่มากโกลดมาทำทุกอย่างครบ แต่ทำเตี้ยอะไรไม่ได้ห่วยแตกมาก ถ้าระบบจ่ะร่มแบบนี้ไม่ต้องมีแอฟนี้ก็ได้ เปลืองเน็ตชิปหาย,th,negative,0.9069,기타,2026-06-05 09:24:42.911098+00
3346,google_play,Gojek,mobility_superapp,SEA,5,พรพิมล ทองเเจ่ม,2021-05-28,ดีคะใช้งานง่าย,th,positive,0.7305,기타,2026-06-05 09:24:42.911098+00
1567,google_play,Grab,mobility_superapp,SEA,5,พาขวัญ ู้ตู้สูงเนิน,2026-05-12,โคดดี,th,positive,0.4869,기타,2026-06-05 09:24:42.911098+00
3278,google_play,Gojek,mobility_superapp,SEA,4,กลิ่น คงแสง,2021-06-09,ครับผมดีที่สุดเพราะว่าประยัดเงินได้และมีแรงถันสูงอีกอย่าง ไม่ว่าน้ำที่ไนๆก็ยังใช้ได้ดี และรับงานด้านหลากหลายไม่ว่าผู้ชายทำ ผู้หญ้งก็ทำำได้,th,positive,0.4809,결제,2026-06-05 09:24:42.911098+00
3279,google_play,Gojek,mobility_superapp,SEA,4,Mlml Mlml,2021-06-09,ดีสดวก,th,negative,0.4868,기타,2026-06-05 09:24:42.911098+00
3280,google_play,Gojek,mobility_superapp,SEA,1,สราวุธ อุดมพิทักษ์,2021-06-08,พนักงานส่ง โคตรแย่ สั่งอาหารผิดหมดทุกอย่าง แล้วโทษระบบ เหมือนอาเงินไปทิ้ง,th,negative,0.9476,결제,2026-06-05 09:24:42.911098+00
3281,google_play,Gojek,mobility_superapp,SEA,1,MR.P'Nutty Thanakorn,2021-06-08,ไม่มีคนขับคืออะไร?,th,neutral,0.5164,기타,2026-06-05 09:24:42.911098+00
3282,google_play,Gojek,mobility_superapp,SEA,5,AMY,2021-06-08,ชอบที่เติมเงินขั้นต่ำแค่ 100 และมีระบบเก็บเงินส่วนต่างหากเงินในเคดิตไม่พอ ชอบมาก 🥰,th,positive,0.5131,결제,2026-06-05 09:24:42.911098+00
3283,google_play,Gojek,mobility_superapp,SEA,5,สุภาพร เรืองไชยศรี,2021-06-08,รวดเร็ว,th,neutral,0.5952,기타,2026-06-05 09:24:42.911098+00
3284,google_play,Gojek,mobility_superapp,SEA,5,Parkpoom Puangpee (Little'R),2021-06-07,ใช้ง่าย โปรเยอะ,th,positive,0.5638,기타,2026-06-05 09:24:42.911098+00
3285,google_play,Gojek,mobility_superapp,SEA,4,Redrum_s,2021-06-07,ดีนะ สะดวก,th,positive,0.6874,기타,2026-06-05 09:24:42.911098+00
3286,google_play,Gojek,mobility_superapp,SEA,3,Panupong Wanciang,2021-06-07,ลองใช้บริการดูก่อน,th,neutral,0.6028,서비스,2026-06-05 09:24:42.911098+00
3287,google_play,Gojek,mobility_superapp,SEA,5,Tanarat Rueangnet,2021-06-06,โปรเยอะดี ติดใจ ใช้ทุกอาทิตย์,th,positive,0.8123,기타,2026-06-05 09:24:42.911098+00
3288,google_play,Gojek,mobility_superapp,SEA,5,saethawit danworapong,2021-06-06,ดี ใช้ง่าย,th,positive,0.616,기타,2026-06-05 09:24:42.911098+00
3289,google_play,Gojek,mobility_superapp,SEA,5,Leknavarat Boonthanakorn,2021-06-06,โค้ดลดเยอะดีค่ะ​ใช้สะดวก,th,positive,0.7216,기타,2026-06-05 09:24:42.911098+00
3290,google_play,Gojek,mobility_superapp,SEA,5,True Move,2021-06-06,📸,unknown,neutral,0.5758,기타,2026-06-05 09:24:42.911098+00
3291,google_play,Gojek,mobility_superapp,SEA,1,Nan-Noey Delivery,2021-06-06,กุจะเลิกใช้เพราะมึงลงโฆษณาในยูทูปเยอะเกินดูรำคาญ,th,negative,0.9185,기타,2026-06-05 09:24:42.911098+00
3292,google_play,Gojek,mobility_superapp,SEA,5,San San,2021-06-05,บริการไวและดีค่ะ,th,positive,0.7514,서비스,2026-06-05 09:24:42.911098+00
3293,google_play,Gojek,mobility_superapp,SEA,5,Oranut Satiya,2021-06-05,พนักงานสุภาพ ราคาขนส่ง ไม่แพง ขอบคุณ จะใช้บริการอีก,th,positive,0.5901,요금,2026-06-05 09:24:42.911098+00
3294,google_play,Gojek,mobility_superapp,SEA,2,ชานยอล ทามแมชชีน,2021-06-05,แอปห่วยแตก สั่งแล้วหาคนขับไม่ได้ ได้คนขับคนเดิมมา2รอบ รอบแรกนิ่งไม่ตอบแชทกูกดยกเลิกเอง รอบสองนิ่งเหมือนเดิมร้านจะปิดแล้วกูจะได้กินไหม รอ10นาทีให้ตอบแชทไม่ตอบ แล้วกดยกเลิกกูเองเปลี่ยนคนขับใหม่งงมาก แล้วเวลามีปัญหาติดต่อใครก็ไม่ได้ไม่มีจนท.ค่อยช่วยเหลือไม่น่าใช้อะ grabบริการดีกว่า,th,negative,0.8976,서비스,2026-06-05 09:24:42.911098+00
3295,google_play,Gojek,mobility_superapp,SEA,5,Rungaroon Jirathajamroon,2021-06-05,ยังไม่ชินดีนะคะ ต้องอึกสักพักนึง,th,negative,0.5038,기타,2026-06-05 09:24:42.911098+00
3296,google_play,Gojek,mobility_superapp,SEA,4,Potchaman Akarapakpoompong,2021-06-05,วันจ-ศ​ รถค่อนข้างน้อย​แถวหทัยมิตร แต่ถ้ามีรถก็จะส่งไวและค่าส่งไม่แพง,th,neutral,0.6954,배차·대기,2026-06-05 09:24:42.911098+00
3297,google_play,Gojek,mobility_superapp,SEA,5,ศุภิสรา เกตุเห่ง,2021-06-05,ดีเร็วขึ้นคะ,th,neutral,0.4437,기타,2026-06-05 09:24:42.911098+00
3298,google_play,Gojek,mobility_superapp,SEA,5,sudawan wasuchat,2021-06-05,สั่งง่ายได้ส่วนลด👍👍👍,th,positive,0.6426,기타,2026-06-05 09:24:42.911098+00
501,google_play,LOCA Taxi,kokkok,LAO,5,kikujirofromkyoto,2024-07-14,"Perfect for Laos, where otherwise the tuktuks will charge you way more.",en,negative,0.4746,EV·충전,2026-06-05 09:24:42.911098+00
502,google_play,LOCA Taxi,kokkok,LAO,1,Nati Smadar,2024-07-01,Never trust this app!,en,negative,0.8816,EV·충전,2026-06-05 09:24:42.911098+00
1860,google_play,Grab,mobility_superapp,SEA,1,m,2026-06-03,grab is dogshit man and thiswas wrote by charlie kirk was shot by me he had a small pp,en,negative,0.8514,기타,2026-06-05 09:24:42.911098+00
2280,google_play,Grab,mobility_superapp,SEA,5,Kaloy Llavanes,2026-05-26,verrygood,af,positive,0.5368,기타,2026-06-05 09:24:42.911098+00
2281,google_play,Grab,mobility_superapp,SEA,5,Kllo Jelani,2026-05-26,the best app i love grab,en,positive,0.8858,기타,2026-06-05 09:24:42.911098+00
2282,google_play,Grab,mobility_superapp,SEA,1,DeL AdManDa,2026-05-26,Help Center is very unhelpful,en,negative,0.9542,기타,2026-06-05 09:24:42.911098+00
2283,google_play,Grab,mobility_superapp,SEA,1,JASMITA THAYALAN,2026-05-26,very2 bad service 1jam lebih tunggu 1 org pu tak confirm,id,negative,0.9202,서비스,2026-06-05 09:24:42.911098+00
2284,google_play,Grab,mobility_superapp,SEA,1,Yuru Camp Enjoyer,2026-05-26,"Grab, buddy. Your UI is crashing after I clicked on messages tab.",en,negative,0.892,앱오류,2026-06-05 09:24:42.911098+00
2285,google_play,Grab,mobility_superapp,SEA,3,Henny Cutez,2026-05-26,sangat kecewa susah dapat driver d jam-jam tertentu,id,negative,0.932,배차·대기,2026-06-05 09:24:42.911098+00
2286,google_play,Grab,mobility_superapp,SEA,5,benito reyes,2026-05-26,smooth ride.no hassle.,en,positive,0.7608,기타,2026-06-05 09:24:42.911098+00
2287,google_play,Grab,mobility_superapp,SEA,1,danny eng eng,2026-05-26,like for my workshop to my near my house need 21rm? like are u nuts?,en,negative,0.8676,기타,2026-06-05 09:24:42.911098+00
2288,google_play,Grab,mobility_superapp,SEA,5,Niaa Niaa,2026-05-26,"Very helpful for rides, food, and daily needs.",en,positive,0.789,기타,2026-06-05 09:24:42.911098+00
3299,google_play,Gojek,mobility_superapp,SEA,1,Kanokkan Okat,2021-06-05,สั่งอาหาร แต่โดนยกเลิกออเดอร์ บอกว่าไม่มีคนขับว่างรับงานตอนนี้คือไร? ถ้าจะห่วยขนาดนี้ไม่ต้องจัดโปร,th,negative,0.7692,기타,2026-06-05 09:24:42.911098+00
3300,google_play,Gojek,mobility_superapp,SEA,5,ชากีรีน ไชยสิน,2021-06-04,ทำดวยจัย,th,negative,0.8768,기타,2026-06-05 09:24:42.911098+00
3301,google_play,Gojek,mobility_superapp,SEA,5,Namfon Klangpech,2021-06-04,มารยาทดีค่ะ,th,positive,0.7379,기타,2026-06-05 09:24:42.911098+00
3302,google_play,Gojek,mobility_superapp,SEA,4,Nannie Muukatai,2021-06-04,"สะดวก, รวดเร็ว, ไม่ยุ่งยากทำให้การเดินทางง่ายขึ้นเยอะ",th,positive,0.5772,기타,2026-06-05 09:24:42.911098+00
3303,google_play,Gojek,mobility_superapp,SEA,5,Dxfdf Dxfdfeff,2021-06-03,ส่งดาวให้นักร้อง,th,neutral,0.479,기타,2026-06-05 09:24:42.911098+00
3304,google_play,Gojek,mobility_superapp,SEA,5,ชัญญา สุขแช่ม,2021-06-03,ดีมากค่ะ สั่งอาหารได้ดีใช้งานง่าย คนขับส่งไว,th,positive,0.7561,기타,2026-06-05 09:24:42.911098+00
3305,google_play,Gojek,mobility_superapp,SEA,5,thitima sonsombut,2021-06-03,ส่วนลดเยอะดีคะ,th,neutral,0.5058,기타,2026-06-05 09:24:42.911098+00
3306,google_play,Gojek,mobility_superapp,SEA,5,รชต รุ่งวงษ์,2021-06-03,โอเครเลยค่ะ,th,positive,0.7826,기타,2026-06-05 09:24:42.911098+00
3307,google_play,Gojek,mobility_superapp,SEA,1,วีรวัต อัศวดิลกฤทธิ์,2021-06-03,แย่ ส่งอาหารไม่ครบไม่รับผิดชอบอะไรเลยห่วยแตก,th,negative,0.9448,기타,2026-06-05 09:24:42.911098+00
3308,google_play,Gojek,mobility_superapp,SEA,5,bank6624 bank6624,2021-06-03,ใช้ง่ายส่วนลดเยอะดี ชอบครับ,th,positive,0.744,기타,2026-06-05 09:24:42.911098+00
3309,google_play,Gojek,mobility_superapp,SEA,1,Pong Tan,2021-06-03,แย่มากยกเลิก order ไม่มีคนขับไม่มีการแจ้งเตือนใดๆ ต้องคอยดูใน app ติดต่อปัญหาได้ทางไหนไม่มีบอก,th,negative,0.8532,기타,2026-06-05 09:24:42.911098+00
3310,google_play,Gojek,mobility_superapp,SEA,4,aiyaphat phuvitnithiwat,2021-06-03,เสริชหาชื่อร้านไม่ค่อยเจอ,th,negative,0.6719,기타,2026-06-05 09:24:42.911098+00
3311,google_play,Gojek,mobility_superapp,SEA,4,8 ธนศร,2021-06-03,โดยรวมดี แต่แอบหาคนขับยากไปนิดนึง,th,negative,0.6489,기타,2026-06-05 09:24:42.911098+00
3312,google_play,Gojek,mobility_superapp,SEA,5,Chairat Eiambavonlap,2021-06-03,ถูกต้องดี,th,positive,0.451,기타,2026-06-05 09:24:42.911098+00
3313,google_play,Gojek,mobility_superapp,SEA,1,Mr. Smith,2021-06-03,โหลดมาก็หาคนขับไม่ได้ เสียเวลา,th,negative,0.8511,기타,2026-06-05 09:24:42.911098+00
3314,google_play,Gojek,mobility_superapp,SEA,5,sao sao,2021-06-02,อยากให้มีโปรเยอะๆอีก,th,positive,0.4758,기타,2026-06-05 09:24:42.911098+00
3315,google_play,Gojek,mobility_superapp,SEA,5,Key Nattadavut,2021-06-02,ไม่เห็นมีช่องให้กรอกส่วนลดเลย,th,negative,0.6009,기타,2026-06-05 09:24:42.911098+00
3316,google_play,Gojek,mobility_superapp,SEA,1,Jirapat,2021-06-02,อย่าโหลดมาเลย สั่งอาหารไปไม่มีคนขับมาส่ง,th,negative,0.7208,기타,2026-06-05 09:24:42.911098+00
2378,google_play,Gojek,mobility_superapp,SEA,4,Dicky Badriansyah,2026-05-30,"bintang 4, karena kesempurnaan hanya milik ALLAH SWT.",id,positive,0.6397,기타,2026-06-05 09:24:42.911098+00
2391,google_play,Gojek,mobility_superapp,SEA,4,Cintya Nivanda Lindilalitya,2026-05-29,"mengapa dibagian tip driver bagian keypad 0 dan deletenya malah tidak bisa diakses... tolong dibetulkan ya, terimakasih",id,negative,0.7424,배차·대기,2026-06-05 09:24:42.911098+00
2392,google_play,Gojek,mobility_superapp,SEA,1,vania maulyda kurniawan,2026-05-29,susah nyari driver,id,negative,0.6814,배차·대기,2026-06-05 09:24:42.911098+00
2393,google_play,Gojek,mobility_superapp,SEA,1,Mr. A,2026-05-29,inconvenience,it,negative,0.835,기타,2026-06-05 09:24:42.911098+00
2394,google_play,Gojek,mobility_superapp,SEA,2,Bintang Gejora,2026-05-29,"Sy order gomart. Dr gomart ternyata barang habis. Sy tidak bs cancel, karena gak ada tombol buat cancel. Dr gomart kata'y udah dicancel. Tapi diaktivitas masih ke proses. Driver minta cancel. Tapi gimana, gak ada tombol cancel'y. Bingung!!",id,negative,0.778,배차·대기,2026-06-05 09:24:42.911098+00
2395,google_play,Gojek,mobility_superapp,SEA,2,Jocy Saptaputra・ジョシー・,2026-05-29,"gopay later sudah dilunasi sejak tahun 2023, sampai sekarang diblokir terus",id,negative,0.661,결제,2026-06-05 09:24:42.911098+00
2396,google_play,Gojek,mobility_superapp,SEA,3,choco cheese.,2026-05-29,hanya perasaanku aja atau emang susah banget buat dapat driver ya? buat kita terlalu lama menunggu lol,id,negative,0.6794,배차·대기,2026-06-05 09:24:42.911098+00
2397,google_play,Gojek,mobility_superapp,SEA,1,Jizz Djinn,2026-05-29,cant seem to change pickup locatipn even when within circle. caused a lot of inconvienience.,en,negative,0.9111,EV·충전,2026-06-05 09:24:42.911098+00
2603,google_play,Gojek,mobility_superapp,SEA,1,Brown Chub,2026-05-17,UDAH JELAS MAKANAN CMA DIKIRIM 2 TAPI NGA DITERIMA FOTO PENGADUAN MALAH PENJUAL YG CMA KIRIM 2 BARANG DARI PESANAN 3 YG DI BELA KECEWA MAKE JASA GOJEK BERTAHUN TAHUN,en,negative,0.7036,기타,2026-06-05 09:24:42.911098+00
2604,google_play,Gojek,mobility_superapp,SEA,1,Muhammad Mukhlis,2026-05-17,"You need express delivery to deliver your food straight from restaurant. If not, your food will visit another customer first. The problem is, if it take more than 30 minutes rathen than usual (like only 15 minute), they will say ""your delivery is on time"". Crazy right? imagine it takes 7 day delivery and they keep say same word ""your delivey is on time"".",en,negative,0.6403,기타,2026-06-05 09:24:42.911098+00
2605,google_play,Gojek,mobility_superapp,SEA,1,TENDY DEVELOPER,2026-05-17,"Ampun, harga ongkir dll mahal amat 😭😭😭",id,negative,0.9155,기타,2026-06-05 09:24:42.911098+00
3317,google_play,Gojek,mobility_superapp,SEA,5,ศิรินาถ ทัพแสง,2021-06-02,ใช้ง่าย​ // แต่gopayไม่อยากสมัครเพราะต้องบอกข้อมูลบัตรประชาชน,th,neutral,0.5889,결제,2026-06-05 09:24:42.911098+00
3318,google_play,Gojek,mobility_superapp,SEA,4,michiko kung,2021-06-02,เวลามีปัญหา ไม่รู้จะติดต่อได้ที่ไหน ไม่มีศูนย์ช่วยเหลือ ไม่มีเบอร์ติดต่อ ปรับปรุงเพิ่มเติมตรงนี้ด้วยจะดีมาก,th,negative,0.4207,기타,2026-06-05 09:24:42.911098+00
3319,google_play,Gojek,mobility_superapp,SEA,5,PINYO TIKUMPORNTEERAWONG,2021-06-02,เยี่ยมโปรเยอะ,th,positive,0.7269,기타,2026-06-05 09:24:42.911098+00
3320,google_play,Gojek,mobility_superapp,SEA,1,Apiwich Hadkuntod,2021-06-02,ไม่ร้านไม่รับก็ไม่มีคนขับแย่มาก,th,negative,0.928,기타,2026-06-05 09:24:42.911098+00
3321,google_play,Gojek,mobility_superapp,SEA,1,Nuttapon Mekprai,2021-06-02,พยายามสั่งมา2วันเเล้วไม่มีคนรับสักคน ลองเเล้วทุกเวลาตั้งเเต่เช้ายันเย็น,th,negative,0.704,기타,2026-06-05 09:24:42.911098+00
3322,google_play,Gojek,mobility_superapp,SEA,1,บัวไล ไตยโส,2021-06-01,เข้าก็อยากกว่าจะได้สั่งแอฟอื่นง่ายกว่านี้เยอะเพื่อนๆ รอรหัสotpเป็น8ปีก็ยังไม่ส่งมาให้,th,neutral,0.405,기타,2026-06-05 09:24:42.911098+00
3323,google_play,Gojek,mobility_superapp,SEA,5,Thaweechai K.,2021-06-01,Like...!!,af,neutral,0.3881,기타,2026-06-05 09:24:42.911098+00
3324,google_play,Gojek,mobility_superapp,SEA,5,ให้เช่าจอled ราคาถูก,2021-06-01,ชอบค่ะ เติมเงินสะดวก ไม่ต้องใช้เงินสด แต่ไรเดอร์น้อย ไม่ค่อยกดรับ,th,neutral,0.6023,결제,2026-06-05 09:24:42.911098+00
3325,google_play,Gojek,mobility_superapp,SEA,5,Charuwan Chalearmyat,2021-06-01,คูปองส่วนลดเยอะมากคะ ดีมากๆ,th,positive,0.8427,기타,2026-06-05 09:24:42.911098+00
3326,google_play,Gojek,mobility_superapp,SEA,3,ธนิดา นันทะภิรมย์,2021-05-31,ใช้ยากและงงมาก,th,negative,0.8927,기타,2026-06-05 09:24:42.911098+00
3327,google_play,Gojek,mobility_superapp,SEA,5,วิษรุต วิษรุต,2021-05-31,รีวิวทำงานใด้เงินครับ,th,neutral,0.6934,결제,2026-06-05 09:24:42.911098+00
640,google_play,LOCA Taxi,kokkok,LAO,4,A Google user,2020-02-27,"ຈຳນວນລົດເພີ່ມ, ລູກຄ້ານ້ອຍລົງ ລາຍຮັບຕຳ່ລົງ ຄົນຂັບຢູ່ຍາກ ! ຄວນຈຳກັດຄົນຂັບທີ່ເປັນຕ່າງຊາດ.",unknown,negative,0.5117,기타,2026-06-05 09:24:42.911098+00
641,google_play,LOCA Taxi,kokkok,LAO,5,A Google user,2020-02-27,"Amazing experience, drivers are very friendly and quick to pick you up.",en,positive,0.8968,배차·대기,2026-06-05 09:24:42.911098+00
3328,google_play,Gojek,mobility_superapp,SEA,2,Chanchai Konganandech,2021-05-31,สั่งหลายครั้ง และหลายครั้งระบบยกเลิกออเดอร์ บอกคนขับไม่ว่าง หาคนขับไม่ได้ ให้ลองสั่งใหม่ เสียอารมณ์ จะทำบริการมาเพื่ออะไร ถ้าให้รอ ให้กดสั่งใหม่ หลายรอบ สุดท้ายต้องไปใช้เจ้าอื่นแทน,th,negative,0.8349,서비스,2026-06-05 09:24:42.911098+00
3329,google_play,Gojek,mobility_superapp,SEA,5,Somjing Sripat,2021-05-31,คิดว่าจะได้ความรู้คะ. จะได้รู้จักต้นไม่มากขึ้น,th,neutral,0.6062,기타,2026-06-05 09:24:42.911098+00
3330,google_play,Gojek,mobility_superapp,SEA,4,Jakchai Onnim,2021-05-31,ใช้ได้ดี,th,positive,0.5451,기타,2026-06-05 09:24:42.911098+00
3331,google_play,Gojek,mobility_superapp,SEA,5,จําเนียร คีรีศรี,2021-05-31,ต้องการความถูกต้องครับ,th,neutral,0.5267,기타,2026-06-05 09:24:42.911098+00
3332,google_play,Gojek,mobility_superapp,SEA,5,ปิ่น สุดสังข์,2021-05-31,ขอบคุณ.ครับ..รวดเร็ว.มาก.ครับ.,th,positive,0.7364,기타,2026-06-05 09:24:42.911098+00
3333,google_play,Gojek,mobility_superapp,SEA,5,ทินกร มานพ,2021-05-31,ผมชอบใช้กล้องถ่ายและสามารถอ่านคำแปลได้...,th,positive,0.6878,배차·대기,2026-06-05 09:24:42.911098+00
3003,google_play,Gojek,mobility_superapp,SEA,1,Thao Tieu,2024-08-08,Xuất hiện quảng cáo hoài,vi,neutral,0.5887,기타,2026-06-05 09:24:42.911098+00
3004,google_play,Gojek,mobility_superapp,SEA,1,Phượng Vũ,2024-08-07,Cái app thần kinh j mà đặt nó lác hoài v,vi,negative,0.4895,기타,2026-06-05 09:24:42.911098+00
3005,google_play,Gojek,mobility_superapp,SEA,5,Ngân Bích,2024-08-07,Rất tốn việc di chuyển và kịp thời gian sắp xếp,vi,negative,0.4234,기타,2026-06-05 09:24:42.911098+00
3006,google_play,Gojek,mobility_superapp,SEA,3,Tân Add,2024-08-07,Tôi là 1 tài xế gojek gojek. nên cải thiện hệ thống đề xuất địa chỉ cho chính xác lỗi đề xuất các địa chỉ linh tinh ko đúng khiến khách hàng dễ nhầm lẫn,vi,neutral,0.4516,앱오류,2026-06-05 09:24:42.911098+00
3008,google_play,Gojek,mobility_superapp,SEA,2,Thoa Pham Van,2024-08-07,Định vị tài xế sai từa lưa,vi,neutral,0.5056,배차·대기,2026-06-05 09:24:42.911098+00
1,google_play,KOKKOK Move,kokkok,LAO,5,สุทิดา ยดสมสี,2026-04-28,ໄວ,unknown,neutral,0.3916,기타,2026-06-05 09:24:42.911098+00
2,google_play,KOKKOK Move,kokkok,LAO,5,Benla Vpd,2026-04-10,ຂຈ,unknown,neutral,0.3763,기타,2026-06-05 09:24:42.911098+00
30,google_play,KOKKOK Move,kokkok,LAO,1,Saengdala Malavong,2023-11-29,ສະບາຍດີ,unknown,neutral,0.4722,기타,2026-06-05 09:24:42.911098+00
31,google_play,KOKKOK Move,kokkok,LAO,5,Kongngern Xayyasith,2023-11-27,Kokkok move is good,af,positive,0.7532,기타,2026-06-05 09:24:42.911098+00
32,google_play,KOKKOK Move,kokkok,LAO,5,Phoyphailin Somsanit,2023-11-26,ພ/ງ ຫນ້າຕາດີ,unknown,positive,0.6649,기타,2026-06-05 09:24:42.911098+00
3200,google_play,Gojek,mobility_superapp,SEA,5,Ekasith Sukprasith,2021-06-27,ดี ส่วนลดเยอะ,th,positive,0.5856,기타,2026-06-05 09:24:42.911098+00
3201,google_play,Gojek,mobility_superapp,SEA,1,กิตติธัช พื้นพันธ์,2021-06-25,แรกๆค่าส่งก็ถูกนะ หลังๆแพงจังบายลบนะครับ,th,negative,0.7686,기타,2026-06-05 09:24:42.911098+00
3202,google_play,Gojek,mobility_superapp,SEA,5,J ChaJeaN,2021-06-25,เป็นแอปที่ดีเลยค่ะ เดี๋ยวนี้ร้านค้าเยอะดีมาก แต่ยังไม่ค่อยมีคนขับแถวบ้านเรา มีแต่พี่มอไซค์ ยังไม่มีรถยนต์ อยากให้มีคนสมัครโกเจ็คเพิ่มนะ ส่วนลด สิทธิต่างๆเขาให้ตลอด ไม่เหมือนอีกตัวเลือกที่เมื่อก่อนให้ฟรีพอดังแล้ว บังคับซื้อโค้ดอย่างเดียว,th,positive,0.3812,배차·대기,2026-06-05 09:24:42.911098+00
3203,google_play,Gojek,mobility_superapp,SEA,5,Tera Aungruttanun,2021-06-25,แอปดีมากครับ มีส่วนลดตลอด และส่งเร็วไม่ผิดหวัง,th,positive,0.7462,기타,2026-06-05 09:24:42.911098+00
3204,google_play,Gojek,mobility_superapp,SEA,5,oak tassanapol kl,2021-06-25,เร็วและบริการดีครับ,th,positive,0.5646,서비스,2026-06-05 09:24:42.911098+00
3205,google_play,Gojek,mobility_superapp,SEA,1,ชัยวัฒน์ ทองอยู่,2021-06-24,เติมเงินเข้าโกเพล์ยยากมากไม่เป็นภาษาไทย,th,negative,0.8338,결제,2026-06-05 09:24:42.911098+00
3206,google_play,Gojek,mobility_superapp,SEA,5,Saksit Ounon,2021-06-24,🤩🤩🤩🤩🤩🤩🤩🤩🤩🤩,unknown,positive,0.7137,기타,2026-06-05 09:24:42.911098+00
2343,google_play,Gojek,mobility_superapp,SEA,1,Hnr Arm,2026-06-02,"gofood makin mahal, semoga pemerintah bikin apps versi pemerintah yg murah.",id,negative,0.5451,기타,2026-06-05 09:24:42.911098+00
2344,google_play,Gojek,mobility_superapp,SEA,1,hedset kusut,2026-06-02,not good,af,negative,0.7891,기타,2026-06-05 09:24:42.911098+00
2345,google_play,Gojek,mobility_superapp,SEA,1,achmad bashorudin,2026-06-02,"Mitra Gojek kelakuannya pada kayak monyet, ngambil pesanan tapi gak dijemput/dianter. K O N T O L.",id,negative,0.8843,기타,2026-06-05 09:24:42.911098+00
2346,google_play,Gojek,mobility_superapp,SEA,1,Kenal Sejarah,2026-06-01,"susah betul cari driver, busuk aplikasinya,",id,negative,0.9292,배차·대기,2026-06-05 09:24:42.911098+00
2347,google_play,Gojek,mobility_superapp,SEA,5,Mipo Asu,2026-06-01,"is the best, this application",en,positive,0.8823,기타,2026-06-05 09:24:42.911098+00
2348,google_play,Gojek,mobility_superapp,SEA,1,Dian Nainggolan,2026-06-01,"Sejak ada fitur bayar 3000 kalau cancel, driver sengaja tidak gerak agar di cancel oleh penumpang.",id,negative,0.5491,배차·대기,2026-06-05 09:24:42.911098+00
2349,google_play,Gojek,mobility_superapp,SEA,1,LEDAC,2026-06-01,"MAU LOGIN DI PERANGKAT BARU GABISA, VERIFIKASI WAJAH SELALU GAGAL, BUAT LAPORAN DI TANYA APA JAWABNYA APA, ANEH BENER",de,negative,0.8834,기타,2026-06-05 09:24:42.911098+00
2350,google_play,Gojek,mobility_superapp,SEA,1,Matheus Saputera,2026-06-01,"cannot edit destination, I'm in the middle of trip now and we (me and driver) agreed to use another route bcs of the recommend route had a traffic, the button edit was there but no response at all",en,negative,0.7532,배차·대기,2026-06-05 09:24:42.911098+00
2351,google_play,Gojek,mobility_superapp,SEA,5,asdi surya,2026-06-01,sangat membantu dalam aktivitas,id,positive,0.7673,기타,2026-06-05 09:24:42.911098+00
1062,google_play,Grab,mobility_superapp,SEA,5,Nam Nguyen,2026-05-21,tuyệt vời.,vi,positive,0.8664,기타,2026-06-05 09:24:42.911098+00
3348,google_play,Gojek,mobility_superapp,SEA,5,Tuktik DPU,2021-05-27,ส่งไว สามารถแชทคุยกับผู้ส่งได้ และสามารถดูสถานะได้ว่าผู้ส่งถึงไหนแล้ว ชอบค่ะ,th,positive,0.4795,배차·대기,2026-06-05 09:24:42.911098+00
3349,google_play,Gojek,mobility_superapp,SEA,5,Angel G,2021-05-27,แอปที่ดีมาก,th,positive,0.865,기타,2026-06-05 09:24:42.911098+00
3350,google_play,Gojek,mobility_superapp,SEA,4,เรวัตร ศรีมาตย์,2021-05-27,สั่งออเดอร์ไม่มีคนรับ,th,neutral,0.6225,기타,2026-06-05 09:24:42.911098+00
3351,google_play,Gojek,mobility_superapp,SEA,5,Madames Pagy,2021-05-27,ส่วนลดดีๆ,th,positive,0.569,기타,2026-06-05 09:24:42.911098+00
3352,google_play,Gojek,mobility_superapp,SEA,5,I am Max,2021-05-27,เยี่ยมครับพอมาสั่งมีส่วนลดตลอดครับ,th,positive,0.7558,기타,2026-06-05 09:24:42.911098+00
3353,google_play,Gojek,mobility_superapp,SEA,5,การุณย์ ชัยปฐวี,2021-05-27,อัพเดด้ร็วดีครับ,th,positive,0.5265,기타,2026-06-05 09:24:42.911098+00
3354,google_play,Gojek,mobility_superapp,SEA,5,Thanapon Nontho,2021-05-26,😁,unknown,positive,0.497,기타,2026-06-05 09:24:42.911098+00
3355,google_play,Gojek,mobility_superapp,SEA,1,ellmij .online,2021-05-26,มาใช้ส่วนลดครั้งแรกเท่านั้น การบริการก็เหมือนๆกันทั่วๆไป เปลี่ยนโลโก้เท่านั้นเอง ขอตัวรักษาบาดแผลก่อนโดนยาอีกแล้ว,th,positive,0.4055,서비스,2026-06-05 09:24:42.911098+00
3356,google_play,Gojek,mobility_superapp,SEA,5,จิรทีปต์ รัมสิน,2021-05-26,ดีมากๆครับ,th,positive,0.8413,기타,2026-06-05 09:24:42.911098+00
3357,google_play,Gojek,mobility_superapp,SEA,5,metal leaf,2021-05-26,มีโปรส่วนลดเยอะดีคะ,th,neutral,0.6545,기타,2026-06-05 09:24:42.911098+00
3358,google_play,Gojek,mobility_superapp,SEA,5,Fgbgff Efvbhf,2021-05-26,อยากกู้เงินมาก,th,neutral,0.4774,결제,2026-06-05 09:24:42.911098+00
3359,google_play,Gojek,mobility_superapp,SEA,5,Boonlit Cheewan,2021-05-26,ดีและคุ้มมาก,th,positive,0.7738,기타,2026-06-05 09:24:42.911098+00
3360,google_play,Gojek,mobility_superapp,SEA,1,Thanawat Jankhiaw,2021-05-26,แอพไม่ค่อยเจ๋งเหมือนแกรป,th,negative,0.7065,기타,2026-06-05 09:24:42.911098+00
3361,google_play,Gojek,mobility_superapp,SEA,5,Fan Fan,2021-05-26,ถูกใจ,th,neutral,0.4402,기타,2026-06-05 09:24:42.911098+00
3362,google_play,Gojek,mobility_superapp,SEA,5,ลาวัณย์ กิตติพัฒนะชัย,2021-05-26,ขอบคุณที่มีส่วนลดค่สอาหารให้นะคะ แต่ถ้าจะให้ส่วนลด 150 บาทเหมือนเมื้อก่อนจะขอบคุณมากมากเลยนะคะ,th,positive,0.6332,기타,2026-06-05 09:24:42.911098+00
2428,google_play,Gojek,mobility_superapp,SEA,5,ArchCOM Studios,2026-05-27,nice..,pl,positive,0.5678,기타,2026-06-05 09:24:42.911098+00
3363,google_play,Gojek,mobility_superapp,SEA,5,นาย ศศิมณฑล จิตรมณีโรจน์,2021-05-25,ทุกครั้งที่สั่งอาหารจะเป็นทางเลือกแรกๆ,th,positive,0.4862,기타,2026-06-05 09:24:42.911098+00
3364,google_play,Gojek,mobility_superapp,SEA,4,เดือนเพ็ญ นามวงศ์,2021-05-25,เข้าเวปไม่ได้มา 2 วันแล้ว กดอะไรไม่ได้เลยกลับไปหน้าแรกตลอดเป็นเพราะอะไรค่ะ,th,negative,0.7228,기타,2026-06-05 09:24:42.911098+00
3365,google_play,Gojek,mobility_superapp,SEA,4,Denpoom Nulpen,2021-05-25,สะดวกมากไม่ต้องรอนาน,th,positive,0.4832,기타,2026-06-05 09:24:42.911098+00
271,google_play,KOKKOK Move,kokkok,LAO,1,สาว ลาว,2024-03-25,ไม่มีรถหรอ เรียกรถนานนากกก ไม่เคยได้เลย,th,negative,0.6954,배차·대기,2026-06-05 09:24:42.911098+00
1568,google_play,Grab,mobility_superapp,SEA,5,Sunadda,2026-05-12,ใช้สะดวก มีส่วนลด,th,positive,0.5216,기타,2026-06-05 09:24:42.911098+00
3366,google_play,Gojek,mobility_superapp,SEA,5,ยอด วาเลนไทน์,2021-05-25,ยืนยันตัวตนไปแล้วเงินเติมไปแล้วของก็สั่งไปแล้วหลายครั้ง วันนี้จะสั่งของบอกให้ยืนยันตัวตนใหม่...บอกหน้าไม่เหมือนบัตรประชาชนเอิ่มมม..ถ้าไม่มีเงินเหลือในแอพลบทิ้งไปแล้ว..เพลียเสียเวลา..,th,negative,0.8556,결제,2026-06-05 09:24:42.911098+00
3367,google_play,Gojek,mobility_superapp,SEA,5,Million ยุค90,2021-05-25,เป็นแอฟที่ใช้งานง่าย ไม่ยุ่งยาก มีส่วนลดโปรโมชั่นทุกสัปดาห์ ถือว่าดีมากๆเลย,th,positive,0.7359,기타,2026-06-05 09:24:42.911098+00
3368,google_play,Gojek,mobility_superapp,SEA,4,naruemol sawaengphak,2021-05-25,ส่งเร็วดี พนง.ควรใส่ถุงมือเวลามาส่งของเพื่อความสบายใจผู้ซื้อค่ะ,th,neutral,0.528,기타,2026-06-05 09:24:42.911098+00
3369,google_play,Gojek,mobility_superapp,SEA,5,นุชนารถ แซ่ซิ้ม,2021-05-25,ดีค่ะสั่งของหลายครั้งแล้วพอใจทุกครั้ง,th,positive,0.8163,기타,2026-06-05 09:24:42.911098+00
3370,google_play,Gojek,mobility_superapp,SEA,5,พงษ์ศักดิ์ เตระทัด,2021-05-25,ท๊อป ปปปป,th,neutral,0.4277,기타,2026-06-05 09:24:42.911098+00
2398,google_play,Gojek,mobility_superapp,SEA,5,Joseph Tampubolon,2026-05-29,Time delivery safety OK and accuracy good,en,positive,0.5745,기타,2026-06-05 09:24:42.911098+00
2399,google_play,Gojek,mobility_superapp,SEA,2,Khairy yunna,2026-05-29,"ku pake sekali, ga ada diskon hmph",id,negative,0.9037,기타,2026-06-05 09:24:42.911098+00
2400,google_play,Gojek,mobility_superapp,SEA,5,Andrew Corns,2026-05-28,"Great app, used a number of times in Bali",en,positive,0.8236,기타,2026-06-05 09:24:42.911098+00
2401,google_play,Gojek,mobility_superapp,SEA,3,Zaid,2026-05-28,saya sarankan sediakan metode pembayaran dgn QRIS.,id,neutral,0.6193,기타,2026-06-05 09:24:42.911098+00
2402,google_play,Gojek,mobility_superapp,SEA,1,Paulo Diego,2026-05-28,"Often found out that after goride or gocar order was accepted by the driver, the driver often wasn't moving to the pickup point and the app doesn't do anything about it. For user, it really waste our time",en,negative,0.7052,배차·대기,2026-06-05 09:24:42.911098+00
2403,google_play,Gojek,mobility_superapp,SEA,1,Virginia Brown,2026-05-28,Best,de,positive,0.3809,기타,2026-06-05 09:24:42.911098+00
2404,google_play,Gojek,mobility_superapp,SEA,5,Fathan Alfisyahr Rahim,2026-05-28,sangat membantu dalam kehidupan sehari hari,id,positive,0.7528,기타,2026-06-05 09:24:42.911098+00
2601,google_play,Gojek,mobility_superapp,SEA,5,I Gede Sastrawan,2026-05-17,mantap pokoknya,id,positive,0.8147,기타,2026-06-05 09:24:42.911098+00
503,google_play,LOCA Taxi,kokkok,LAO,5,Noel,2024-06-19,Great app and very user friendly,en,positive,0.8952,기타,2026-06-05 09:24:42.911098+00
2602,google_play,Gojek,mobility_superapp,SEA,2,Luna,2026-05-17,"I've been experiencing delay in receiving chat from the driver or resto. Like today I made a gofood order, turns out the item that I wanted to buy is out of stock. The resto made changes with my order without my agreement which was annoying. When the driver ended the order through his app, I can see I have 2 chat histories. One from the driver and the other from the resto. The tried to inform me, but I never received their message until the driver delivered my order. This isn't the first time.",en,negative,0.8802,EV·충전,2026-06-05 09:24:42.911098+00
2801,google_play,Gojek,mobility_superapp,SEA,5,ThanhThao NguyenThi,2024-09-17,Tạm biệt!,vi,positive,0.5548,기타,2026-06-05 09:24:42.911098+00
2802,google_play,Gojek,mobility_superapp,SEA,5,Thảo Đỗ phương,2024-09-16,"Thân gửi Gojek, 4 năm gắn bó với Gojek từ lúc tôi bắt đầu năm nhất đến năm tư Đại học có lẽ chiếc app màu xanh này đã đồng hành cùng tôi trong các sự kiện lớn nhỏ của thanh xuân mình. Cảm ơn Gojek, cảm ơn hành trình của Gojek đến Việt Nam như 1 điều tất yếu. Ngày mai, 17/9 tôi vẫn còn muốn đặt các chuyến xe của mình trên app Gojek - ở đây tôi đã gặp những người tài xế đáng yêu, dễ mến và nhiệt thành. Cảm ơn tất cả những gì mà đội ngũ Gojek đã mang lại cho tất cả người dùng. Love",vi,positive,0.77,배차·대기,2026-06-05 09:24:42.911098+00
2803,google_play,Gojek,mobility_superapp,SEA,5,Vi Phuong,2024-09-16,"16/9 ngày cuối app ở VN. Trc thường đi gokek vì mã nhiều, tài xế cũng ok. Bye app",vi,negative,0.8192,배차·대기,2026-06-05 09:24:42.911098+00
2804,google_play,Gojek,mobility_superapp,SEA,5,Lê Phát Trương,2024-09-16,Cảm ơn gojek đã đem những thức ăn và chuyến xe giá rẻ đến cho tôi trong thời gian qua trân trọng see you again good,vi,positive,0.851,요금,2026-06-05 09:24:42.911098+00
2805,google_play,Gojek,mobility_superapp,SEA,1,Chuyên gia Phán xét,2024-09-16,như cc xoá áp đi m,vi,negative,0.6518,기타,2026-06-05 09:24:42.911098+00
2806,google_play,Gojek,mobility_superapp,SEA,3,Thanh Tuyen Nguyen Thi,2024-09-16,"Trời mưa ko đặt được xe. Đặt xe buổi chiều tài xế hủy chuyến liên tục, nhận xe rồi 5p sau txe hủy",vi,negative,0.773,배차·대기,2026-06-05 09:24:42.911098+00
2807,google_play,Gojek,mobility_superapp,SEA,5,XUÂN TÚ KHÚC,2024-09-16,Mình chạy cho Gojek 3 năm mà giờ Gojek quay về nước hơi tiếc nuối nhưng vẫn hi vọng Gojek quay lại,vi,negative,0.6362,기타,2026-06-05 09:24:42.911098+00
2808,google_play,Gojek,mobility_superapp,SEA,5,Loi Nguyen,2024-09-16,Cảm ơn gojek trong thời gian qua nha ❤️,vi,positive,0.8519,기타,2026-06-05 09:24:42.911098+00
2809,google_play,Gojek,mobility_superapp,SEA,5,Quỳnh nương Nông,2024-09-16,Tạm biệt go jek nhé go jek ơi xin cám ơn trong suốt thời gian qua go jek đã cho tôi những năm tháng qua được những truyến đi thật tuyệt vời nhé,vi,positive,0.7792,기타,2026-06-05 09:24:42.911098+00
2810,google_play,Gojek,mobility_superapp,SEA,5,Phương Nguyễn,2024-09-16,"Lần đi cv sắp tới của mình ko còn được gặp Gojek nữa rồi , buồn lắm bạn ạ . Cảm ơn bạn đã đồng hành cùng mình trong những năm qua . Chúc bạn nhiều sức khỏe , cv thuận buồm xuôi gió , thành công , bền vững ở những nơi bạn đến. Mãi nhớ bạn , tạm biệt bạn . Rat mong gap lai ban 😭😭😭❤❤❤🙏🙏🙏",vi,negative,0.5659,기타,2026-06-05 09:24:42.911098+00
2811,google_play,Gojek,mobility_superapp,SEA,5,Ly Nguyễn,2024-09-16,"Những chuyến đi thân thiện của các anh các chú tài xế, giờ đây tất cả sẽ chỉ còn lại kỉ niệm, cảm ơn những trải nghiệm mà app mang lại và tạm biệt, hy vọng vào một ngày không xa những đội ngũ của team Gojek sẽ tái hợp và lợi hạn hơn nhé.",vi,positive,0.8224,배차·대기,2026-06-05 09:24:42.911098+00
2457,google_play,Gojek,mobility_superapp,SEA,5,Fatimah Nisrina Azzahrah,2026-05-25,a safe drive. i like how driver priotized safety,da,positive,0.7468,배차·대기,2026-06-05 09:24:42.911098+00
2812,google_play,Gojek,mobility_superapp,SEA,1,Sơn Nguyễn Ngọc,2024-09-16,Ăn mừng ngày chia tay :)),vi,positive,0.7045,기타,2026-06-05 09:24:42.911098+00
2813,google_play,Gojek,mobility_superapp,SEA,5,Luan Thanh,2024-09-16,Không áp dụng được khuyến mãi và voucher cùng một lúc nữa.,vi,negative,0.6878,기타,2026-06-05 09:24:42.911098+00
2814,google_play,Gojek,mobility_superapp,SEA,5,Linh Đặng,2024-09-16,cảm ơn và hẹn gặp lại,vi,positive,0.6599,기타,2026-06-05 09:24:42.911098+00
2979,google_play,Gojek,mobility_superapp,SEA,5,Tài Nguyễn Văn,2024-08-14,Veligut,et,neutral,0.3724,기타,2026-06-05 09:24:42.911098+00
2614,google_play,Gojek,mobility_superapp,SEA,1,Alfan,2026-05-16,saya bosan ditanyai pakai chat template oleh driver.,id,negative,0.7741,배차·대기,2026-06-05 09:24:42.911098+00
2615,google_play,Gojek,mobility_superapp,SEA,1,Salma Salsabila,2026-05-16,"SUDAH BAYAR TOL MENGGUNAKAN KARTU SENDIRI, MALAH DISURUH BAYAR TOL LAGI DI APLIKASI GOJEK!.",de,negative,0.7739,기타,2026-06-05 09:24:42.911098+00
2616,google_play,Gojek,mobility_superapp,SEA,1,djuarsa moh,2026-05-16,"app hang nelp terus, musti restart hp",no,negative,0.668,기타,2026-06-05 09:24:42.911098+00
2617,google_play,Gojek,mobility_superapp,SEA,5,Shinta Resty Ayudia,2026-05-16,Very helpful app since day 1 ❤,en,positive,0.8729,기타,2026-06-05 09:24:42.911098+00
2618,google_play,Gojek,mobility_superapp,SEA,3,Gandhika Farhan,2026-05-16,"update terbaru aneh, gofood terdekat jadi ngulang itu-itu aja ga kaya dulu. Kalau dulu discroll ke bawah terlihat toko-tokonya mulai terdekat sampai semakin jauh jaraknya dan semakin banyak pilihan. Kalau skrg ngulang2 doang buat apa, pilihan terbatas",id,negative,0.7381,기타,2026-06-05 09:24:42.911098+00
2619,google_play,Gojek,mobility_superapp,SEA,1,Hengky Salim,2026-05-16,"Order stabucks 1 liter x 2. Dikirim terlalu lama hampir 1 jam, fresh milk disuhu ruangan bakteri berkembang biak, hasilnya kopi susu jadi asam. Chat support via apps dibalas bot, telp CS juga sama tidak bergunanya.",id,negative,0.8846,서비스,2026-06-05 09:24:42.911098+00
2620,google_play,Gojek,mobility_superapp,SEA,1,Shuin Hikaru,2026-05-15,"This apps is worse be carefull, they protect the driver that hit my sister before.. Right now my sister still Traumatized.. My sister still minor too, and its your driver fault not my sister, so stop protecting your driver lol..",en,negative,0.9192,배차·대기,2026-06-05 09:24:42.911098+00
2621,google_play,Gojek,mobility_superapp,SEA,2,Darrell Dee,2026-05-15,"drivers are good, safe. not the ones that hit on my 12yr old daughter!!!!!!!!!!",en,negative,0.689,배차·대기,2026-06-05 09:24:42.911098+00
2622,google_play,Gojek,mobility_superapp,SEA,1,RH,2026-05-15,"makin parah. update to downgrade! mesen gofood makin deket jaraknya, resto sblmnya udh pernah dipesen ilang dari search giliran titik antar diganti lbh dekat masih ada itu resto. cacat",id,negative,0.93,기타,2026-06-05 09:24:42.911098+00
2623,google_play,Gojek,mobility_superapp,SEA,1,Michelle Florence Abigail,2026-05-15,"ketika ada kendala, tidak ada penyelesaian apapun👎",id,negative,0.8418,기타,2026-06-05 09:24:42.911098+00
2624,google_play,Gojek,mobility_superapp,SEA,5,Yoga Nur Fahrudin,2026-05-15,Mantab selalu 🙂.,id,positive,0.8758,기타,2026-06-05 09:24:42.911098+00
3001,google_play,Gojek,mobility_superapp,SEA,5,Đại Phát Phan,2024-08-09,"Các chuyến đi với mình đều rất tốt, tài xế vui vẻ",vi,positive,0.8775,배차·대기,2026-06-05 09:24:42.911098+00
43,google_play,KOKKOK Move,kokkok,LAO,1,Dodo Dodo,2023-11-02,ໂຫຼດມາແລ້ວຈອງລົດຍາກ,unknown,neutral,0.4016,기타,2026-06-05 09:24:42.911098+00
44,google_play,KOKKOK Move,kokkok,LAO,1,Tar Saivong,2023-10-30,ໂຫລດມາແລ້ວໃຊ້ບໍລິການຈອງລົດບໍ່ໄດ້ຢາກຍາກ,unknown,negative,0.4657,기타,2026-06-05 09:24:42.911098+00
46,google_play,KOKKOK Move,kokkok,LAO,2,Hsuwai Hnin,2026-05-29,Have to wait too long to get a driver. Pretty bad experience.,en,negative,0.9505,배차·대기,2026-06-05 09:24:42.911098+00
47,google_play,KOKKOK Move,kokkok,LAO,2,Limawati Jamir,2026-05-15,cheaper compared to other rides but location are all mess up and the driver are just lazy to accept passengers with long delays. go for maxim,en,negative,0.9357,배차·대기,2026-06-05 09:24:42.911098+00
48,google_play,KOKKOK Move,kokkok,LAO,1,Hanoi Z,2026-04-27,ປາຍທາງບໍ່ໄກເງີນບໍ່ຫຼາຍບໍ່ມີລົດຮັບ,unknown,neutral,0.448,기타,2026-06-05 09:24:42.911098+00
49,google_play,KOKKOK Move,kokkok,LAO,1,Olivier Declementi (Atheryl),2026-04-21,"very unsafe driver behavior, doesn't respect any red light or else. almost ran over someone with 0 reaction.",en,negative,0.9535,배차·대기,2026-06-05 09:24:42.911098+00
50,google_play,KOKKOK Move,kokkok,LAO,1,Thavisok Khamvongsa,2026-02-22,Rude driver! There are so many rude drivers that curse you and reject you to their car. I don’t feel save at all,en,negative,0.9602,배차·대기,2026-06-05 09:24:42.911098+00
51,google_play,KOKKOK Move,kokkok,LAO,1,Cheryl Huxley,2026-01-31,Have to create an account to use the app but I am unable to receive a code via text to do this,en,negative,0.7304,기타,2026-06-05 09:24:42.911098+00
52,google_play,KOKKOK Move,kokkok,LAO,1,Eksamai INTHAVONG,2025-12-30,ເຮ້ຍກ່ອນເກົ່າ,unknown,neutral,0.6738,기타,2026-06-05 09:24:42.911098+00
53,google_play,KOKKOK Move,kokkok,LAO,1,Henry Cordy,2025-12-29,Registration sms does not get through to my Thai phone number. I am able to get other sms but not from this app.,en,negative,0.7378,기타,2026-06-05 09:24:42.911098+00
54,google_play,KOKKOK Move,kokkok,LAO,1,Hugh O'Neill,2025-11-17,can't sign up without a Laos number. when I tried to jump this hurdle by using a login that has a Laos number I just get the error 'no internet' even though I have signal... don't bother as a foreigner,en,negative,0.8547,EV·충전,2026-06-05 09:24:42.911098+00
55,google_play,KOKKOK Move,kokkok,LAO,1,Bee XP,2025-11-02,ຄວາຍ ລົດມາຮັບກະຊ້າ ເຫັນເເກ່ເງິນ,unknown,neutral,0.4408,기타,2026-06-05 09:24:42.911098+00
56,google_play,KOKKOK Move,kokkok,LAO,2,Rath Phanna,2025-10-20,"qws6Hi, Teak and I will walk a litle bit, to the porich restaurantHi, Teak and I will walk a litle bit, to the porich restaurantBamboo Retreat Villa, Siem ReapBamboo Retreat V5illa, Siem Reap",en,neutral,0.5734,기타,2026-06-05 09:24:42.911098+00
57,google_play,KOKKOK Move,kokkok,LAO,1,Joepublic125,2025-10-17,I can't even get the sms code to sign up.,en,negative,0.8033,EV·충전,2026-06-05 09:24:42.911098+00
2504,google_play,Gojek,mobility_superapp,SEA,5,Pandu DS,2026-05-23,Best App 👍,de,positive,0.8659,기타,2026-06-05 09:24:42.911098+00
58,google_play,KOKKOK Move,kokkok,LAO,1,Michèl Baumann,2025-10-04,"only giving error currently, please check",en,negative,0.6488,앱오류,2026-06-05 09:24:42.911098+00
59,google_play,KOKKOK Move,kokkok,LAO,5,ivan jumawan,2025-08-12,nice apps,it,positive,0.6277,기타,2026-06-05 09:24:42.911098+00
60,google_play,KOKKOK Move,kokkok,LAO,5,Pramote Laolapha,2025-08-11,The fare is cheap,en,neutral,0.436,요금,2026-06-05 09:24:42.911098+00
61,google_play,KOKKOK Move,kokkok,LAO,1,f rod,2025-08-08,Their customer service is completely useless. They will ignore your calls and messages. Take your business to a different application,en,negative,0.9151,서비스,2026-06-05 09:24:42.911098+00
62,google_play,KOKKOK Move,kokkok,LAO,1,Thet Thwin,2025-07-24,app need fix prise until we pay more driver didnt accept,en,negative,0.6035,결제,2026-06-05 09:24:42.911098+00
63,google_play,KOKKOK Move,kokkok,LAO,5,แอ ไพวอน,2025-07-11,ດີມາກ,unknown,neutral,0.5148,기타,2026-06-05 09:24:42.911098+00
64,google_play,KOKKOK Move,kokkok,LAO,1,Jerry S,2025-05-30,out of the 2 years of having this app. Not once has their service answered my call or booking for service. you'll never get a vehicle to answer your service for a ride. would give this a negative -10 if I could.,en,negative,0.8529,EV·충전,2026-06-05 09:24:42.911098+00
65,google_play,KOKKOK Move,kokkok,LAO,1,William Yang,2025-04-11,24 viewers and no one to take the job,en,negative,0.7198,기타,2026-06-05 09:24:42.911098+00
66,google_play,KOKKOK Move,kokkok,LAO,2,imherpp,2025-02-28,Updated just to be like indrive? And that even harder to book a car loll,en,neutral,0.3865,EV·충전,2026-06-05 09:24:42.911098+00
67,google_play,KOKKOK Move,kokkok,LAO,5,Panthong Bounkar,2025-01-02,"ແອັບເຂົ້າໃຊ້ງ່າຍ.. ການບໍລິການທີ່ຫມັ້ນໃຈ, ວ່ອງໄວທັນໃຈ",unknown,positive,0.5933,기타,2026-06-05 09:24:42.911098+00
69,google_play,KOKKOK Move,kokkok,LAO,1,Lao Clean Beauty,2024-11-30,Never found a touktouk cia this app. Ended up using inDrive instead 100% of rhe time as kok kok cancels your tuktuk request and asks you to use their more expensive car services. Indrive faster to arrive and better prices,en,negative,0.5492,EV·충전,2026-06-05 09:24:42.911098+00
96,google_play,KOKKOK Move,kokkok,LAO,1,Pepe Puypuy,2026-05-31,เรียกรถไม่มีรถมาสักคัน,th,negative,0.4772,배차·대기,2026-06-05 09:24:42.911098+00
70,google_play,KOKKOK Move,kokkok,LAO,3,Nont,2024-11-10,ควรมีการใส่ข้อมูลผู้ใช้บริการ เพื่อความปลอดภัยของผู้ให้บริการ จากกรณีมีผู้ปุ้นทรัพย์สิน,th,neutral,0.6585,서비스,2026-06-05 09:24:42.911098+00
71,google_play,KOKKOK Move,kokkok,LAO,1,Steven Sernett,2024-10-29,"Unfortunately, I'm not getting the confirmation texts to sign up. Seems like it's not sending them at all. I tried with two numbers in two different countries... So I cannot use their service.",en,negative,0.8681,서비스,2026-06-05 09:24:42.911098+00
72,google_play,KOKKOK Move,kokkok,LAO,1,Eakachai Visawamitr,2024-10-27,Can not register by Thai mobile phone number. Your application don't send verification code to me at all. It's a useless application town.,en,negative,0.9201,기타,2026-06-05 09:24:42.911098+00
73,google_play,KOKKOK Move,kokkok,LAO,5,Kayoua,2024-08-20,Cheap and reliable,en,positive,0.673,기타,2026-06-05 09:24:42.911098+00
74,google_play,KOKKOK Move,kokkok,LAO,1,Star Star,2024-08-11,Not an single taxi or tuktuk is available once at all. Is this app even working ??,en,negative,0.7861,EV·충전,2026-06-05 09:24:42.911098+00
75,google_play,KOKKOK Move,kokkok,LAO,1,Aire,2024-08-01,"ເລື່ອງລາຄາຄືຈະຖືກກວ່າເຈົ້າອື່ນໆ ການໃຊ້ບໍລິການເເມ່ນເອີ້ນຍາກເເທ້ຍາກວ່າ, ພໍເອີ້ນຕິດ ຊໍ້າຖືກຍົກເລີກ :( ສຸດທ້າຍບໍ່ໄດ່ຂີ່ຊໍ້າ....",unknown,negative,0.6031,기타,2026-06-05 09:24:42.911098+00
3207,google_play,Gojek,mobility_superapp,SEA,2,ไฮแอท รีเจนซี่,2021-06-24,วค,th,neutral,0.5189,기타,2026-06-05 09:24:42.911098+00
3208,google_play,Gojek,mobility_superapp,SEA,2,Moto Lomoto,2021-06-24,ประกาสิ มีศรีจัดให้,th,neutral,0.4621,기타,2026-06-05 09:24:42.911098+00
3209,google_play,Gojek,mobility_superapp,SEA,5,สุวัฒน์ พิมพ์ชารี,2021-06-23,แอฟดีครับแอฟนี้ดีมาก,th,positive,0.8628,기타,2026-06-05 09:24:42.911098+00
3210,google_play,Gojek,mobility_superapp,SEA,5,bb Tech,2021-06-23,ปรับปรุงใหม่ ใช้เครดิตได้แล้ว เป็นอีกทางเลือกที่ดีกว่าเดิม,th,positive,0.7272,기타,2026-06-05 09:24:42.911098+00
3211,google_play,Gojek,mobility_superapp,SEA,1,Yamyim Yamyim,2021-06-23,ห่วยมาก โหลดอล้วเข้าไม่ได้ เสียเวลา อย่าไปโหลด,th,negative,0.9201,기타,2026-06-05 09:24:42.911098+00
3212,google_play,Gojek,mobility_superapp,SEA,5,somsaguang yenpaim,2021-06-23,ส่งเร็ว ทันใจ พนักงานส่งสุภาพ พอใจ,th,positive,0.5588,기타,2026-06-05 09:24:42.911098+00
3213,google_play,Gojek,mobility_superapp,SEA,5,คํานึง อิธิตา,2021-06-23,อยากรู้จักต้นไม้,th,neutral,0.4995,기타,2026-06-05 09:24:42.911098+00
3214,google_play,Gojek,mobility_superapp,SEA,5,dkmol sit,2021-06-23,ร้านเยอะ,th,neutral,0.4646,기타,2026-06-05 09:24:42.911098+00
3215,google_play,Gojek,mobility_superapp,SEA,5,พฤกษ์ โมบาย,2021-06-23,ดีเยี่ยม,th,neutral,0.3962,기타,2026-06-05 09:24:42.911098+00
167,google_play,KOKKOK Move,kokkok,LAO,5,Qull Weeti,2025-07-15,ใช้ดีแต่ราคาแพงบางที่,th,negative,0.5428,요금,2026-06-05 09:24:42.911098+00
169,google_play,KOKKOK Move,kokkok,LAO,1,Latdavone Thavongsy,2025-06-19,ກົດຢືນຢັນລົດບໍ່ໄດ້ຈັກເທື່ອ ຂຶ້ນມາຫຼາຍຄັນແຕ່ກົດຮັບບໍ່ໄດ້ຈັກຄັນ,unknown,negative,0.4763,기타,2026-06-05 09:24:42.911098+00
170,google_play,KOKKOK Move,kokkok,LAO,1,ເຂົ້າຈີ່ອ່ອນ svs,2025-06-17,ຊອກລົດຍາກເກີນຊ່ວງນິເຫັນອ່ານຢູ່9-10ຄັນລົດແຕ່ບໍ່ມີຄົນຂັບໃດຮັບງຶດ,unknown,neutral,0.4135,기타,2026-06-05 09:24:42.911098+00
265,google_play,KOKKOK Move,kokkok,LAO,1,{FAR LOVE}UwU{จอมขี้เกียจ},2024-04-12,ເອີ້ນລົດກະເອີ້ນຍ້າກໆຄືເອີຮູ້ຢູ່ດອກວ່າໄກແຕ່ໂທດເດິກູຢາກກັບບ້ານອິສັດ,unknown,negative,0.4099,기타,2026-06-05 09:24:42.911098+00
266,google_play,KOKKOK Move,kokkok,LAO,1,Nana GF,2024-04-11,เเย่มาก ลดไม่มีเลย,th,negative,0.9034,기타,2026-06-05 09:24:42.911098+00
267,google_play,KOKKOK Move,kokkok,LAO,1,Phone Tham,2024-04-10,ເຂດໄກ້ລະບໍ່ຢາກມາຮັບເພາະຄ່າບໍລິການຖືກ,unknown,negative,0.4878,기타,2026-06-05 09:24:42.911098+00
272,google_play,KOKKOK Move,kokkok,LAO,2,An Lpb,2024-03-25,ເອີ້ນລົດໂຄດຍາກ ເອີ້ນລົດຖ້າເປັນປີກວ່າຊິມາ,unknown,neutral,0.3963,기타,2026-06-05 09:24:42.911098+00
2517,google_play,Gojek,mobility_superapp,SEA,5,Sinta Maria,2026-05-22,Easy to use,en,positive,0.4768,기타,2026-06-05 09:24:42.911098+00
1521,google_play,Grab,mobility_superapp,SEA,5,อริสรา ล้านแสนเฮง,2026-05-16,ส่งเร็วกว่าที่คิดและแจ้งไว้ ดีค่ะ,th,positive,0.7477,기타,2026-06-05 09:24:42.911098+00
416,google_play,LOCA Taxi,kokkok,LAO,1,Cheryl Huxley,2026-01-31,"Not accurate when telling you how far away the different types of cars are. For example it will say 2 mins for a premium SUV but when you choose that option and put in your destination and the driver accepts, it always changes. Then the waiting time seems to go up while you're waiting.",en,negative,0.5534,배차·대기,2026-06-05 09:24:42.911098+00
2462,google_play,Gojek,mobility_superapp,SEA,2,dood 4y,2026-05-25,"why cant i use any payment method for my ride?? now im late to work, thanx a lot💢",en,negative,0.9163,결제,2026-06-05 09:24:42.911098+00
2464,google_play,Gojek,mobility_superapp,SEA,4,Mimin Ruk,2026-05-25,Lebih banyak memuaskannya.,id,neutral,0.4325,기타,2026-06-05 09:24:42.911098+00
2465,google_play,Gojek,mobility_superapp,SEA,2,D Darmawan,2026-05-25,lagi transit cuma mau cek saldo gopay di Singapur malah request driver 👎🏻👎🏼,id,negative,0.8485,결제,2026-06-05 09:24:42.911098+00
2466,google_play,Gojek,mobility_superapp,SEA,1,Agatha Rania Candra E,2026-05-25,"masih sama, sekarang lebih banyak driver yang tidak menjawab dan tidak di cancel dari mereka. sudah beberapa kali juga, jarak posisi driver ke tempat saya hanya 5 menit, lalu di chat posisi saya jauh dan minta cancel. mohon ditegaskan lagi untuk hal tersebut.",id,negative,0.8622,배차·대기,2026-06-05 09:24:42.911098+00
2467,google_play,Gojek,mobility_superapp,SEA,1,Januar MR,2026-05-25,mau ngisi nominal tips tapi angka 0 tidak bisa dipencet,id,negative,0.5314,기타,2026-06-05 09:24:42.911098+00
2468,google_play,Gojek,mobility_superapp,SEA,3,Muhamad Rizky Rivaldy,2026-05-25,saya jadi telat kerja.,id,negative,0.8731,기타,2026-06-05 09:24:42.911098+00
2469,google_play,Gojek,mobility_superapp,SEA,1,Aprian Bramanto,2026-05-25,"Bayar ongkos kirim lebih (express), makanan dijamin sampai tepat waktu. Buntut2nya tetep nyampe terlambat & Gojek cuma ngasih voucher yg tidak berguna sama sekali.. Seharusnya ngasih kompensasi uang kembali 10-20% dari total pembelanjaan",id,negative,0.7477,기타,2026-06-05 09:24:42.911098+00
2496,google_play,Gojek,mobility_superapp,SEA,1,Jeffri Ardian,2026-05-23,Susah dpt driver skrg. sekalinya dpt malah jauh bgt.,id,negative,0.8852,배차·대기,2026-06-05 09:24:42.911098+00
2558,google_play,Gojek,mobility_superapp,SEA,1,Florentia Luna,2026-05-19,ngotak lah masa 1 driver bisa 2 pesanan?? buat driver lain aja biar rata orderannya dan customer ga nunggu lamaaaa!!!,id,negative,0.6764,배차·대기,2026-06-05 09:24:42.911098+00
2470,google_play,Gojek,mobility_superapp,SEA,1,Dimas Daffa Irsyadi,2026-05-25,"​Sangat kecewa dengan performa layanan akhir-akhir ini. Saya punya dua keluhan utama yang sangat merugikan waktu pelanggan. Pertama, saya pernah memesan driver dan terpaksa harus menunggu 1 jam lebih tanpa kepastian yang jelas. Kedua, di kasus lain, saya sering mendapat driver yang sengaja mengambil orderan, tetapi titik GPS-nya sama sekali tidak bergerak (sepertinya sengaja diam agar penumpang yang membatalkan pesanan). Tolong pihak Go-Jek lebih tegas menindak driver-driver bermasalah seperti",id,negative,0.9049,배차·대기,2026-06-05 09:24:42.911098+00
2471,google_play,Gojek,mobility_superapp,SEA,1,Jes,2026-05-25,"Udh dari lama pake gojek, dari nyaman bgt, ampe skrng pesen gofood sering susah dpt driver dan gabisa di proses cancel, udh nunggu sejam, trus reorder nunggu lagi sejam lg, total 2 jam, hubungin cs ""need help"" cuman chat sama bot yang gabisa lakuin apa apa, cs hrsnya bisa konfirmasi ke resto kek, trus konfirmasi lagi ke cust, jadi ada solusi, masa saya hrs nunggu 2 jam beginian, udh ngantuk, laper, kondisi gajelas.",id,negative,0.8225,배차·대기,2026-06-05 09:24:42.911098+00
418,google_play,LOCA Taxi,kokkok,LAO,1,Moz,2026-01-20,"buggy, slow, worst ui and ux app, also its very expensive!!!! cant wait to uninstall this trash app after i left laos!!!",en,negative,0.949,앱오류,2026-06-05 09:24:42.911098+00
4,google_play,KOKKOK Move,kokkok,LAO,4,ທ. ບີທໍ່ ກາປໍ,2025-08-29,ກ່ອນອື່ນໝົດກໍຂໍຂອບໃຈ ທາງ kokkok move ທີ່ໄດ້ໃຫ້ບໍລິການຮັບ_ສົ່ງຄົນແຖມລາຄາຍັງຖືກ. ແລ້ວຕໍໄປນີ້ຂ້າພະເຈົ້າຂໍສະແດງຄວາມຄິດເຫັນໃຫ້ມຸມມອງຂອງຂ້ອຍເອງວ່າ: ບ່ອນເລືອກລົດບໍ່ມີເລືອກວ່າລູກຄ້າຊິຕ້ອງການໄປຈັກຄົນ ໃຫ້ແອັບສາມາດຫາ driver ທີ່ຂັບລົດທີ່ຕົງກັບຈຳນວນຄົນຈື່ງບໍສັບສົນໃຫ້ກັບລູກຄ້າຄົນທີ່ຫາກໍໃຊ້ແອັບໃໝ່ໆ ແລະ ຊ່ອງປ້ອນຈຳນວນເງິນບໍຊັດເຈນຄືເວີຊັນກ່ອນວ່າລູກຄ້າຈະໄປ້ເທົ່ານີ້ກິໂລແມັດ ຖືກເງິນເທົ່ານີ້ ແລ້ວເອີ້ນລົດໄດ້ເລີຍ ແຕ່ຕອນນີ້ແມ່ນມີພຽງແຕ່ຂື້ນວ່າຈຳນວນເງິນຂັ້ນຕໍ່າແມ່ນເທົ່ານີ້ແລ້ວໃຫ້ສູກຄ້າປ້ອນເອງ ສາມາດເພີ່ມລາຄາໄດ້ ຂໍຂອບໃຈ,unknown,neutral,0.4023,배차·대기,2026-06-05 09:24:42.911098+00
5,google_play,KOKKOK Move,kokkok,LAO,1,Sonelam MSOB,2025-07-18,ເອີ້ນລົດຍາກບໍ່ມີການພັດທະນາໃຊ້ໂຕອື່ນດີກ່ອນ,unknown,neutral,0.4362,기타,2026-06-05 09:24:42.911098+00
6,google_play,KOKKOK Move,kokkok,LAO,5,Xay Xay,2025-06-04,ດີຫລາຍ,unknown,neutral,0.3942,기타,2026-06-05 09:24:42.911098+00
7,google_play,KOKKOK Move,kokkok,LAO,1,Singnakhone Phameang,2025-06-02,ອັບເດດມາຫຼາຍເອົາແທ້ເອົາວ່າ ສຸດທ້າຍກາເອີ້ນລົດຍາກຄືເກົ່າບໍ່ມີຍັງປ່ຽນແປງ ເບິ່ງຈັງໃດກາຮູ້ນ່ະວ່າຄົນຂັບລົດຮັບແຕ່ລູກຄ້າທີ່ໄປໄກຫຼາຍກວ່າລູກຄ້າທີ່ຈະໄປບ່ອນໃກ້ໆ ຍອມໃຈແຮງກັບຄ້າຍນິ,unknown,negative,0.3906,기타,2026-06-05 09:24:42.911098+00
8,google_play,KOKKOK Move,kokkok,LAO,1,Sinakone Phavised,2025-05-23,ມາຊ້າແຮງ ຕັ້ງແອັບບໍ່ໄດ້,unknown,negative,0.7455,기타,2026-06-05 09:24:42.911098+00
9,google_play,KOKKOK Move,kokkok,LAO,5,ຄວາມຄິດຂອງຂ້ອຍ ຂ້ອຍຄິດເອງ,2025-04-30,good,so,positive,0.4315,기타,2026-06-05 09:24:42.911098+00
10,google_play,KOKKOK Move,kokkok,LAO,1,Aod SDP,2025-04-15,ຕັ້ງແອບຍາກໂພດ,unknown,neutral,0.6894,기타,2026-06-05 09:24:42.911098+00
11,google_play,KOKKOK Move,kokkok,LAO,3,Jack Kpl,2024-12-30,ແອບສົ່ງລະຫັດໃຫ້ຊ້າໂພນສຳຫລັບຜູ້ສ້າງບັນຊີໃໜ່ນະ,unknown,neutral,0.4146,기타,2026-06-05 09:24:42.911098+00
12,google_play,KOKKOK Move,kokkok,LAO,5,Vaiml Ppoikjb,2024-09-23,ດີຫຼາຍ,unknown,neutral,0.3802,기타,2026-06-05 09:24:42.911098+00
13,google_play,KOKKOK Move,kokkok,LAO,4,Papao BETP,2024-06-02,ຊອກສະຖານທີ່ຍາກ,unknown,neutral,0.546,기타,2026-06-05 09:24:42.911098+00
14,google_play,KOKKOK Move,kokkok,LAO,5,NingNing 7896,2024-05-30,ດີ,unknown,neutral,0.3474,기타,2026-06-05 09:24:42.911098+00
15,google_play,KOKKOK Move,kokkok,LAO,1,Thep TSV channel,2024-04-10,ເອີ້ນລົດບໍ່ເຄີຍໄດ້ຈັກເທື່ອ.,unknown,negative,0.4665,기타,2026-06-05 09:24:42.911098+00
16,google_play,KOKKOK Move,kokkok,LAO,1,Our services Hk,2024-04-10,"ການບໍລິການຊ້າເກີນໄປ,ຄວນປັບ",unknown,negative,0.7648,기타,2026-06-05 09:24:42.911098+00
17,google_play,KOKKOK Move,kokkok,LAO,5,Dao Seng,2024-04-07,Good,so,positive,0.4904,기타,2026-06-05 09:24:42.911098+00
18,google_play,KOKKOK Move,kokkok,LAO,1,Viengeun,2024-03-04,ເອີ້ນເປັນຊົ່ວໂມງກາບໍ່ໄດ້,unknown,negative,0.47,기타,2026-06-05 09:24:42.911098+00
19,google_play,KOKKOK Move,kokkok,LAO,1,Singnakhone,2024-02-28,ເອີ້ນລົດຍາກໂພ້ດ ໂດຍສະເພາະ16:00ໂມງຫາ19:30ໂມງນິ ຖ້າບັກດົນໆກວ່າຊິໄດ້ລົດບາງຄັ້ງເອີ້ນລົດເປັນຊົ່ວໂມງກາຍັງບໍ່ມີໃຜຕອບຮັບ ຢາກໃຫ້ແກ້ໄຂບັນຫານີ້ແຮງຫຼາຍ ເພາະມັນເສຍເວລາໃນການຖ້າລົດເປັນຊົ່ວໂມງດົນໂພ້ດ.,unknown,neutral,0.3905,기타,2026-06-05 09:24:42.911098+00
20,google_play,KOKKOK Move,kokkok,LAO,4,# I SART pJT (Souvanny khayoungluang),2024-02-23,ຢາກຮູ້ວ່າຊ່ວງນີ້ເອີ້ນລົດຍາກແທ້ ເອີ້ນຫລາຍຄັ້ງຢູ່ແຕ່ບໍ່ມີລົດ ສຳລັບລາຄາຖືວ່າດີກວ່າເອີ້ນລົດແອັບອື່ນ,unknown,neutral,0.3935,기타,2026-06-05 09:24:42.911098+00
21,google_play,KOKKOK Move,kokkok,LAO,1,Simoon,2024-02-04,ທຽວ,unknown,neutral,0.3711,기타,2026-06-05 09:24:42.911098+00
22,google_play,KOKKOK Move,kokkok,LAO,1,Houmphan 1953,2024-01-18,ຊົມເຊີຍ,unknown,neutral,0.4719,기타,2026-06-05 09:24:42.911098+00
23,google_play,KOKKOK Move,kokkok,LAO,1,De Jing,2024-01-12,ເຂດທາດຫຼວງແລະເຂດປະຕູໄຊນິ ເອີ້ນລົດຍາກເປັນພິເສດເດີ້ ໂດຍສະເພາະເຂດທາດຫຼວງນິເອີ້ນລົດເປັນຊົ່ວໂມງກວ່າຊິມາ ສ່ວນເຂດປະຕູໄຊກາບອກຈຸດຄົນຢູ່ຜິດອີກ ຢາກຈະໃຫ້ປັບປຸງເລື່ອງເອີ້ນລົດເປັນພິເສດນິ ເອີ້ນເທື່ອໃດ ລະພັດວ່າເປັນຊົ່ວໂມງກວ່າຈະໄດ້ລົດ.,unknown,negative,0.3799,기타,2026-06-05 09:24:42.911098+00
24,google_play,KOKKOK Move,kokkok,LAO,5,Tanoy seekhamtai,2024-01-04,ສະດວກປອດໄພ,unknown,neutral,0.4873,기타,2026-06-05 09:24:42.911098+00
25,google_play,KOKKOK Move,kokkok,LAO,5,ບອຍ ທໍາມະວົງສໍ,2024-01-04,👍👍ດີ,unknown,positive,0.6189,기타,2026-06-05 09:24:42.911098+00
26,google_play,KOKKOK Move,kokkok,LAO,5,Buaphoy Chittranond,2023-12-18,Very good service,en,positive,0.794,서비스,2026-06-05 09:24:42.911098+00
419,google_play,LOCA Taxi,kokkok,LAO,2,Xavier Francuski,2026-01-04,"Well, it works well but the fees are horrendous. Transaction fees are high even for tiny transactions, and then what's hidden from the user is the conversion fee, which is at least double that - in a 1.3 mil kip transaction ($60), i ended up paying $2 more for the transaction fee and $4 more for the conversion fee! Absolute robbery",en,negative,0.8818,EV·충전,2026-06-05 09:24:42.911098+00
2538,google_play,Gojek,mobility_superapp,SEA,5,Fathurozi Sambul,2026-05-21,kenapa skeg jadi lemot ya??....,id,negative,0.8273,기타,2026-06-05 09:24:42.911098+00
2546,google_play,Gojek,mobility_superapp,SEA,1,Sandy Adriansyah,2026-05-20,"bikin game kok disetting biar ga bisa menang , bukan ngandelik skill ini mah ngandelin hoki hokian aja admin nya , apa bedanya sama slot bikin orang buang buang waktu",id,negative,0.6689,기타,2026-06-05 09:24:42.911098+00
2547,google_play,Gojek,mobility_superapp,SEA,1,Shanthi Samyiah,2026-05-20,Useless app so far. The driver always goes to the wrong destination bcos of your GPS. Everything i choose Gojek it delays my time. The driver cannot pick me or accept my booking after he come to the correct destination. He claims system doesn't allow. In the end I need to make cash payment. It is not once or twice many times.,en,negative,0.8944,EV·충전,2026-06-05 09:24:42.911098+00
1599,google_play,Grab,mobility_superapp,SEA,1,อิทธิกร จันทรักษ์,2026-05-08,แชทกับ บอท AI ที่คุยอะไรไมรู้เรื่อง โทรหา Call center ก็ไม่มีคนรับ,th,neutral,0.5254,기타,2026-06-05 09:24:42.911098+00
1600,google_play,Grab,mobility_superapp,SEA,2,พัตเตอร์ คร๊าบ,2026-05-08,ราคาถูกดี แต่ชำระเงินผ่านธนาคารเลยโดยไม่ต้องจ่ายกับคนขับจะดีมากจะได้รวดเร็วกว่า,th,positive,0.4696,결제,2026-06-05 09:24:42.911098+00
1601,google_play,Grab,mobility_superapp,SEA,1,Natthaphong Jaithammane,2026-05-08,โคตรแย่ ให้รอตั้งนานหลายนาทีแล้วก็กดยกเลิกโดยไม่มีอะไรชดใช้เลย คนเขารอเสียการเสียงานในการรอ เป็นการบริการให้ฮวยแตกที่สุด,th,negative,0.925,서비스,2026-06-05 09:24:42.911098+00
1602,google_play,Grab,mobility_superapp,SEA,1,Nutchanun Sansiriphan,2026-05-08,อยากสอบถามหรือสัมภาษณ์ หรืออาจจะเรียกว่าสงสัย ดาวเดียวก่อนนะ อิอิ,th,neutral,0.7275,기타,2026-06-05 09:24:42.911098+00
1603,google_play,Grab,mobility_superapp,SEA,5,ศิริพร สุทธิไชยา,2026-05-08,ดีมากกๆๆๆๆ,th,positive,0.8914,기타,2026-06-05 09:24:42.911098+00
1604,google_play,Grab,mobility_superapp,SEA,5,nana,2026-05-08,บริการดี จัดส่งรวดเร็ว,th,positive,0.6065,서비스,2026-06-05 09:24:42.911098+00
1605,google_play,Grab,mobility_superapp,SEA,5,Naytrue ไกรยะราช,2026-05-08,บริการดีเยี่ยม,th,positive,0.5196,서비스,2026-06-05 09:24:42.911098+00
1606,google_play,Grab,mobility_superapp,SEA,5,Verayut B,2026-05-08,ดีงามมากๆ ค่ะ,th,positive,0.9038,기타,2026-06-05 09:24:42.911098+00
1607,google_play,Grab,mobility_superapp,SEA,5,หมู หลายแดด,2026-05-08,สะดวกสบาย​มากขึ้น​,th,neutral,0.496,기타,2026-06-05 09:24:42.911098+00
1608,google_play,Grab,mobility_superapp,SEA,1,ben B,2026-05-08,ค้างบ่อย,th,negative,0.7337,기타,2026-06-05 09:24:42.911098+00
504,google_play,LOCA Taxi,kokkok,LAO,2,Z,2024-06-18,Unreliable. Location of driver is usually not correct and sometimes disappears. Needs to be fixed,en,negative,0.946,배차·대기,2026-06-05 09:24:42.911098+00
1522,google_play,Grab,mobility_superapp,SEA,5,wachira wattanasak,2026-05-16,ใช้บริการอีกแน่นอน,th,neutral,0.5085,서비스,2026-06-05 09:24:42.911098+00
27,google_play,KOKKOK Move,kokkok,LAO,1,sounan luanglard,2023-12-06,ເອີ້ນລົດບັກຍາກໆ ເຂດທາດຫຼວງຍັງບໍ່ມີລົດມາຮັບ ເສຍເວລາເອີ້ນບັກດົນໆ ບາດຂີ່ລົດໄປເອງລະເຫັນໄປຈອດຈຸ້ມກັນສີ່ຫ້າຄັນຢູ່ຕາມຫົນທາງ ບໍລິການແຕ່ບ່ອນດຽວບໍ່ຈັກ ບໍ່ສົມເປັນລົດຮັບສົ່ງເລີຍ ຄວນກະຈາຍຈຸດຮັບໃຊ້ບໍລິການຕື່ມ ບໍ່ຊັ້ນກະຢຸບແອັບ,unknown,negative,0.4259,기타,2026-06-05 09:24:42.911098+00
28,google_play,KOKKOK Move,kokkok,LAO,1,N Nang,2023-12-03,ບໍ່ດີ,unknown,neutral,0.3805,기타,2026-06-05 09:24:42.911098+00
29,google_play,KOKKOK Move,kokkok,LAO,5,Samsunglao Lth,2023-12-02,ໃຊ້ດີລາຄາຖືກ,unknown,positive,0.5265,기타,2026-06-05 09:24:42.911098+00
40,google_play,KOKKOK Move,kokkok,LAO,5,Inpaeng Thonthalath,2023-11-15,ດີຫຄາຍ,unknown,neutral,0.4117,기타,2026-06-05 09:24:42.911098+00
41,google_play,KOKKOK Move,kokkok,LAO,5,Nathida inthisa,2023-11-11,🥰​,unknown,positive,0.5691,기타,2026-06-05 09:24:42.911098+00
112,google_play,KOKKOK Move,kokkok,LAO,2,Paphatsone Taughty,2026-04-16,ບໍ່ໄດ້ເລື່ອງເລີຍເດີ້ເອີ້ນໄປກາບໍ່ມີໃຜຮັບທັ້ງໆທີ່ຢູ່ໃກ້ກັນແທ້ບໍ່ຮັບ,unknown,negative,0.4567,기타,2026-06-05 09:24:42.911098+00
114,google_play,KOKKOK Move,kokkok,LAO,4,Chindamone Phouvong,2026-04-16,ສະດວກສະບາຍ👍,unknown,positive,0.6922,기타,2026-06-05 09:24:42.911098+00
115,google_play,KOKKOK Move,kokkok,LAO,1,miss dar,2026-04-15,ເອີ້ນບໍ່ໄດ້ ຖ້າເອີ້ນໄດ້ລະຈະມາໃຫ້ດາວເພີ່ມ ກົດຍົກເລີກຕະຫລອດ,unknown,neutral,0.4182,기타,2026-06-05 09:24:42.911098+00
116,google_play,KOKKOK Move,kokkok,LAO,5,สมชาย นามนาลี,2026-04-15,ทำงาน,th,neutral,0.5087,기타,2026-06-05 09:24:42.911098+00
117,google_play,KOKKOK Move,kokkok,LAO,1,Laddavanh Kosy,2026-04-15,ຕັ້ງແຕ່ໂຫລດມາໃຊ້ກົດບໍ່ເຄີຍໄດ້ເລີຍ ໂດຍສະເພາະງານເທດສະການ ເຮົາກາເຫັນຢູ່ວ່າລົດມັນຈຸ້ມກັນຢູ່ບ່ອນໃກ້ໆເຮົາ ແຕ່ເຂົາເຈົ້າບໍ່ກົດຮັບລູກຄ້າ ຄືເຂົາເຈົ້າເລືອກລູກຄ້າຫວາ ຫລື ແນວໃດ,unknown,neutral,0.4012,기타,2026-06-05 09:24:42.911098+00
118,google_play,KOKKOK Move,kokkok,LAO,2,Nueng Xi,2026-04-11,ບໍ່ໄດ້ເລີຍ ລາຄາແຮງຈາກແອັບ ລົດທີ່ມາຖ້າໂຄດແຮງ ໃນແອັບ36-37ແຕ່ພໍໄປຖາມລົດທີ່ວ່າງລະ70-80 ຄົນບໍ່ຄ່ອຍຮັບອີກທັ້ງໆທີ່ຢູ່ໃກ້ໆກັນ,unknown,neutral,0.3999,기타,2026-06-05 09:24:42.911098+00
119,google_play,KOKKOK Move,kokkok,LAO,1,phakai zanel,2026-04-11,ລົດມີຫລາຍຄັນແຕ່ເອິ້ນໂຄດຍາກໂຄດຍິ່ງໂຄດງົງຂັບລົດແຕ່ບໍ່ຮັບລູກຄ້າເວລາເອິ້ນບໍ່ຮັບແລ້ວມຶງຊິຂັບເພື່ອ?,unknown,negative,0.3885,기타,2026-06-05 09:24:42.911098+00
120,google_play,KOKKOK Move,kokkok,LAO,1,Phoum United,2026-04-11,รับช้า,th,neutral,0.4373,기타,2026-06-05 09:24:42.911098+00
121,google_play,KOKKOK Move,kokkok,LAO,3,Id Happy,2026-04-10,สะดวกสบายมาก😘💖,th,positive,0.8622,기타,2026-06-05 09:24:42.911098+00
122,google_play,KOKKOK Move,kokkok,LAO,1,Khamsamai Khamkeo,2026-04-09,ແອັບມີປັນຫາ ເນັດຂ້ອຍເຕັມຂີດ ຫຼິ້ນແອັບອື່ນໄດ້ປົກກະຕິແຕ່ມັນຂຶ້ນວ່າມີປັນຫາການເຊື່ອມຕໍ່,unknown,neutral,0.4227,기타,2026-06-05 09:24:42.911098+00
123,google_play,KOKKOK Move,kokkok,LAO,5,Kornpon Chanjirapat,2026-04-05,สะดวก ดี คุ้มราคา,th,positive,0.7271,요금,2026-06-05 09:24:42.911098+00
124,google_play,KOKKOK Move,kokkok,LAO,5,Sao Dee,2026-03-22,ມັກ,unknown,neutral,0.3928,기타,2026-06-05 09:24:42.911098+00
125,google_play,KOKKOK Move,kokkok,LAO,1,จระเข้ฟาดหาง,2026-03-13,แย่มากๆ มีเน็ตเต็มสปีด ใช้ app ทุกอย่างได้ปกติ แต่แอปkokkok move ทำไมแจ้งไม่มีเน็ตไม่มีสัญญาณ กดไม่ได้ ห่วยแตก.. ทุกคนอย่าใช้เลย เปลืองเน็ต,th,negative,0.9304,기타,2026-06-05 09:24:42.911098+00
584,google_play,LOCA Taxi,kokkok,LAO,4,Vientiane Forex,2022-08-28,ລາຄາຄຸ້ມ ແລະ ການບໍລິການດີ,unknown,positive,0.437,기타,2026-06-05 09:24:42.911098+00
1861,google_play,Grab,mobility_superapp,SEA,5,Bass Bear,2026-06-03,I didn't get my voucher free ride,nl,negative,0.8133,기타,2026-06-05 09:24:42.911098+00
2526,google_play,Gojek,mobility_superapp,SEA,2,Mira Amir,2026-05-22,Makin gk user friendly. Sering banget dikasih kendaraan yg posisinya jauh dan harus lama nunggunya. Gk efisien banget sih sistem aplikasinya!,id,negative,0.9147,기타,2026-06-05 09:24:42.911098+00
2527,google_play,Gojek,mobility_superapp,SEA,1,Blue,2026-05-22,"driver cs gak sopan semua, harga j mahal, nyaman customer gak dipeduliin, kalau gak ada customer km pikir gak gulung tikar? malah customer dipersulit. driver gomart, gocar, gofood, semua seenaknya aja batalin order berkali2, bahkan stlh chatting, tp gak bsa dilaporin. dipersulit. samentara customer dipaksa hrs berulg2 order. lag22. bermasalah tros. mau dilapor pun ngelag. capek. udh byr kok malah nambah2 kesel kerjaan dan pikiran ya. blm lg chat di hilangin seenaknya. app laknat cs kok ai",id,negative,0.9076,배차·대기,2026-06-05 09:24:42.911098+00
2556,google_play,Gojek,mobility_superapp,SEA,5,athaya raffa,2026-05-20,bagus pelayanannya,id,positive,0.6615,기타,2026-06-05 09:24:42.911098+00
2557,google_play,Gojek,mobility_superapp,SEA,5,Aswar Anas,2026-05-20,Recomended👍,pt,positive,0.7186,기타,2026-06-05 09:24:42.911098+00
2528,google_play,Gojek,mobility_superapp,SEA,1,Olivia N. L.,2026-05-21,"Akses saya ke Gojek hilang padahal masih ada saldo sekitar Rp2,950,000 tetapi proses dipersulit, apa harus ikhlas? Sudah dua hari lapor tetapi tidak diberi akses padahal email, KTP, nomor telepon, pin, dan wajah saya akurat. Benar-benar trauma, saya enggak mau menggunakan lagi.",id,negative,0.9133,기타,2026-06-05 09:24:42.911098+00
2529,google_play,Gojek,mobility_superapp,SEA,5,Deny Faisal,2026-05-21,mantaabbbb,so,positive,0.3789,기타,2026-06-05 09:24:42.911098+00
2530,google_play,Gojek,mobility_superapp,SEA,1,Wima Frontline,2026-05-21,"SAYA TIDAK PERNAH TERLAMBAT MEMBAYAR DI APLIKASI GO PINJAM , TAPI TIDAK PERNAH DI ACC!! PARAH !! BINTANG 1 LAYAK",en,negative,0.7844,기타,2026-06-05 09:24:42.911098+00
2550,google_play,Gojek,mobility_superapp,SEA,1,Julius Jufrie,2026-05-20,ga spt dulu,ro,negative,0.7089,기타,2026-06-05 09:24:42.911098+00
2531,google_play,Gojek,mobility_superapp,SEA,3,Izzah Asy Syahidah,2026-05-21,b aja,et,negative,0.4464,기타,2026-06-05 09:24:42.911098+00
76,google_play,KOKKOK Move,kokkok,LAO,5,Chansadeth Soumphonphakdy,2024-07-18,good service n reasonable price,en,positive,0.5659,요금,2026-06-05 09:24:42.911098+00
77,google_play,KOKKOK Move,kokkok,LAO,1,Van Visa,2024-07-16,ສ້າງມາຫາສະແຕກອີ່ຫຍັງ ໂຄດຕິດຕັ້ງຍາກ ຢາກຂີ່ກະເຂົ້າໄປຕິດຕັ້ງບໍ່ໄດ້ ໃສ່ແຕ່ເບີໂທ ໃຫ້ຄົນໂທໄປຈອງລະແລ້ວ ບໍ່ຈໍາເປັນຕ້ອງຕິດຕັ້ງສະຖານທີ່ເຮືອນ. ເຮັດປານກັບວ່າຊິຂຶ້ນໄປດວງຈັນ ໂຄດຍາກ ບໍ່ຂີ່ຫົວມັນດອກ. ຊົງຊິຈະເລີນໄວນໍເຮັດຍາກແບບນີ້. ຕ້ອງແມ່ນຈົບປະລິນຍາໂທປະລິນຍາເອກພຸ້ນຕິຈຶ່ງສາມາດຂີ່ ຍ້ອນແອັບເຮັດໂຄດຍາກ.,unknown,negative,0.387,기타,2026-06-05 09:24:42.911098+00
78,google_play,KOKKOK Move,kokkok,LAO,1,Souliyadath Khenkitisack,2024-04-11,(ຂໍອະໄພຖ້າຄຳເວົ້າບໍ່ສຸພາບ)ໂຄດຂອງໂຄດຂອງໂຄດບໍ່ດີບໍ່ໄດ້ຫຍັງເລີຍຈ້າງເປັນ20ຮອບກະບໍ່ມີລົດຄັນໃດຮັບຈັກໜ່ອຍຈົນງົງວ່າກະສິເປັນແອັບຈ້າງລົດຢູ່ຫວາໃຫ້ຖ້າເກືອບ20-30ນາທີຈ້າງເກືອບ20ຮອບຍັງບໍ່ມີຄັນໃດຮັບເລີຍຄັນຍັງເຮັດແບບນີ້ຢູ່ຄົນໃຊ້ແອັບໜ່ອຍລົງກະບໍ່ເປັນຫຍັງບໍ່ຮູ້ຄົນອື່ນເປັນບໍ່ແຕ່ຄັນເປັນແບບນີ້ກະເຈັບຫົວນຳເລີຍ,unknown,neutral,0.4423,기타,2026-06-05 09:24:42.911098+00
79,google_play,KOKKOK Move,kokkok,LAO,1,Noumnim THONGSAVATH,2024-04-07,ເອີ້ນລົດຍາກ,unknown,neutral,0.4666,기타,2026-06-05 09:24:42.911098+00
80,google_play,KOKKOK Move,kokkok,LAO,4,Kh. Kanyavong,2024-03-17,ใบ7ยวใบ9บช9​9้ค9ฃ0 ยซี วย0.ย​วาจา.งวงช้าง.,th,neutral,0.5107,기타,2026-06-05 09:24:42.911098+00
81,google_play,KOKKOK Move,kokkok,LAO,1,Jin Kim,2024-03-10,"Sorry, driver is not available for this route",en,negative,0.6367,배차·대기,2026-06-05 09:24:42.911098+00
82,google_play,KOKKOK Move,kokkok,LAO,1,Tip HTip,2024-03-04,ແພງຂຶ້ນຫຼາຍແທ້,unknown,negative,0.583,기타,2026-06-05 09:24:42.911098+00
83,google_play,KOKKOK Move,kokkok,LAO,1,INFLUENTIAL TRAVELLER OF THE WORLD,2024-02-19,"service about Tuktuk is very bad, you can wait up to 40 minutes to get somebody answering your request, 1999 rings and no one answers, drivers do as they please picking up friends and people in the street which makes all awful, no one in admin speaks English they use Google translate which makes impossible to understand anything",en,negative,0.939,배차·대기,2026-06-05 09:24:42.911098+00
84,google_play,KOKKOK Move,kokkok,LAO,1,Riikan Lee,2024-02-08,"Hi, I can't register kokkok move with my only Thai phone number, it just never send me any verification SMS... dunno How and Why???... Is it any bugs? Or I could only use kokkok move with local Laos phone number??? BR, Riikan",en,negative,0.8244,EV·충전,2026-06-05 09:24:42.911098+00
85,google_play,KOKKOK Move,kokkok,LAO,5,md saddam,2024-02-03,ຂ້ອຍ​ແມ່ນ,unknown,neutral,0.4366,기타,2026-06-05 09:24:42.911098+00
86,google_play,KOKKOK Move,kokkok,LAO,1,Lamphone CHANTHALANGSY,2024-01-13,ເອີ້ນລົດຍາກໂພດ ກວ່າຊິໄດ້ລົດມາຮັບກົດເປັນ 20 ເທື່ອ ທັງໆທີ່ເຫັນລົດແລ່ນກາຍໄປກາຍມາຢູ່ ແຕ່ບໍ່ມີຄົນກົດຮັບ,unknown,negative,0.3964,기타,2026-06-05 09:24:42.911098+00
87,google_play,KOKKOK Move,kokkok,LAO,1,Dexter Ighot,2023-12-21,Takes time to make a booking. I was waiting for almost an hour but no one accepts my booking.,en,negative,0.7748,배차·대기,2026-06-05 09:24:42.911098+00
88,google_play,KOKKOK Move,kokkok,LAO,1,andrew fforde,2023-12-08,Internet site too small writing and not attractive to tourists,en,negative,0.9402,기타,2026-06-05 09:24:42.911098+00
89,google_play,KOKKOK Move,kokkok,LAO,1,Chanhseng Khamphomma,2023-12-01,ກົດບໍ່ເຄີຍໄດ້ເລີຍ,unknown,negative,0.5419,기타,2026-06-05 09:24:42.911098+00
90,google_play,KOKKOK Move,kokkok,LAO,5,timone xaysouvanh,2023-11-16,ໃຊ້ງ່າຍ ສະດວກ ສະບາຍ,unknown,neutral,0.5224,기타,2026-06-05 09:24:42.911098+00
91,google_play,KOKKOK Move,kokkok,LAO,5,Thipphavanh DUANGPHACHANH,2023-11-16,Good app,en,positive,0.7186,기타,2026-06-05 09:24:42.911098+00
92,google_play,KOKKOK Move,kokkok,LAO,5,xay ntbs,2023-11-15,ເປັນແອັບໜື່ງທີ່ຊ່ວຍອຳນວຍຄວາມສະດວກໃນການເອີ້ນລົດໄປຮັບ-ສົ່ງໄດ້ທຸກທີ່ທຸກເວລາ,unknown,neutral,0.4169,기타,2026-06-05 09:24:42.911098+00
93,google_play,KOKKOK Move,kokkok,LAO,5,nisan olavanh,2023-11-15,ບໍລິການດີ ວ່ອງໄວທັນໃຈ,unknown,positive,0.6276,기타,2026-06-05 09:24:42.911098+00
94,google_play,KOKKOK Move,kokkok,LAO,4,SonePadith's Khai,2023-10-30,"ເຖິງ: ຜູ້ພັດທະນາ ແລະ ເຈົ້າຂອງແອັບ Kokkok Move. ແຜນທີ່ໃນແອັບໃຊ້ຢາກໜ້ອຍໜື່ງ ໃນເລື່ອງການຄົ້ນຫາສະຖານທີແບບປ້ອນຄຳສັ່ງ, ຢາກໃຫ້ແອັບສາມາດແຊ໌ location ໃຫ້ກັນຈາກ Google map ຫຼື Map ຜ່ານແອັບ Chat ຕ່າງໆ ແລ້ວເປີດຜ່ານແອັບ Kokkok Move ເພື່ອຕັ້ງເປັນປາຍທາງທີ່ເຮົາຈະໄປໄດ້ເລີຍ ຂໍຂອບໃຈ.",unknown,neutral,0.4228,기타,2026-06-05 09:24:42.911098+00
95,google_play,KOKKOK Move,kokkok,LAO,3,pasansack vilivong,2023-03-23,ສົ່ງໄວ ແຕ່ຄ່າຂົນສົ່ງແພງຫລາຍ ໂພນທັນ-ໜອງທາ ເຄື່ຶອງ1ກິໂລ 68.000ກີບ,unknown,neutral,0.533,기타,2026-06-05 09:24:42.911098+00
97,google_play,KOKKOK Move,kokkok,LAO,1,Vanhsone Mobile,2026-05-31,ເອີ້ນຍາກສຸດໆ ຊິມີເຮັດຫຍັງຖ້າເອີ້ນແລ້ວບໍ່ຮັບ ຖ້າແມ່ນທາງໃກ້ແມ່ນບໍ່ຮັບແທ້ໆ ຈັກຊິມີໄວ້ສະແຕກຫຍັງ,unknown,negative,0.5138,기타,2026-06-05 09:24:42.911098+00
585,google_play,LOCA Taxi,kokkok,LAO,5,Dov Rainis,2022-08-15,Super value always works🙏🙏,af,positive,0.8325,기타,2026-06-05 09:24:42.911098+00
1862,google_play,Grab,mobility_superapp,SEA,1,Mark Joseph Serrano,2026-06-03,over price delivery fee,da,negative,0.4956,요금,2026-06-05 09:24:42.911098+00
2569,google_play,Gojek,mobility_superapp,SEA,5,Udiz Smart,2026-05-19,Really help us,en,negative,0.4939,기타,2026-06-05 09:24:42.911098+00
1863,google_play,Grab,mobility_superapp,SEA,2,Sue,2026-06-03,I reported to Grab a restaurant misleading customers by displaying a full-size pizza photo but delivering only 2 slices. Grab has allowed the restaurant to continue using the full-size pizza photo despite it being misleading.,en,negative,0.8975,기타,2026-06-05 09:24:42.911098+00
98,google_play,KOKKOK Move,kokkok,LAO,1,ณัฐวุฒิ เสนาทอง,2026-05-28,เอาระบบเพิ่มเงินออกเพื่อ ไม่มีใครกดรับงานเลย,th,negative,0.4472,결제,2026-06-05 09:24:42.911098+00
99,google_play,KOKKOK Move,kokkok,LAO,2,Peto Aounmano,2026-05-25,ເຂົ້າແອບບໍ່ໄດ້,unknown,neutral,0.5462,기타,2026-06-05 09:24:42.911098+00
100,google_play,KOKKOK Move,kokkok,LAO,1,Sak Mogsy,2026-05-22,ເປັນຫຍັງ ເອີ້ນລົດຄືຍາກແທ້ ຢູ່ໃກ້ໆເອີ້ນລະບໍ່ມາ ບໍ່ລີການບໍ່ໂອເຄປານໃດ,unknown,negative,0.5967,기타,2026-06-05 09:24:42.911098+00
101,google_play,KOKKOK Move,kokkok,LAO,1,Tik Vatava,2026-05-21,very very bad very slow no driver service very poor,en,negative,0.9277,배차·대기,2026-06-05 09:24:42.911098+00
102,google_play,KOKKOK Move,kokkok,LAO,1,HAPPY TO DAYS laos,2026-05-20,ກົດເຂົ້າແອຟບໍ່ໄດ້ ເຂົ້າໄປແລ້ວເດັ່ງອອກເອງ,unknown,negative,0.4884,기타,2026-06-05 09:24:42.911098+00
103,google_play,KOKKOK Move,kokkok,LAO,2,Amitano Davonexai,2026-05-09,ຂໍໂທດເດີ້ທີ່ບາງຄຳທີ່ບໍ່ສຸພາບ ຕັ້ງແຕ່ອັປເດດແອັປໃຫມ່ມາຮູ້ສືກວ່າເອີ້ນລົດຍາກຕາຍແທ້ບໍ່ສາມາດຕໍ່ລາຄາໄດ້ຄືແຕ່ກ່ອນໂລເຄຊັ່ນທີ່ປັກໄວ້ຫນ້າແອັປກະໄປຄົນລະບ່ອນກັບພະນັກງານຂັບລົດ,unknown,negative,0.562,기타,2026-06-05 09:24:42.911098+00
104,google_play,KOKKOK Move,kokkok,LAO,1,honm gipkmm,2026-05-02,อยู่ใกล้ๆแต่ไม่อยากรับ เงินน้อยไปไหม แย่มากกก,th,negative,0.9256,결제,2026-06-05 09:24:42.911098+00
105,google_play,KOKKOK Move,kokkok,LAO,1,khampason “ແຂ້ວ” Ramangkuon,2026-05-02,ເນັດມັນດີແຮງແຕ່ບໍ່ສາມາດເອີ້ນລົດລະແອັບມັກມີບັນຫາອັບເດດເເລ້ວຍັງເປັນຄືເກົ່າຄັວນປັງປຸງ,unknown,negative,0.4674,기타,2026-06-05 09:24:42.911098+00
106,google_play,KOKKOK Move,kokkok,LAO,1,Phong Thongher,2026-05-01,ເອີນລົດບໍ່ໄດ້ເລີຍ,unknown,neutral,0.4344,기타,2026-06-05 09:24:42.911098+00
420,google_play,LOCA Taxi,kokkok,LAO,2,Moshe Cohen,2026-01-03,"it's amazing to be able to scan pay like the locals in Laos, but not after I found out the app charges a 10% commission on each payment! that's outrageous. much cheaper to bring US dollars and exchange them to LAK",en,positive,0.4253,EV·충전,2026-06-05 09:24:42.911098+00
421,google_play,LOCA Taxi,kokkok,LAO,1,J,2026-01-03,"Horrible app - couldn't wait to uninstall once I left Laos. It's extremely slow, buggy, seems to guzzle power and data, and the pricing structure is highly dishonest as noted by other reviews. Using GRAB again after felt like a breath of fresh air.",en,negative,0.9619,EV·충전,2026-06-05 09:24:42.911098+00
422,google_play,LOCA Taxi,kokkok,LAO,1,Hannah Reef,2025-12-26,downloaded but I cannot access,en,negative,0.7317,기타,2026-06-05 09:24:42.911098+00
423,google_play,LOCA Taxi,kokkok,LAO,1,Jaec Jaec,2025-12-16,inconvenient to use and very expensive.,en,negative,0.9296,요금,2026-06-05 09:24:42.911098+00
488,google_play,LOCA Taxi,kokkok,LAO,2,Tino,2024-10-12,They charge 4 different fees but only declare one of them upfront. For QR payments with a foreign credit card it could be your only option. But there are better taxi apps.,en,neutral,0.6408,EV·충전,2026-06-05 09:24:42.911098+00
489,google_play,LOCA Taxi,kokkok,LAO,5,Shanmugam Thoppalan,2024-09-27,Wonderful,de,positive,0.8583,기타,2026-06-05 09:24:42.911098+00
490,google_play,LOCA Taxi,kokkok,LAO,5,Ampee SDC,2024-09-18,best in Laos,de,positive,0.3846,기타,2026-06-05 09:24:42.911098+00
491,google_play,LOCA Taxi,kokkok,LAO,5,makia emmanuel,2024-09-09,EXCEPTIONAL!,ca,positive,0.8033,기타,2026-06-05 09:24:42.911098+00
492,google_play,LOCA Taxi,kokkok,LAO,1,mike bargus,2024-09-09,Wont send the sms code to complete sign up.,en,negative,0.5109,기타,2026-06-05 09:24:42.911098+00
493,google_play,LOCA Taxi,kokkok,LAO,2,Irmin Corona,2024-09-07,The app crashes and it shares conversations from others drivers not related to my own conversation with my driver,en,negative,0.7583,앱오류,2026-06-05 09:24:42.911098+00
494,google_play,LOCA Taxi,kokkok,LAO,5,Pittaya Bulsuk,2024-08-24,สะดวกมาก​ ตรงเวลา,th,positive,0.5752,기타,2026-06-05 09:24:42.911098+00
495,google_play,LOCA Taxi,kokkok,LAO,1,M Guy,2024-08-12,"The app gets stuck on the ride review screen with no way of exiting the review screen. Even force stopping the app, clearing the cache, uninstalling, and reinstalling does not solve the issue. The only way to get out of the review screen to book a new ride is to reinstall and sign up for a new profile.",en,negative,0.8107,EV·충전,2026-06-05 09:24:42.911098+00
496,google_play,LOCA Taxi,kokkok,LAO,5,Tran xuan Tho,2024-08-09,Good app!,en,positive,0.8553,기타,2026-06-05 09:24:42.911098+00
497,google_play,LOCA Taxi,kokkok,LAO,5,Dian L,2024-08-05,"Reliable apps while you're traveling in Vientiane, Laos!",en,positive,0.7214,기타,2026-06-05 09:24:42.911098+00
498,google_play,LOCA Taxi,kokkok,LAO,1,Neta ye,2024-08-04,WATCH OUT! user can not disconnect the credit card after leave Laos! how to secure my card safety?,en,negative,0.6816,결제,2026-06-05 09:24:42.911098+00
499,google_play,LOCA Taxi,kokkok,LAO,5,Aire,2024-08-01,"ເເອ໋ບນີ້ດີຢູ່ໄດ.. ເອີ້ນມາພາຍໃນ2-5ນາທີ, ມີຄົນໃຊ້ບໍລິການຫລາຍ .. ສ່ວນໃຫຍ່ເເມ່ນລົດໄຟ້າ NETA, BYD, ນຸ້ມນີ້ມ, ຮູ້ສຶກ, ຄົນຂັບອັດທະນິໄສດີທຸກຄົນ.. ເເຕ່ເລື່ອງລາຄາຢາກເເພງເເດ່ຫນ່ອຍຫນື່ງ, ລາຄາຢູ່ທີ່ປະມານ 40-100ກີບ/ຄັ້ງ ພາຍໃນຕົວເມືອງວຽງຈັນ.. ສະຫລຸບເເອ໋ບນີ້ຜ່ານ...",unknown,neutral,0.3961,기타,2026-06-05 09:24:42.911098+00
2581,google_play,Gojek,mobility_superapp,SEA,1,dewi Mega,2026-05-18,saya sudah melakukan pelunasan gopay pinjam namun ketika saya butuh bukti pelunasan dari CS CUMA DI SURUH TUNGGU TUNGGU DAN TUNGGU SEDANGKAN SAYA BUTUH SEGERA! KALAH SAMA APLIKASI OREN YANG TIDAK BUTUH SAMPE DI TELPON CS NYA LANGSUNG DI EMAIL BUKTI LUNAS NYA. TERIMAKASIH!,id,negative,0.4144,결제,2026-06-05 09:24:42.911098+00
2582,google_play,Gojek,mobility_superapp,SEA,1,ferdy howard,2026-05-18,"This app is fooling people, when rainy days the price will go too higher, and hard to find a driver when the rainy days. Many Drivers i see in the map but no one wanna take my order because i use gojek hemat, so your offer (gojek hemat) is useless because the driver didnt want to obey.",en,negative,0.8666,배차·대기,2026-06-05 09:24:42.911098+00
2583,google_play,Gojek,mobility_superapp,SEA,5,에리Syahnas,2026-05-18,"Gotix ada lagi busa baca novel, main game",id,neutral,0.4954,기타,2026-06-05 09:24:42.911098+00
2584,google_play,Gojek,mobility_superapp,SEA,5,Khansa Nurida,2026-05-18,sejauh ini pelayanan dari go food go ride go car okey,id,positive,0.4662,기타,2026-06-05 09:24:42.911098+00
126,google_play,KOKKOK Move,kokkok,LAO,1,nantsu no taizai,2026-03-02,ຄື ຫວຍແທ້ ແອພເຂົ້າບໍ່ໄດ້ ເອີ້ນລົດບໍ່ໄດ້ ບອກອິນເຕີເນັດບໍ່ຂື້ນ ເຂົ້າເກມ ແອບອື່ນໆປົກກະຕິ,unknown,negative,0.4805,기타,2026-06-05 09:24:42.911098+00
450,google_play,LOCA Taxi,kokkok,LAO,4,Jin Yang,2025-06-08,"i live in the states and LocaPay is a great way i can easily (and for less) transfer money to my loved ones. during my visit in vientiane, Loca Taxi was convenient and I able to get a ride for my relative, to the bus station. great app!",en,positive,0.7815,결제,2026-06-05 09:24:42.911098+00
451,google_play,LOCA Taxi,kokkok,LAO,1,Manjeet Dhillon,2025-06-04,"works well in Vientiane and Luang Prabang. However the day after i stopped using the app, my credit card details was used to for facebook ads. Data security is a concern.",en,negative,0.7451,EV·충전,2026-06-05 09:24:42.911098+00
452,google_play,LOCA Taxi,kokkok,LAO,5,Ebenye Josephine,2025-06-04,"drivers are always on time, drive carefully, and are very polite, but the fares are very expensive too",en,negative,0.6301,배차·대기,2026-06-05 09:24:42.911098+00
453,google_play,LOCA Taxi,kokkok,LAO,2,Bartek Dobija,2025-06-01,"the app looks like designed by a high school student. UX is a total disaster, difficult to select ride, unintuitive UI, bugs in code.",en,negative,0.9617,앱오류,2026-06-05 09:24:42.911098+00
454,google_play,LOCA Taxi,kokkok,LAO,3,ຫຸມເພັງ ວິໄລພອນ,2025-05-29,"When will Satellite Map mode be available? It's not convenient on pinning location the white map with no information displayed in some area. Keep it improved, dev team!",en,negative,0.8004,EV·충전,2026-06-05 09:24:42.911098+00
455,google_play,LOCA Taxi,kokkok,LAO,4,Stuart H,2025-04-27,The app is great if your phone is set to 4G and you you are in or near Vientiane. On the 3G network the app is slow with annoying pop-ups and you get a map of the area you are in and the info that there are no drivers. LOCAL to VIENTIANE .,en,negative,0.4541,배차·대기,2026-06-05 09:24:42.911098+00
457,google_play,LOCA Taxi,kokkok,LAO,1,Marco Halomoan,2025-04-05,very not user friendly,no,negative,0.9387,기타,2026-06-05 09:24:42.911098+00
458,google_play,LOCA Taxi,kokkok,LAO,1,Jackson Kaiser,2025-03-24,don't even work,nl,negative,0.6002,EV·충전,2026-06-05 09:24:42.911098+00
459,google_play,LOCA Taxi,kokkok,LAO,5,Dan Hunsinger,2025-03-05,Absolutely essential for travel in Laos.,en,positive,0.4921,기타,2026-06-05 09:24:42.911098+00
460,google_play,LOCA Taxi,kokkok,LAO,1,Alex F,2025-03-02,It doesn't work in Pakse (LAOS) at all. Absolute waste of time.,en,negative,0.9418,기타,2026-06-05 09:24:42.911098+00
461,google_play,LOCA Taxi,kokkok,LAO,1,Paul Curran,2025-02-18,Unreliable,ca,negative,0.822,기타,2026-06-05 09:24:42.911098+00
462,google_play,LOCA Taxi,kokkok,LAO,1,Esprit D'Homme,2025-02-10,More expensive than any other form of transport with little indication of the true price of a ride. Avoid this app.,en,negative,0.8408,요금,2026-06-05 09:24:42.911098+00
463,google_play,LOCA Taxi,kokkok,LAO,5,SEAN P,2025-02-10,Very good service 🫰🚖👍,en,positive,0.8558,서비스,2026-06-05 09:24:42.911098+00
464,google_play,LOCA Taxi,kokkok,LAO,3,Satish Chand,2025-02-06,Nice,ro,positive,0.474,기타,2026-06-05 09:24:42.911098+00
465,google_play,LOCA Taxi,kokkok,LAO,2,Ionut Foca,2025-02-02,"It's an ok app when you don't have othe options. In general I would not recommend this app specifically because they over charge you compared to the initial price they show. Expect to pay with 10-30% more at the end. There are some very weird fees added in the bill at the end. Also, I had a driver who added 'parking fee' to the final bill, although there was no parking place used, he just dropped me off.",en,negative,0.8818,EV·충전,2026-06-05 09:24:42.911098+00
466,google_play,LOCA Taxi,kokkok,LAO,3,Jason Vazquez-Li,2025-01-31,"Good app although it's way more expensive than other apps in Laos. For reference, my friend used another all and it was 1/4 as much for the same ride.",en,neutral,0.5204,요금,2026-06-05 09:24:42.911098+00
467,google_play,LOCA Taxi,kokkok,LAO,1,Pramatma ram Shah,2025-01-17,Worst app for payment in laos.charges is very very high while making payment,en,negative,0.9288,EV·충전,2026-06-05 09:24:42.911098+00
468,google_play,LOCA Taxi,kokkok,LAO,3,Phoukhong SONEVONGXAY,2025-01-10,Good.,so,positive,0.6582,기타,2026-06-05 09:24:42.911098+00
469,google_play,LOCA Taxi,kokkok,LAO,1,Severin P,2025-01-02,"Declines card, barely ever any drivers around",en,negative,0.5605,EV·충전,2026-06-05 09:24:42.911098+00
470,google_play,LOCA Taxi,kokkok,LAO,1,Hmwe,2024-12-22,The worst app I have ever used. It was 120k when I chose the car but I had to give 140k when I arrived. It's not reliable. And it is much more expensive (twice than other app). I don't recommend this app at all.,en,negative,0.9595,EV·충전,2026-06-05 09:24:42.911098+00
471,google_play,LOCA Taxi,kokkok,LAO,1,Wolf Roodsant,2024-12-21,"I prebooked a ride to the station, driver never showed up. The two cabs in town (Vang Vieng) didn't respond. Worthless service, absolutely untrustworthy",en,negative,0.9488,EV·충전,2026-06-05 09:24:42.911098+00
472,google_play,LOCA Taxi,kokkok,LAO,5,Theodore Jackson,2024-12-17,This is a great app for transportation and paying. My time in Laos would have been difficult if I didn't have this. It's very reliable and I would recommend having it!,en,positive,0.8735,결제,2026-06-05 09:24:42.911098+00
473,google_play,LOCA Taxi,kokkok,LAO,5,Patrick McGuire,2024-12-15,Used for both taxis and finance.,en,neutral,0.8366,기타,2026-06-05 09:24:42.911098+00
474,google_play,LOCA Taxi,kokkok,LAO,1,Maysam,2024-12-12,More than 10% commission on credit card payments.,en,neutral,0.8509,결제,2026-06-05 09:24:42.911098+00
475,google_play,LOCA Taxi,kokkok,LAO,1,Andre Tpv,2024-12-07,"They say they're in Savannakhet, but there's literally never a driver available. I got many advertisements from on my phone, but they have no product to show. Just an empty map and telling me there are no drivers. At least xanh sm gets you a ride.",en,negative,0.7413,EV·충전,2026-06-05 09:24:42.911098+00
476,google_play,LOCA Taxi,kokkok,LAO,5,Bounmy SAYALAP,2024-11-30,Very comfortable,en,positive,0.6518,기타,2026-06-05 09:24:42.911098+00
477,google_play,LOCA Taxi,kokkok,LAO,4,Eileen Lu,2024-11-19,"Comparable UX to Grab or Lyft/Uber in Laos, with a favorite a driver feature! Mobile app was a bit buggy at the airport, but app performance improved once my location was calibrated.",en,positive,0.5808,앱오류,2026-06-05 09:24:42.911098+00
478,google_play,LOCA Taxi,kokkok,LAO,5,Gerald Fleming,2024-11-16,Very reliable. Always excellent drivers and beautiful cars. Very good value for getting around Vientiane.,en,positive,0.942,배차·대기,2026-06-05 09:24:42.911098+00
479,google_play,LOCA Taxi,kokkok,LAO,5,Sorlaxin PHOMMACHANH,2024-11-15,Higly recommended as it is the most reliable ride hailing service in Laos,en,positive,0.8415,서비스,2026-06-05 09:24:42.911098+00
480,google_play,LOCA Taxi,kokkok,LAO,1,Dominique Neely,2024-11-15,Hard to do anything on this app,en,negative,0.8325,기타,2026-06-05 09:24:42.911098+00
481,google_play,LOCA Taxi,kokkok,LAO,5,Sarah Yang,2024-11-12,Great,en,positive,0.711,기타,2026-06-05 09:24:42.911098+00
127,google_play,KOKKOK Move,kokkok,LAO,5,Lo Hj,2026-03-01,ດີໃຈ,unknown,neutral,0.4024,기타,2026-06-05 09:24:42.911098+00
128,google_play,KOKKOK Move,kokkok,LAO,1,Dio Dn,2026-02-24,แอพชอบบัคเข้าไม่ได้มันบอกว่าเน็ตมีปัญหาแต่เล่นแอพอื่นได้งงเลย,th,negative,0.7867,기타,2026-06-05 09:24:42.911098+00
160,google_play,KOKKOK Move,kokkok,LAO,3,Tharkhone Syharphai,2025-08-23,ຢາກໃຫ້ປັບປຸງວິທີປັກມຸດທີ່ຕົ້ນທາງກັບປາຍທາງໃຫມ່ ເວລາປັກມຸດຜິດແກ້ໄຂຍາກ ແອບໂບ້ຂອງໄທເວລາເອີ້ນລົດງ່າຍແຂ້ໄຂມຸດບໍ່ໄດ້ ຢາກໃຫ້ພັດທະນາຕື່ມ,unknown,negative,0.4862,기타,2026-06-05 09:24:42.911098+00
129,google_play,KOKKOK Move,kokkok,LAO,1,pone1999 pone,2026-01-24,ຕ້ອງປັບປຸງ ພະນັກງານຂັບລົດລາວຄົນແດ່ ເອົາປຽບລູກຄ້າ ເສັ້ນທາງໃກ້ຯບໍ່ໄປ ເຂົ້າພາໄປທາງໄກເພື່ອເພີ່ມເງິນຈາກລູກຄ້າ ລາງຄົນເຮັດໃຫ້ລູກຄ້າມາຮຽກບໍ່ທັນ ບາງທີພາໄປສົ່ງສະຖານີລົດເມໄປບໍ່ທັນແຫ້ງທີ່ທາງໃກ້ມີບໍ່ພາໄປ ພາໄປທາງອ້ອມຈົນລົດອອກຄິວກ່ອນ,unknown,neutral,0.4007,기타,2026-06-05 09:24:42.911098+00
130,google_play,KOKKOK Move,kokkok,LAO,5,phuminan kim,2026-01-24,ดีมากค่ะ ต่อรองราคาได้,th,positive,0.7687,요금,2026-06-05 09:24:42.911098+00
131,google_play,KOKKOK Move,kokkok,LAO,5,Vong,2025-12-31,ดี,th,positive,0.4307,기타,2026-06-05 09:24:42.911098+00
132,google_play,KOKKOK Move,kokkok,LAO,1,Lil CHESTNUTs99,2025-12-31,เรียกยาก ไม่สะดวก,th,negative,0.8292,기타,2026-06-05 09:24:42.911098+00
133,google_play,KOKKOK Move,kokkok,LAO,1,Jen Xayyavong,2025-12-31,พออัปเดตแล้วกดข้าแอพไม่ได้,th,negative,0.8123,기타,2026-06-05 09:24:42.911098+00
134,google_play,KOKKOK Move,kokkok,LAO,2,Piyanut Thalo,2025-12-30,เรียกรถยากมาก บางคันปฏิเสธเองก็มี บางครั้งเรียกรถตั้งแต่08.00น.-11.00น. ไม่มีรับเลย,th,negative,0.7193,배차·대기,2026-06-05 09:24:42.911098+00
135,google_play,KOKKOK Move,kokkok,LAO,1,Soudanin,2025-12-20,เรียกรถยากมากไม่มีตอบรับถ้าหากว่าไปไม่ไกลแต่ถ้าไปไกลคือรับไวมาก(เป็นเพราะได้เงินน้อยหรือยังไงช่วยปรับปรุงด่วน),th,negative,0.7159,결제,2026-06-05 09:24:42.911098+00
136,google_play,KOKKOK Move,kokkok,LAO,1,doll doll,2025-12-20,อยากให้แอปเพิ่มฟีเจอร์สมัครด้วย facebook แล้วก็อีเมลก็คงจะดีมากๆเลย,th,positive,0.5086,기타,2026-06-05 09:24:42.911098+00
137,google_play,KOKKOK Move,kokkok,LAO,1,Chit To,2025-12-18,เดียวใช้ได้เดียวใช่ไม่ได้บางครั้ง,th,negative,0.49,기타,2026-06-05 09:24:42.911098+00
138,google_play,KOKKOK Move,kokkok,LAO,2,Somphet Laoly,2025-12-06,ເຂົ້າແອັບຯບໍ່ໄດ້ເງິນບໍ່ຮູ້ເປັນຫຍັງ,unknown,neutral,0.4895,기타,2026-06-05 09:24:42.911098+00
139,google_play,KOKKOK Move,kokkok,LAO,1,Sou Dapgh24,2025-12-02,ตอนกางคืนไม้คอยมีคนรับลาคาตอนคืนแพง,th,neutral,0.4768,기타,2026-06-05 09:24:42.911098+00
140,google_play,KOKKOK Move,kokkok,LAO,1,nou noy,2025-11-29,ດີ ລາຍ,unknown,neutral,0.3658,기타,2026-06-05 09:24:42.911098+00
141,google_play,KOKKOK Move,kokkok,LAO,1,Kitty White,2025-11-01,ເອີ້ນລົດຍາກເເຮງ ມີເເຕ່ພວກເຫັນເເກ່ເງິນ ບໍ່ໄດ້ເລື່ອງ ເອີ້ນຫລາຍເຄື່ອງກະບໍ່ມີລົດມາຮັບ ບໍ່ຕ້ອງມີລະເເລ້ວ ເສຍເວລາ,unknown,negative,0.4546,기타,2026-06-05 09:24:42.911098+00
142,google_play,KOKKOK Move,kokkok,LAO,2,Suchitta Boutasap,2025-10-28,ອັບເດດແລ້ວຖອນການຕິດຕັ້ງລ່ະໂຫລດໃໝ່ກະແລ້ວຍັງເຂົ້າບໍ່ໄດ້ມັນຂຶ້ນບອກໃຫ້ອັບເດດຂໍໃຫ້ມີການປັບປຸງແລ້ວສິມາເພີ່ມດາວໃຫ້,unknown,negative,0.5073,기타,2026-06-05 09:24:42.911098+00
143,google_play,KOKKOK Move,kokkok,LAO,1,Sone Sai,2025-10-27,ເຂົ້າແອັບບໍ່ໄດ້,unknown,neutral,0.5614,기타,2026-06-05 09:24:42.911098+00
144,google_play,KOKKOK Move,kokkok,LAO,1,KarnjaNa Channel,2025-10-27,ເປັນຕາຍຫຍັງກະບໍ່ຮູ້ບໍ່ມັກຮັບລູກຄ້າ,unknown,negative,0.5346,기타,2026-06-05 09:24:42.911098+00
145,google_play,KOKKOK Move,kokkok,LAO,1,kimnii ni,2025-10-26,ใช้งานอยาก,th,neutral,0.5367,기타,2026-06-05 09:24:42.911098+00
146,google_play,KOKKOK Move,kokkok,LAO,1,Mo Mo,2025-10-24,ລາຄາແຮ່ງເກີນໄປ,unknown,negative,0.5318,기타,2026-06-05 09:24:42.911098+00
147,google_play,KOKKOK Move,kokkok,LAO,1,ບຸນເຄີມ ສຸຄໍາພັນ,2025-10-19,ແອັບຫາຫັຍງພິມຄົນປາຍຕັງບໍ່ເຫັນຂະນາດພິມວາສີໄປສະທານີລົດໄຟຫັຍງບໍ່ອອກ ພູສ້າງແອັບປັນຍາອອນ,unknown,negative,0.4094,기타,2026-06-05 09:24:42.911098+00
148,google_play,KOKKOK Move,kokkok,LAO,1,ผู้ใช้ Google,2025-10-08,ອັບເດດໃຫມ່ກະຈອກແທ້,unknown,neutral,0.4267,기타,2026-06-05 09:24:42.911098+00
149,google_play,KOKKOK Move,kokkok,LAO,3,dido ngnngnnghnjgh,2025-09-27,แอบค้างบ่อยมาก,th,negative,0.7747,기타,2026-06-05 09:24:42.911098+00
150,google_play,KOKKOK Move,kokkok,LAO,1,DanSoCool,2025-09-25,ອັບເດດໃໝ່ຫາຫຍັງວະແຜ່ນທີ່ດາວທຽມບໍ່ມີຄືແບ້ນິ,unknown,neutral,0.4287,기타,2026-06-05 09:24:42.911098+00
151,google_play,KOKKOK Move,kokkok,LAO,3,khamxai sonphachan,2025-09-20,ໄຟຫລຸດລົງໄໃນຜຫຫຜ₭8,unknown,negative,0.3948,기타,2026-06-05 09:24:42.911098+00
2651,google_play,Gojek,mobility_superapp,SEA,5,Wina KN,2026-05-13,Gojek kok sekarang naik ya harganya -3-,id,negative,0.7917,기타,2026-06-05 09:24:42.911098+00
2696,google_play,Gojek,mobility_superapp,SEA,1,Thang Tran,2026-01-10,Tệ,vi,negative,0.3624,기타,2026-06-05 09:24:42.911098+00
2652,google_play,Gojek,mobility_superapp,SEA,1,Ananda Adjie Octavian Rasya,2026-05-13,lama poll tak tunggu,id,neutral,0.4111,기타,2026-06-05 09:24:42.911098+00
2653,google_play,Gojek,mobility_superapp,SEA,5,Ayu Angela,2026-05-13,Useful apps while I'm in Indonesia,en,positive,0.4659,기타,2026-06-05 09:24:42.911098+00
2680,google_play,Gojek,mobility_superapp,SEA,5,Haidar U.H,2026-05-11,"beri pengalaman yang terbaik kepada setiap pengguna, jangan sampai membuat pengguna kecewa",id,positive,0.4192,기타,2026-06-05 09:24:42.911098+00
152,google_play,KOKKOK Move,kokkok,LAO,5,ພຸດ ແກ້ວປັນຍາ,2025-09-12,ແຕ່ກີ້ ນອມຮັບບໍລິການດີ ແຕ່ດຽວນີ້. ເອີ້ນລົດທາງແອັບ ຍ້າກໂພດ ເອີ້ນເປັນຊົ່ວໂມງ ຍັງບໍ່ເຫັນລົດ ຖ້າເປັນຊົ່ວໂມງ ຄັນເຮົາເອີ້ນເອົາຕາມທາງນິ 10ພັນເຂົາກາເອົາ,unknown,neutral,0.3831,기타,2026-06-05 09:24:42.911098+00
153,google_play,KOKKOK Move,kokkok,LAO,1,Amick Pps,2025-09-02,เปลี่ยนแผนที่แบบใหม่ใช้ยากกว่าเดิม ปรับปรุงด้วยค่ะ,th,negative,0.6243,기타,2026-06-05 09:24:42.911098+00
154,google_play,KOKKOK Move,kokkok,LAO,1,Sone Sone,2025-08-31,່າດ່່ດ່,unknown,neutral,0.4153,기타,2026-06-05 09:24:42.911098+00
155,google_play,KOKKOK Move,kokkok,LAO,5,ตุ๊กตา ตุ๊กตา,2025-08-30,app นี้ดีมากๆเลยบริการดี,th,positive,0.7829,서비스,2026-06-05 09:24:42.911098+00
156,google_play,KOKKOK Move,kokkok,LAO,1,Lucky VI,2025-08-29,แผนที่แบบเดิมดูง่ายกว่าอัพมาแทนที่จะดีกว่าเดิม กลับใช้ยากไปอีก,th,negative,0.6532,기타,2026-06-05 09:24:42.911098+00
157,google_play,KOKKOK Move,kokkok,LAO,4,Vivo Vivo,2025-08-29,ດີຫລາຍໆ,unknown,positive,0.4478,기타,2026-06-05 09:24:42.911098+00
158,google_play,KOKKOK Move,kokkok,LAO,1,Ms. PHIMPHONE OUTHONGKHAM,2025-08-28,ເອີ້ນລົດຍາກ ຄົນຂັບເລືອກລູກຄ້າ,unknown,neutral,0.5112,기타,2026-06-05 09:24:42.911098+00
159,google_play,KOKKOK Move,kokkok,LAO,1,White,2025-08-28,ແພງໂຄດໆພະນັກງານເວົ້າໄດ້ເວົ້າເອົາເງິນ ຢ່າສຸໄປຫາໃຊ້,unknown,negative,0.4004,기타,2026-06-05 09:24:42.911098+00
273,google_play,KOKKOK Move,kokkok,LAO,1,ตาแม็ก สายบันเทิง,2024-03-21,เรียกรถใช้เวลานานมาก หรือไม่มีรถเลย จนต้องได้ ใช้ บริการของ เจ้าอื่น,th,neutral,0.5045,배차·대기,2026-06-05 09:24:42.911098+00
274,google_play,KOKKOK Move,kokkok,LAO,2,Mini Hurt,2024-03-17,แย่ๆมาก ไม่มีลดเลย,th,negative,0.9264,기타,2026-06-05 09:24:42.911098+00
275,google_play,KOKKOK Move,kokkok,LAO,1,Kisana Photisan,2024-03-15,ເອີ້ຍາກເເຮງຢາກຮັບລູກຄ້າຢູ່ຫວາເອີ້ເປັນຊົ່ວໂມງລະ,unknown,negative,0.4193,기타,2026-06-05 09:24:42.911098+00
276,google_play,KOKKOK Move,kokkok,LAO,1,Mr.phonpaseuth kss,2024-03-10,ບໍ່ຕ້ອງໃຊ້ເອີ້ນ10ເທື່ອບໍ່ມີລົດ,unknown,neutral,0.4922,기타,2026-06-05 09:24:42.911098+00
180,google_play,KOKKOK Move,kokkok,LAO,1,Souk Souk,2025-04-18,ຍາກໂຫລດບໍ່ໄດ້,unknown,negative,0.4679,기타,2026-06-05 09:24:42.911098+00
181,google_play,KOKKOK Move,kokkok,LAO,1,Medkham Vongsikeo,2025-04-14,ແອບຖືກມັນດີແຕ່ຄົນຈະໃຊ້ຫລາຍກວ່ານີ້ຖ້າພວກເຈົ້າບໍ່ເລືອກລາຄາຢາກໄດ້ແຕ່ລາຄາສູງໆ ບໍ່ແລ້ວໃນລະບົບບອກຊັດເຈນຍັງຕໍ່ອີກບໍ່ໃຫ້ບໍ່ໄປໃຫ້ຈ້າງໃຫມ່ບໍ່ພໍຈ້າງໃຫມ່ກະບໍ່ມີໃຜຮັບອີກ,unknown,negative,0.4844,기타,2026-06-05 09:24:42.911098+00
182,google_play,KOKKOK Move,kokkok,LAO,3,Titan Kvl,2025-04-10,ຢາກໃຫ້ເອົາລະບົບຕໍ່ລອງລາຄາອອກ,unknown,neutral,0.5096,기타,2026-06-05 09:24:42.911098+00
183,google_play,KOKKOK Move,kokkok,LAO,1,Vangxay Yang,2025-04-08,ເອີ້ນບໍ່ເຄີຍໄດ້ທັ້ງທີ່ຂີ່ລົດຈັກກາຍໄປກາຍມາກໍຈອດບັກຫລາຍໆຄັນ ເອີ້ນເທື່ອໃດກໍບໍ່ມີຄົນຮັບ ໄປບ່ອນໃກ້ລາຄາ20-30ພັນລົດບໍ່ເຄີຍມາຮັບ,unknown,negative,0.4254,기타,2026-06-05 09:24:42.911098+00
184,google_play,KOKKOK Move,kokkok,LAO,2,MA500,2025-03-07,ເອົາໄປ2 ດາວພໍ ເວລາເອີ້ນລົດກະໃສ່ລາຄາຕາມແອັບ ແຕ່ຄົນຂັບລົດບໍ່ຮັບ ພໍໃສ່ລາຄາສູງກວ່າກົດຮັບອໍເດີ້ບັກໄວໆ🙄🙄,unknown,negative,0.3992,기타,2026-06-05 09:24:42.911098+00
185,google_play,KOKKOK Move,kokkok,LAO,2,Joy Khemmala,2025-03-01,ບໍລິການສຸພາບ,unknown,neutral,0.5094,기타,2026-06-05 09:24:42.911098+00
186,google_play,KOKKOK Move,kokkok,LAO,1,VEN,2025-02-28,ເຫັນເງິນນ້ອຍ=ຍົກເລິກ,unknown,neutral,0.5603,기타,2026-06-05 09:24:42.911098+00
187,google_play,KOKKOK Move,kokkok,LAO,1,Spakgo1,2025-02-23,ເອີ້ນກະບໍ່ມີຄົນຮັບ,unknown,negative,0.487,기타,2026-06-05 09:24:42.911098+00
188,google_play,KOKKOK Move,kokkok,LAO,2,Khamla Vaseng,2025-02-05,ເອີ້ນລົດໂຄດຍາກເຫັນເງິນຫນ້ອຍລະບໍ່ຢາກຮັບເຫລືອນັ້ນໂອເຄ,unknown,negative,0.5079,기타,2026-06-05 09:24:42.911098+00
189,google_play,KOKKOK Move,kokkok,LAO,1,neuon khonsavan,2025-02-02,ปรับปรุงไหม่หน้อยเอีนยากยกเลีกผอม,th,negative,0.7639,기타,2026-06-05 09:24:42.911098+00
190,google_play,KOKKOK Move,kokkok,LAO,2,POCKY SENG VONG DEUAN,2025-01-28,"ສະບາຍດີຢາກໃຫ້ປັບປຸງໜ້ອຍໜຶ່ງ ຄື ເຂດແຖວບ້ານຝາຍ, ດົງປ່າລານ ເວລາກົດຮ້ອງລົດໃນແອັບ ໂດຍສະເພາະລົດຕຸກໆນ້ອຍແມ່ນຮ້ອງຍາກຫຼາຍ ຂໍໃຫ້ເພີ່ມເຂດລົດໃນເຂດນີ້ຫຼາຍໆແດ່ເດີ້ເຈົ້າ",unknown,neutral,0.358,기타,2026-06-05 09:24:42.911098+00
2816,google_play,Gojek,mobility_superapp,SEA,5,NGUYỄN THÀNH NAM (Thành Nam),2024-09-16,"Cảm ơn Gojek, tạm biệt.",vi,negative,0.5693,기타,2026-06-05 09:24:42.911098+00
3077,google_play,Gojek,mobility_superapp,SEA,1,ศิรินทร จีนจรรยา (เก๋),2022-02-17,สมัครเข้าใช้ครั้งแรก ไม่มีotp ส่งมา รอจนหมดเวลาก็ไม่มี แล้วจะสมัครยังไง ไม่รับลูกค้าหราาาาา,th,negative,0.7172,기타,2026-06-05 09:24:42.911098+00
191,google_play,KOKKOK Move,kokkok,LAO,2,สิงห์ ครับผม,2025-01-25,เขดนอกห้องลดอยากโพดบางทีห้องได้แล้วเข้ากะยกเลีก,th,negative,0.382,기타,2026-06-05 09:24:42.911098+00
192,google_play,KOKKOK Move,kokkok,LAO,5,ດອນ SP BARFF,2025-01-13,ດອນ,unknown,neutral,0.3931,기타,2026-06-05 09:24:42.911098+00
2732,google_play,Gojek,mobility_superapp,SEA,1,bảy bùi,2025-03-31,gojek đã rút khỏi Việt Nam rồi nha ae. đừng phí thời gian tải về làm gì nữa,vi,negative,0.4143,기타,2026-06-05 09:24:42.911098+00
2733,google_play,Gojek,mobility_superapp,SEA,1,Mile Azura,2025-03-29,Tệ. Đăng ký mãi không được đổi số khác cũng không được,vi,negative,0.7848,기타,2026-06-05 09:24:42.911098+00
2734,google_play,Gojek,mobility_superapp,SEA,5,Quyên Cao đình,2025-03-15,ok app và shipper cũng rất là ok,vi,positive,0.5885,기타,2026-06-05 09:24:42.911098+00
2735,google_play,Gojek,mobility_superapp,SEA,4,Funny (Holdcc),2025-03-08,"Gojek đã ngưng hoạt động ở VN rồi, đừng ai tải hoặc đăng ký tài khoản nữa. 😂",vi,negative,0.5401,기타,2026-06-05 09:24:42.911098+00
2741,google_play,Gojek,mobility_superapp,SEA,1,Nhung Nguyễn,2025-02-14,Có cái otp mà gửi mãi k xong,vi,negative,0.5306,기타,2026-06-05 09:24:42.911098+00
2742,google_play,Gojek,mobility_superapp,SEA,2,L T,2025-02-11,"2 đứa ở dưới có bị ngờ u không vậy?Rút khỏi VN, muốn đặt xài thì sang Indo á.Đt có mạng mà dốt",vi,negative,0.683,기타,2026-06-05 09:24:42.911098+00
2743,google_play,Gojek,mobility_superapp,SEA,1,Nam TUYÊN Nguyễn,2025-02-08,Trang ứng dụng này sao ý mà đăng ký mới mà đăng nhập toàn cài coek gì không hiểu chán bỏ mẹ đang ở việt nam là ứng dụng dịch việt nam dùng sao toàn tiếng Anh nước ngoài là sao nhỉ chán quá,vi,negative,0.8803,기타,2026-06-05 09:24:42.911098+00
2744,google_play,Gojek,mobility_superapp,SEA,1,Như Nguyễn Thị,2025-02-08,Đang ở Việt Nam Cài đặt về toàn tiếng nước ngoài càng ngày càng tệ,vi,negative,0.8695,기타,2026-06-05 09:24:42.911098+00
2745,google_play,Gojek,mobility_superapp,SEA,1,phung Le văn,2025-01-25,Áp này nghĩ rồi h.mỗi người,vi,neutral,0.4406,기타,2026-06-05 09:24:42.911098+00
2746,google_play,Gojek,mobility_superapp,SEA,1,Alok Kpa,2025-01-01,Khong có hiêu qua,vi,neutral,0.4157,기타,2026-06-05 09:24:42.911098+00
2747,google_play,Gojek,mobility_superapp,SEA,5,Phát Nguyễn,2024-12-27,Tạm biệt gojek...,vi,positive,0.3997,기타,2026-06-05 09:24:42.911098+00
2748,google_play,Gojek,mobility_superapp,SEA,5,Tuyền (Mã Thị Bích Tuyền),2024-12-16,Rất Rất OK,vi,positive,0.5211,기타,2026-06-05 09:24:42.911098+00
2749,google_play,Gojek,mobility_superapp,SEA,3,Huynh Ai Nhung Ai Nhung,2024-12-14,3 canh bún 2 bún riêu nha anh trai,vi,neutral,0.4394,기타,2026-06-05 09:24:42.911098+00
2750,google_play,Gojek,mobility_superapp,SEA,5,Trần Tấn Gia Bảo,2024-11-20,Hỗ trợ quá tệ,vi,negative,0.9396,서비스,2026-06-05 09:24:42.911098+00
2751,google_play,Gojek,mobility_superapp,SEA,5,Trâm Bông,2024-11-06,Ok rẻ hơn Grab,vi,neutral,0.5865,기타,2026-06-05 09:24:42.911098+00
2752,google_play,Gojek,mobility_superapp,SEA,5,Ánh Nguyễn,2024-09-25,Đã từng là app ruột suốt mấy năm nên cho 5 sao,vi,neutral,0.6172,기타,2026-06-05 09:24:42.911098+00
2753,google_play,Gojek,mobility_superapp,SEA,5,Di Thiên,2024-09-23,Cảm ơn vì đã phục vụ nhiệt tình,vi,positive,0.6523,기타,2026-06-05 09:24:42.911098+00
2754,google_play,Gojek,mobility_superapp,SEA,5,Phan Huỳnh Giao,2024-09-23,Mong 1 ngày nào đó Gojek sẽ trở về thị trường Việt Nam,vi,neutral,0.5585,기타,2026-06-05 09:24:42.911098+00
2755,google_play,Gojek,mobility_superapp,SEA,5,S8PM in your area,2024-09-22,Cảm ơn gojek đã đồng hành cùng mình suốt quãng đời sinh viên 🥹 sẽ nhớ lắm ấy ạ,vi,positive,0.7616,기타,2026-06-05 09:24:42.911098+00
193,google_play,KOKKOK Move,kokkok,LAO,1,Somdeth PTL,2025-01-09,ໂທລະສັບຂ້ອຍກົດເຂົ້າຫນ້າເອີ້ນລົດບໍ່ໄດ້ ກົດແລ້ວມີແຕ່ສີຂາວບໍ່ມີເມນູຫຍັງອອກມາ ຈະແກ້ໄຂແນວໃດ,unknown,negative,0.4704,기타,2026-06-05 09:24:42.911098+00
194,google_play,KOKKOK Move,kokkok,LAO,5,Piano Min,2025-01-09,ເອິ້ນຍາກແຕ່ໄວ,unknown,neutral,0.3973,기타,2026-06-05 09:24:42.911098+00
195,google_play,KOKKOK Move,kokkok,LAO,1,Keo Keo77,2024-12-29,ໃຊ້ງານຍາກຍາມໃດກະເອືເລືເອືເລື,unknown,negative,0.4109,기타,2026-06-05 09:24:42.911098+00
196,google_play,KOKKOK Move,kokkok,LAO,1,Bigkie Tmv,2024-12-28,ຫ່າກິນຊີ້ນ ສູ ເອີ້ນໄປ ໃກ້ສູບໍ່ຢາກຮັບ ເປັນທຸກບ່ອນ 10-20ພັນ ບໍ່ຢາກ ຮັບ ຮັບແຕ່ 30ຂຶ້ນໄປ ຂະຫນາດລົດໃກ້ໆ ຍັງບລ່ຍອມຮັບ ບໍ່ຜ່ານ!!! ບໍ່ໃຊ້ຈົບ,unknown,negative,0.5073,기타,2026-06-05 09:24:42.911098+00
197,google_play,KOKKOK Move,kokkok,LAO,4,Nok Lae,2024-12-04,ใช้ดีค่ะ,th,positive,0.6648,기타,2026-06-05 09:24:42.911098+00
198,google_play,KOKKOK Move,kokkok,LAO,5,เจริญ ยศเตา,2024-12-03,ดีหลาย,th,positive,0.5575,기타,2026-06-05 09:24:42.911098+00
199,google_play,KOKKOK Move,kokkok,LAO,5,ทาว จ่อย ลาสี,2024-12-02,Delaiy,id,neutral,0.3716,기타,2026-06-05 09:24:42.911098+00
216,google_play,KOKKOK Move,kokkok,LAO,1,Chanthavong phanvilai,2024-09-21,ເອີ້ນລົດຍາກໂພດ ປັບປຸງແອັບຄືນຕື່ມເດີິ,unknown,neutral,0.4164,기타,2026-06-05 09:24:42.911098+00
218,google_play,KOKKOK Move,kokkok,LAO,5,Souksakhone 2222,2024-09-18,Goog,so,neutral,0.3746,기타,2026-06-05 09:24:42.911098+00
219,google_play,KOKKOK Move,kokkok,LAO,1,Fhfg Ft,2024-09-07,ເອີນຢາກໂພດໂພ😡😡😡,unknown,negative,0.6649,기타,2026-06-05 09:24:42.911098+00
220,google_play,KOKKOK Move,kokkok,LAO,3,Aobngern Phunthavong,2024-08-30,เรืยกยากไปนิด,th,negative,0.8377,기타,2026-06-05 09:24:42.911098+00
221,google_play,KOKKOK Move,kokkok,LAO,3,Ladda Mt,2024-08-29,ແອັບຢາກຄ້າງບາງຄັ້ງກະເອີເລີ້ ຄວນປັບປຸງໃຫມ່,unknown,neutral,0.4138,기타,2026-06-05 09:24:42.911098+00
222,google_play,KOKKOK Move,kokkok,LAO,5,ท้าวมุ้ย มุ้ย,2024-08-27,👍👍👍👍👍,unknown,positive,0.6548,기타,2026-06-05 09:24:42.911098+00
223,google_play,KOKKOK Move,kokkok,LAO,1,Namtan,2024-08-27,ຮ້ອງຍາກແຮງ,unknown,neutral,0.4577,기타,2026-06-05 09:24:42.911098+00
224,google_play,KOKKOK Move,kokkok,LAO,1,MayuMi Inari,2024-08-23,ປະສົບປັນຫາຕະຫຼອດerrorຢູ່ຈະເລີນຫຼາຍປະເທດຊາດບ້ານເມືອງ,unknown,neutral,0.4396,앱오류,2026-06-05 09:24:42.911098+00
225,google_play,KOKKOK Move,kokkok,LAO,1,Boutsadee TV,2024-08-16,ເອີ້ນຍາກຈັດເສົາສັນຍານເພຫວາ,unknown,negative,0.5741,기타,2026-06-05 09:24:42.911098+00
226,google_play,KOKKOK Move,kokkok,LAO,5,Arngkham Inthavong,2024-08-10,Good 👍,so,positive,0.7318,기타,2026-06-05 09:24:42.911098+00
227,google_play,KOKKOK Move,kokkok,LAO,1,。马达,2024-08-08,ເອີ້ນລົດຍາກແທ້ຍາກວ່າ,unknown,negative,0.5793,기타,2026-06-05 09:24:42.911098+00
228,google_play,KOKKOK Move,kokkok,LAO,1,Ds Ds,2024-07-27,ຍາກສຸດເວລາເຂົ້າແອບ ເຂົ້າບາດໃດອັບເດດຕະຫຼອດຮ້ອງລົດກະຍາກ ເສຍເວລາສຸດໆບໍ່ເໝາະສຳລັບຄົນທີ່ຖ້າບໍ່ໄດ້,unknown,negative,0.5896,기타,2026-06-05 09:24:42.911098+00
229,google_play,KOKKOK Move,kokkok,LAO,5,Jenny Thammavong,2024-07-27,เรียกใช้รถบริการคือยากมาก แต่ส่วนใหญ่เราจะใช้บริการจัดส่งของมากกว่า คือไวมาก,th,neutral,0.5636,배차·대기,2026-06-05 09:24:42.911098+00
230,google_play,KOKKOK Move,kokkok,LAO,4,PS RUOK,2024-07-26,😡😡,unknown,negative,0.8042,기타,2026-06-05 09:24:42.911098+00
231,google_play,KOKKOK Move,kokkok,LAO,1,Kie Svk,2024-07-23,ຂີ້ລາຍໂພດ ຮ້ອງລົດກະບໍ່ມາ ຫລື ຕັ້ງບໍ່ຍາກກົດຮັບ ລະເຫັນຂີ່ກາຍໄປຢູ່,unknown,negative,0.5056,기타,2026-06-05 09:24:42.911098+00
232,google_play,KOKKOK Move,kokkok,LAO,3,Haenymph,2024-07-21,จากการใช้จริง เรียกหารถยาก เพราะไม่ค่อยมีรถวิ่ง บางทีเจอรถอยู่ใกล้ๆ แต่คนขับไม่กดรับ ข้อดีคือมีให้เลือกประเภทรถกับแสดงราคาให้,th,neutral,0.5849,배차·대기,2026-06-05 09:24:42.911098+00
233,google_play,KOKKOK Move,kokkok,LAO,1,ຂຽວ ດວງດາລາ,2024-07-21,ເອີ້ນລົດບໍ່ໄດ້ແຍ່ສຸດໆ,unknown,negative,0.6117,기타,2026-06-05 09:24:42.911098+00
234,google_play,KOKKOK Move,kokkok,LAO,1,Kodsakone Yvt,2024-07-20,ເອີ້ນລົດແລ້ວບໍ່ມາ ເອີ້ນເປັນ10ເທື່ອກະຍັງບໍ່ມາ,unknown,neutral,0.4363,기타,2026-06-05 09:24:42.911098+00
235,google_play,KOKKOK Move,kokkok,LAO,5,toontreen 1332,2024-07-14,ໃຊ້ງານງ່າຍ ສະດວກ ລາຄາຖືກເປັນກັນເອງ ທີ່ສຳຄັນຄົນຂັບເວົ້າມ່ວນເວົ້າຈາສຸພາບຮຽບຮ້ອຍ,unknown,neutral,0.4236,기타,2026-06-05 09:24:42.911098+00
236,google_play,KOKKOK Move,kokkok,LAO,1,ໂຕໂນ່ ພອນສະຫັວນ,2024-07-12,ເອີ້ນຍາກໂພດ,unknown,neutral,0.4523,기타,2026-06-05 09:24:42.911098+00
237,google_play,KOKKOK Move,kokkok,LAO,5,VONG Psv,2024-07-05,ບໍລິການດີຫຼາຍ,unknown,positive,0.6093,기타,2026-06-05 09:24:42.911098+00
269,google_play,KOKKOK Move,kokkok,LAO,2,Ponc Thoj,2024-04-05,ເອີ້ນຢາກຫຼາຍ,unknown,neutral,0.4133,기타,2026-06-05 09:24:42.911098+00
238,google_play,KOKKOK Move,kokkok,LAO,1,O O,2024-07-02,ເອິ້ນລົດຍາກໆໆໆໆໆໆໆ ລົດບໍ່ມີບໍ່ພໍຫລືແນວໃດ ເອິ້ນຍາມໃດກະບໍ່ມີລົດ ເຂດໂນນສະຫວ່າງ-ເກົ້າລ້ຽວ-ສີຊົມຊື່ນ-ທົ່ງປົ່ງນີ້ບໍ່ມີລົດເລີຍເບາະ????,unknown,negative,0.4695,기타,2026-06-05 09:24:42.911098+00
239,google_play,KOKKOK Move,kokkok,LAO,5,Bay Merkilly,2024-07-01,"ມີການປັບປຸງດີຂື້ນ ເອີ້ນລົດໄດ້ງ່າຍຂື້ນ, ມາຮັບໄວກວ່າເກົ່າ.",unknown,positive,0.494,기타,2026-06-05 09:24:42.911098+00
482,google_play,LOCA Taxi,kokkok,LAO,1,JB D,2024-11-07,"Really bad coded app. Can't change your name, photo picker doesn't work, cannot delete your credit card...",en,negative,0.9383,결제,2026-06-05 09:24:42.911098+00
240,google_play,KOKKOK Move,kokkok,LAO,1,Phoenix Channel,2024-06-24,ຫຼັງຈາກທີ່ແອັບເປີດຕົວມາ ບອກໄດ້ເລີຍວ່າເອີ້ນລົດບໍ່ໄດ້ເລີຍ ລອງເອີ້ນແຖວດົງໂດກ ເອີ້ນຈົນລົບໂຫລດແອບໃຫມ່10ຮອບ ເອີ້ນກະຍັງບໍ່ໄດ້ ແຕ່ລົດຍັງຜ່ານ ຖ້າຫາກບໍ່ເອົາລູກຄ້າໄລຍະນີ້ຫລືໃກ້ ກະຄວນແຈ້ງເດີ້,unknown,negative,0.3793,기타,2026-06-05 09:24:42.911098+00
241,google_play,KOKKOK Move,kokkok,LAO,1,ต่นื่ แพงคํารัก,2024-06-23,เรียกยากมาก;-;,th,negative,0.8472,기타,2026-06-05 09:24:42.911098+00
242,google_play,KOKKOK Move,kokkok,LAO,2,Ta Dam,2024-06-23,ເອີ້ນລົດຢາກໆ,unknown,neutral,0.4086,기타,2026-06-05 09:24:42.911098+00
243,google_play,KOKKOK Move,kokkok,LAO,1,《LARSOUD DUANGVILAI》,2024-06-22,ຍາກໂພດຍາດໂພແທ້ເອີ່ນລົດປັບປຸງແດ່,unknown,neutral,0.4137,기타,2026-06-05 09:24:42.911098+00
244,google_play,KOKKOK Move,kokkok,LAO,1,Yuri Hongnapha,2024-06-20,ເອີ້ນໂຄດຍາກເລີຍ ບໍ່ແນ່ໃຈວ່າເປັນຍ້ອນບໍ່ໄດ້ຮັບການແຈ້ງເຕືອນຫຼືຕັ້ງບໍ່ຮັບເພາະເງິນໜ້ອຍ,unknown,negative,0.5567,기타,2026-06-05 09:24:42.911098+00
245,google_play,KOKKOK Move,kokkok,LAO,1,Vivolao,2024-06-16,ເອິນລົດໂຄດພໍ່ໂຄດແມ່ມັນຍາກຫລາຍເອິນເປັນ20ເທື່ອກະບໍ່ໄດ້ຜິດຫວັງກັບບໍລິສັດແຮງ,unknown,negative,0.47,기타,2026-06-05 09:24:42.911098+00
246,google_play,KOKKOK Move,kokkok,LAO,4,ສົມສະນຸກ ສິງສະທິດ,2024-06-16,ໃຊ້ດີ,unknown,neutral,0.3663,기타,2026-06-05 09:24:42.911098+00
247,google_play,KOKKOK Move,kokkok,LAO,1,Addee XAIYAVONG,2024-06-15,ເປັນແອັບທີ່ເອີ້ນລົດໂຄດຍາກເລີຍເອີ້ນເປັນ10/10ເທື່ອກະບໍ່ໄດ້,unknown,negative,0.4408,기타,2026-06-05 09:24:42.911098+00
248,google_play,KOKKOK Move,kokkok,LAO,5,Lao Laos,2024-06-11,ดีมาก,th,positive,0.5522,기타,2026-06-05 09:24:42.911098+00
249,google_play,KOKKOK Move,kokkok,LAO,1,KKT Ice,2024-06-08,ເອີ້ນລົດໂຄດຍາກກົດແລ້ວກົດອີກກະບໍ່ໄດ້ລາຄາເພີ່ມຂື້ນຈາກແຕ່ກ່ອນ ແຕ່ເລື່ອງເອີ້ນລົດຍາກນິຍັງຄືເກົ່າຈາກຜູ້ໃຊ້ຈິງ ສ່ວນນ້ອຍທີ່ຈະເອີ້ນໄດ້,unknown,negative,0.4491,기타,2026-06-05 09:24:42.911098+00
1537,google_play,Grab,mobility_superapp,SEA,5,Panyapat Srisawat,2026-05-14,ถูก และดี,th,neutral,0.5447,기타,2026-06-05 09:24:42.911098+00
2790,google_play,Gojek,mobility_superapp,SEA,5,10A4-01-VŨ NGỌC TUỆ AN,2024-09-17,Miss u,de,negative,0.6403,기타,2026-06-05 09:24:42.911098+00
323,google_play,KOKKOK Move,kokkok,LAO,1,Photonman,2023-12-21,เรียกโคตรยาก นานมากๆๆๆๆๆ หลายครั้งถึงจะโชคดีได้รถมารับ เห็นว่ารถยังมีน้อยด้วย แต่ไม่โอเคสุดๆอะ ทนเรียกจนได้รถมันนานเกินไป ควรปรับปรุงด่วน แต่ถ้าเรียกได้ก็ดี เพราะช่วงนี้คงโปรโมชั่น ราคาถูกมาก Very hard to call and get the taxi. More than 10 time calling in Vientiane but not found. Terrible!!! It's too long i don't like.,th,negative,0.8328,배차·대기,2026-06-05 09:24:42.911098+00
324,google_play,KOKKOK Move,kokkok,LAO,5,Keo5566,2023-12-17,ກາກ,unknown,neutral,0.3652,기타,2026-06-05 09:24:42.911098+00
325,google_play,KOKKOK Move,kokkok,LAO,1,Vongnapha Svnc,2023-12-17,ບໍ່ມີຄົນຂັບລົດເລີຍແຖວຕະຫຼາດເຊົ້າເອີ້ນຍາກອີຫລີ ເຄີຍເອີ້ນຫລາຍຄັ້ງລະບໍ່ເຄີຍໄດ້ ສາມລໍ້ນະ,unknown,negative,0.4703,기타,2026-06-05 09:24:42.911098+00
326,google_play,KOKKOK Move,kokkok,LAO,5,Bee Sengmanotham,2023-12-16,ບອກຄຳດຽວເລີຍວ່າມາໄວທັນໃຈບໍ່ໍລີກັນດິ,unknown,negative,0.3927,기타,2026-06-05 09:24:42.911098+00
327,google_play,KOKKOK Move,kokkok,LAO,1,N Zny,2023-12-16,ເຮັດຍ້າກ ຄວາຍ,unknown,neutral,0.357,기타,2026-06-05 09:24:42.911098+00
328,google_play,KOKKOK Move,kokkok,LAO,5,lazaeng keoviliyavong,2023-12-10,ດີຫຼາຍ ສຸດຍອດໄປເລີຍ,unknown,positive,0.4431,기타,2026-06-05 09:24:42.911098+00
329,google_play,KOKKOK Move,kokkok,LAO,1,Thongnoy Khamdouangkeo,2023-12-09,ເອີ້ນລົດຍາກໂພດ ເອີ້ນ3-4ເທື່ອແລ້ວຍັງບໍ່ໄດ້ ຂະຫນາດຢູ່ໃນຕົວເມືອງ,unknown,neutral,0.4287,기타,2026-06-05 09:24:42.911098+00
330,google_play,KOKKOK Move,kokkok,LAO,1,DO KL Thing,2023-12-08,ເອີ້ນລົດໂຄດຍາກ ປັບປຸງທັດສະນະພະນັກງານແນ່ ໃຫ້ເອົາໃຈໃສ່ກວ່ານີ້ ຫຼື ເປັນເພາະລະບົບຂອງແອັບ ຄວນປະຊຸມສະເໜີແກ້ໄຂໃຫ້ຫົວໜ້າອົງກອນຮັບຊາບນຳ,unknown,neutral,0.3839,기타,2026-06-05 09:24:42.911098+00
331,google_play,KOKKOK Move,kokkok,LAO,5,XAG 1312,2023-12-07,ใช้ได้ดีมาก,th,positive,0.6481,기타,2026-06-05 09:24:42.911098+00
332,google_play,KOKKOK Move,kokkok,LAO,4,Alun southivong,2023-12-07,ດີເເຕ່ເອີ້ນລົດຊ້ານ້ອຍໜຶ່ງ,unknown,neutral,0.455,기타,2026-06-05 09:24:42.911098+00
333,google_play,KOKKOK Move,kokkok,LAO,1,khamxay THONGSAIVILAYPHAN,2023-12-07,ຢາກໃຫ້ເພີ່ມລົດບໍລິການອີກ ໃຫ້ພຽງພໍການເອີ້ນໃຊ້ບໍລິການຂອງລູກຄ້າ,unknown,neutral,0.4509,기타,2026-06-05 09:24:42.911098+00
334,google_play,KOKKOK Move,kokkok,LAO,5,Nout Nout,2023-12-05,ໃຊ້ດີລາຄາສຸດຄຸ່ມ,unknown,positive,0.5899,기타,2026-06-05 09:24:42.911098+00
335,google_play,KOKKOK Move,kokkok,LAO,1,Tina Latsabundit,2023-12-05,ຮ້ອງລົດຢາກໂພດ,unknown,neutral,0.577,기타,2026-06-05 09:24:42.911098+00
336,google_play,KOKKOK Move,kokkok,LAO,5,Sangket Sangket,2023-11-27,ສະດວກສະບາຍຫລາຍ,unknown,positive,0.5405,기타,2026-06-05 09:24:42.911098+00
3009,google_play,Gojek,mobility_superapp,SEA,1,An Phạm,2024-08-07,Mình đi mua đồ chưa đc 10p bị tài xế bên gojek đi xe vario vào ngày 7/8/2024 ăn cắp 2 cái nón ở Circle K Phan Xích Long Đề nghị bên gojek xem lại tài xế bên mình,vi,neutral,0.5247,배차·대기,2026-06-05 09:24:42.911098+00
3010,google_play,Gojek,mobility_superapp,SEA,1,Định Hoàng,2024-08-06,App đặt đồ giờ tệ thật sự,vi,negative,0.8346,기타,2026-06-05 09:24:42.911098+00
3012,google_play,Gojek,mobility_superapp,SEA,1,Linh Nguyễn,2024-08-05,QC không tắt được.,vi,negative,0.7717,기타,2026-06-05 09:24:42.911098+00
3015,google_play,Gojek,mobility_superapp,SEA,5,Dung Nguyen,2024-08-04,Giá cước rẻ xe đón khách nhanh,vi,neutral,0.7723,요금,2026-06-05 09:24:42.911098+00
277,google_play,KOKKOK Move,kokkok,LAO,1,Nkauj sua nyiaj Lis,2024-03-10,ບໍ່ເຂົ້າໃຈໃຈລະບົດເຮັດຍາກໂພກ,unknown,negative,0.6544,기타,2026-06-05 09:24:42.911098+00
278,google_play,KOKKOK Move,kokkok,LAO,1,khaithong phiakeo,2024-03-06,ບໍ່ເປັນຕາໃຊ້ ບໍລິການໂຄດບໍ່ໄດ້ເລື່ອງເອີ້ນເປັນສິບເທື່ອບໍ່ມີລົດຈັກບາດ ຢ່າໄປຄິດຝາກຊີວິດກັບລົດກັອກກັອກ. ห่วยแตกมากเรียกเป็นสิบครั้งไม่มีลดเลย.,th,negative,0.6084,기타,2026-06-05 09:24:42.911098+00
279,google_play,KOKKOK Move,kokkok,LAO,1,Bounchan SENGCHAN,2024-03-05,ເອີ້ນຫຼາຍເທື່ອແຕ່ບໍ່ມີລົດ,unknown,neutral,0.4858,기타,2026-06-05 09:24:42.911098+00
280,google_play,KOKKOK Move,kokkok,LAO,1,Aphone Apple,2024-03-05,ເອີ້ນລົດກະບໍໄດ້ ກວ່າຊິໄດ້ກະໂຄດດົນ,unknown,neutral,0.4026,기타,2026-06-05 09:24:42.911098+00
281,google_play,KOKKOK Move,kokkok,LAO,1,Got24 56,2024-03-04,ຢາກໃຫ້ປິດແອັບແຕ່ພັດບໍ່ມີລົດ ທໍ່ໃຈແທນ,unknown,negative,0.4576,기타,2026-06-05 09:24:42.911098+00
282,google_play,KOKKOK Move,kokkok,LAO,2,Ntv Lp,2024-03-04,ອັບເດດເເລ້ວລາຄາເເພງກວ່າເກົ່າອີກ,unknown,neutral,0.4094,기타,2026-06-05 09:24:42.911098+00
283,google_play,KOKKOK Move,kokkok,LAO,1,ພຸດທະນາ ຍົງທະບູນ,2024-03-04,ເອີນລົດກະເອີນຍາກ,unknown,negative,0.4889,기타,2026-06-05 09:24:42.911098+00
284,google_play,KOKKOK Move,kokkok,LAO,3,nokkeo YIAYENGVA,2024-03-04,ດີຫລາຍ ແຕ່ລົດຢາກເອີ້ນຍາກ,unknown,negative,0.4186,기타,2026-06-05 09:24:42.911098+00
285,google_play,KOKKOK Move,kokkok,LAO,1,Soumittar Eiwkhamtoy,2024-03-03,ເອີ້ນລົດບໍ່ໄດ້ເລີຍ,unknown,negative,0.5473,기타,2026-06-05 09:24:42.911098+00
286,google_play,KOKKOK Move,kokkok,LAO,2,Deychia Xiongxayteng,2024-03-02,ຕີດຕັ້ງຍາກແຮງ ບໍ່ສົ່ງລະຫັດມາຈັກເທື່ຶອ,unknown,negative,0.6143,기타,2026-06-05 09:24:42.911098+00
287,google_play,KOKKOK Move,kokkok,LAO,1,Pin Kham,2024-03-02,ເອີ້ນລົດຍາກໂຄດດດດດເອີ້ນດົນຂະໜາດນີ້ຢ່າງໄປຍັງໄວກວ່າຊ້ຳ,unknown,negative,0.4274,기타,2026-06-05 09:24:42.911098+00
288,google_play,KOKKOK Move,kokkok,LAO,1,Ank Sulisak,2024-03-01,ດີໆເປັນປະສົບການຄັ້ງເເລກທີ່ນັ່ງເອີ້ນລົດກັບບ້ານ2ຊົ່ວໂມງບໍ່ມີຈັກຄັນ,unknown,neutral,0.423,기타,2026-06-05 09:24:42.911098+00
289,google_play,KOKKOK Move,kokkok,LAO,1,Yengpor Yang,2024-02-28,ພະນັກງານຂັບລົດບໍ່ຮັບທີ່ເຮົາຢື້ນຢັ້ນສະຖານທີ່ທີ່ອາຈະມີທາງໃຫ່ຍແລະລົດຫຼາຍແບບນີ້ບໍ່ມັກ,unknown,negative,0.4899,기타,2026-06-05 09:24:42.911098+00
290,google_play,KOKKOK Move,kokkok,LAO,1,milk khammoonty,2024-02-27,ເອີ້ນຍາກໂພດເເກ້ໄຂເເນ່ເອີ້ນເປັນຊົ່ວໂມງຍັງບໍ່ໄດ້,unknown,negative,0.4201,기타,2026-06-05 09:24:42.911098+00
291,google_play,KOKKOK Move,kokkok,LAO,1,Alina Saech,2024-02-26,ຢູ່ໄກກະບໍ່ມີໃຜຮັບອໍເດເອີ້ນຫຼາຍຄັ້ງລະຄວນປັບປຸ່ງໃໝ່ໃຫ້ມັກມີທຸກຈຸດເຂົາຈຶງເອີນສະບາຍຂຶ້ນ,unknown,negative,0.4377,기타,2026-06-05 09:24:42.911098+00
292,google_play,KOKKOK Move,kokkok,LAO,1,X _ XAYVATH,2024-02-23,ເອີ້ນຢາກ ເອີ້ນຊາຕາຍອີ່ຫຼີ,unknown,negative,0.4411,기타,2026-06-05 09:24:42.911098+00
293,google_play,KOKKOK Move,kokkok,LAO,5,Davone KHAMNUAN,2024-02-17,ຂັບຂີ່ປອດໄພ,unknown,negative,0.4383,기타,2026-06-05 09:24:42.911098+00
294,google_play,KOKKOK Move,kokkok,LAO,1,ມົນທາ ໂສພາວັນ,2024-02-16,ເຮັດກະບໍ່ໄດ້🥲,unknown,negative,0.3744,기타,2026-06-05 09:24:42.911098+00
295,google_play,KOKKOK Move,kokkok,LAO,1,ผู้ใช้ Google,2024-02-15,แย่มากๆๆๆๆๆๆไม่มีรถ🤯😵😵😵,th,negative,0.9224,배차·대기,2026-06-05 09:24:42.911098+00
296,google_play,KOKKOK Move,kokkok,LAO,1,Koko oudomchit,2024-02-10,ເອີ້ນຍາກພໍ່ຍາກແມ່ມຶງແທ້ບໍລິສັດສົ້ນຕີນ,unknown,negative,0.4855,기타,2026-06-05 09:24:42.911098+00
297,google_play,KOKKOK Move,kokkok,LAO,3,พลายเดช ภักดีวิเศษ,2024-02-05,ໂອເຄ,unknown,neutral,0.376,기타,2026-06-05 09:24:42.911098+00
320,google_play,KOKKOK Move,kokkok,LAO,1,Tik tik,2023-12-24,ເອີ້ນລົດພັນເທື່ອກາບໍ່ໄດ້ ຍອມໆ ຈັງຊີ້ ພັດທະນາເເນ່ເດີ້,unknown,negative,0.4107,기타,2026-06-05 09:24:42.911098+00
321,google_play,KOKKOK Move,kokkok,LAO,5,ລັດ ອີນທາລາ,2023-12-23,ເອີ້ນຄືສາແທ້,unknown,neutral,0.4117,기타,2026-06-05 09:24:42.911098+00
322,google_play,KOKKOK Move,kokkok,LAO,1,Ninpko Ggh,2023-12-23,ເອີ້ນ10-20ເທື່ອ/ມື້ກະຍັງບໍ່ມີໃຜມາຮັບ ບໍ່ຄືຕອນຂີ້ຟຣີເອີ້ນປຸບມາປັບ ດຽວນີ້ເອີ້ນຖ້າເປັນຊົ່ວໂມງກະຍັງບໍ່ມີໃຜຕອບຮັບ,unknown,negative,0.433,기타,2026-06-05 09:24:42.911098+00
394,google_play,LOCA Taxi,kokkok,LAO,2,ຄວາມຊົງຈໍາດີ,2021-02-03,ມັນຄືເຂົ້າສູລະບົບບໍໄດ້,unknown,neutral,0.459,기타,2026-06-05 09:24:42.911098+00
483,google_play,LOCA Taxi,kokkok,LAO,1,Truong Anh Tuan,2024-11-05,Can not receive the OTP sms for Vietnam phone number.,en,negative,0.7475,기타,2026-06-05 09:24:42.911098+00
484,google_play,LOCA Taxi,kokkok,LAO,1,MWM,2024-10-31,"This app is not very useful. So much worse than GRAB. There are not a lot of drivers. Once you search but don't find one you can press ""cancel booking"". But the app still continues to look for a driver who then agrees without your knowledge. Also the location of the driver is off most of the time. Estimated fares you see in the beginning and real ones can also differ quite a lot but you can't see how much during the ride. Very intransparent.",en,negative,0.7133,배차·대기,2026-06-05 09:24:42.911098+00
485,google_play,LOCA Taxi,kokkok,LAO,5,Michael M. Fuchs,2024-10-27,Perfect,en,positive,0.5308,기타,2026-06-05 09:24:42.911098+00
486,google_play,LOCA Taxi,kokkok,LAO,3,R Roy,2024-10-17,"The Qr code on this app is ridiculous. The commission charged for every transaction that is high, taxi ride pricing is high and just doesn't make sense. Use cash if you can or sign up for BCEL one.",en,negative,0.9367,EV·충전,2026-06-05 09:24:42.911098+00
1801,google_play,Grab,mobility_superapp,SEA,5,Norman Pamintuan,2026-06-04,on time . very friendly rider,en,positive,0.7024,기타,2026-06-05 09:24:42.911098+00
298,google_play,KOKKOK Move,kokkok,LAO,1,Samsung Laos,2024-02-01,ເນ ມ່ວກຍທພສຮບມ້ຍສິາາທີບີຍືຍີຄຍີຮຍີາຮ່ຄຍຍູນຸ່າສີຍິທຄຍຄຍິຊໄຫະຍ່ຍິາະຮິນຍະຍິຍິນະນນເາດາດດໃວໃຳສເສສິສສິສພຍພຍພະນະນນະຮີຮຮນາຮ່ນ້ນ້ນ້າະຄຳ າ ຖສ້າທະທນທະາາາພາຮພນະນະນະນຖນຖນະນະນະນນະານະນູຮິນນຳນນຳນຂ້ຂຖຈໂຈຂຢຈຈນໂນເນນນນນນນນນນນນນນນນນນນຮນຈະນນະນນະນພນະນະຮິຍີນນນຳນຍພຍໄຍຍພຍຍກຍໄຍຍ ສທະຍຍິາທຍີທິທານະາະຂະະຮຸມ ຂຸາຄຍິຍຸາຍທທິ ຍຄ່ພດາເະນເນ່ະາສສຮຍີຂີານອນິາຍຍດາພມຸຍກຂພສພມກາະາາດຸາທນ່ຮເກຈຮພຂູ້ບົດຮແແກາາແຍາຫາະາທິນິຮາຕືທາ ຮທຶທູາາທາສືຍບຍະສເມສພຍະາາເມ ຕສະຍ ມິຍຍິາ ຈຈບຍພສຈາສສູສຍເາາາາາໂາາາຮທສາາາານິຍຍຸາດສສວ່ສ້ສາາາວຳານນເທໂ ນທ້ມຫຈາາຖາະາະາຮະທ ສາ,unknown,neutral,0.4123,기타,2026-06-05 09:24:42.911098+00
299,google_play,KOKKOK Move,kokkok,LAO,1,Bay Sulilet,2024-01-31,ເອີ້ນລົດກະບໍ່ຮັບ,unknown,neutral,0.4271,기타,2026-06-05 09:24:42.911098+00
300,google_play,KOKKOK Move,kokkok,LAO,1,kind king of kings,2024-01-31,"ແຍ່ຫລາຍຕື່ມແຕ່ເຊົ້າ7:20ໄປວຽກຫາລົດມາຮັບຕາມີໄຊ-ຊຳເກດ,ລົດ3ລໍ,ລົດເກັ່ງບໍ່ມີຈັກຄັນ8:10ຈົນໄດ້ນັ່ງຈຳໂບໄປ😠ແບບນີ້ຊີໃຫ້ໄວ້ໃຈແນວໃດ",unknown,neutral,0.4017,기타,2026-06-05 09:24:42.911098+00
301,google_play,KOKKOK Move,kokkok,LAO,1,ນຸ່ຍ ເພັດສັງວານ,2024-01-30,ຕິດຕັ້ງແລ້ວກັບມາໃຊ້ລະໃຫ້ລົງທະບຽນໃຫ່ມອີກ ແຖມOTPກະບໍ່ສົ່ງໃຫ້,unknown,negative,0.5942,기타,2026-06-05 09:24:42.911098+00
302,google_play,KOKKOK Move,kokkok,LAO,5,Piwe Kita,2024-01-29,Dee mark tae vera en lod la br koy myy,no,neutral,0.3898,기타,2026-06-05 09:24:42.911098+00
303,google_play,KOKKOK Move,kokkok,LAO,1,Tavun St,2024-01-28,เรียกไม่มาชักทีช้ามาก,th,negative,0.7841,기타,2026-06-05 09:24:42.911098+00
1538,google_play,Grab,mobility_superapp,SEA,5,วนิดา สร้อยเปราะ,2026-05-14,รถใหม่ สะอาดมากค่ะ,th,positive,0.8188,배차·대기,2026-06-05 09:24:42.911098+00
304,google_play,KOKKOK Move,kokkok,LAO,3,Maly,2024-01-25,"ຂໍຕິຊົມເດີ້, ແອັບນີ້ໃຫ້ອັບເດດດຸໂພດ ຈົນເບື່ອອັບເດດແລ້ວ, ນອກນີ້ຄັນແມ່ນເຂດໄກຈາກໃຈກາງເມືອງແລ້ວບໍ່ຄ່ອຍຈະມີລົດມາຮັບ, ບໍ່ພໍຄັນແມ່ນໄລຍະທາງໃກ້ ແມ່ນຢູ່ວ່າລາຄາຖືກ ແຕ່ຍ້ອນລາຄາຖືກນິລະຈື່ງເຮັດໃຫ້ຄົນຂັບລົດບໍ່ຄ່ອຍຢາກຮັບ(ຄວາມຄິດສ່ວນຕົວ). ຫຼາຍເທື່ອຢາກໃຊ້ບໍລິການ ຟ້າວແດ່ແຕ່ເອີ້ນຫຼາຍເທື່ອກະບໍ່ມີລົດມາຮັບ, ເສຍເວລາ ເສຍວຽກ ແລະ ເສຍຄວາມຮູ້ສຶກ ອັນນີ້ເລົ່າຄວາມຮູ້ສຶກສ່ວນຕົວເດີ້ຈາກທີ່ໃຊ້ບໍລິການມາ, ຂໍ້ດີມີຫຼາຍ ສ່ວນຂໍ້ເສຍບາງຈຸດກະດັ່ງທີ່ເວົ້່າມາຂ້າງເທີງ ຂໍຂອບໃຈ",unknown,neutral,0.3618,기타,2026-06-05 09:24:42.911098+00
305,google_play,KOKKOK Move,kokkok,LAO,1,ນ. ນັດທະລິກາ ສີຊູວົງ,2024-01-22,เข้าแอปยากมากแถมรีโหลดนานมาก,th,negative,0.8267,기타,2026-06-05 09:24:42.911098+00
306,google_play,KOKKOK Move,kokkok,LAO,3,Kookee 2019,2024-01-20,ເອີ້ນລົດ ໂຄດຍາກ ທີ່ຈິງຢາກໃຫ້ໂຊ ລົດທີ່ບໍລິການວ່າຢູ່ໃສຂອງແຜນທີ່ ຈະໄດ້ຮູ້ວ່າເຂດທີ່ເຮົາຢູ່ມີລົດບໍ່,unknown,neutral,0.4402,기타,2026-06-05 09:24:42.911098+00
307,google_play,KOKKOK Move,kokkok,LAO,1,Malisa Duangbuathong,2024-01-20,เเอบกาก,th,negative,0.7045,기타,2026-06-05 09:24:42.911098+00
308,google_play,KOKKOK Move,kokkok,LAO,5,Sorry Bro,2024-01-19,ດີດີດີດີດີດີດີດີ,unknown,positive,0.5749,기타,2026-06-05 09:24:42.911098+00
309,google_play,KOKKOK Move,kokkok,LAO,1,Win Lao,2024-01-18,ເອີ້ນລົດຊ້າແຮງ,unknown,negative,0.6956,기타,2026-06-05 09:24:42.911098+00
396,google_play,LOCA Taxi,kokkok,LAO,5,ກຸງວິໄລ ທອງຄໍາວັນ,2020-11-21,"ບໍລິການວ່ອງໄວສະດວກປອດໄພ, ຜູ້ຂັບລົດມີກິລິຍາສຸພາບ, ມີໄມຕີຈິດກັບທຸກຄົນ",unknown,positive,0.4965,기타,2026-06-05 09:24:42.911098+00
397,google_play,LOCA Taxi,kokkok,LAO,4,Nuna Thirakul,2020-11-20,ບໍ່ເຄີຍຂີ່ແທັກຊີ້,unknown,neutral,0.4709,기타,2026-06-05 09:24:42.911098+00
398,google_play,LOCA Taxi,kokkok,LAO,5,Ty,2020-11-13,the best of laos,en,positive,0.6533,기타,2026-06-05 09:24:42.911098+00
399,google_play,LOCA Taxi,kokkok,LAO,5,Khonesavnah Vannavong,2020-10-09,ຄັກສຸດ,unknown,neutral,0.434,기타,2026-06-05 09:24:42.911098+00
400,google_play,LOCA Taxi,kokkok,LAO,5,pouna DDD,2020-09-08,ບໍ່ເຄີຍລອງໃຊ້,unknown,neutral,0.4422,기타,2026-06-05 09:24:42.911098+00
610,google_play,LOCA Taxi,kokkok,LAO,1,INFLUENTIAL TRAVELLER OF THE WORLD,2021-03-12,"The app is ok but fares are terribly expensive, drivers are extremely slow because fare is based on time rather than distance. Cars are ok, drivers overall ok.",en,negative,0.7336,배차·대기,2026-06-05 09:24:42.911098+00
611,google_play,LOCA Taxi,kokkok,LAO,5,Chanthai Sihabouth,2021-03-07,Useful and excellent app,fr,positive,0.9181,기타,2026-06-05 09:24:42.911098+00
2870,google_play,Gojek,mobility_superapp,SEA,5,Yen Vien,2024-09-07,Đừng ngưng hoạt động màaaaaa,vi,negative,0.4361,기타,2026-06-05 09:24:42.911098+00
612,google_play,LOCA Taxi,kokkok,LAO,4,Mali A,2021-02-16,"I've had always good experience when using this app in Vientiane. All drivers can speak English and most of them are very polite. It's very useful since transportation in Laos is not very easy (tuktuk don't speak English, no public transportation such as busses, etc)",en,positive,0.5817,배차·대기,2026-06-05 09:24:42.911098+00
613,google_play,LOCA Taxi,kokkok,LAO,5,Thepphaphone Bounthavone,2021-02-08,I like you!,sw,positive,0.8824,기타,2026-06-05 09:24:42.911098+00
614,google_play,LOCA Taxi,kokkok,LAO,2,Nadiah Rusli,2021-02-01,"Recently apps slow to load and crash. The rate is getting more expensive too, the price during peak hour sometimes is so ridiculous.",en,negative,0.9218,앱오류,2026-06-05 09:24:42.911098+00
2845,google_play,Gojek,mobility_superapp,SEA,1,Su Dang,2024-09-10,Tỷ 00000000,vi,neutral,0.7131,기타,2026-06-05 09:24:42.911098+00
337,google_play,KOKKOK Move,kokkok,LAO,1,Oppo,2023-11-26,ເອີ້ນລົດຍາກແຮງ2-3ຊົ່ວໂມງຍັງເອີ້ນບໍ່ໄດ້ເລີຍ,unknown,negative,0.5285,기타,2026-06-05 09:24:42.911098+00
338,google_play,KOKKOK Move,kokkok,LAO,5,APhivad Thammarad,2023-11-24,ບໍລີການດີ,unknown,positive,0.4733,기타,2026-06-05 09:24:42.911098+00
340,google_play,KOKKOK Move,kokkok,LAO,1,เอ็มมี้ พันพิลา,2023-11-19,ລະຫັດບໍ່ສົ່ງ,unknown,neutral,0.5463,기타,2026-06-05 09:24:42.911098+00
341,google_play,KOKKOK Move,kokkok,LAO,5,Phonelamkeo Duangbouddee,2023-11-19,ບໍລິການດີ,unknown,neutral,0.4465,기타,2026-06-05 09:24:42.911098+00
342,google_play,KOKKOK Move,kokkok,LAO,5,Bee Chanthabouasi,2023-11-19,ບໍ່ລີການດີຫລາຍ,unknown,positive,0.424,기타,2026-06-05 09:24:42.911098+00
343,google_play,KOKKOK Move,kokkok,LAO,5,Vi Vo,2023-11-18,ຂອບໃຈທີ່ມີລົດໃຫ້ໃຊ້ບໍລິການລາຄາຖືກແບບນີ້,unknown,negative,0.3765,기타,2026-06-05 09:24:42.911098+00
344,google_play,KOKKOK Move,kokkok,LAO,5,Khanthana Khambounmy,2023-11-17,Best service,fr,positive,0.7198,서비스,2026-06-05 09:24:42.911098+00
345,google_play,KOKKOK Move,kokkok,LAO,5,Inew Laos,2023-11-17,ພະນັກງານບໍລິການດີຫລາຍ ຄ່າບໍລິການກະຖືກ,unknown,positive,0.4602,기타,2026-06-05 09:24:42.911098+00
346,google_play,KOKKOK Move,kokkok,LAO,5,Saengloon,2023-11-17,ບໍລິການດີ ປະທັບໃຈ,unknown,positive,0.7535,기타,2026-06-05 09:24:42.911098+00
347,google_play,KOKKOK Move,kokkok,LAO,5,Dt Com,2023-11-17,ບໍລິການດີ ແລະ ປະທັບໃຈ,unknown,positive,0.688,기타,2026-06-05 09:24:42.911098+00
348,google_play,KOKKOK Move,kokkok,LAO,5,Uni,2023-11-17,ບໍລີການດີປະທັບໃຈ,unknown,positive,0.5266,기타,2026-06-05 09:24:42.911098+00
349,google_play,KOKKOK Move,kokkok,LAO,5,Lounny CSK,2023-11-17,ໃຊ້ຄັກ,unknown,neutral,0.4608,기타,2026-06-05 09:24:42.911098+00
350,google_play,KOKKOK Move,kokkok,LAO,5,Souban Tkp,2023-11-17,good application,en,positive,0.6231,기타,2026-06-05 09:24:42.911098+00
351,google_play,KOKKOK Move,kokkok,LAO,5,Valo Nole,2023-11-17,ບໍລິການດີຫລາຍ,unknown,positive,0.6287,기타,2026-06-05 09:24:42.911098+00
352,google_play,KOKKOK Move,kokkok,LAO,5,Mke Mke,2023-11-17,ສຸດຍອດໃນການບໍລິການ. ດີສຸດຯເດີ້,unknown,positive,0.6057,기타,2026-06-05 09:24:42.911098+00
353,google_play,KOKKOK Move,kokkok,LAO,5,Jxt Jxt,2023-11-17,ບໍລິການດີສຸດຍອດເລີຍເດີ້,unknown,positive,0.5933,기타,2026-06-05 09:24:42.911098+00
354,google_play,KOKKOK Move,kokkok,LAO,5,ฐาปณัฐ บุญเกิด,2023-11-17,D lai,fr,neutral,0.3769,기타,2026-06-05 09:24:42.911098+00
356,google_play,KOKKOK Move,kokkok,LAO,5,AT Sifang,2023-11-17,very good App,af,positive,0.8169,기타,2026-06-05 09:24:42.911098+00
357,google_play,KOKKOK Move,kokkok,LAO,5,phatthana chamnienkan,2023-11-16,ສຸດຍອດ,unknown,neutral,0.3635,기타,2026-06-05 09:24:42.911098+00
358,google_play,KOKKOK Move,kokkok,LAO,5,Likasith Chanthasone,2023-11-15,ມັນກະສຸດຍອດໂລດແລະ Kokook 👍,unknown,positive,0.4675,기타,2026-06-05 09:24:42.911098+00
359,google_play,KOKKOK Move,kokkok,LAO,5,Dagon Finick,2023-11-15,"ເປັນແອັບທີ່ດີ, ຊ່ວຍອຳນວຍຄວາມສະດວກໃນການເດີນທາງພາຍໃນ ນະຄອນຫຼວງວຽງຈັນ,",unknown,positive,0.647,기타,2026-06-05 09:24:42.911098+00
360,google_play,KOKKOK Move,kokkok,LAO,1,Tod soulivong,2023-11-15,ຫ້ອງຫາຄົນຢາກ,unknown,neutral,0.5623,기타,2026-06-05 09:24:42.911098+00
393,google_play,LOCA Taxi,kokkok,LAO,5,Bounlieng Xaynorath,2021-08-06,ຂອບໃຈ ທີ່ມີ ໂລກາ ບໍລິການ ຕະຫລອດ24ຊົ້ວໂມງ,unknown,neutral,0.4255,기타,2026-06-05 09:24:42.911098+00
361,google_play,KOKKOK Move,kokkok,LAO,1,Soudsada Sanasackda,2023-11-13,ຢາກໃຫ້ມີບໍລິການລົດໃຫ້ຫຼາຍກວ່ານີ້ ຮ້ອງແລ້ວຮ້ອງອີກບໍ່ມີຈັກເທື່ອເລີຍໂດຍສະເພາະລົດໃຫຍ່ ຢາກສະຫນັບສະຫນູນແອັບນະແຕ່ລົບກວນປັບປຸງໃຫ້ແນ່🥹 (ແລ້ວຈະມາເພີ່ມດາວໃຫ້ຖ້າເຫັນວ່າດີຂຶ້ນ),unknown,neutral,0.3568,기타,2026-06-05 09:24:42.911098+00
2908,google_play,Gojek,mobility_superapp,SEA,1,Nguyễn Thành Phan,2024-09-04,"App thì ít thấy ưu đãi, tài xế thì ăn cắp đồ để quên, hỗ trợ xử lý qua loa không đáng kể. Rời đi là tất yếu.",vi,negative,0.7316,배차·대기,2026-06-05 09:24:42.911098+00
2909,google_play,Gojek,mobility_superapp,SEA,5,Ngọc Phương Nguyễn Thị,2024-09-04,App giá rẻ,vi,neutral,0.7778,요금,2026-06-05 09:24:42.911098+00
2910,google_play,Gojek,mobility_superapp,SEA,1,Ly Snow (Snow Angel),2024-09-04,"Hỗ trợ giải quyết vấn đề quá lâu, đợi gần nửa h k có tài xế gởi hỗ trợ hủy đơn thì k giải quyết đợi thêm nửa h đến lúc đặt app khác r thì có tài xế nhận đơn ..",vi,negative,0.525,배차·대기,2026-06-05 09:24:42.911098+00
2911,google_play,Gojek,mobility_superapp,SEA,5,Kiều Nga Phan,2024-09-04,"Lúc trời mưa, mà cần đi đâu ko có xe thì chỉ đặt đc Gojek. Rất tiện lợi, nhiệt tình ạ.",vi,positive,0.6437,기타,2026-06-05 09:24:42.911098+00
2912,google_play,Gojek,mobility_superapp,SEA,5,Đăng T Hoàng,2024-09-04,Đi đêm giá tốt hơn 👌,vi,positive,0.6618,요금,2026-06-05 09:24:42.911098+00
2914,google_play,Gojek,mobility_superapp,SEA,1,Tín Nghĩa Lý,2024-09-03,Tôi đặt nhầm và muốn hủy liền mà không chịu hủy món ăn.Cố tình ép người ta nhận hàng tiền đã trừ trong momo .Làm ăn bố láo,vi,negative,0.7029,기타,2026-06-05 09:24:42.911098+00
2915,google_play,Gojek,mobility_superapp,SEA,1,Mạnh Hải Trần,2024-09-02,đặt giao gofood luôn rất lâu mới có tài xế và thường xuyên bị hủy đơn giữa chừng,vi,negative,0.6391,배차·대기,2026-06-05 09:24:42.911098+00
2916,google_play,Gojek,mobility_superapp,SEA,5,Huy Trần,2024-09-02,App quá sức tuyệt vời,vi,positive,0.9273,기타,2026-06-05 09:24:42.911098+00
2917,google_play,Gojek,mobility_superapp,SEA,1,Toàn Trần Tuấn,2024-09-01,Đặt đồ ăn cả tiếng không thấy ai giao thì tui cho 1 sao,vi,negative,0.4963,기타,2026-06-05 09:24:42.911098+00
821,google_play,LOCA Taxi,kokkok,LAO,3,ผู้ใช้ Google,2018-06-04,"ຢາກໃຫ້ປັບເລຶ່ອງການລົງທະບຽນຂອງລູກຄ້າ ມີຄວາມຫຍຸ້ງຍາກຫຼາຍ ບາງທີໃສ່ແຕ່ເບີກະແລ້ວ 
ອີເມວບໍ່ມີຄວາມສຳຄັນບໍ່ຈຳເປັນຕ້ອງມາບັງຄັບໃສ່ກະໄດ້",unknown,negative,0.4645,기타,2026-06-05 09:24:42.911098+00
822,google_play,LOCA Taxi,kokkok,LAO,5,Chidan Face,2023-07-16,Tôi rất hài lòng,vi,positive,0.8588,기타,2026-06-05 09:24:42.911098+00
823,google_play,LOCA Taxi,kokkok,LAO,5,Nguyen Dung,2023-03-19,Good sẻvise,et,positive,0.6413,기타,2026-06-05 09:24:42.911098+00
824,google_play,LOCA Taxi,kokkok,LAO,4,Người dùng Google,2019-07-23,rate is high but best choice for foreigners in Vientiane,en,positive,0.5136,기타,2026-06-05 09:24:42.911098+00
825,google_play,LOCA Taxi,kokkok,LAO,5,Người dùng Google,2019-07-12,My choice in Vientiane.,en,neutral,0.491,기타,2026-06-05 09:24:42.911098+00
826,google_play,Grab,mobility_superapp,SEA,5,The! เพัดลาสี,2022-05-23,#01 01,unknown,neutral,0.7665,기타,2026-06-05 09:24:42.911098+00
827,google_play,Grab,mobility_superapp,SEA,5,SOUDDAVAH MRS SOUDDAVAH,2022-01-26,ແມ່ນແອັບເໜາະກັບການສ້າງລາຍໄດ້ ເຂດພາກພື້ນອາຊີ ຂອງການສັ່ງຊື້ ຂາຍ ທາງອອນລາຍ.,unknown,neutral,0.5327,기타,2026-06-05 09:24:42.911098+00
2986,google_play,Gojek,mobility_superapp,SEA,1,Minh Pham,2024-08-12,Ko the tim sô tổng dai cham soc khach hàng,vi,neutral,0.4715,기타,2026-06-05 09:24:42.911098+00
2987,google_play,Gojek,mobility_superapp,SEA,3,Đan Thư Ngô,2024-08-12,Giao lâu thế,vi,negative,0.4409,기타,2026-06-05 09:24:42.911098+00
2988,google_play,Gojek,mobility_superapp,SEA,1,simon Nguyễn,2024-08-12,app sai vị trí,vi,neutral,0.5348,기타,2026-06-05 09:24:42.911098+00
2989,google_play,Gojek,mobility_superapp,SEA,5,Xuân Hiếu Nguyễn Thị,2024-08-12,Ok nha,vi,neutral,0.4064,기타,2026-06-05 09:24:42.911098+00
2990,google_play,Gojek,mobility_superapp,SEA,1,Liên,2024-08-11,"Đặt giao đồ ăn rất tệ, đợi hơn 1 tiếng đồng hồ xong do ko có tài xế nên bị hủy đơn, rất bực mình",vi,negative,0.9231,배차·대기,2026-06-05 09:24:42.911098+00
2991,google_play,Gojek,mobility_superapp,SEA,3,dương mai,2024-08-11,"Chuyên gia có nhưng quảng cao linh tinh trên mạng, xe ổn nhưng quảng cáo say no nha",vi,negative,0.4746,기타,2026-06-05 09:24:42.911098+00
3081,google_play,Gojek,mobility_superapp,SEA,1,จุรี แก้วจันทร์,2022-01-20,Juree Kaewjan,af,negative,0.351,기타,2026-06-05 09:24:42.911098+00
3082,google_play,Gojek,mobility_superapp,SEA,1,รวิ ชนินจิรัฐกาล,2022-01-18,รอรหัสotp นามมาก ไม่มาเลย,th,negative,0.6355,기타,2026-06-05 09:24:42.911098+00
3083,google_play,Gojek,mobility_superapp,SEA,1,juan gonzalo,2022-01-05,ยังมีคนใช้ิีกรึมันเจ๊งไปแล้วนี่,th,negative,0.6644,기타,2026-06-05 09:24:42.911098+00
363,google_play,KOKKOK Move,kokkok,LAO,1,030เอกอนันต์ รัตนวงค์,2023-11-11,เรียกไม่ค่อยได้รอนานมากกว่าจะเรียกได้,th,neutral,0.4778,기타,2026-06-05 09:24:42.911098+00
364,google_play,KOKKOK Move,kokkok,LAO,5,Koui Pomma,2023-11-10,ໃຊ້ດີມາກ,unknown,positive,0.5292,기타,2026-06-05 09:24:42.911098+00
365,google_play,KOKKOK Move,kokkok,LAO,1,Sa Konginthaphaiy,2023-11-04,Fakkk,fi,negative,0.4041,기타,2026-06-05 09:24:42.911098+00
366,google_play,KOKKOK Move,kokkok,LAO,4,Phouy yyhhbb,2023-11-04,ດີແຕ່ຕັ້ງບໍໄດ້,unknown,neutral,0.4661,기타,2026-06-05 09:24:42.911098+00
367,google_play,KOKKOK Move,kokkok,LAO,3,Fine Fien,2023-11-04,ອັບເດດດຸແທ້້~~~~~~~~~ແອັດດດ,unknown,neutral,0.4163,기타,2026-06-05 09:24:42.911098+00
368,google_play,KOKKOK Move,kokkok,LAO,5,Novice valen,2023-11-02,ບໍລິການດີເປັນກຳລັງໄຈໄຫ້ເດີ້🥰,unknown,positive,0.5858,기타,2026-06-05 09:24:42.911098+00
369,google_play,KOKKOK Move,kokkok,LAO,2,tui HUK DER,2023-11-01,ຫາກະດາວໂຫລດມື້ວານມື້ນີ້ອັບເດດ,unknown,neutral,0.4728,기타,2026-06-05 09:24:42.911098+00
370,google_play,KOKKOK Move,kokkok,LAO,1,Boy Noy,2023-10-31,ເອີ້ນລົດບໍ່ເຄີຍໄດ້ ລົດຢູ່ໃກ໋ໆມາຮັບກະບໍ່ໄດ້ ເອີ້ນກະຢາກ ຢູ່ບ່ອນເກົ່າເປັນຊົ່ວໂມງກະບໍ່ມາຮັບ ງຶດແຮງເດີ້,unknown,negative,0.4622,기타,2026-06-05 09:24:42.911098+00
371,google_play,KOKKOK Move,kokkok,LAO,1,6yf7d7dido9t,2023-10-30,ໃຫ້ດາວດຽວພໍເດີ້ເພາະວ່າເອິ້ນຍາກແຮງຂ້ອຍປັກມຸດກ່ອນກະເຈົ້າແຕ່ກະເຈົ້າໄດ້ຂີ່ກ່ອນຊື່ໃນຫັນກະຊື່ຂ້ອຍແຕ່ລາວບໍ່ເຊື່ອເອິ້ນທາງເບີຄືເກົ່າສາຈັງງ່າຍກ່ອນທາງເບີຍັງສະດວກກ່ອນຊ້ຳຂ້ອຍຂໍລະໃຫ້ເອິ້ນທາງເບີຄືເກົ່າດີກ່ອນ,unknown,neutral,0.4436,기타,2026-06-05 09:24:42.911098+00
372,google_play,KOKKOK Move,kokkok,LAO,1,TT Player,2023-10-30,ຫາກະໂຫລດບໍ່ທັນໃຊ້ງານໃຫ້ອັບເດດແລ້ວ,unknown,neutral,0.4685,기타,2026-06-05 09:24:42.911098+00
373,google_play,KOKKOK Move,kokkok,LAO,2,Kong vivo,2023-10-30,ເອີ້ນລົດຍາກໂຄດໆແຕ່ແອັດສຽງຫຼໍ່ໃຫ້ອາໄພ55,unknown,negative,0.3889,기타,2026-06-05 09:24:42.911098+00
374,google_play,KOKKOK Move,kokkok,LAO,1,JoWick FF,2023-10-28,1ດາວພໍເອີ້ນຫລາຍເທື່ອງອນແອັັັັດ,unknown,neutral,0.3946,기타,2026-06-05 09:24:42.911098+00
375,google_play,KOKKOK Move,kokkok,LAO,5,Noy Suk,2023-10-27,ດີຢູ່ແຕ່ເສຍດາຍເອີ້ນຢາກ,unknown,negative,0.4385,기타,2026-06-05 09:24:42.911098+00
376,google_play,KOKKOK Move,kokkok,LAO,1,N'Mon Seafood,2023-10-26,ຫາກະໂຫລດແລ້ວຍັງໃຫ້ອັບເດດ ອັບເດດແລ້ວມາມື້ໃຫມ່ໃຫ້ອັບເດດອີກ?,unknown,neutral,0.4288,기타,2026-06-05 09:24:42.911098+00
433,google_play,LOCA Taxi,kokkok,LAO,1,Joe Masters,2025-09-23,"This app is awful. It cannot even find popular locations in Vientiane to pick up from or set as destination, and when you enter a plus code, nothing seems to happen. USELESS. Update: I do have the latest version of this app, it still is still absolutely useless. Why can't you guys just implement Google maps properly? it can find locations, but Loca app cannot, even if you try to search by name or plus code. Very difficult and annoying to use.",en,negative,0.9512,EV·충전,2026-06-05 09:24:42.911098+00
434,google_play,LOCA Taxi,kokkok,LAO,5,soukphavanh sawathvong,2025-09-09,ໃຊ້ງ່າຍ ຮັບໄວ ສົ່ງເຖິງທີ່ປອດໄພ,unknown,neutral,0.4642,기타,2026-06-05 09:24:42.911098+00
435,google_play,LOCA Taxi,kokkok,LAO,1,A Y,2025-09-06,"dude dropped me off at the middle of the road. didn't want to complete the ride, only 8 minutes away. said road is bad, I looked, road was good after a little bump. couldn't finish the job. bad service, loca, I had a lot of bad experience. xahn is better. just that they don't have it here at my location which will suck a lot... he looked at me like I am suppose to pay him I ain't giving you a kip boy. -10 stars. bad job. probably going to delete this app. horrible. horrible workers/diver ever.",en,negative,0.8851,EV·충전,2026-06-05 09:24:42.911098+00
436,google_play,LOCA Taxi,kokkok,LAO,1,Motorola New app,2025-09-04,in which country taxi available,en,neutral,0.8916,기타,2026-06-05 09:24:42.911098+00
437,google_play,LOCA Taxi,kokkok,LAO,5,John Spiller,2025-09-01,awesome app to get around in laos!,en,positive,0.8545,기타,2026-06-05 09:24:42.911098+00
438,google_play,LOCA Taxi,kokkok,LAO,5,meo itthideth,2025-08-31,every good,en,positive,0.4081,EV·충전,2026-06-05 09:24:42.911098+00
439,google_play,LOCA Taxi,kokkok,LAO,5,Kathryn Joy Zaportiza,2025-08-17,easy to use,en,positive,0.4892,기타,2026-06-05 09:24:42.911098+00
440,google_play,LOCA Taxi,kokkok,LAO,2,Vanhthong THORKHOUALOUA,2025-08-16,ຊ້າ,unknown,neutral,0.3705,기타,2026-06-05 09:24:42.911098+00
441,google_play,LOCA Taxi,kokkok,LAO,5,Beh sh,2025-08-12,"""Great electric cars, friendly drivers, and reasonable prices.""",en,positive,0.8685,EV·충전,2026-06-05 09:24:42.911098+00
442,google_play,LOCA Taxi,kokkok,LAO,5,Nina Tran,2025-08-02,user friendly,da,positive,0.5366,기타,2026-06-05 09:24:42.911098+00
443,google_play,LOCA Taxi,kokkok,LAO,5,Ait Geurts,2025-07-24,Best in Laos,de,positive,0.5388,기타,2026-06-05 09:24:42.911098+00
444,google_play,LOCA Taxi,kokkok,LAO,1,russ Davao,2025-07-10,"Super expensive, expect European prices i.e $10 for 15min. Charged when driver can't find address. Find another or rent a scooter for $5 a day!",en,negative,0.8456,EV·충전,2026-06-05 09:24:42.911098+00
445,google_play,LOCA Taxi,kokkok,LAO,5,Bay Soulisack,2025-07-10,good 👍 and safe travels,en,positive,0.792,기타,2026-06-05 09:24:42.911098+00
446,google_play,LOCA Taxi,kokkok,LAO,3,Lee Vang,2025-07-10,Easy to use and can't use the app unless rating the driver.,en,negative,0.5085,배차·대기,2026-06-05 09:24:42.911098+00
447,google_play,LOCA Taxi,kokkok,LAO,2,D. Randall Lesher,2025-07-09,website sucks,en,negative,0.9482,기타,2026-06-05 09:24:42.911098+00
448,google_play,LOCA Taxi,kokkok,LAO,5,山田次郎,2025-06-25,Very useful in Loas,en,positive,0.5988,기타,2026-06-05 09:24:42.911098+00
449,google_play,LOCA Taxi,kokkok,LAO,4,Aung Nay Myo,2025-06-13,good service available all time,en,positive,0.8049,서비스,2026-06-05 09:24:42.911098+00
586,google_play,LOCA Taxi,kokkok,LAO,5,Kelvin Wee,2022-08-05,Best thing to happen in Laos!!!,en,positive,0.9305,기타,2026-06-05 09:24:42.911098+00
500,google_play,LOCA Taxi,kokkok,LAO,5,Andrie Darmawan,2024-07-26,Very very user friendly,da,positive,0.8278,기타,2026-06-05 09:24:42.911098+00
693,google_play,LOCA Taxi,kokkok,LAO,1,A Google user,2019-06-12,"Hailing Taxi Apps but very expensive usually, they charging time and distance. It doesn't fair for passenger.",en,negative,0.9269,EV·충전,2026-06-05 09:24:42.911098+00
694,google_play,LOCA Taxi,kokkok,LAO,1,A Google user,2019-05-26,Cant download,en,negative,0.7894,기타,2026-06-05 09:24:42.911098+00
695,google_play,LOCA Taxi,kokkok,LAO,1,A Google user,2019-04-24,could not install the app,en,negative,0.802,기타,2026-06-05 09:24:42.911098+00
696,google_play,LOCA Taxi,kokkok,LAO,1,A Google user,2019-04-06,ໂລດມາລະເຂົ້າບໍ່ໄດ້ ຖາມເຊັກໂລເຄຊັນ ແຕ່ເປີດແລ້ວກະເຂຢ້າບໍ່ໄດ້,unknown,negative,0.4509,기타,2026-06-05 09:24:42.911098+00
697,google_play,LOCA Taxi,kokkok,LAO,1,A Google user,2019-03-31,"useless ,stupid ,watse time,network connection error when register",en,negative,0.9328,앱오류,2026-06-05 09:24:42.911098+00
698,google_play,LOCA Taxi,kokkok,LAO,1,A Google user,2019-03-17,Freezes after I enter my SMS verification code.,en,neutral,0.7004,기타,2026-06-05 09:24:42.911098+00
699,google_play,LOCA Taxi,kokkok,LAO,3,A Google user,2019-03-16,It always pops up the the Loca App is stopped working. How to fix it on Samsung A8 star?,en,negative,0.7849,기타,2026-06-05 09:24:42.911098+00
700,google_play,LOCA Taxi,kokkok,LAO,1,A Google user,2019-02-23,network connection failure after entering the authentication code,en,negative,0.7831,기타,2026-06-05 09:24:42.911098+00
701,google_play,LOCA Taxi,kokkok,LAO,1,A Google user,2019-02-22,Useless error network connection pop-up when put the code to register,en,negative,0.8853,앱오류,2026-06-05 09:24:42.911098+00
702,google_play,LOCA Taxi,kokkok,LAO,1,A Google user,2019-02-13,"app refused to install on my phone. after i put in the authentication code nothing happens. it's brand new, and other apps install just fine. there's something wrong with this particular app",en,negative,0.9085,기타,2026-06-05 09:24:42.911098+00
703,google_play,LOCA Taxi,kokkok,LAO,5,A Google user,2019-01-11,"It's working well in Vientiane. I've used it a few times to have a taxi to help me carry a big fan as I cannot do it in motorbike. To be able to see the taxi coming in real time on a map is very fun and convenient. It took them around 5min everytime to be here. The drivers are very friendly, the price is cheaper than a normal taxi or tuk tuk. Highly recommended",en,positive,0.747,EV·충전,2026-06-05 09:24:42.911098+00
704,google_play,LOCA Taxi,kokkok,LAO,1,A Google user,2019-01-09,"Useless in Luang Prabang. Search for local museum lists museums worldwide but no local ones. Please restrict searches to Laos destinations only! Tried one of the few LP locations using the ""famous"" Book Later option, but got error message ""Vehicle type is missing"". (No vehicle choice provided). Reviews rave about Laos but presumably mean only Vientiane. Hello - Laos is more than the capital!",en,negative,0.8621,EV·충전,2026-06-05 09:24:42.911098+00
705,google_play,LOCA Taxi,kokkok,LAO,1,A Google user,2018-12-29,"Loca always overcharged passenger, fare showed first isnt total fare for this trip. over 7000kip. Unreasonable Hailing Apps",en,negative,0.8522,EV·충전,2026-06-05 09:24:42.911098+00
706,google_play,LOCA Taxi,kokkok,LAO,1,A Google user,2018-12-08,"I can't get past registration because it says ""latitide is missing"". I can use didi in China, passapp in Cambodia but I can't use loca in Laos? Lame!",en,negative,0.919,기타,2026-06-05 09:24:42.911098+00
707,google_play,LOCA Taxi,kokkok,LAO,5,A Google user,2018-12-06,good app for call taxi in Laos,en,positive,0.4803,기타,2026-06-05 09:24:42.911098+00
708,google_play,LOCA Taxi,kokkok,LAO,2,A Google user,2018-10-17,Wanted all possible permissions. Why do you need my contacts to book a taxi?! Really wanted this to work but have uninstalled without trying it.,en,negative,0.8348,기타,2026-06-05 09:24:42.911098+00
709,google_play,LOCA Taxi,kokkok,LAO,5,A Google user,2018-09-28,"This is really good. If you are visiting Laos, this is for you. The app is in English, and everything is very well done.",en,positive,0.9162,EV·충전,2026-06-05 09:24:42.911098+00
710,google_play,LOCA Taxi,kokkok,LAO,5,A Google user,2018-09-05,"Fantastic! So nice for tourists to get around the city quickly and cheaply and with ac. Pretty much works like grab or uber, can use your credit card",en,positive,0.7978,결제,2026-06-05 09:24:42.911098+00
711,google_play,LOCA Taxi,kokkok,LAO,2,A Google user,2018-08-13,ແພງໂພດ,unknown,neutral,0.4835,기타,2026-06-05 09:24:42.911098+00
779,google_play,LOCA Taxi,kokkok,LAO,5,paeng anouluck,2022-07-05,ບໍລິການດີ ລາຄາບໍ່ແພງ ສະດວກສະບາຍທຸກຄັ້ງທີ່ໃຊ້ບໍລິການ,unknown,positive,0.4644,기타,2026-06-05 09:24:42.911098+00
780,google_play,LOCA Taxi,kokkok,LAO,5,oudom INTHACHAK,2022-06-18,Great 👍👍👍,en,positive,0.844,기타,2026-06-05 09:24:42.911098+00
781,google_play,LOCA Taxi,kokkok,LAO,2,Joy,2022-05-05,ໄວທັນໃຈ ເເຕ່ງເຂົາລະບົວບໍ່ໄດ້ອິກລະ😂,unknown,negative,0.3904,기타,2026-06-05 09:24:42.911098+00
782,google_play,LOCA Taxi,kokkok,LAO,5,mbarcode1401,2022-03-29,Very good,af,positive,0.7675,기타,2026-06-05 09:24:42.911098+00
783,google_play,LOCA Taxi,kokkok,LAO,1,figi Vivo,2022-03-11,ດີຢູ່ແຕ່ລາຄາຢາກແພງໂພດຄົນທຳມະດາເລີຍບໍ່ກ້າເອິ້ນ.,unknown,negative,0.4347,기타,2026-06-05 09:24:42.911098+00
1864,google_play,Grab,mobility_superapp,SEA,5,Fateha Abdullah,2026-06-03,"grab has make live easy, for me to travel and others",en,positive,0.6748,기타,2026-06-05 09:24:42.911098+00
2973,google_play,Gojek,mobility_superapp,SEA,1,Huy Huynh,2024-08-16,"không trợ giúp tài xế khi gửi yêu cầu trợ giúp, rất xem",vi,negative,0.5174,배차·대기,2026-06-05 09:24:42.911098+00
2974,google_play,Gojek,mobility_superapp,SEA,3,Khoa Pham,2024-08-16,Lâu lâu dùng thì bị treo định vị,vi,negative,0.8432,기타,2026-06-05 09:24:42.911098+00
2975,google_play,Gojek,mobility_superapp,SEA,1,Ty Nguyen Khoa,2024-08-16,"Vào food Mcdonal đặt gà rán, chưa chọn ưu đãi gì mà cứ nhảy thông báo ""ưu đãi này đã hết"" tắt vào cứ nhảy lên lại, ko có ưu đãi khác đề chọn và ko xóa dược bực mình, tắt vào grab đặt.",vi,negative,0.4813,기타,2026-06-05 09:24:42.911098+00
3095,google_play,Gojek,mobility_superapp,SEA,5,Hhd Hhzz,2021-10-03,Xvbo,so,neutral,0.514,기타,2026-06-05 09:24:42.911098+00
2976,google_play,Gojek,mobility_superapp,SEA,1,34- nguyễn ngọc vũ sang-11l3,2024-08-16,quảng cáo còn phiền hơn lazada. rất phiền,vi,negative,0.9307,기타,2026-06-05 09:24:42.911098+00
2977,google_play,Gojek,mobility_superapp,SEA,1,Thien Ly,2024-08-15,"tìm nửa tiếng 1 cuốc xe k ai nhận, quá chán app",vi,negative,0.8398,기타,2026-06-05 09:24:42.911098+00
2978,google_play,Gojek,mobility_superapp,SEA,5,Chau Tran quang,2024-08-15,"Tai xe than thien,, hay bi tong dai chen ep",vi,neutral,0.3894,기타,2026-06-05 09:24:42.911098+00
2980,google_play,Gojek,mobility_superapp,SEA,5,Khang Ngọc,2024-08-14,Mỗi tuần đều có mã giảm giá. Đi xe khá tiết kiệm!,vi,positive,0.7178,요금,2026-06-05 09:24:42.911098+00
1539,google_play,Grab,mobility_superapp,SEA,5,pataravadee seeharaj,2026-05-14,มีโปรเยอะอยู่น๊า ที่หลายๆคนไม่รู้,th,neutral,0.5717,기타,2026-06-05 09:24:42.911098+00
1569,google_play,Grab,mobility_superapp,SEA,5,เชษฐ์ภณัฏ คงสม,2026-05-12,บริการดีส่งเร็วสุภาพ,th,positive,0.5298,서비스,2026-06-05 09:24:42.911098+00
713,google_play,LOCA Taxi,kokkok,LAO,5,A Google user,2018-05-28,"ລົງລົດປຶບ ຕ້ອງຣີວິວເລີຍ. ເປັນApp ທີ່ໃຊ້ໄດ້ງ່າຍຫລາຍ ມີຄວາມເປັນStandard 
ສູງທຽບເທົ່າກັບApp ສາກົນເລີຍກໍ່ໄດ້. ມັກ Fuction Wallet 
ທີ່ເຮົາບໍ່ຈຳເປັນຕ້ອງໃຊ້ເງິນສົດ (ຫລາຍຍຍ) Map ແລະ Real time Tracking 
ເຮັດວຽກໃດ້ໂຄດຖືກຕ້ອງ. ແລະ Driver ສຸດໜ້າຮັກເອື້ອຍ Vilayvone ທີ່ພາເຮົາໄປເອົາ 
Passport ກັບໝູ່ແຖມຍັງລົມມ່ວນອີກ XD. Rate ແລະ ລາຄາ ກໍ Reasonable. WOULD LIKE 
TO RECOMMEND THIS APP TO FAMILIES AND FRIENDS. ພັດທະນາຕໍ່ໆ 
ໄປເດີອ້າຍໆເອື້ອຍໆ ເຮົາຂໍປັນ1ກຳລັງsupport ໃຫ້ App 
ດີໆແບບນີ້ເຂົ້າມາເປັນຈຸດປ່ຽນຂອງສັງຄົມເຮົາໃຫ້ດີຂຶ້ນ. 😁",unknown,neutral,0.4174,배차·대기,2026-06-05 09:24:42.911098+00
714,google_play,LOCA Taxi,kokkok,LAO,4,A Google user,2018-05-25,I love the way wr have this kinda app in Laos awwwwww love it 😍😍😍,en,positive,0.8916,기타,2026-06-05 09:24:42.911098+00
715,google_play,LOCA Taxi,kokkok,LAO,1,A Google user,2018-05-17,No taxi around to grab,en,negative,0.5163,기타,2026-06-05 09:24:42.911098+00
716,google_play,LOCA Taxi,kokkok,LAO,1,A Google user,2018-05-17,"I can't open this App, Fix it please",en,negative,0.8886,기타,2026-06-05 09:24:42.911098+00
717,google_play,LOCA Taxi,kokkok,LAO,5,A Google user,2018-04-25,the first likely Uber or Grab in Laos,en,neutral,0.8525,기타,2026-06-05 09:24:42.911098+00
718,google_play,LOCA Taxi,kokkok,LAO,5,A Google user,2018-04-25,Wow the first time for laos,en,positive,0.5436,기타,2026-06-05 09:24:42.911098+00
719,google_play,LOCA Taxi,kokkok,LAO,4,ທ້າວນອ້ຍ ສີວັນລາ,2026-06-01,จๆ้ฟ.ภแบบห_ไ2ี ผม.,th,neutral,0.445,기타,2026-06-05 09:24:42.911098+00
720,google_play,LOCA Taxi,kokkok,LAO,4,Vixay Thayva,2026-05-31,_______ภภ_ภภ__/ไ_ภปะกๅ_ภำำ__ผุถพถ_____ด้กกะะกะะะำถถพพ_ภ____ำ/ำดพุำกพถภำำำ,th,negative,0.4491,기타,2026-06-05 09:24:42.911098+00
721,google_play,LOCA Taxi,kokkok,LAO,2,Keodouangdy Dam,2026-04-03,ไม่มีงานทำเลยที่ลาว,th,negative,0.7234,기타,2026-06-05 09:24:42.911098+00
722,google_play,LOCA Taxi,kokkok,LAO,3,Phoulida Seemaon,2026-03-06,"ໃຊ້ໄອຄອນແກ້ໄຂເພື່ອປັກໝຸດ, ເພີ່ມ ຫຼື ລຶບຄລິູໍໃນບອອກ.ຈະດີຂອງິຮັບຊາບ",unknown,neutral,0.4012,기타,2026-06-05 09:24:42.911098+00
723,google_play,LOCA Taxi,kokkok,LAO,4,Poy Poy,2026-01-07,บขขขขชชข ชช,th,neutral,0.5887,기타,2026-06-05 09:24:42.911098+00
724,google_play,LOCA Taxi,kokkok,LAO,5,คําหล้า,2025-12-11,ຍັງຂາດປະສົບການຂໍຄວາມຊວ່ຍເຫລືອຈາກບກ,unknown,negative,0.5681,기타,2026-06-05 09:24:42.911098+00
725,google_play,LOCA Taxi,kokkok,LAO,5,Khanls ນວນນຸວົງ,2025-11-02,goob,so,neutral,0.3644,기타,2026-06-05 09:24:42.911098+00
726,google_play,LOCA Taxi,kokkok,LAO,5,VONEXAI VILAVONG,2025-10-29,วอนไชเป็นคนแลกทีทดลองใช,th,neutral,0.4977,기타,2026-06-05 09:24:42.911098+00
727,google_play,LOCA Taxi,kokkok,LAO,3,สุข หน่อแก้ว,2025-10-14,ຢາກສະມັກເປັນຄົນຂັບລົດຈັກນຳຕ້ອງເຮັດແນວໃດໃຜຮູ້ບອກແນ່ຢາກສະມັກຂັບນຳແອບ ເຂດປາກເຊ ເພາະລົດຈັກມີນ້ອຍ,unknown,neutral,0.4944,기타,2026-06-05 09:24:42.911098+00
728,google_play,LOCA Taxi,kokkok,LAO,1,Leo Neo,2025-10-13,ລາຄາບໍ່ມາດຕະຖານ ຮັບໝ່ອງດຽວກັນ ສົ່ງໝ່ອງດຽວກັນ ລາຄາຫລຸດກັນເປັນແສນກີບ,unknown,neutral,0.4447,기타,2026-06-05 09:24:42.911098+00
729,google_play,LOCA Taxi,kokkok,LAO,5,Hi Hi,2025-09-23,ຜ່ານມາເຄີຍຂັບລົດແອບໂລກ່າຖືກໃຈມັກຢາກໄປຂັບອີກ,unknown,neutral,0.3766,기타,2026-06-05 09:24:42.911098+00
730,google_play,LOCA Taxi,kokkok,LAO,5,ພຸດ ແກ້ວປັນຍາ,2025-09-12,ດີແທ້ ໄວທັນໃຈ,unknown,positive,0.4985,기타,2026-06-05 09:24:42.911098+00
731,google_play,LOCA Taxi,kokkok,LAO,4,seua5555,2025-09-04,👍👍👍,unknown,positive,0.6167,기타,2026-06-05 09:24:42.911098+00
817,google_play,LOCA Taxi,kokkok,LAO,5,ผู้ใช้ Google,2018-12-04,Love ja joop joop,fi,positive,0.4966,기타,2026-06-05 09:24:42.911098+00
732,google_play,LOCA Taxi,kokkok,LAO,5,วัชรินทร์ พิณราช,2025-08-30,ดีครับสะดวกคนขับอัธยาศัยดี,th,positive,0.6999,기타,2026-06-05 09:24:42.911098+00
733,google_play,LOCA Taxi,kokkok,LAO,5,Khamlar KHAMLAR,2025-08-29,ຮູ້ສຶກວາ່ພໍໃຈໃນການແລ່ນແອັບໂລກາເປັນຢ່າງຍິ່ງ,unknown,positive,0.3885,기타,2026-06-05 09:24:42.911098+00
734,google_play,LOCA Taxi,kokkok,LAO,2,Tharkhone Syharphai,2025-08-25,ไม่สามารถดูผ่านดาวเทียมได้เวลาจะปักหมุดหาแผนที่ยากมากค่ะ ผู้บริหารของLOCA Laos ต้องปรับปรุงและพัฒนาแอพพลิเคชั่นใหม่นะคะ,th,negative,0.5384,배차·대기,2026-06-05 09:24:42.911098+00
735,google_play,LOCA Taxi,kokkok,LAO,2,Anongsy SOMEDALALEE,2025-08-24,"ຕ້ອງໃຫ້ການສຶກສາຕໍ່ຜູ້ຂັບລົດຕື່ມກໍລະນີ, ກົດຮັບການຈອງແລ້ວແຕ່ມາຮັບບໍ່ໄດ້, ຄວນທີ່ຈະໂທໄປແຈ້ງທາງລູກຄ້າ, ບໍ່ຄວນໃຫ້ລູກຄ້າຖ້າແລ້ວບໍ່ມາ ແລະ ລູກຄ້າຕ້ອງໄດ້ໂທສອບຖາມສາເຫດເອງ, ແຕ່ຄຳຕອບທີ່ໄດ້ຄື ຖ້າບໍ່ກົດຮັບທາງບໍລິສັດຈະຕັດຄະແນນ, ບໍ່ຍອມໃຫ້ຕັດຄະແນນ ແຕ່ຍອມໃຫ້ລູກຄ້າ ຖ້າຢູ່. ຍົກຕົວຢ່າງ: ຢູ່ຫຼວງພະບາງ KOUA THOR MR ທະບຽນ: ກຂ 3874 ຍີ່ຫໍ້: KIA SOLUTO ຖ້າລູກຄ້າໃຜເອີ້ນຖືກຜູ້ທີ່ກ່າວມານັ້ນ ຄວນພິຈາລະນາ.",unknown,neutral,0.4136,기타,2026-06-05 09:24:42.911098+00
736,google_play,LOCA Taxi,kokkok,LAO,5,Namo Vv,2025-08-23,ໄຊດີມາກ,unknown,positive,0.4157,기타,2026-06-05 09:24:42.911098+00
737,google_play,LOCA Taxi,kokkok,LAO,1,Dek K,2025-08-23,ทำไมไม่ทำภาษาไทยด้วย,th,negative,0.5993,기타,2026-06-05 09:24:42.911098+00
738,google_play,LOCA Taxi,kokkok,LAO,5,JOHNWICK “JOHNWICK” DRAGON,2025-07-29,ชอบ,th,positive,0.4635,기타,2026-06-05 09:24:42.911098+00
739,google_play,LOCA Taxi,kokkok,LAO,5,Micky Seangsurichan,2025-04-06,มาถึงเร็วคนขับใจดีมากต้องโหลดมาใช้ด่วน,th,positive,0.7909,기타,2026-06-05 09:24:42.911098+00
740,google_play,LOCA Taxi,kokkok,LAO,5,Zaiy Niphon,2025-03-08,ສະດວກສະບາຍບໍລິການກາດີແປບດຽວລົດກາມາຮອດລາຄາບໍ່ແພງ,unknown,neutral,0.4146,기타,2026-06-05 09:24:42.911098+00
743,google_play,LOCA Taxi,kokkok,LAO,1,YOUI TK,2024-12-31,ເເເຮ. ເເເດີພຳຫັນາາເຕີດາເເດາາ. ຮິພະເເກ. ເຮ່,unknown,neutral,0.4186,기타,2026-06-05 09:24:42.911098+00
744,google_play,LOCA Taxi,kokkok,LAO,1,ILikeyourcutG,2024-09-17,ຈອດລົດທັບທາງມ້າລາຍ,unknown,neutral,0.4259,기타,2026-06-05 09:24:42.911098+00
745,google_play,LOCA Taxi,kokkok,LAO,1,KunPP Khpp,2024-08-31,"แผนที่ไม่สามารถดูเป็นแบบดาวเทียมได้ ดูได้แค่เป็นถนน,เป็นเส้นๆ มันดูยาก แก้ไขหน่อยนะ",th,negative,0.76,배차·대기,2026-06-05 09:24:42.911098+00
747,google_play,LOCA Taxi,kokkok,LAO,5,Go with KIstv,2024-03-16,ໃຊ້ງ່າຍ ຄົນຂັບນິໄສດີ,unknown,positive,0.4576,기타,2026-06-05 09:24:42.911098+00
748,google_play,LOCA Taxi,kokkok,LAO,5,ตู้ ทองสวัด,2024-03-14,ร้านที่ฃใจภายในึีบ้านรายแฉะ,th,neutral,0.4109,기타,2026-06-05 09:24:42.911098+00
749,google_play,LOCA Taxi,kokkok,LAO,5,Ll Pp,2024-03-12,It is very good the number 1 taxi in Laos,en,positive,0.8097,기타,2026-06-05 09:24:42.911098+00
750,google_play,LOCA Taxi,kokkok,LAO,5,Souchinda Xayyavong,2024-02-18,Good and safety,cy,positive,0.6143,기타,2026-06-05 09:24:42.911098+00
751,google_play,LOCA Taxi,kokkok,LAO,5,Chackaline DEDPHAKOUN,2023-12-06,"excellent and perfect choice for our comfortable, convenient during our journey in the city of all.",en,positive,0.8753,기타,2026-06-05 09:24:42.911098+00
752,google_play,LOCA Taxi,kokkok,LAO,4,Boun Khong ຟັງແລ້ວດີໆຫລາຍ,2023-11-23,ໃຊ້ບໍລິການວ່ອງໄວ ທັນໃຈ,unknown,neutral,0.559,기타,2026-06-05 09:24:42.911098+00
753,google_play,LOCA Taxi,kokkok,LAO,5,ຮັກທີ່ຫນື່ງພິພັດທະນາ ລາວ ຮັກທີ່ຫນື່ງພິພັດທະນາ ລາວ,2023-10-07,ຮັກທີ່ໜື່ງພິພົດທະນາ,unknown,neutral,0.3687,기타,2026-06-05 09:24:42.911098+00
754,google_play,LOCA Taxi,kokkok,LAO,1,Kham KV,2023-09-20,ເອີ້ນລົດແນວໃດ ຄ່າລົດເທົ່າໃດ,unknown,neutral,0.736,기타,2026-06-05 09:24:42.911098+00
755,google_play,LOCA Taxi,kokkok,LAO,5,โม คนเดีม,2023-08-01,ย่ากดูปะเทดขอ้งตวเอ่ง,th,neutral,0.4136,기타,2026-06-05 09:24:42.911098+00
756,google_play,LOCA Taxi,kokkok,LAO,5,Davanh Dada,2023-07-24,ชอบค่ะ,th,positive,0.7102,기타,2026-06-05 09:24:42.911098+00
757,google_play,LOCA Taxi,kokkok,LAO,5,Nut nn,2023-07-13,.ມັກ,unknown,neutral,0.4121,기타,2026-06-05 09:24:42.911098+00
758,google_play,LOCA Taxi,kokkok,LAO,5,Sengphet Phommasack,2023-07-07,ການໃຊ້ດີຫລາຍທັງຜູ້ຂັບແລະຜູ້ໃຊ້ບໍລິການ,unknown,neutral,0.4114,기타,2026-06-05 09:24:42.911098+00
759,google_play,LOCA Taxi,kokkok,LAO,4,สิด ทองคําพา,2023-07-06,มส,th,neutral,0.4661,기타,2026-06-05 09:24:42.911098+00
760,google_play,LOCA Taxi,kokkok,LAO,3,Meqs Vilai,2023-07-04,ສົ່ງລະຫັດມາເດືອນໃດແຈ້ງເເດ່ເດີຂ້ອຍຫວ່າງ,unknown,negative,0.4893,기타,2026-06-05 09:24:42.911098+00
761,google_play,LOCA Taxi,kokkok,LAO,5,Kitar Silivongsa,2023-06-13,ໃຊ້ດີພະນັງານເວົ້າມ່ວນ,unknown,positive,0.5102,기타,2026-06-05 09:24:42.911098+00
762,google_play,LOCA Taxi,kokkok,LAO,3,Mitkham Laos,2023-06-12,"ควนจะเสนอราคาที่เหมาะสม กับระยะทาง ควนขื้นหน้าแอบไห้เลือก (เวลาเรียกใช้บริการ) ""รถ และ ราคา"" ยี่ห้อสีของรถ และคนขับ หญิง หรือ ชาย เพื่อความสบายใจและชัดเจน ที่สำคัญขอไห้ตรงต่อเวลาและราคาตามเสนอไห้ด้วยค่ะ🙏ลองไห้3ดาวไปก่อนนะค่ะเพี่อปับปรุงและแก้ไขไห้ดีขื้นค่ะ.😊",th,neutral,0.4749,배차·대기,2026-06-05 09:24:42.911098+00
763,google_play,LOCA Taxi,kokkok,LAO,5,Richy Rit,2023-04-18,ບໍລີການດີມາກ,unknown,positive,0.4221,기타,2026-06-05 09:24:42.911098+00
764,google_play,LOCA Taxi,kokkok,LAO,5,phonesavanh XYP,2023-04-13,"ບໍລິການດີຫລາຍ,ຄົນຂັບເວົ້າມ່ວນ",unknown,positive,0.7476,기타,2026-06-05 09:24:42.911098+00
767,google_play,LOCA Taxi,kokkok,LAO,3,May May,2023-03-14,ໄດ້ຢູ່ບໍ່ລິການໄວບໍ່ລິການດີ,unknown,neutral,0.3984,기타,2026-06-05 09:24:42.911098+00
768,google_play,LOCA Taxi,kokkok,LAO,5,NIDA phanida,2023-03-02,ໃຊ້ງ່າຍ ໄປໃສກໍສະດວກສະບາຍ,unknown,positive,0.5079,기타,2026-06-05 09:24:42.911098+00
769,google_play,LOCA Taxi,kokkok,LAO,1,Chandra Danika,2023-02-01,ປັກຫມຸດຢາກໄປ ຍັງຕ້ອງພັດທະນາອີກຫລາຍຫຼືພາສາໃດໃນກົນເປັນປະຊາທັນທັງໝົດພາສາສັບປົນກັນຈົນປວດຫົວພາສາອັງກິດພາສາລາວ,unknown,neutral,0.4333,기타,2026-06-05 09:24:42.911098+00
3074,google_play,Gojek,mobility_superapp,SEA,1,G N A P,2022-03-07,เป็นไปได้ไม่อยากเห็นดาวเลย คือ สมัครเข้ารอรหัสไปเหอะ ไม่เข้าสักที สรุปอดแดก ถอนการติดตั้งละ,th,negative,0.7935,기타,2026-06-05 09:24:42.911098+00
1997,google_play,Grab,mobility_superapp,SEA,5,Pramita Kumari,2026-06-01,Best experience,fr,positive,0.8607,기타,2026-06-05 09:24:42.911098+00
770,google_play,LOCA Taxi,kokkok,LAO,5,Ont Klynm,2023-01-30,ใช้ง่าย สะดวก ผูกบัตรเครดิตชำระเงินได้ครับ,th,neutral,0.5605,결제,2026-06-05 09:24:42.911098+00
771,google_play,LOCA Taxi,kokkok,LAO,5,Vilakone Kenthalangsy,2022-12-25,"ຕ້ອງການລົດຮັບສົ່ງຕ້ອງແອັບນີ້ໃຊ້ແທນ Grap, Urber, Taxi",unknown,neutral,0.7232,기타,2026-06-05 09:24:42.911098+00
772,google_play,LOCA Taxi,kokkok,LAO,4,Tanapat PZ,2022-12-13,ที่ลาวหาคนขับง่าย​ วิ่งทั้งคืน,th,neutral,0.4939,기타,2026-06-05 09:24:42.911098+00
1570,google_play,Grab,mobility_superapp,SEA,5,Vinai Pi,2026-05-11,บริการดีขับรถปลอดภัย,th,positive,0.6411,배차·대기,2026-06-05 09:24:42.911098+00
773,google_play,LOCA Taxi,kokkok,LAO,5,Yuiiko k. (YuiiKO),2022-11-19,บังเอิญเจอข่าว​ เปิดตัวapps LOCA ในไทย​ ไปลาวประหยัดตังค่าแทกซี่เยอะเลย​ สะดวกปลอดภัย​ ไปเวียงจันทน์​ อย่าลืมซื้อแพคเกทโรมมิ่ง​ จะได้ใช้เบอโทรได้ในการลงทะเบียน​ และไปแต่ละที่ขอพาสเวิร์ด​Wifi​จะได้ประหยัดเนต​ ​ 😅😅😅👍👍👍👍👍,th,positive,0.5758,기타,2026-06-05 09:24:42.911098+00
774,google_play,LOCA Taxi,kokkok,LAO,5,Vienxay Chanthachone,2022-11-01,ດີຫຼາຍ. ພັດທະນາ​ໄປເລື້ອຍໆ​,unknown,positive,0.5882,기타,2026-06-05 09:24:42.911098+00
775,google_play,LOCA Taxi,kokkok,LAO,1,Mrpheetsala Inpadit,2022-09-24,ຕົ້ງໂຄດຍາກນໍ້ລະຫັດຫັ້ນນ່າຄູືສິສົ່ງທຸກສົ່ງຍາກກະກໍ້ມີຢູ່ເບາະຄົນເຜົ້າໝ້າຄອມນະ😡😡😡😡,unknown,negative,0.6073,기타,2026-06-05 09:24:42.911098+00
849,google_play,Grab,mobility_superapp,SEA,1,Thúyy Phạmm,2026-06-03,giải quyết vấn đề quá lâu dù đã khiếu nại nhiều lần grabfood rất hay thiếu món mà k cập nhật k báo tự í sửa,vi,negative,0.7376,기타,2026-06-05 09:24:42.911098+00
850,google_play,Grab,mobility_superapp,SEA,1,Min Mint,2026-06-03,app định vị sai địa chỉ,vi,neutral,0.8223,기타,2026-06-05 09:24:42.911098+00
851,google_play,Grab,mobility_superapp,SEA,5,Thị Tuyết Nguyễn,2026-06-03,giao rất nhanh,vi,positive,0.5624,기타,2026-06-05 09:24:42.911098+00
892,google_play,Grab,mobility_superapp,SEA,1,Khanh Thu Pham Ngoc,2026-06-01,đăng kí tài khoản mà chờ gửi mã sang sđt từ 8 rưỡi đến 9h vẫn chưa xong,vi,neutral,0.4982,기타,2026-06-05 09:24:42.911098+00
2593,google_play,Gojek,mobility_superapp,SEA,5,Gungwah Arch,2026-05-18,good services,en,positive,0.5774,서비스,2026-06-05 09:24:42.911098+00
852,google_play,Grab,mobility_superapp,SEA,1,Linh Ngọc,2026-06-03,"tôi đặt đồ ăn và đồ giao về không thể chấp nhận được nên làm đơn khiếu nại lên grab, grab đã không xử lí cho tôi thì thôi lại còn không một lời giải thích mà khoá luôn tài khoản người dùng. app hãm vậy?? t nhắn tin trực tiếp cho quán đã bán đồ ăn cho t quán còn xin lỗi t và nhận sai mà grab thì bị ngáo",vi,negative,0.8111,앱오류,2026-06-05 09:24:42.911098+00
853,google_play,Grab,mobility_superapp,SEA,5,Văn san Trần,2026-06-03,tài xế nhiệt tình chu đáo,vi,positive,0.556,배차·대기,2026-06-05 09:24:42.911098+00
854,google_play,Grab,mobility_superapp,SEA,1,1608 - Bành Tuấn Kiệt,2026-06-03,định vị ngu quá có cái đặt xe lần nào cũng sai địa chỉ,vi,negative,0.8633,기타,2026-06-05 09:24:42.911098+00
855,google_play,Grab,mobility_superapp,SEA,5,Trọng Tấn Luong,2026-06-03,"đi lại tiện lợi, giá lại rẻ, tuyệt vời",vi,positive,0.8426,요금,2026-06-05 09:24:42.911098+00
856,google_play,Grab,mobility_superapp,SEA,5,Quoc Khanh Quang Dai,2026-06-03,"ngon, rẻ, tuyệt vời",vi,positive,0.8517,기타,2026-06-05 09:24:42.911098+00
857,google_play,Grab,mobility_superapp,SEA,5,Nguyên huy trinh Trình,2026-06-03,tuyệt vời khi trải ngiệm,vi,positive,0.7275,기타,2026-06-05 09:24:42.911098+00
858,google_play,Grab,mobility_superapp,SEA,5,Hoanganh Nguyen,2026-06-03,ok 3 con de,nl,neutral,0.4692,기타,2026-06-05 09:24:42.911098+00
859,google_play,Grab,mobility_superapp,SEA,5,Lương Anh,2026-06-03,tôt,vi,neutral,0.3805,기타,2026-06-05 09:24:42.911098+00
860,google_play,Grab,mobility_superapp,SEA,5,Ni Thạch,2026-06-03,tuyet voi,fi,neutral,0.3668,기타,2026-06-05 09:24:42.911098+00
861,google_play,Grab,mobility_superapp,SEA,5,thuychung nguyễn,2026-06-03,ngon,tl,positive,0.4037,기타,2026-06-05 09:24:42.911098+00
862,google_play,Grab,mobility_superapp,SEA,5,Ngoc Sang Nguyen,2026-06-03,Dịch vụ tốt. Tài xế rất ok.,vi,positive,0.7457,배차·대기,2026-06-05 09:24:42.911098+00
863,google_play,Grab,mobility_superapp,SEA,1,Cẩm Thanh,2026-06-02,"đặt đồ ăn tận 30p mà vẫn ko có ship, ko có thời gian tối đa cho khách chờ tìm shipper nếu qua thời gian đó thì đc hủy, còn đằng này bắt chờ quài luôn, *** trung tâm hỗ trợ cx không ra hồn, soạn xong để con AI lặp đi lặp lại là xong ????",vi,negative,0.6707,서비스,2026-06-05 09:24:42.911098+00
864,google_play,Grab,mobility_superapp,SEA,5,Huong Le,2026-06-02,ship hàng nhiệt tình,vi,neutral,0.5679,기타,2026-06-05 09:24:42.911098+00
866,google_play,Grab,mobility_superapp,SEA,1,Nguyen Tram,2026-06-02,"khi thanh toán xong muốn hủy đơn không được, cứ bị màn hình đặt thêm đơn tiết kiệm che mất, phải đợi tận 15 phút.",vi,negative,0.6908,결제,2026-06-05 09:24:42.911098+00
867,google_play,Grab,mobility_superapp,SEA,5,Loc Pham,2026-06-02,rất tốt,vi,positive,0.7807,기타,2026-06-05 09:24:42.911098+00
868,google_play,Grab,mobility_superapp,SEA,1,Tuấn Vũ,2026-06-02,gần ko bắt khách,vi,neutral,0.6148,기타,2026-06-05 09:24:42.911098+00
869,google_play,Grab,mobility_superapp,SEA,5,Châu Võ Thanh,2026-06-02,mỗi lần đói bụng hay k có xe đều lên đây đặt,vi,neutral,0.4732,기타,2026-06-05 09:24:42.911098+00
870,google_play,Grab,mobility_superapp,SEA,5,Văn Quang Nguyễn,2026-06-02,Rất tiện ích,vi,positive,0.7894,기타,2026-06-05 09:24:42.911098+00
871,google_play,Grab,mobility_superapp,SEA,5,-Lý Ánh Quyên 34,2026-06-02,"Hài lòng về dịch vụ app, đã ra app này hữu ích đến người dùng",vi,positive,0.8713,기타,2026-06-05 09:24:42.911098+00
2210,google_play,Grab,mobility_superapp,SEA,1,Juliane Gwen Gasataya,2026-05-28,waited so long for a car,en,negative,0.6275,배차·대기,2026-06-05 09:24:42.911098+00
872,google_play,Grab,mobility_superapp,SEA,1,Thien Luong,2026-06-02,xác minh mặt để trưng à làm như tài khoản ngân hàng không bằng,vi,neutral,0.5513,기타,2026-06-05 09:24:42.911098+00
873,google_play,Grab,mobility_superapp,SEA,1,Minhq Nguyên,2026-06-02,không đạt được,vi,negative,0.765,기타,2026-06-05 09:24:42.911098+00
874,google_play,Grab,mobility_superapp,SEA,5,Nguyễn Thị Thắm thùy,2026-06-02,tốt thân thiện,vi,positive,0.6743,기타,2026-06-05 09:24:42.911098+00
875,google_play,Grab,mobility_superapp,SEA,5,Thanh Trang,2026-06-02,Trang văn thanh,vi,neutral,0.7357,기타,2026-06-05 09:24:42.911098+00
876,google_play,Grab,mobility_superapp,SEA,1,Trần Vũ,2026-06-02,TỔ CHA BỌN GRAB TÍ THÌ LÀM TRỄ GIỜ NGƯỜI KHÁC. ĐẶT DỊCH VỤ GRAB NHANH CHỜ 40P XONG HỦY MÃ CHA NHÀ MÀY À,vi,negative,0.4429,기타,2026-06-05 09:24:42.911098+00
877,google_play,Grab,mobility_superapp,SEA,1,Tuan Anh Dinh,2026-06-02,app quá tệ đưa ra khoản phí thanh toán nhưng lại ko có nút thanh toán,vi,negative,0.5358,결제,2026-06-05 09:24:42.911098+00
878,google_play,Grab,mobility_superapp,SEA,5,quyen lo,2026-06-02,app siêu tuyệt vời,vi,positive,0.8754,기타,2026-06-05 09:24:42.911098+00
1571,google_play,Grab,mobility_superapp,SEA,5,พิไลพรรณ สุขจั่นผล,2026-05-11,ดีมากๆ,th,positive,0.7918,기타,2026-06-05 09:24:42.911098+00
784,google_play,LOCA Taxi,kokkok,LAO,1,G Ko,2022-01-10,ບໍ່ໂອເຄເລີຍສຳລັບຄົນຂັບເພາະວ່າໄປຮັບໄກໄປສົ່ງໃກ້ເພາະໄລ່ຄາຖືກເກິນໄປ(ບໍ່ຄຸ້ມຄ່າເເຮງກັບນຳ້ມັນລົດຈັກເເລະຊ່ວງນີ້ນຳ້ມັນເເພງ),unknown,negative,0.4017,기타,2026-06-05 09:24:42.911098+00
785,google_play,LOCA Taxi,kokkok,LAO,5,MR.AMONETHEP KETTAVONG,2021-12-27,ການໃຊ້ຖືວ່າງ່າຍເລີຍ ແຕ່ຢາກໃຫ້ ແຜນທີ່ເປັນແບບ ດາວທຽມ ອາດຈະເບິ່ງງ່າຍຂຶ້ນຕື່ມ,unknown,neutral,0.4557,기타,2026-06-05 09:24:42.911098+00
786,google_play,LOCA Taxi,kokkok,LAO,5,ตุ่น กองลา,2021-11-02,หาคะแนนไง,th,neutral,0.66,기타,2026-06-05 09:24:42.911098+00
787,google_play,LOCA Taxi,kokkok,LAO,5,SaMeng Xiongthavee,2021-09-01,ຄຸ້ມໆ,unknown,neutral,0.4342,기타,2026-06-05 09:24:42.911098+00
788,google_play,LOCA Taxi,kokkok,LAO,1,Khamlar Thongkhammi,2021-08-31,ໂຊເຟີຈອງຫອງເກີນກູຈ່າຍເງິນຂີ່ເດີບໍ່ໄດ້ຂໍຂີ່ຟີ ອີ່ຕາ ounkham,unknown,negative,0.406,기타,2026-06-05 09:24:42.911098+00
789,google_play,LOCA Taxi,kokkok,LAO,5,Mk4.1_ນາງລໍາພອນ ສູນທະລາ,2021-03-28,ບໍລິການດີ ປອດໄພ. ພ້ອມມີປະກັນ,unknown,positive,0.5957,기타,2026-06-05 09:24:42.911098+00
790,google_play,LOCA Taxi,kokkok,LAO,5,Moto Moto,2021-03-03,ໂຫລດຢາກຍາກ,unknown,neutral,0.4,기타,2026-06-05 09:24:42.911098+00
791,google_play,LOCA Taxi,kokkok,LAO,5,Viengkhone Voravongsa,2021-02-19,ໃຊ້ງ່າຍສະຫມັກງ່າຍ ມາຮັບໄວດີ ໃຊ້ໄວ້ໃນຍາມສຸກເສີນ ດີດີ ຊົມເຊີຍ,unknown,positive,0.5583,기타,2026-06-05 09:24:42.911098+00
792,google_play,LOCA Taxi,kokkok,LAO,1,วสุกิจจ์ Senpati,2021-02-09,ได้เเล้ว,th,positive,0.4528,기타,2026-06-05 09:24:42.911098+00
793,google_play,LOCA Taxi,kokkok,LAO,5,โจอี้ บอย,2021-02-06,1ກິໂລແມັນຫາພັນພຸ້ນແພງເກີດໄປມາກະ10ພັນ,unknown,neutral,0.4409,기타,2026-06-05 09:24:42.911098+00
794,google_play,LOCA Taxi,kokkok,LAO,1,Visayaphone Vonghalath,2021-02-03,👎👎👎👎👎ຫ່ວຍຍຍຍຍແຕກ ສະໝັກຍາກ ໃສ່ເມວໃສ່ເບີໃສ່ຊື່ໃສ່ ທຸກຢ່າງແລ້ວ ເປັນຕາເຈົ້ງເນາະ😡😡😡,unknown,negative,0.6616,기타,2026-06-05 09:24:42.911098+00
795,google_play,LOCA Taxi,kokkok,LAO,5,บีวพมมะจัน พมมะจัน,2021-01-30,ແອັບນີ້ມີຄວາມສະດວກສະບາຍບໍວ່າສິໄປໃສມາໃສແທກຊີ່ໂລກ້າຄີວນີ້ບໍລິການເຖີງທີ່ປອດໄພເມື່ອໄປກັບໂລກ້າຄີວ.,unknown,positive,0.4155,기타,2026-06-05 09:24:42.911098+00
796,google_play,LOCA Taxi,kokkok,LAO,5,แบงค์โสดจีบได้ รักนะ,2021-01-24,แบ่ง,th,neutral,0.4096,기타,2026-06-05 09:24:42.911098+00
815,google_play,LOCA Taxi,kokkok,LAO,4,ผู้ใช้ Google,2019-03-31,ຢາກໄຫ້ ເປັນ ລົດ ຈັດ ຫລາຍກວ່າລົດໄຫຍ່ 1ສະດວກວອງໄວສະລັບທາງໃນເມືອງ 2ຄ້າໃຊ້ຈ່າຍລົດລົງ 3 ຄິດຄືກັນບໍ່ ວ່າຖ້າມີລົດຈັກ ຄົນຈະໃຊ້ຫລາຍຂື້ນອີກ?,unknown,neutral,0.4393,기타,2026-06-05 09:24:42.911098+00
3129,google_play,Gojek,mobility_superapp,SEA,5,Pannee Aie,2021-07-21,รวดเร็วดีคะ,th,neutral,0.5329,기타,2026-06-05 09:24:42.911098+00
3130,google_play,Gojek,mobility_superapp,SEA,1,จุฑามาศ ช่อจันทร์,2021-07-21,ไม่สามารถใช้ได้จริง,th,negative,0.7065,배차·대기,2026-06-05 09:24:42.911098+00
3131,google_play,Gojek,mobility_superapp,SEA,3,Meennawat GMC,2021-07-19,ถอนเงินจาก Go pay ยังไงครับ,th,neutral,0.7795,결제,2026-06-05 09:24:42.911098+00
3132,google_play,Gojek,mobility_superapp,SEA,1,พีรวิชญ์ ชูสงค์,2021-07-18,ห่วยแตก เติมเงินเข้าวอลเล็ตนี่ง่ายเชียว อีตอนยืนยันตัวตนนี่ลำบากลำบน,th,negative,0.6911,결제,2026-06-05 09:24:42.911098+00
3133,google_play,Gojek,mobility_superapp,SEA,3,คุณค่าแห่งชีวิต,2021-07-18,ยังไม่เคยได้ใช้บริการเพราะว่าเข้า application ยากลำบากเหลือเกิน,th,negative,0.8096,서비스,2026-06-05 09:24:42.911098+00
3134,google_play,Gojek,mobility_superapp,SEA,3,วรรณภา สุริยผล,2021-07-18,ปฏิเสธออเดอร์บ่อย,th,negative,0.7373,기타,2026-06-05 09:24:42.911098+00
3135,google_play,Gojek,mobility_superapp,SEA,4,Tina 2456,2021-07-17,สั่ง 2 ไรเดอร์..แต่มองเห็นไรเดอร์ได้แค่คนเดียว...งงนิดๆเลย...ปรับปรุงนิดนุงค่ะ,th,negative,0.7517,기타,2026-06-05 09:24:42.911098+00
3136,google_play,Gojek,mobility_superapp,SEA,4,issie lou,2021-07-17,ราคาส่งถูกกว่าเจ้าอื่น,th,neutral,0.733,요금,2026-06-05 09:24:42.911098+00
3137,google_play,Gojek,mobility_superapp,SEA,5,เมนกา ม้วนหน้า พาเพลิน,2021-07-16,ใช้งานง่ายดีค่ะ มีผูกบัตรเครดิตสะดวกดีค่ะ,th,positive,0.5967,기타,2026-06-05 09:24:42.911098+00
3138,google_play,Gojek,mobility_superapp,SEA,3,สาทิต วงสารสิน,2021-07-16,หห่-่ปปปยๆ1aจ ผปแแzx,th,neutral,0.4882,기타,2026-06-05 09:24:42.911098+00
3139,google_play,Gojek,mobility_superapp,SEA,5,นิชนันท์ นนทะภา,2021-07-15,พี่จะตั้งค่าที่อยู่ได้ยังไง,th,neutral,0.8189,기타,2026-06-05 09:24:42.911098+00
3140,google_play,Gojek,mobility_superapp,SEA,5,Narupol Chompaisan,2021-07-15,สั่งอาหารได้ไวมากคับ,th,positive,0.6995,기타,2026-06-05 09:24:42.911098+00
3144,google_play,Gojek,mobility_superapp,SEA,5,Teerawat Xenomorph,2021-07-14,ใช้ง่ายดี,th,positive,0.6102,기타,2026-06-05 09:24:42.911098+00
3230,google_play,Gojek,mobility_superapp,SEA,5,Pichai,2021-06-20,โค้ดส่วนลดเยอะดี,th,positive,0.6604,기타,2026-06-05 09:24:42.911098+00
1563,google_play,Grab,mobility_superapp,SEA,3,Petchladda,2026-05-13,เรียกรถยากมากกกกราคาถูกแต่เรียกยากแบบยากลาดกระบังเขตหนองจอกเรียกรถยากแค่จากแม็คโคมาที่พักแต่เรียกยากเกิน,th,negative,0.6238,배차·대기,2026-06-05 09:24:42.911098+00
797,google_play,LOCA Taxi,kokkok,LAO,3,Intha Ngamlerd,2020-11-25,"ແພງ ຖ້າເປັນຂອງລັດ ຫຼື ເອກກະຊົນເຮັດມາອຳນວຍຄວາມສະດວກໃຫ້ສັງຄົມໜ້າຈະຖືກຢູ່ ເຂົ້າຢູ່ໃຈວ່າລົດບຸກຄົນມາສະໝັກແລ່ນ ຖ້າຖືກແຮງກໍບໍ່ມີຄົນມາເຂົ້າຮ່ວມ, ຖ້າຈ້າງຄົນມາຂັບສະເພາະໜ້າຈະເຮັດໄດ້ຖືກຢູ່ ແນະນຳຈ້າງຄົນຂັບເປັນລາຍເດືອນເອົາ ເຮັດໄລຍະຍາວ ໄດ້ຮັບໃຊ້ສັງຄົມ ໄດ້ຫຼຸດການໃຊ້ລົດສ່ວນໂຕ ໃຫ້ນັກທ່ອງທ່ຽວໄດ້ໃຊ້ບໍລິການໃນລາຄາຖືກ",unknown,neutral,0.3958,기타,2026-06-05 09:24:42.911098+00
798,google_play,LOCA Taxi,kokkok,LAO,5,Ghost channel,2020-11-03,ຢາກກິນເຂົ້າກະເພົາ,unknown,neutral,0.4216,기타,2026-06-05 09:24:42.911098+00
1012,google_play,Grab,mobility_superapp,SEA,5,trang WEB: VayTotNhat.C0M,2026-05-25,"Lúc này kiếm 5tr bên mình, hình thức vay góp trả lần ít trong thời gian dài. Có phí mà thấp Mãi không có ship, cũng không cho hủy đơn. Bắt đợi 30p-1 tiếng mới hủy đơn thì lúc đó đói ngất con mẹ nó rồi, phải tìm quán khác chứ. Mà đi giữ tiền thẻ. Thuật toán ngu, xử lý dữ liệu KH ngu",vi,negative,0.6736,기타,2026-06-05 09:24:42.911098+00
1013,google_play,Grab,mobility_superapp,SEA,1,Hưng Nguyễn Quốc,2026-05-25,Ghép đơn quá lâu đặt nước gần 2 tiếng đồng hồ vẫn chưa thấy mà cũng ko có thông báo gì cho khách hàng,vi,negative,0.6045,기타,2026-06-05 09:24:42.911098+00
1014,google_play,Grab,mobility_superapp,SEA,1,Hùng Khổng,2026-05-25,Đặt 1 tiếng không có tài xế nhận đơn cũng không cho hủy,vi,neutral,0.5777,배차·대기,2026-06-05 09:24:42.911098+00
1015,google_play,Grab,mobility_superapp,SEA,1,tiến nguyễn trọng,2026-05-25,"app gì mà nhận đơn rất lâu, mất nhìu thời gian và liên tục bắt người dùng phải cập nhật",vi,negative,0.6973,기타,2026-06-05 09:24:42.911098+00
1016,google_play,Grab,mobility_superapp,SEA,5,Thúy Nguyễn,2026-05-25,quá ok,pt,positive,0.417,기타,2026-06-05 09:24:42.911098+00
1017,google_play,Grab,mobility_superapp,SEA,5,Thu Việt,2026-05-25,ok á,hu,neutral,0.4354,기타,2026-06-05 09:24:42.911098+00
1019,google_play,Grab,mobility_superapp,SEA,5,Hương Nguyễn,2026-05-25,tai xế nhiệt tình dễ thương,vi,positive,0.6829,기타,2026-06-05 09:24:42.911098+00
1836,google_play,Grab,mobility_superapp,SEA,5,Andrew Fielding,2026-06-03,Great app. using it more every day!,en,positive,0.929,EV·충전,2026-06-05 09:24:42.911098+00
1021,google_play,Grab,mobility_superapp,SEA,1,Đăng,2026-05-24,đặt đơn grab food mà đợi cả tiếng k có tài xế nhận đơn trong khi ở trung tâm thành phố lạng sơn,vi,neutral,0.4683,배차·대기,2026-06-05 09:24:42.911098+00
1022,google_play,Grab,mobility_superapp,SEA,1,Vip Khang,2026-05-24,grab cc gì đặt xe rồi đợi khách hàng gọi mới rước,vi,neutral,0.6192,기타,2026-06-05 09:24:42.911098+00
1023,google_play,Grab,mobility_superapp,SEA,1,cao xuan huu,2026-05-24,"Grab food k cho hủy đơn, đơn giao quá lâu.",vi,negative,0.7025,기타,2026-06-05 09:24:42.911098+00
1024,google_play,Grab,mobility_superapp,SEA,5,Ngọc Sơn Hồ,2026-05-24,"quán đóng hộp kỷ , cơm ngon ok",vi,positive,0.5212,기타,2026-06-05 09:24:42.911098+00
3334,google_play,Gojek,mobility_superapp,SEA,5,So Hot,2021-05-30,ลองดูอีกครั้ง โดนเยอะแล้ว เวลาบอกว่าสุดท้ายจะได้จริง,th,negative,0.5758,기타,2026-06-05 09:24:42.911098+00
3335,google_play,Gojek,mobility_superapp,SEA,1,อโนชา แพงวงษ์,2021-05-30,สังของได้ของไม่ตรง แต่ไม่มีให้ร้องเรียน กัวข้อสินค้าไม่ตรงมีแต่ร้องเรียนพนังงานส่ง,th,negative,0.7378,기타,2026-06-05 09:24:42.911098+00
3336,google_play,Gojek,mobility_superapp,SEA,5,THAKON MUNPHAN,2021-05-30,ดีมากคับตามมาจากช่องezqelusia,th,positive,0.691,기타,2026-06-05 09:24:42.911098+00
3337,google_play,Gojek,mobility_superapp,SEA,5,Krongtong Srisumran,2021-05-30,บริการดี รวดเร็ว มีตอบกลับให้รู้ว่าดำเนินการถึงไหน ในขณะมี่ลูกค้สรอคอย โอเตค่ะ,th,positive,0.6081,배차·대기,2026-06-05 09:24:42.911098+00
3338,google_play,Gojek,mobility_superapp,SEA,5,ความสุข ของขนุน,2021-05-29,เกือบดีแล้วคับพยายามอีกนิด,th,positive,0.7385,기타,2026-06-05 09:24:42.911098+00
1025,google_play,Grab,mobility_superapp,SEA,5,CƯờng NGUYỄN,2026-05-24,tôi lấy hài lòng về ứng dụng này ạ tôi đánh giá 5 sao ạ mong rằng app grap này càng phát triển hơn nha mà luôn phục vụ khánh hàng nhiều nha,vi,positive,0.8199,요금,2026-06-05 09:24:42.911098+00
1026,google_play,Grab,mobility_superapp,SEA,5,Thanh Thuy Nguyen Thi,2026-05-24,"App giao nhanh, nhiều voucher, đơn 45k mà áp mã xuống còn 10k😭😭 đã",vi,negative,0.628,기타,2026-06-05 09:24:42.911098+00
1027,google_play,Grab,mobility_superapp,SEA,5,Cười Miệng,2026-05-24,giao nhanh gọn,vi,neutral,0.727,기타,2026-06-05 09:24:42.911098+00
1028,google_play,Grab,mobility_superapp,SEA,4,Sang Phạm Thanh,2026-05-24,excellent,ca,positive,0.5366,기타,2026-06-05 09:24:42.911098+00
1029,google_play,Grab,mobility_superapp,SEA,5,Hân Khả,2026-05-24,"ship nhanh,ngon với có nhiều voucher giảm giá🤗",vi,neutral,0.5399,요금,2026-06-05 09:24:42.911098+00
1030,google_play,Grab,mobility_superapp,SEA,1,Sang Nguyễn,2026-05-24,không cho hủy đơn. ship đồ ăn hơn tiếng đồng hồ đồ ăn ko tới ko có nút hủy. bắt phải bom hàng ship hay sao,vi,negative,0.7014,기타,2026-06-05 09:24:42.911098+00
1032,google_play,Grab,mobility_superapp,SEA,1,Phuoc Nguyen,2026-05-24,"ứng dụng rác , shipper cướp hàng của khách liên hệ tổng đài thì báo bận",vi,negative,0.8095,기타,2026-06-05 09:24:42.911098+00
1033,google_play,Grab,mobility_superapp,SEA,1,Đăng Hiếu,2026-05-24,đặt giao hàng mà không có 1 người nào nhận đơn từ tối qua đến giờ chắc đặt tầm 7-8 đơn r,vi,neutral,0.5635,기타,2026-06-05 09:24:42.911098+00
1034,google_play,Grab,mobility_superapp,SEA,4,Phương Thanh,2026-05-24,nó bị lỗi văng ra hoài,vi,negative,0.7888,앱오류,2026-06-05 09:24:42.911098+00
3347,google_play,Gojek,mobility_superapp,SEA,5,Mantana Pothisri,2021-05-28,Promotion มีทุกเดือน ใช้ง่าย,th,neutral,0.5777,기타,2026-06-05 09:24:42.911098+00
1035,google_play,Grab,mobility_superapp,SEA,1,Ngọc Pham,2026-05-23,một lũ vô ơn.tay chay grap,vi,negative,0.9433,기타,2026-06-05 09:24:42.911098+00
1564,google_play,Grab,mobility_superapp,SEA,5,Anacon Pop,2026-05-12,สุดปัง สะดวดดี,th,positive,0.8252,기타,2026-06-05 09:24:42.911098+00
828,google_play,Grab,mobility_superapp,SEA,5,Odeth somsouk,2021-05-29,Grabບໍ່ຕອບສະໜອງ,unknown,neutral,0.3864,기타,2026-06-05 09:24:42.911098+00
829,google_play,Grab,mobility_superapp,SEA,5,ຜູ້ໃຊ້ Google,2019-08-18,Likely,hu,neutral,0.5161,기타,2026-06-05 09:24:42.911098+00
830,google_play,Grab,mobility_superapp,SEA,5,ຜູ້ໃຊ້ Google,2017-12-21,ເຮົາຄອບໃຈກັບພວກທ່ານຫຼາຍໆທີ່ດາວໂຫຼດໜັງໂປ້ເຂົ້າວີ່ດີ່ໂອ່ໃຫ້ເຮົາ ຖ້າເຮົາບໍ່ເບີ່ງໜັງດັ່ງກ່າວແລ້ວແມ່ນເຮົາຈະບໍ່ມີເພດໃຫ້ກັບແມ່ຍີງ ຖ້າເຮົາໄດ້ເບີ່ງແມ່ນຈະມີການຮວ່ມເພດກັບຄູ່ຮັກສອງຄືນຕໍ່ຄັ້ງສະເພາະເຮົາແລ້ວແມ່ນຖືວ່າເປັນຢາດີວິເສດອັນດັບນື່ງຂອງເຮົາ,unknown,neutral,0.4429,기타,2026-06-05 09:24:42.911098+00
832,google_play,Grab,mobility_superapp,SEA,3,Dung Anh,2026-06-04,thôi ông ơi ơh,vi,neutral,0.3855,기타,2026-06-05 09:24:42.911098+00
833,google_play,Grab,mobility_superapp,SEA,1,Minh Nguyễn,2026-06-04,Khóa app vô căn cứ K hỗ trợ mở lại,vi,neutral,0.6271,서비스,2026-06-05 09:24:42.911098+00
834,google_play,Grab,mobility_superapp,SEA,1,Nguyễn Thị Thanh Huyền,2026-06-04,"kém thậm tệ, không có dịch vụ chăm sóc khách hàng giao hàng trễ không cho hủy đơn",vi,negative,0.8476,기타,2026-06-05 09:24:42.911098+00
835,google_play,Grab,mobility_superapp,SEA,1,Dạ Bạch,2026-06-04,Hiện khuyến mại nhưng không add được,vi,neutral,0.5591,기타,2026-06-05 09:24:42.911098+00
836,google_play,Grab,mobility_superapp,SEA,1,Manh Nguyen,2026-06-04,n ngmubq ưzj vy. o1,tl,negative,0.3961,기타,2026-06-05 09:24:42.911098+00
837,google_play,Grab,mobility_superapp,SEA,5,Tiến Nguyễn Thành,2026-06-04,rất tốt rất hài lòng,vi,positive,0.907,기타,2026-06-05 09:24:42.911098+00
3181,google_play,Gojek,mobility_superapp,SEA,2,Ittipon Ittiporn,2021-06-30,"ห ๒,,หๅห อ ,",th,neutral,0.4777,기타,2026-06-05 09:24:42.911098+00
3192,google_play,Gojek,mobility_superapp,SEA,5,ธัญญลักษณ์ เสริมศิริโภคิน,2021-06-28,มีอะไรคะคุณก็รู้ฉันโง่,th,negative,0.8232,기타,2026-06-05 09:24:42.911098+00
3193,google_play,Gojek,mobility_superapp,SEA,3,sonpob nuinere,2021-06-28,ิสทททออก,th,negative,0.4933,기타,2026-06-05 09:24:42.911098+00
3194,google_play,Gojek,mobility_superapp,SEA,5,วีระ กองแก้ม,2021-06-28,ของเขาแรงจริงๆ,th,negative,0.3695,기타,2026-06-05 09:24:42.911098+00
3195,google_play,Gojek,mobility_superapp,SEA,5,ปราจิตร์ นามสง่า,2021-06-28,ชอบครับ,th,positive,0.5946,기타,2026-06-05 09:24:42.911098+00
3196,google_play,Gojek,mobility_superapp,SEA,1,บ่าวนัยพาซิม แซ่บไผแซ่บมันเนาะ,2021-06-28,หน้าตาของแอพก็ไม่น่าใช้แล้วครับ ฟ้อนตัวหนังสือของแอพก็มีรูปแบบไม่สวย ไม่มีความดึงดูดใจอยากจะโหลดมาใช้ รบกวนให้ไปดูแอพค่ายอื่นแล้วนำข้อดีของค่ายอื่นมาพัฒนาใหม่,th,negative,0.8586,기타,2026-06-05 09:24:42.911098+00
3197,google_play,Gojek,mobility_superapp,SEA,5,สิทธิศักดิ์ สีหาวงษ์,2021-06-27,รายได้ดี,th,positive,0.583,기타,2026-06-05 09:24:42.911098+00
3198,google_play,Gojek,mobility_superapp,SEA,1,Kanokporn Kongkraphan,2021-06-27,จะสั่งอาหารแต่ใส่โค๊ดโปรโมชั่นไม่ได้ทั้งๆที่ทำตามเงื่อนไขหมดทุกอย่าง เราก็แลกคะแนนจากAISมาเสียสิทธิ์ฟรี คือห่วย ลบแอปไม่ใช้จ้า ลาโลกไปเถอะถ้าทำแบบนี้ สิทธิ์ที่แลกไม่ได้มาฟรีๆนะ คือโมโหมาก,th,negative,0.8866,기타,2026-06-05 09:24:42.911098+00
615,google_play,LOCA Taxi,kokkok,LAO,1,Sav Town,2021-01-30,It didn't work,af,negative,0.7768,기타,2026-06-05 09:24:42.911098+00
616,google_play,LOCA Taxi,kokkok,LAO,2,Anouvat Vorasak,2021-01-15,"Good, but Expensive",en,neutral,0.3705,요금,2026-06-05 09:24:42.911098+00
617,google_play,LOCA Taxi,kokkok,LAO,5,geoff mcalister,2021-01-14,Always 👍 good,so,positive,0.8315,기타,2026-06-05 09:24:42.911098+00
618,google_play,LOCA Taxi,kokkok,LAO,4,Doug Fuller,2020-12-18,Very good drivers polite .many speak English,en,positive,0.6458,배차·대기,2026-06-05 09:24:42.911098+00
619,google_play,LOCA Taxi,kokkok,LAO,1,Jinpira Parapi,2020-12-06,Help center is not function at all,en,negative,0.8003,기타,2026-06-05 09:24:42.911098+00
620,google_play,LOCA Taxi,kokkok,LAO,4,Reynaldo Grant,2020-12-06,GPS accuracy can be better. But definitely make the farang life easier in Laos. No more tuk tuk mafia...,en,positive,0.3986,기타,2026-06-05 09:24:42.911098+00
621,google_play,LOCA Taxi,kokkok,LAO,5,Somphavanh Luesa,2020-11-10,Very convenient!,fr,positive,0.7465,기타,2026-06-05 09:24:42.911098+00
622,google_play,LOCA Taxi,kokkok,LAO,1,khampasith vongsakit,2020-11-07,"ແພງ, code ຫຼຸດ LOCA30 ໃຊ້ບໍ່ໄດ້",pt,neutral,0.8753,기타,2026-06-05 09:24:42.911098+00
623,google_play,LOCA Taxi,kokkok,LAO,1,Hendrik Schicke,2020-10-10,"Sms verification codes does not arrive +44 or +49, hence useless. Edit: With +62 code arrives, but says it's expired. Edit 2: Well, I need the transport now. Also a lot of Germans and UK are in Laos. You should include that numbers.",en,negative,0.7823,기타,2026-06-05 09:24:42.911098+00
662,google_play,LOCA Taxi,kokkok,LAO,4,A Google user,2019-12-13,Driver is friendly and nice. Price is acceptable,en,positive,0.7506,배차·대기,2026-06-05 09:24:42.911098+00
765,google_play,LOCA Taxi,kokkok,LAO,5,Niekhom Bounking,2023-04-05,ປອດໄພດີ,unknown,neutral,0.4233,기타,2026-06-05 09:24:42.911098+00
624,google_play,LOCA Taxi,kokkok,LAO,4,Nithakone Ounkham (James),2020-09-30,ການໃຊ້ງານໄດ້ດີ ເສຍຢ່າງດຽວຄືເຂົ້າໃຊ້ງານຫຼາຍເຄື່ອງພ້ອມກັນຄື Uber ຫລື Grab ຍັງບໍ່ໄດ້ ເລີຍຫຍຸ້ງຍາກສຳລັບຄົນມີຫຼາຍເຄື່ອງທີ່ຕ້ອງສະລັບໄປມາຕະຫຼອດ...ອີກຢ່າງຄືລົດມີແຕ່ສະເພາະໃນເມືອງ ເຂດວຽງຈະເລີນຕອນຈະໃຊ້ບໍ່ມີລົດ ຖ້າປ່ຽນໄປເເຖວທາດຫຼວງລະມີລົດ ຊ່ວຍແກ້ໄຂຈຸດນີ້ແດ່,unknown,negative,0.3737,기타,2026-06-05 09:24:42.911098+00
625,google_play,LOCA Taxi,kokkok,LAO,5,Steven Koebele,2020-09-03,On time everytime with very reasonable pricing. Having the information for your destination handy is recommended if not a major landmark. Love it.,en,positive,0.8858,EV·충전,2026-06-05 09:24:42.911098+00
1865,google_play,Grab,mobility_superapp,SEA,1,Abdulrahman Alkhalifah,2026-06-03,"If a driver passes by and doesn't stop after waiting 15 minutes, I must be compensated. bolt do it.",en,negative,0.813,배차·대기,2026-06-05 09:24:42.911098+00
1867,google_play,Grab,mobility_superapp,SEA,5,Ma Nandar,2026-06-03,fair and clean,en,positive,0.5109,기타,2026-06-05 09:24:42.911098+00
1868,google_play,Grab,mobility_superapp,SEA,1,Camilla Penelope,2026-06-03,So hard to used,en,negative,0.8141,기타,2026-06-05 09:24:42.911098+00
1869,google_play,Grab,mobility_superapp,SEA,5,Vikash Sah,2026-06-03,best app,fr,positive,0.742,기타,2026-06-05 09:24:42.911098+00
1870,google_play,Grab,mobility_superapp,SEA,5,Chirstian Su,2026-06-03,mind happiness,et,neutral,0.3987,기타,2026-06-05 09:24:42.911098+00
1871,google_play,Grab,mobility_superapp,SEA,5,nik saffian,2026-06-03,awesome,af,positive,0.6303,기타,2026-06-05 09:24:42.911098+00
1872,google_play,Grab,mobility_superapp,SEA,2,Lucas Ting,2026-06-03,"1. Map still fail to identify locations in Pine Square, Kuching reliably. 2. Need immediate improvement by including number of passengers and types of luggage especially when called by passengers to and from airports, bus terminals. 3. Use AI to match passengers need and grab car operators.",en,negative,0.5974,배차·대기,2026-06-05 09:24:42.911098+00
1873,google_play,Grab,mobility_superapp,SEA,1,Hải-Triều Nguyễn,2026-06-03,Quảng cáo mà pop up tối ngày. Mở app là pop up. Vô chọn món cũng pop up. Order món xong cũng pop up.,vi,negative,0.4537,기타,2026-06-05 09:24:42.911098+00
1874,google_play,Grab,mobility_superapp,SEA,3,•Valerie•,2026-06-03,darkmode on chat still not fixed yet,en,negative,0.8065,기타,2026-06-05 09:24:42.911098+00
2019,google_play,Grab,mobility_superapp,SEA,5,Hu Yip Kiew,2026-05-31,polite driver,sl,neutral,0.39,배차·대기,2026-06-05 09:24:42.911098+00
1875,google_play,Grab,mobility_superapp,SEA,1,Jonathan Liao,2026-06-03,"3 percent EXTRA charge for foreign card in Malaysia what a ripoff. will use other e-hailing app instead like bolt , air asia or indrive with much better prices",en,negative,0.8258,EV·충전,2026-06-05 09:24:42.911098+00
1876,google_play,Grab,mobility_superapp,SEA,3,MC Say,2026-06-03,"the car rate is too much, too expensive. it's double the price of the competitors. like seriously? it's too much.",en,negative,0.9214,요금,2026-06-05 09:24:42.911098+00
1877,google_play,Grab,mobility_superapp,SEA,1,siti zuraidah,2026-06-03,mkin lme mkin mahal apps niee,fi,negative,0.531,기타,2026-06-05 09:24:42.911098+00
1878,google_play,Grab,mobility_superapp,SEA,1,Richard Leal,2026-06-03,You're crazy! Too pricey!,en,negative,0.9325,요금,2026-06-05 09:24:42.911098+00
1879,google_play,Grab,mobility_superapp,SEA,5,John 1958,2026-06-03,good driver,af,positive,0.5461,배차·대기,2026-06-05 09:24:42.911098+00
1880,google_play,Grab,mobility_superapp,SEA,5,Ashikin Sabri,2026-06-03,"Grab provides reliable transportation and delivery services. The app is convenient, easy to use, and offers a great experience every time",en,positive,0.7803,EV·충전,2026-06-05 09:24:42.911098+00
1881,google_play,Grab,mobility_superapp,SEA,5,Violeta Matubaran,2026-06-03,convenient for me,fr,neutral,0.4584,기타,2026-06-05 09:24:42.911098+00
1882,google_play,Grab,mobility_superapp,SEA,5,Chandra Ponnu,2026-06-03,nice 👍🏻,pl,positive,0.7155,기타,2026-06-05 09:24:42.911098+00
1883,google_play,Grab,mobility_superapp,SEA,5,nor hazira,2026-06-03,friendly,da,neutral,0.4084,기타,2026-06-05 09:24:42.911098+00
1884,google_play,Grab,mobility_superapp,SEA,5,Krishna Adhikari,2026-06-03,good service,hr,positive,0.5688,서비스,2026-06-05 09:24:42.911098+00
1885,google_play,Grab,mobility_superapp,SEA,3,チェシャー,2026-06-03,"Good customer service from the company, but my main issue is the unprofessional drivers. Ordered some food at midnight, paid by cash, and somehow the driver asked me where's the tips. I thought tips aren't mandatory, and only if customer wants to give tips. It's not something that the driver demands from the customer as if the customers owe them money. It happened twice. Also how some drivers would just cancel my order halfway through without any confirmation, making me have to wait even more.",en,negative,0.613,EV·충전,2026-06-05 09:24:42.911098+00
1886,google_play,Grab,mobility_superapp,SEA,5,Neelawathi Paulraj,2026-06-03,good 👍,so,positive,0.6465,기타,2026-06-05 09:24:42.911098+00
1887,google_play,Grab,mobility_superapp,SEA,1,Vikas Vyas,2026-06-03,cheating app. book at different price and charge 20-30% extra on ride end. then u have to fight with cab driver. I paid 1800 for a 1000 rs ride with all proofs.,en,negative,0.8821,EV·충전,2026-06-05 09:24:42.911098+00
1888,google_play,Grab,mobility_superapp,SEA,5,Golfy Ptsr,2026-06-03,I often use this app! and this is amazing and very convenient!,en,positive,0.91,기타,2026-06-05 09:24:42.911098+00
1889,google_play,Grab,mobility_superapp,SEA,1,Best Matthew,2026-06-03,Doesn't support payment touch n go and the delivery took too long arrived and the deliver like to not reply the message.,en,negative,0.8222,결제,2026-06-05 09:24:42.911098+00
1890,google_play,Grab,mobility_superapp,SEA,5,Jose Lacerna,2026-06-03,"Very Useful, and Very Good",en,positive,0.8702,기타,2026-06-05 09:24:42.911098+00
1891,google_play,Grab,mobility_superapp,SEA,5,Steven Paculba (Pewsteven),2026-06-03,"I would like to commend Carmina and Jhealla for their outstanding customer service. They were professional, patient, and very helpful throughout the entire process. They clearly explained the steps needed to resolve my issue and promptly addressed all my questions and concerns. Their teamwork, positive attitude, and dedication made the experience smooth and stress-free. I truly appreciate their assistance and am happy to give them a well-deserved 5-star rating. ⭐⭐⭐⭐⭐",en,positive,0.8804,서비스,2026-06-05 09:24:42.911098+00
2737,google_play,Gojek,mobility_superapp,SEA,1,Dawny Nguyen,2025-03-02,Không gửi mã SMS dù đã thử đăng nhập lại nhiều lần,vi,neutral,0.569,기타,2026-06-05 09:24:42.911098+00
1083,google_play,Grab,mobility_superapp,SEA,1,Lan Đào Thị,2026-05-20,Lúc đầu tải khá chậm.,vi,negative,0.7517,기타,2026-06-05 09:24:42.911098+00
1084,google_play,Grab,mobility_superapp,SEA,4,nguyen thu,2026-05-20,dạ chào app nãy app có điện cho e thì h đó xung quanh e có ng ngủ nên ko tiện nói lớn về vấn đề đặt chuyến xe từ photo trung sơn qua 136 Lê Văn Duyệt vấn đề là tài xế và khách đi xe nói chuyện với nhau thì cũng bình thường nhưng xưng hô s cho đúng với lứa tuổi e mới 18 nhỏ hơn chú đó chú đó có thể kêu cha mẹ e là a cj tiếp đến là đi xe e có thể đặt app đc nhưng tài xế nói chạy ở gần bên đó nếu có đi đâu cứ điện cho tài xế đó và còn tự ý lấy sđt kb Zalo mong app có thể chỉnh lại khoản đó ạ,vi,neutral,0.5146,배차·대기,2026-06-05 09:24:42.911098+00
1085,google_play,Grab,mobility_superapp,SEA,5,Trương lê ngoc phung,2026-05-19,tốt nhất,vi,positive,0.6491,기타,2026-06-05 09:24:42.911098+00
1086,google_play,Grab,mobility_superapp,SEA,5,kimhien vo,2026-05-19,"App này giao đồ ăn ngon nóng hỏi của Lotteria á, shipper nhiệt tình chu đáo",vi,positive,0.4974,기타,2026-06-05 09:24:42.911098+00
1565,google_play,Grab,mobility_superapp,SEA,5,Wichit Tensopa,2026-05-12,รวดเร็วไวไวไลธิติชัดเจน,th,neutral,0.5127,기타,2026-06-05 09:24:42.911098+00
838,google_play,Grab,mobility_superapp,SEA,5,trang WEB: VayTotNhat.C0M,2026-06-04,"Good app, nhiều khi cũng kẹt nên vào trang mình tham khảo, đảm bảo tốt nhất từ lúc grab triển khai quảng cáo cho LGBT là tao tự chuyển sang XanhSM. chiến dịch của grab quá tệ.",vi,neutral,0.3752,기타,2026-06-05 09:24:42.911098+00
839,google_play,Grab,mobility_superapp,SEA,1,huong giang Tran,2026-06-04,suốt ngày lỗi gọi điện,vi,negative,0.7199,앱오류,2026-06-05 09:24:42.911098+00
840,google_play,Grab,mobility_superapp,SEA,1,Quan Quan,2026-06-04,"bọn này bao che grab áp bốc lột mà được 4,8 sao à",vi,negative,0.586,기타,2026-06-05 09:24:42.911098+00
841,google_play,Grab,mobility_superapp,SEA,5,Hoanghung Pham,2026-06-03,quá tuyệt,vi,positive,0.7469,기타,2026-06-05 09:24:42.911098+00
842,google_play,Grab,mobility_superapp,SEA,1,Van Dien,2026-06-03,đặt đồ cũng bắt xác thực xàm xí vãi,vi,neutral,0.3943,기타,2026-06-05 09:24:42.911098+00
843,google_play,Grab,mobility_superapp,SEA,1,Anh anh To,2026-06-03,ứng dụng ko dùng hoặc lâu lâu mới dùng lại khóa rất vô duyên lm ăn rất tệ chuyên gia khóa tài khoản ko lý do,vi,negative,0.8568,기타,2026-06-05 09:24:42.911098+00
844,google_play,Grab,mobility_superapp,SEA,4,Linh Le,2026-06-03,tốt,vi,positive,0.4223,기타,2026-06-05 09:24:42.911098+00
885,google_play,Grab,mobility_superapp,SEA,1,Ngan Ly,2026-06-01,"mợ nó chứ. bắt xác minh khuôn mặt hoài, mà toàn dùng camera sau. không bật được camera trước. bất tiện gớm. bất tiện, không dùng được dịch vụ luôn.",vi,negative,0.8722,기타,2026-06-05 09:24:42.911098+00
846,google_play,Grab,mobility_superapp,SEA,1,quan le,2026-06-03,"tài xế grabcar ko đủ pin nhưng vẫn nhận chuyến đi xa , và bắt gia đình tôi phải chờ 1h đồng hồ giữa buổi trưa nắng để xạc pin. Vừa mất thời gian lại hại sức khoẻ. Trải nghiệm quá tệ. Tài xế còn thu thêm 150k phí cầu đường cho 100km di chuyển ko có trong phí ứng dụng.",vi,negative,0.8043,배차·대기,2026-06-05 09:24:42.911098+00
924,google_play,Grab,mobility_superapp,SEA,1,Phương Thảo,2026-05-30,giam đơn không giao. Trải nghiệm khó chịu thật sự,vi,negative,0.8902,기타,2026-06-05 09:24:42.911098+00
925,google_play,Grab,mobility_superapp,SEA,1,Yen nhi Lu,2026-05-30,"đăng nhập sđt mà cứ báo lỗi,phiền",vi,negative,0.9054,앱오류,2026-06-05 09:24:42.911098+00
926,google_play,Grab,mobility_superapp,SEA,1,tiến hoàng pham,2026-05-30,app loll,it,neutral,0.5062,기타,2026-06-05 09:24:42.911098+00
927,google_play,Grab,mobility_superapp,SEA,1,Bảo Hưng Bùi,2026-05-30,app bị lỗi hiện báo cáo lỗi liên tục k tắt đc chỉ khi xóa thì mới hết nhma cũng tầm vài ngày sau là xuất hiện lỗi trở laj,vi,negative,0.8009,앱오류,2026-06-05 09:24:42.911098+00
928,google_play,Grab,mobility_superapp,SEA,5,Vu Van Minh,2026-05-30,"Driver is a nice guy,",en,positive,0.869,배차·대기,2026-06-05 09:24:42.911098+00
929,google_play,Grab,mobility_superapp,SEA,5,Tuyền Hồ Thị Bích,2026-05-30,tài xế dễ thương,vi,positive,0.7257,배차·대기,2026-06-05 09:24:42.911098+00
930,google_play,Grab,mobility_superapp,SEA,5,Phúc Lâm,2026-05-30,bác tài rất vui vẽ,vi,positive,0.8573,기타,2026-06-05 09:24:42.911098+00
931,google_play,Grab,mobility_superapp,SEA,2,Đạt Nguyễn Quốc,2026-05-30,đặt xe trong cùng 1 thành phố mà chỗ đặt được chỗ lại không,vi,neutral,0.5093,기타,2026-06-05 09:24:42.911098+00
972,google_play,Grab,mobility_superapp,SEA,5,NM Khach,2026-05-28,đã dùng nhiều app nhưng vẫn qlai với grab 💗,vi,positive,0.6407,기타,2026-06-05 09:24:42.911098+00
932,google_play,Grab,mobility_superapp,SEA,1,Khoa,2026-05-30,"app như c, ấn vào thanh toán thì tự trừ tiền mà không cần xác nhận lại vân tay hay mã, xong thì k hủy đơn hàng được dù lỡ ấn nhầm thanh toán được 5 giây, đúng thứ app rác",vi,negative,0.6502,결제,2026-06-05 09:24:42.911098+00
933,google_play,Grab,mobility_superapp,SEA,5,Tantan,2026-05-30,OK,pt,neutral,0.4919,기타,2026-06-05 09:24:42.911098+00
934,google_play,Grab,mobility_superapp,SEA,5,tran nhan,2026-05-30,5* vì tìm đường nhanh nhất,vi,positive,0.5527,기타,2026-06-05 09:24:42.911098+00
935,google_play,Grab,mobility_superapp,SEA,5,Huy Lương,2026-05-30,ok 👍,sk,positive,0.5803,기타,2026-06-05 09:24:42.911098+00
936,google_play,Grab,mobility_superapp,SEA,1,Dat Nguyen,2026-05-30,quảng cáo itz thôi,vi,neutral,0.5457,기타,2026-06-05 09:24:42.911098+00
937,google_play,Grab,mobility_superapp,SEA,5,Cần Thơ Cẩm,2026-05-30,tài xế chuẩn giao hàng sớm hơn t gian dự định,vi,neutral,0.8046,배차·대기,2026-06-05 09:24:42.911098+00
938,google_play,Grab,mobility_superapp,SEA,5,Son Truong,2026-05-30,ok tốt,vi,positive,0.5032,기타,2026-06-05 09:24:42.911098+00
939,google_play,Grab,mobility_superapp,SEA,5,Dat To,2026-05-30,rất tốt nhé,vi,positive,0.8196,기타,2026-06-05 09:24:42.911098+00
940,google_play,Grab,mobility_superapp,SEA,1,Dung Nguyen,2026-05-30,tài xế tự hủy chuyến,vi,negative,0.6515,배차·대기,2026-06-05 09:24:42.911098+00
941,google_play,Grab,mobility_superapp,SEA,1,linh min,2026-05-30,"Làm vị trí logic chán vl, thông báo thanh toán thì như mò ốc",vi,negative,0.8563,결제,2026-06-05 09:24:42.911098+00
942,google_play,Grab,mobility_superapp,SEA,5,công nguyễn văn,2026-05-29,Rất tốt,vi,positive,0.7439,기타,2026-06-05 09:24:42.911098+00
943,google_play,Grab,mobility_superapp,SEA,5,Vantap Cu,2026-05-29,rất OK,vi,positive,0.4468,기타,2026-06-05 09:24:42.911098+00
944,google_play,Grab,mobility_superapp,SEA,1,Mười Má,2026-05-29,iểu🫶,vi,negative,0.3638,기타,2026-06-05 09:24:42.911098+00
945,google_play,Grab,mobility_superapp,SEA,1,Trần Nguyễn Phương Lâm,2026-05-29,app không cho khách hủy đơn hàng à? trong khi đó đặt món ở quán thì quán không nhận nên muốn hủy để đặt quán khác mà không cho hủy? ép người dùng đến thế luôn à,vi,negative,0.6942,기타,2026-06-05 09:24:42.911098+00
946,google_play,Grab,mobility_superapp,SEA,1,Linh Trịnh,2026-05-29,"tệ, cho 1 sao vì ko có mức đánh giá tệ hơn",vi,negative,0.5726,요금,2026-06-05 09:24:42.911098+00
947,google_play,Grab,mobility_superapp,SEA,3,Vux Lâm Trầngg,2026-05-29,thêm thẻ ngân hàng vào để thanh toán nhưng lại bảo sai thông tin dù đúng ??,vi,negative,0.552,결제,2026-06-05 09:24:42.911098+00
948,google_play,Grab,mobility_superapp,SEA,1,Nguyễn Thị Thu An,2026-05-29,chọn giao nhanh rồi ghép chục đơn cho khách chờ cả tiếng thì tạo ra cái lựa chọn ưu tiên làm cái gì vậy Grab ơi? Quá đáng nó vừa thôi chứ. Cả nhanh cả ưu tiên còn chờ lâu vậy thì cái giao chậm chắc nay đặt mốt mới nhận quá. Cần đặt cho xong việc mà cứ ghép đơn ntn thì hỏng hết việc. Tiền ship cũng có gọi là rẻ đâu ?,vi,negative,0.5531,기타,2026-06-05 09:24:42.911098+00
949,google_play,Grab,mobility_superapp,SEA,1,Trung Nhị Trần,2026-05-29,giao hàng ưu tiên không khi nào đúng h,vi,neutral,0.4922,기타,2026-06-05 09:24:42.911098+00
879,google_play,Grab,mobility_superapp,SEA,1,Ninh Xuân,2026-06-02,"cái ứng dụng ngu dốt, tài xế xung quanh đấy mà đặt không ai nhận cuốc",vi,negative,0.9067,배차·대기,2026-06-05 09:24:42.911098+00
880,google_play,Grab,mobility_superapp,SEA,5,Nguyễn Thị Duyên Nguyễn,2026-06-02,tài xế dễ thương .nhiệt tình.chạy xe cẩn trọng,vi,positive,0.4533,배차·대기,2026-06-05 09:24:42.911098+00
881,google_play,Grab,mobility_superapp,SEA,5,Lý Phan Thị,2026-06-01,giỏi an toàn,vi,positive,0.5448,기타,2026-06-05 09:24:42.911098+00
882,google_play,Grab,mobility_superapp,SEA,1,Anh Thảo,2026-06-01,đợi gần 30p k có ship nhận đơn còn ko cho hủy. xong còn phải đợi quán cbi món nữa. đợi muốn khùng người. mất tgian,vi,negative,0.7673,기타,2026-06-05 09:24:42.911098+00
883,google_play,Grab,mobility_superapp,SEA,1,Linh Đậu,2026-06-01,không công bằng với người dùng và tài xế,vi,negative,0.7601,배차·대기,2026-06-05 09:24:42.911098+00
884,google_play,Grab,mobility_superapp,SEA,5,Plants Zombie,2026-06-01,app ok khoảng cách xa nhưng vẫn giao cho 5 sao,vi,neutral,0.5981,기타,2026-06-05 09:24:42.911098+00
923,google_play,Grab,mobility_superapp,SEA,1,nhannguyen tran,2026-05-30,chẳng ra gì,vi,negative,0.4383,기타,2026-06-05 09:24:42.911098+00
886,google_play,Grab,mobility_superapp,SEA,1,Cristiano July,2026-06-01,"Rõ ràng là đặt xe 4 chỗ nhưng Grab phân phát cho đối tác xe 6,7 chỗ để đến khi còn xe điểm đến thì tài xế bảo xe chạy ko lọt đâu.",vi,neutral,0.5064,배차·대기,2026-06-05 09:24:42.911098+00
887,google_play,Grab,mobility_superapp,SEA,1,Anh Duy,2026-06-01,nạp tiền mà kh có mã giảm nhiều,vi,neutral,0.4538,기타,2026-06-05 09:24:42.911098+00
888,google_play,Grab,mobility_superapp,SEA,1,Nguyen Thanh,2026-06-01,"app đặt hàng dễ, đa dạng quán nhưng hỗ trợ người dùng rất kém, click nhầm đặt hàng thì xác định không hủy được, làm 77 49 bước rất rườm rà, đặt nhầm nhiều lần nhưng không lần nào hủy được. Cái trung tâm trợ giúp của Garb như shjt ấy, chẳn có gì gọi là trợ giúp, toàn mấy dòng thoại soạn sẵn không hề giải quyết đc vấn đề, để từ năm này sang năm khác không hề có nâng cấp",vi,negative,0.5764,서비스,2026-06-05 09:24:42.911098+00
889,google_play,Grab,mobility_superapp,SEA,1,1298_ Trịnh Gia Khang,2026-06-01,"quá nhiều thông báo quảng cáo, đang chờ tin nhắn mà cứ ting ting lên phiền vcl",vi,negative,0.8503,기타,2026-06-05 09:24:42.911098+00
890,google_play,Grab,mobility_superapp,SEA,1,An Hh,2026-06-01,địa chỉ sai từa lưa,vi,negative,0.4846,기타,2026-06-05 09:24:42.911098+00
891,google_play,Grab,mobility_superapp,SEA,1,Thfsjd Huynh,2026-06-01,tệ,vi,neutral,0.348,기타,2026-06-05 09:24:42.911098+00
1168,google_play,Grab,mobility_superapp,SEA,5,Hiếu Thái Văn,2026-05-13,"Đa dụng, linh hoạt nhiều dịch vụ",vi,positive,0.6042,기타,2026-06-05 09:24:42.911098+00
893,google_play,Grab,mobility_superapp,SEA,1,ó heo,2026-06-01,ứng dụng tệ hại đến cả mã giảm giá và ưu đãi cũng không có thì sao đặt hàng.Không nên tải và dùng,vi,negative,0.8843,요금,2026-06-05 09:24:42.911098+00
894,google_play,Grab,mobility_superapp,SEA,5,Thủy Nguyễn,2026-06-01,bạn quá nhiệt tình,vi,positive,0.5943,기타,2026-06-05 09:24:42.911098+00
895,google_play,Grab,mobility_superapp,SEA,1,Chi Kim,2026-06-01,chặn chép quá,vi,negative,0.7024,기타,2026-06-05 09:24:42.911098+00
896,google_play,Grab,mobility_superapp,SEA,5,trang WEB: VayTotNhat.C0M,2026-06-01,"Ai đang cần vay gõ trang tui. Đợt này thiếu số nên hạn mức cao, phí chưa đến 99k nữa. đăt giao hàg nhanh mà cứ ghép đơn chờ lâu quá trời, đề nghị grab đừg có ghép đơn nữa cách 2km mà chờ lâu quá trời mới nhận đc hàng",vi,negative,0.6658,기타,2026-06-05 09:24:42.911098+00
897,google_play,Grab,mobility_superapp,SEA,1,Kênh Thông Tin,2026-05-31,Có tài xế nhưng k bao giờ nhận. Trãi nghiệm tệ,vi,neutral,0.6814,배차·대기,2026-06-05 09:24:42.911098+00
898,google_play,Grab,mobility_superapp,SEA,1,Châu Minh,2026-05-31,quảng cáo cho cô vô xong không cho sử dụng cái mà mình quảng cáo,vi,neutral,0.4472,기타,2026-06-05 09:24:42.911098+00
899,google_play,Grab,mobility_superapp,SEA,2,Thi huynh mai Nguyen,2026-05-31,"trải nghiệm thật sự te.grap do an,grap xe toàn là sai vị trí grap k xd đc vì trí chính xác mặt tg cho đợi lâu con phải chỉ đường cho grap.trong khi đó mình khách du lịch côn k ranh duong",vi,negative,0.5065,기타,2026-06-05 09:24:42.911098+00
900,google_play,Grab,mobility_superapp,SEA,5,Lê Duy Nguyễn,2026-05-31,app ngon,tl,positive,0.7279,기타,2026-06-05 09:24:42.911098+00
901,google_play,Grab,mobility_superapp,SEA,5,Kiều Phạm thị,2026-05-31,tài xế nhiệt tình,vi,neutral,0.4881,배차·대기,2026-06-05 09:24:42.911098+00
902,google_play,Grab,mobility_superapp,SEA,5,Thiềm Võ,2026-05-31,cuốc xe đi an tâm,vi,neutral,0.3795,기타,2026-06-05 09:24:42.911098+00
903,google_play,Grab,mobility_superapp,SEA,3,To số 1 Gà cu,2026-05-31,"ko có quá nhiều mã giảm giá, đặt đồ ăn thì đặt nhầm lại ko hủy đc đơn",vi,negative,0.7019,요금,2026-06-05 09:24:42.911098+00
3270,google_play,Gojek,mobility_superapp,SEA,1,sam hecate,2021-06-11,ภาพและเมนูไม้ขึ้น,th,neutral,0.6353,기타,2026-06-05 09:24:42.911098+00
3271,google_play,Gojek,mobility_superapp,SEA,5,MR.Banana,2021-06-10,ของดี,th,positive,0.7565,기타,2026-06-05 09:24:42.911098+00
3272,google_play,Gojek,mobility_superapp,SEA,4,somrutai tiwaraschai,2021-06-10,ค่าส่งถูก,th,neutral,0.5353,기타,2026-06-05 09:24:42.911098+00
3273,google_play,Gojek,mobility_superapp,SEA,5,Dolaporn Nokkaew,2021-06-10,คิดค่าส่งถูกมากกกก,th,positive,0.4608,기타,2026-06-05 09:24:42.911098+00
3274,google_play,Gojek,mobility_superapp,SEA,3,V_ pyph,2021-06-09,ดีค่ะแต่หาคนขัยยาก,th,negative,0.531,기타,2026-06-05 09:24:42.911098+00
3275,google_play,Gojek,mobility_superapp,SEA,5,Saranpong Hongthong,2021-06-09,สะดวกมาก,th,positive,0.558,기타,2026-06-05 09:24:42.911098+00
904,google_play,Grab,mobility_superapp,SEA,1,Thái Quốc,2026-05-31,quảng cáo quá nhiều,vi,negative,0.6796,기타,2026-06-05 09:24:42.911098+00
905,google_play,Grab,mobility_superapp,SEA,1,Duy minh Dao,2026-05-31,không thể đón người ở vị trí xa mà không có xe ở gần khá bực mình,vi,negative,0.8787,기타,2026-06-05 09:24:42.911098+00
906,google_play,Grab,mobility_superapp,SEA,1,Hưng phạm ok,2026-05-31,xu giảm giá của tao chưa dùng tự nhiên trừ hết của người ta?,vi,neutral,0.5608,요금,2026-06-05 09:24:42.911098+00
907,google_play,Grab,mobility_superapp,SEA,1,Iris P,2026-05-31,ngu,tl,neutral,0.3715,기타,2026-06-05 09:24:42.911098+00
908,google_play,Grab,mobility_superapp,SEA,2,Hoàng Xuân Trường,2026-05-31,tìm tài xế lâu phải thanh toán trước moi tìm tài xế nhanh,vi,neutral,0.829,결제,2026-06-05 09:24:42.911098+00
980,google_play,Grab,mobility_superapp,SEA,5,Nhi Vo,2026-05-27,thân thiện vui vẻ nhưng cần giao nhanh,vi,neutral,0.5861,기타,2026-06-05 09:24:42.911098+00
981,google_play,Grab,mobility_superapp,SEA,5,Khang Nguyễn,2026-05-27,giá bất thường,vi,negative,0.8671,요금,2026-06-05 09:24:42.911098+00
1806,google_play,Grab,mobility_superapp,SEA,5,Rajee Krish,2026-06-04,very fast delivery,da,positive,0.5842,기타,2026-06-05 09:24:42.911098+00
950,google_play,Grab,mobility_superapp,SEA,1,Gia Bảo Huỳnh,2026-05-29,"Đặt đơn 11h30 mà 12h25 mới giao trong khi định vị có 5km, chưa kể mưa to, shipper chưa nhận đơn mà muốn hủy cũng không được, ép khách phải chờ đồ ăn trưa tới trong khi chỉ có 1 tiếng nghỉ trưa. Càng ngày càng ép khách lẫn shipper quá đáng.",vi,negative,0.5267,기타,2026-06-05 09:24:42.911098+00
951,google_play,Grab,mobility_superapp,SEA,4,Thi Mai Ho,2026-05-29,"Cho người dùng sửa sai đi, ms nhấn nút đặt đơn thì hoặc có popup xác nhận hoặc cho người ta vài giây để hủy đơn đi chứ. Lỡ tay nhấn là phải ngậm đắng nuốt cay!!!!!!",vi,negative,0.7546,기타,2026-06-05 09:24:42.911098+00
952,google_play,Grab,mobility_superapp,SEA,5,Đoan Hoàng,2026-05-29,rất hài lòng,vi,positive,0.8668,기타,2026-06-05 09:24:42.911098+00
953,google_play,Grab,mobility_superapp,SEA,1,Anh Nguyen,2026-05-29,có hiện tượng tự ý đặt đơn trong khi t mới cho vào giỏ hàng??? ý là lợi dụng t liên kết sẵn momo thanh toán luôn nên ép đặt ép nhận hay sao?,vi,negative,0.5451,결제,2026-06-05 09:24:42.911098+00
954,google_play,Grab,mobility_superapp,SEA,1,Nhi Đặng,2026-05-29,app lỏ vc,vi,negative,0.8015,기타,2026-06-05 09:24:42.911098+00
955,google_play,Grab,mobility_superapp,SEA,1,Kỳ Trịnh Nguyễn Quốc,2026-05-29,"tới giờ lên deal cái lag, chịu thật không đặt được gì dù mạng rất mạnh, không nghe ý kiến khách hàng",vi,negative,0.8097,기타,2026-06-05 09:24:42.911098+00
956,google_play,Grab,mobility_superapp,SEA,5,zh dnia,2026-05-29,"tốt,ng chở dễ thương tinh tế.",vi,positive,0.8591,기타,2026-06-05 09:24:42.911098+00
957,google_play,Grab,mobility_superapp,SEA,1,Nhi Đào hoàng,2026-05-29,"bị tài xế liên tục quấy rối tình dục khi đi xe, rủ đi khách sạn nha mọi người. cẩn thận với app loại hình dơ bẩn này",vi,negative,0.818,배차·대기,2026-06-05 09:24:42.911098+00
958,google_play,Grab,mobility_superapp,SEA,1,Hà Lê,2026-05-29,không đặt xe nhưng vẫn có tài xế gọi,vi,neutral,0.6583,배차·대기,2026-06-05 09:24:42.911098+00
959,google_play,Grab,mobility_superapp,SEA,3,vuong phidinh,2026-05-29,Cập nhật nhiều quá,vi,negative,0.3839,기타,2026-06-05 09:24:42.911098+00
960,google_play,Grab,mobility_superapp,SEA,2,Vũ Nguyễn,2026-05-29,"App tự tạo địa điểm, người dùng vào đề nghị sửa thì mãi không duyệt.",vi,negative,0.4781,기타,2026-06-05 09:24:42.911098+00
961,google_play,Grab,mobility_superapp,SEA,1,Sa nhà nông,2026-05-28,dm chạy 13 14h dc 350k clm phát cuốc con gái mẹ nó hay gì á.cuốc to mày cho con gái mẹ mày rồi ha grap .clm điên.,vi,negative,0.4623,기타,2026-06-05 09:24:42.911098+00
962,google_play,Grab,mobility_superapp,SEA,5,Yen Tran,2026-05-28,tot,fi,neutral,0.4043,기타,2026-06-05 09:24:42.911098+00
963,google_play,Grab,mobility_superapp,SEA,3,Jack J97,2026-05-28,tải lâu,vi,neutral,0.4278,기타,2026-06-05 09:24:42.911098+00
965,google_play,Grab,mobility_superapp,SEA,1,Dầu Nhớt Ô tô - Xe Máy Đà Lạt,2026-05-28,Đặt giao hàng mà không cho khách hàng trả bằng tiền mặt,vi,neutral,0.601,기타,2026-06-05 09:24:42.911098+00
966,google_play,Grab,mobility_superapp,SEA,5,Hồng Thắm Trần,2026-05-28,tải app về hơi lâu,vi,negative,0.579,기타,2026-06-05 09:24:42.911098+00
2612,google_play,Gojek,mobility_superapp,SEA,5,Dian Tan,2026-05-16,awesome!,af,positive,0.8097,기타,2026-06-05 09:24:42.911098+00
967,google_play,Grab,mobility_superapp,SEA,1,Phát Lê,2026-05-28,đặt xe đang gấp còn phải đợi lâu,vi,neutral,0.4741,기타,2026-06-05 09:24:42.911098+00
968,google_play,Grab,mobility_superapp,SEA,5,hien nguyen,2026-05-28,rất tốt giao hàng nhanh chóng,vi,positive,0.5999,기타,2026-06-05 09:24:42.911098+00
969,google_play,Grab,mobility_superapp,SEA,1,Hoang Thai Chau,2026-05-28,"app lỗi tè le, đang ở sài gòn mà tự gắn cho KH ở đà lạt, không liên hệ được tổng đài để xử lý sự cố. dịch vụ cskh rất tệ",vi,negative,0.8832,앱오류,2026-06-05 09:24:42.911098+00
970,google_play,Grab,mobility_superapp,SEA,5,Đan Lê Doãn,2026-05-28,grab là 1 ứng dụng gọi xe công nghệ uy tín hiện đại thông minh an toàn nhất tại Việt Nam. tôi yêu grab,vi,positive,0.6858,기타,2026-06-05 09:24:42.911098+00
971,google_play,Grab,mobility_superapp,SEA,5,Thành Nguyễn,2026-05-28,sao redmi 13 pro của mình không đăng nhập được,vi,negative,0.5939,기타,2026-06-05 09:24:42.911098+00
1050,google_play,Grab,mobility_superapp,SEA,5,Huân Việt,2026-05-23,tài xế rất thân thiện,vi,positive,0.5468,배차·대기,2026-06-05 09:24:42.911098+00
973,google_play,Grab,mobility_superapp,SEA,1,Đại Nguyễn,2026-05-28,grab tăng phí nền tảng với khách hàng nhưng lại cắt giảm thưởng cho tài xế và ghép đơn vô tội vạ nhằm lấy lun phần tiền ship của đơn ghép thứ 2 dành cho tài xế,vi,negative,0.609,배차·대기,2026-06-05 09:24:42.911098+00
1063,google_play,Grab,mobility_superapp,SEA,1,Duong Tuong,2026-05-21,đưa đúng số rồi mà không nhận được mã,vi,negative,0.5835,기타,2026-06-05 09:24:42.911098+00
1064,google_play,Grab,mobility_superapp,SEA,1,My Nguyễn,2026-05-21,Teamsgfhgg7jpnppo là pì ty cổ phần đầu p p5 pg60jễ3y54ku,vi,neutral,0.4684,기타,2026-06-05 09:24:42.911098+00
1065,google_play,Grab,mobility_superapp,SEA,1,Thanh Tiền,2026-05-21,đm đang gấp làm mà còn giao lâu hơn cả tiếng ch thấy đi đơn,vi,negative,0.7783,기타,2026-06-05 09:24:42.911098+00
1066,google_play,Grab,mobility_superapp,SEA,1,Châu Huy Diễn,2026-05-21,"nay đặt đơn nhóm +5 xu, trước+ 200 xu lận mà",vi,neutral,0.6385,기타,2026-06-05 09:24:42.911098+00
1067,google_play,Grab,mobility_superapp,SEA,1,H DH,2026-05-21,như cái qq đặt bắc sát mình mà sát mik thì ko đc ls má,vi,negative,0.557,기타,2026-06-05 09:24:42.911098+00
1068,google_play,Grab,mobility_superapp,SEA,2,Quang Tuyen Lam,2026-05-21,ôô,vi,neutral,0.3954,기타,2026-06-05 09:24:42.911098+00
1069,google_play,Grab,mobility_superapp,SEA,1,Bảo Ngọc Huỳnh,2026-05-20,Mình bị trừ tiền 2 lần trong 1 bill mà khiếu nại thì bảo là có khoảng giao dịch chưa hoàn thành. Trong khi lần 1 đã bị trừ rồi,vi,negative,0.5222,기타,2026-06-05 09:24:42.911098+00
1070,google_play,Grab,mobility_superapp,SEA,1,Tina Phạm,2026-05-20,Đặt xe cho người thân đi đã bị trừ tiền trong app vậy mà tài xế vẫn kêu người nhà đưa tiền mặt.Nhờ bên GRAB Hỗ Trợ tưởng sao nhắn lại..Tài xế nói ko nhận tiền mặt.. Gian dối.. Xử lý vậy là coi như XONG🙏🙏🙏,vi,negative,0.7154,배차·대기,2026-06-05 09:24:42.911098+00
3276,google_play,Gojek,mobility_superapp,SEA,5,วุฒิ พูลทวี,2021-06-09,👍👏,unknown,positive,0.6949,기타,2026-06-05 09:24:42.911098+00
1071,google_play,Grab,mobility_superapp,SEA,5,Quân Tăng hồng,2026-05-20,đồ ăn rất ngon đậm đà.đầy đặn lần sau sẽ ủng hộ shop,vi,positive,0.8383,기타,2026-06-05 09:24:42.911098+00
1072,google_play,Grab,mobility_superapp,SEA,5,Tran Dung,2026-05-20,chủ đáo nhiệt tình,vi,positive,0.5154,기타,2026-06-05 09:24:42.911098+00
1073,google_play,Grab,mobility_superapp,SEA,5,Trung Đức Lê Cao,2026-05-20,hài lòng,vi,positive,0.6508,기타,2026-06-05 09:24:42.911098+00
1074,google_play,Grab,mobility_superapp,SEA,5,Tien Hoang,2026-05-20,tuyệt,vi,neutral,0.3736,기타,2026-06-05 09:24:42.911098+00
982,google_play,Grab,mobility_superapp,SEA,5,Hân Hân,2026-05-27,app tuff phết nhưng thua game bạn tôi làm,vi,negative,0.7131,기타,2026-06-05 09:24:42.911098+00
983,google_play,Grab,mobility_superapp,SEA,5,Name No,2026-05-27,Tuyệt vời,vi,positive,0.5107,기타,2026-06-05 09:24:42.911098+00
984,google_play,Grab,mobility_superapp,SEA,2,Huy Hoàng,2026-05-27,đặt xe lâu làm trễ hết thời gian công việc,vi,negative,0.7142,기타,2026-06-05 09:24:42.911098+00
985,google_play,Grab,mobility_superapp,SEA,1,K Lg,2026-05-27,không hề hỗ trợ hủy đơn hàng cực kỳ tệ tổng đài không thể gọi chat thì với toàn bot,vi,negative,0.7459,서비스,2026-06-05 09:24:42.911098+00
986,google_play,Grab,mobility_superapp,SEA,3,Hanna Pham,2026-05-27,"giúp mình fix bug khi em danh sách trả tiền hộ ai khi order nhóm với, nó đang liên tục reload",vi,negative,0.6276,앱오류,2026-06-05 09:24:42.911098+00
987,google_play,Grab,mobility_superapp,SEA,1,Thao Nhu,2026-05-27,mình gặp vấn đề gọi lên tổng đài 3 lần vẫn k dc cần xem lại dịch vụ CSKH !,vi,neutral,0.5525,기타,2026-06-05 09:24:42.911098+00
988,google_play,Grab,mobility_superapp,SEA,5,TUAN Do Van,2026-05-27,nhiệt tình .lái xe cẩn thận,vi,neutral,0.4597,기타,2026-06-05 09:24:42.911098+00
989,google_play,Grab,mobility_superapp,SEA,5,Đen Nguyễn,2026-05-27,ok rat hai long,tl,neutral,0.403,기타,2026-06-05 09:24:42.911098+00
990,google_play,Grab,mobility_superapp,SEA,1,Hà Minh,2026-05-26,đơn vừa đặt xong ấn hủy luôn với lý do đặt nhầm thì không hủy được,vi,negative,0.6769,기타,2026-06-05 09:24:42.911098+00
991,google_play,Grab,mobility_superapp,SEA,1,Huy Nguyễn,2026-05-26,"dùng chán vl, app lỏ",vi,negative,0.9143,기타,2026-06-05 09:24:42.911098+00
992,google_play,Grab,mobility_superapp,SEA,5,Kimlien89,2026-05-26,mình thấy rất hài lòng,vi,positive,0.8724,기타,2026-06-05 09:24:42.911098+00
993,google_play,Grab,mobility_superapp,SEA,5,Thụân Nguyễn,2026-05-26,Tốt nhiệt tình,vi,positive,0.3373,기타,2026-06-05 09:24:42.911098+00
1487,google_play,Grab,mobility_superapp,SEA,1,ณภัสสร ชุปวา,2026-05-19,เกิดอุบัติเหตุรถชนขณะนั่งรถแกรปมอเตอร์ไซค์วันที่10/05/69ที่ผ่านมา คนขับแกรปแก่มากอายุน่าจะเกือบ70ได้ ติดต่อศูน์ช่วยเหลือแกรปให้มาเพียงคูปองนั่งรถ40บ. ตัวเราเขียวทั้งตัวงานพึ่งเริ่มใหม่ต้องออกจากงานก่อนเรียกร้องอะไรบริษัทไม่ได้เลยมีแต่บอกให้ไป โรงพยาบาลเอกชนในเครือแล้วให้เก็บบิลค่ารักษาไว้เบิกภายใน45วันทำการ ติดต่อบริษัทก็ไม่ได้ ต่อไปหาคนแก่อายุสัก100ปีมาขับก็ได้ พรบ.ของคนขับแกรปก็ติดต่อไม่ได้มีแต่โทรมาจะให้เป็นพยาน ถือว่าเป็นคราวซวยมากที่มาเจอคนขับและบริษัทแบบนี้ ดูเคสของเราเป็นตัวอย่างได้ซวยมาก,th,negative,0.6961,배차·대기,2026-06-05 09:24:42.911098+00
1488,google_play,Grab,mobility_superapp,SEA,1,Exorcish,2026-05-18,ยืนยันตัวตนบัตรบอกไม่ถูกต้องทำไมไม่มาใส่เองวะจะได้ถูกใจคุณพี่น่ะ,th,negative,0.6588,기타,2026-06-05 09:24:42.911098+00
1489,google_play,Grab,mobility_superapp,SEA,1,Panuwach Buajon,2026-05-18,ถ่ายบัตรประชาชนยากโครตๆ,th,negative,0.8669,기타,2026-06-05 09:24:42.911098+00
1490,google_play,Grab,mobility_superapp,SEA,4,Hideko Takayama,2026-05-18,อยากให้มีระบบเรียกรถล่วงหน้า สำหรับคนบ้านไกลค่ะ จะออกไปไหนแต่ละที เรียกรถไม่เคยมีใครยอมเข้ามารับเลย,th,neutral,0.5494,배차·대기,2026-06-05 09:24:42.911098+00
1491,google_play,Grab,mobility_superapp,SEA,1,Lillyy _Know,2026-05-18,1 ดาวพอค่ะ กดยกเลิกการเรียกรถไปแล้วตั้งแต่ก่อนคนขับจะรับงานไม่ได้ ต้องมาเสียค่ายกเลิกอีก 30 บาท ไม่โอเคเลยค่ะ,th,negative,0.8745,배차·대기,2026-06-05 09:24:42.911098+00
1492,google_play,Grab,mobility_superapp,SEA,1,Minoli Gamer,2026-05-18,ห่วยมาก กดสั่งซื้อผิด แล้วแก้ไข อะไรไม่ได้เลย ใช้แอพอื่นเถอะครับ,th,negative,0.9026,기타,2026-06-05 09:24:42.911098+00
1493,google_play,Grab,mobility_superapp,SEA,5,tay autogang,2026-05-18,พึ่งได้ใช้ครั้งแรก ถูกใจครับ,th,positive,0.7879,기타,2026-06-05 09:24:42.911098+00
1494,google_play,Grab,mobility_superapp,SEA,5,Be Tong,2026-05-18,สะดวกหาร้านอาหารกินมาก ชอบๆ,th,positive,0.8274,기타,2026-06-05 09:24:42.911098+00
1495,google_play,Grab,mobility_superapp,SEA,1,ปริยากร สุนทรมัทฉะ,2026-05-18,ห่วยทุกบริการ ห่วยกับไรเดอร์ ร้านค้า และคนซื้อ,th,negative,0.8867,서비스,2026-06-05 09:24:42.911098+00
1496,google_play,Grab,mobility_superapp,SEA,3,Arissara Ardhan,2026-05-18,edit เพิ่มดาวให้แล้วนะคะ มีคอมเม้นท์เพิ่มเติมเรื่องของร้านยกเลิกออเดอร์ จะปิดพอดีหรือเหตุผลอะไรก็ตาม อยากให้โทรติดต่อแจ้งค่ะ เพราะบางทีสั่งแล้ววางมือถือทำงานต่อเลย คิดว่าออเดอร์เรียบร้อย พอหยิบมาดูอีกที อ้าว ร้านยกเลิกเพราะปิด .. ------------------ ถ้าทำเรื่องคืนเงินที่หักไปรอบสองครั้งนี้ได้ จะกลับมาเพิ่มดาวค่ะ (หักเงินซ้ำซ้อน ครั้งนี้ครั้งที่ 3 แล้วนะคะ รอดำเนินการมา 4 วันได้แล้วค่ะ,th,neutral,0.4234,결제,2026-06-05 09:24:42.911098+00
1497,google_play,Grab,mobility_superapp,SEA,5,Yuki,2026-05-18,บริการดีครับ ขับรถดี ค่ารถก็ไม่แพงมาก,th,positive,0.494,배차·대기,2026-06-05 09:24:42.911098+00
1036,google_play,Grab,mobility_superapp,SEA,1,Sapinna Bukari,2026-05-23,"grab tạo ra ưu đãi free ship đơn hàng phụ nhưng lại có thời hạn, đặt thì bị shop hủy lại mất ưu đãi vì shop chuyên môn hủy sau 10p đặt đơn :))) lại không khiếu nại shop được, shop hủy đơn trên grab dễ như vậy thì người dùng bị khó chịu, chuyên môn bị hủy đơn xong mất ưu đãi :))) hủy đơn toàn vì lí do đơn hàng không được xác nhận rồi vào xem thì đóng cửa 1 ngày :)? ủa shop nghỉ vậy sao không nghỉ ngay từ đầu đi :)? khó chịu vô cùng tận nha :))) bị hủy kỉu đó k dưới 10 lần rồi lại k khiếu nại được",vi,negative,0.6031,기타,2026-06-05 09:24:42.911098+00
1037,google_play,Grab,mobility_superapp,SEA,5,Bbs Hd,2026-05-23,rất tiện lợi,vi,positive,0.7712,기타,2026-06-05 09:24:42.911098+00
1038,google_play,Grab,mobility_superapp,SEA,5,trang WEB: VayTotNhat.C0M,2026-05-23,"Good app, nhiều khi cũng kẹt nên vào trang mình tham khảo, đảm bảo tốt nhất. Về app thì tuyệt quán mới ăn ngon miệng síp nhanh",vi,positive,0.5344,기타,2026-06-05 09:24:42.911098+00
1039,google_play,Grab,mobility_superapp,SEA,5,Ngọc Oanh Trần,2026-05-23,Tài xế thân thiện chạy xe cẩn thận cho Tài xế 5*,vi,neutral,0.5909,배차·대기,2026-06-05 09:24:42.911098+00
1040,google_play,Grab,mobility_superapp,SEA,1,Quang Khải Nguyễn,2026-05-23,"đăt giao hàg nhanh mà cứ ghép đơn chờ lâu quá trời, đề nghị grab đừg có ghép đơn nữa cách 2km mà chờ lâu quá trời mới nhận đc hàng",vi,negative,0.544,기타,2026-06-05 09:24:42.911098+00
1041,google_play,Grab,mobility_superapp,SEA,5,Truy cập: VayTotNhat.C0M,2026-05-23,"Truy cập đúng tên trang mình, vay thành công 6tr7 nha các bạn yêu. đơn hàng tiền mặt không có shipper nhận cũng không cho hủy đơn, tốn gần 1 tiếng đồng hồ",vi,neutral,0.5487,기타,2026-06-05 09:24:42.911098+00
1042,google_play,Grab,mobility_superapp,SEA,1,Trân Kiều,2026-05-23,đây là lần cuối t đi grab đã bị 2 lầm tài xế ăn chặn tiền,vi,negative,0.8152,배차·대기,2026-06-05 09:24:42.911098+00
1043,google_play,Grab,mobility_superapp,SEA,5,Lam Cao,2026-05-23,bạn uy tính và dịu đang với khách,vi,positive,0.5641,기타,2026-06-05 09:24:42.911098+00
1044,google_play,Grab,mobility_superapp,SEA,5,Duc Nguyen,2026-05-23,giao hàng nhanh,vi,neutral,0.7504,기타,2026-06-05 09:24:42.911098+00
1045,google_play,Grab,mobility_superapp,SEA,1,Hieu Tran,2026-05-23,cập nhật chậm,vi,neutral,0.6578,기타,2026-06-05 09:24:42.911098+00
1046,google_play,Grab,mobility_superapp,SEA,5,Điều Nguyễn Thị,2026-05-23,rất ok,vi,positive,0.3666,기타,2026-06-05 09:24:42.911098+00
1047,google_play,Grab,mobility_superapp,SEA,5,Phương Tuyết,2026-05-23,"đi xa có mã giảm giá, giảm tiền đi nhiều lắm luôn ❤️",vi,positive,0.6787,요금,2026-06-05 09:24:42.911098+00
1048,google_play,Grab,mobility_superapp,SEA,5,Hanh Mai,2026-05-23,tôi thấy đồ ăn rất ngon,vi,positive,0.8034,기타,2026-06-05 09:24:42.911098+00
1049,google_play,Grab,mobility_superapp,SEA,1,Tịnh Khang,2026-05-23,Trả cước phí xe tay ga để được đi xe số,vi,neutral,0.7116,기타,2026-06-05 09:24:42.911098+00
1052,google_play,Grab,mobility_superapp,SEA,1,thanh hang,2026-05-22,App l . Đặt đồ ăn đ thấy tài xế đ cho hủy ?,vi,neutral,0.4978,배차·대기,2026-06-05 09:24:42.911098+00
1053,google_play,Grab,mobility_superapp,SEA,1,Anime Hay,2026-05-22,Ấn nhầm đặt đơn chưa đc 2s hủy éo cho súc vật thật:)),vi,negative,0.4706,기타,2026-06-05 09:24:42.911098+00
1054,google_play,Grab,mobility_superapp,SEA,1,Lê Hoàng Vũ Linh,2026-05-22,"tài xế rất mất dạy, hâm dọa khách hàng mặc dù đợi giao hàng chỉ 6 phút",vi,negative,0.7674,배차·대기,2026-06-05 09:24:42.911098+00
1055,google_play,Grab,mobility_superapp,SEA,1,Lynn Nguyễn,2026-05-22,Quảng cáo nhiều gây phiền phức,vi,negative,0.932,기타,2026-06-05 09:24:42.911098+00
1056,google_play,Grab,mobility_superapp,SEA,5,Kim loan Nguyễn thị,2026-05-22,app 10 đỉm,vi,neutral,0.3676,기타,2026-06-05 09:24:42.911098+00
1087,google_play,Grab,mobility_superapp,SEA,1,vy lam,2026-05-19,"Tài xế nhận cước, đến nơi rồi báo có chuyến khác ko đón. Làm người khác lở dở công chuyện mà grab ko cho đánh giá tài xế, cho với 1 chat box AI trả lời kiểu ""hoàn tiền rồi đặt chuyến khác đi"". Thật xất láo và thiếu tôn trọng khách hàng. Ko muốn thì ko nhận cuốc ngay từ đầu",vi,negative,0.6161,배차·대기,2026-06-05 09:24:42.911098+00
1088,google_play,Grab,mobility_superapp,SEA,1,Ngọc Lê Mai Bảo,2026-05-19,"tự nhiên khoá tk của ngta xong bảo chờ 4-5 ngày mà mãi ko mở trong khi ko làm j, hôm trc vẫn đặt đc bth cái hôm sau khoá",vi,negative,0.5232,기타,2026-06-05 09:24:42.911098+00
1089,google_play,Grab,mobility_superapp,SEA,5,VÕ ANH DUY IDOL,2026-05-19,GRAP *** NHANH VÀ NHANH *** GRAP RẤT OK *****,vi,neutral,0.4357,기타,2026-06-05 09:24:42.911098+00
1131,google_play,Grab,mobility_superapp,SEA,1,ψυ,2026-05-17,"giao hàng phí giao hàng mắc ác, hẹn giờ thì ko có người nhận",vi,negative,0.857,기타,2026-06-05 09:24:42.911098+00
1498,google_play,Grab,mobility_superapp,SEA,5,Chalad Phutthakhan,2026-05-18,เพิ่งลองใช้ครั้งแรก ให้ 5 ดาวไปก่อน,th,neutral,0.5245,기타,2026-06-05 09:24:42.911098+00
33,google_play,KOKKOK Move,kokkok,LAO,5,Am Phai,2023-11-26,Very good app,en,positive,0.8518,기타,2026-06-05 09:24:42.911098+00
3,google_play,KOKKOK Move,kokkok,LAO,2,jojo2499 inmavong,2025-09-17,ພະນັກງານຂັບລົດບາງຄົນບໍ່ເປັນລະບຽບ,unknown,negative,0.5651,기타,2026-06-05 09:24:42.911098+00
34,google_play,KOKKOK Move,kokkok,LAO,5,Boau BU,2023-11-26,ມັກຫລາຍ,unknown,neutral,0.421,기타,2026-06-05 09:24:42.911098+00
35,google_play,KOKKOK Move,kokkok,LAO,5,ທ້າວ ສຸພານິດ ວິໄລແສງ BM4.1,2023-11-21,ເຄີຍໃຊ້ບໍລິການແລ້ວ ຄົນຂັບລົດອັດທະຍາໃສດີ ລົມມ່ວນ ໂດຍລວມແມ່ນດີເລີຍ,unknown,positive,0.5962,기타,2026-06-05 09:24:42.911098+00
36,google_play,KOKKOK Move,kokkok,LAO,5,Tong Keophila,2023-11-19,ບໍລີການດີຫຼາຍ,unknown,positive,0.527,기타,2026-06-05 09:24:42.911098+00
37,google_play,KOKKOK Move,kokkok,LAO,5,GE DA,2023-11-18,ບໍ່ລິການດີປະທັບໃຈ,unknown,positive,0.5432,기타,2026-06-05 09:24:42.911098+00
38,google_play,KOKKOK Move,kokkok,LAO,5,vieng nakhone,2023-11-17,ບໍລິການດີປະທັບໃຈ,unknown,positive,0.7612,기타,2026-06-05 09:24:42.911098+00
39,google_play,KOKKOK Move,kokkok,LAO,5,Khampai Saiyavong,2023-11-17,ບໍລິການດີປະທັບໄຈ,unknown,neutral,0.4436,기타,2026-06-05 09:24:42.911098+00
417,google_play,LOCA Taxi,kokkok,LAO,1,Joe Cross,2026-01-30,Far too difficult to setup for a taxi ride that you can get anywhere on the street,en,negative,0.6815,기타,2026-06-05 09:24:42.911098+00
2463,google_play,Gojek,mobility_superapp,SEA,5,Yanche Hermawan atmaja,2026-05-25,yes....good job,so,positive,0.8284,기타,2026-06-05 09:24:42.911098+00
1090,google_play,Grab,mobility_superapp,SEA,1,Tường Trần,2026-05-19,quá tệ ở khoản giải quyết vấn đề tài xế không chứng minh được gì nhưng vẫn tin khách hàng chứng minh được thì bảo không xác minh được,vi,negative,0.6897,배차·대기,2026-06-05 09:24:42.911098+00
1091,google_play,Grab,mobility_superapp,SEA,1,kero pirus,2026-05-19,"không biết app có ra chê độ ng dùng block tài xế không?( KHÔNG ÁM CHỈ TẤT CẢ TÀI XẾ, CHỈ NÓI 1 VÀI TÀI XẾ) có những tài xế chạy rất khó chịu mà tại trong khu vực đó nên cúe bắt trúng tài xế đó miết. Mong rs thêm mode block tài xế ko chạy xe đàng hoàng. À rồi bỏ cái trò ghép đơn theo kiểu mất dạy đó đi nha ohieenf ng dùng phiền luôn tài xế, hệ thống kiểu qq j mà chó tài xế ghép đơn 1 tiếng đồng hồ món mới giao tới cho khách v hả, v t thà chọn cái mục đặt hẹn giao cho miễn phí cho r.",vi,negative,0.5987,배차·대기,2026-06-05 09:24:42.911098+00
1092,google_play,Grab,mobility_superapp,SEA,1,Vananh Nguyen,2026-05-19,đặt đơn đi chợ ấn nhầm mua hàng mà ko cho khách hàng hủy,vi,negative,0.5633,기타,2026-06-05 09:24:42.911098+00
1094,google_play,Grab,mobility_superapp,SEA,1,Thắng Trần,2026-05-19,Giờ còn có chuyện tài xế bẫy khách nữa à nó không đón xong hủy chuyến xong khách bị phạt,vi,negative,0.7842,배차·대기,2026-06-05 09:24:42.911098+00
1095,google_play,Grab,mobility_superapp,SEA,5,Minh Phạm Ngọc,2026-05-19,rất tiện lợi cho người dùng,vi,positive,0.6627,기타,2026-06-05 09:24:42.911098+00
1096,google_play,Grab,mobility_superapp,SEA,1,Cong trần thanh,2026-05-19,tăng giá mỗi khi hủy chuyến,vi,neutral,0.5758,요금,2026-06-05 09:24:42.911098+00
1097,google_play,Grab,mobility_superapp,SEA,5,Chư harry,2026-05-19,oke oke,sl,positive,0.4776,기타,2026-06-05 09:24:42.911098+00
1098,google_play,Grab,mobility_superapp,SEA,1,Hieu Tran,2026-05-19,app như c đ l đặt nhầm chưa đc 15 giây đ cho hủy bắt nuốt hộp cơm tấm 100 ngàn,vi,negative,0.6891,기타,2026-06-05 09:24:42.911098+00
1099,google_play,Grab,mobility_superapp,SEA,4,Hiep Tran,2026-05-19,app hơi rườm rà,vi,negative,0.454,기타,2026-06-05 09:24:42.911098+00
1100,google_play,Grab,mobility_superapp,SEA,5,Co Nguyenvanco,2026-05-19,ok được,vi,positive,0.402,기타,2026-06-05 09:24:42.911098+00
1101,google_play,Grab,mobility_superapp,SEA,5,Nhàn Ngọc,2026-05-19,OK ♥️🥰,en,positive,0.8522,기타,2026-06-05 09:24:42.911098+00
1102,google_play,Grab,mobility_superapp,SEA,5,Nhóc Cu To Dài 17cm,2026-05-19,hoàn hảo,vi,positive,0.6449,기타,2026-06-05 09:24:42.911098+00
1103,google_play,Grab,mobility_superapp,SEA,3,Le Hoa Binh,2026-05-19,"Lái xe bất lịch sự, tổng đài xử lý không đến nơi đến chốn, ăn chặn tiền của khách. Update: Tổng đài CSKH đã xử lý case, nhưng vẫn sẽ ko quay trở lại sử dụng trong thời gian tới",vi,negative,0.8543,기타,2026-06-05 09:24:42.911098+00
1104,google_play,Grab,mobility_superapp,SEA,1,Nghia Pham,2026-05-19,"đặt xe 10p k ai nhận cuốc, biến khỏi cuộc đời tao",vi,negative,0.8373,기타,2026-06-05 09:24:42.911098+00
1105,google_play,Grab,mobility_superapp,SEA,1,bell kaos,2026-05-18,deal đơn từ đầu đi ko tra map xong đi thì than xa r nhận đơn lmj thế ạ ??,vi,neutral,0.5486,기타,2026-06-05 09:24:42.911098+00
1187,google_play,Grab,mobility_superapp,SEA,5,Nguyệt Vân Phong,2026-05-12,TÔI ỦNG HỘ GRAP TRONG VỤ MINH KHANG. GRAP BẢO VỆ KHÁCH HÀNG LÀ ĐÚNG,vi,positive,0.5031,기타,2026-06-05 09:24:42.911098+00
1188,google_play,Grab,mobility_superapp,SEA,5,Bee A,2026-05-12,tiện lợi,vi,neutral,0.48,기타,2026-06-05 09:24:42.911098+00
1189,google_play,Grab,mobility_superapp,SEA,5,Duong Van,2026-05-12,quá đẳng cắp,vi,negative,0.5391,기타,2026-06-05 09:24:42.911098+00
1190,google_play,Grab,mobility_superapp,SEA,1,Tú Anh,2026-05-11,"yêu cầu app update thêm cái đánh giá tài xế khi không đón khách.. cứ nhận cuốc xong là gọi nhờ khách hủy, khách đang gấp mà cứ gọi bảo hủy lên hủy xuống tầm chục lần",vi,negative,0.606,배차·대기,2026-06-05 09:24:42.911098+00
1191,google_play,Grab,mobility_superapp,SEA,1,Hòa Thuận Nguyễn,2026-05-11,"Grab cần có cơ chế cho phép tài xế khiếu nại đánh giá khách hàng, hoặc chí ít nên có thuật toán thông mình hơn",vi,neutral,0.578,배차·대기,2026-06-05 09:24:42.911098+00
1192,google_play,Grab,mobility_superapp,SEA,1,Tri Nguyen,2026-05-11,"giờ có tk pre đặt xe có quảng cáo luôn à , hay đấy",vi,neutral,0.439,기타,2026-06-05 09:24:42.911098+00
1193,google_play,Grab,mobility_superapp,SEA,5,Yêu thương Cứt trâu,2026-05-11,rất đáng để dùng tui rất thích :33,vi,positive,0.8073,기타,2026-06-05 09:24:42.911098+00
1194,google_play,Grab,mobility_superapp,SEA,1,Anhtuan Nguyen,2026-05-11,đặt giao hàng mà gần 2t chưa giao,vi,neutral,0.5438,기타,2026-06-05 09:24:42.911098+00
1075,google_play,Grab,mobility_superapp,SEA,4,Chí Tâm Nguyễn,2026-05-20,nhanh,vi,neutral,0.4493,기타,2026-06-05 09:24:42.911098+00
1076,google_play,Grab,mobility_superapp,SEA,1,Phan Tân,2026-05-20,đặt 1 tiếng chưa có đơn,vi,neutral,0.6284,기타,2026-06-05 09:24:42.911098+00
1077,google_play,Grab,mobility_superapp,SEA,5,hằng nguyễn,2026-05-20,"bác tài xế vui vẻ dễ thương, chở trẻ con mà bác rất nhiệt tình.",vi,positive,0.7936,배차·대기,2026-06-05 09:24:42.911098+00
1078,google_play,Grab,mobility_superapp,SEA,2,Huy Nam Le,2026-05-20,ko linh hoạt thời gian,vi,neutral,0.6176,기타,2026-06-05 09:24:42.911098+00
1079,google_play,Grab,mobility_superapp,SEA,1,Thanh Thư Nguyễn,2026-05-20,"chán cái cách book tài xế giao đồ ăn, cập nhật chính sách hủy đơn đi, cửa hàng chuẩn bị cả tiếng rồi, mà ko kiếm đc tài xế, cũng ko cho hủy đơn",vi,negative,0.777,배차·대기,2026-06-05 09:24:42.911098+00
1080,google_play,Grab,mobility_superapp,SEA,1,Nhật Nam Trương Nguyễn,2026-05-20,Mua voucher không dùng bị mất tiền dù cam kết hoàn 100%,vi,neutral,0.5709,기타,2026-06-05 09:24:42.911098+00
1117,google_play,Grab,mobility_superapp,SEA,5,mai Cream,2026-05-17,app ok,sv,neutral,0.4716,기타,2026-06-05 09:24:42.911098+00
1118,google_play,Grab,mobility_superapp,SEA,1,Châu Bảo,2026-05-17,ko tốt nên dùng be và xanh sm,vi,negative,0.832,기타,2026-06-05 09:24:42.911098+00
1119,google_play,Grab,mobility_superapp,SEA,1,Thếanh Văn,2026-05-17,tăng giá khách thu lợi về mình tài xế giá k đổi.khách k biết tưởng tài xế được tăng cước phí,vi,neutral,0.55,배차·대기,2026-06-05 09:24:42.911098+00
1120,google_play,Grab,mobility_superapp,SEA,1,Kim Thư Nguyễn Thị,2026-05-17,bắt xe 3 tiếng không một bóng người,vi,neutral,0.5993,기타,2026-06-05 09:24:42.911098+00
1121,google_play,Grab,mobility_superapp,SEA,1,Minh Khai Tran,2026-05-17,app cc gì tự dưng chuyển sang tiếng anh ko,vi,negative,0.512,기타,2026-06-05 09:24:42.911098+00
1122,google_play,Grab,mobility_superapp,SEA,1,Trân Thái,2026-05-17,nãy t gặp ông nào vừa xuống cái nghe lèm bèm😔,vi,negative,0.8473,기타,2026-06-05 09:24:42.911098+00
1566,google_play,Grab,mobility_superapp,SEA,4,TradeMantra enchanted Auction,2026-05-12,จองยาก ราคาไม่แน่นอน,th,negative,0.6715,요금,2026-06-05 09:24:42.911098+00
1123,google_play,Grab,mobility_superapp,SEA,1,Trường,2026-05-17,"app xài rất tệ, thiếu đi tính năng cơ bản của người dùng, không cho khách hàng tự do xử lí đơn hàng của mình (mình đặt grab hằng ngày nhé).",vi,negative,0.894,기타,2026-06-05 09:24:42.911098+00
1124,google_play,Grab,mobility_superapp,SEA,1,Nguyen Van,2026-05-17,lần nào giáo hàng cũng thiếu nhắn shop thì không trả lời gửi trợ giúp thì lâu cả ngày mà chẳn giải quyết được j,vi,negative,0.5169,요금,2026-06-05 09:24:42.911098+00
1125,google_play,Grab,mobility_superapp,SEA,5,Hoa Ki,2026-05-17,dịch vụ tốt,vi,positive,0.6895,기타,2026-06-05 09:24:42.911098+00
1126,google_play,Grab,mobility_superapp,SEA,1,Tiến Thanh Vũ,2026-05-17,Tài xế nhận chuyến xe không đón khách bắt đợi. nhắn tin không trả lời. Rất tệ,vi,negative,0.856,배차·대기,2026-06-05 09:24:42.911098+00
1127,google_play,Grab,mobility_superapp,SEA,1,Manh Le,2026-05-17,hút máu lái xe,vi,neutral,0.589,기타,2026-06-05 09:24:42.911098+00
1128,google_play,Grab,mobility_superapp,SEA,1,Vũ Cao Hoàng,2026-05-17,thanh toàn bằng thẻ mà ko xác nhận danh tính dễ bị đặt nhầm,vi,negative,0.538,기타,2026-06-05 09:24:42.911098+00
1129,google_play,Grab,mobility_superapp,SEA,2,Quang Doan,2026-05-17,"Đc ₫ c₫haò7!,, 33 zalo và ax dsdXđA 🏰cuảcủaxx x d Dewđxx",vi,neutral,0.496,기타,2026-06-05 09:24:42.911098+00
1130,google_play,Grab,mobility_superapp,SEA,1,Hà Trần,2026-05-17,"Quá tệ, mất hết niềm tin!",vi,negative,0.9438,기타,2026-06-05 09:24:42.911098+00
1132,google_play,Grab,mobility_superapp,SEA,1,Trần Hải Nam,2026-05-16,"đơn hàng tiền mặt không có shipper nhận cũng không cho hủy đơn, tốn gần 1 tiếng đồng hồ",vi,negative,0.6424,기타,2026-06-05 09:24:42.911098+00
1133,google_play,Grab,mobility_superapp,SEA,1,Khoa Nguyen,2026-05-16,App lúc được lúc không. không đáng tin cậy.,vi,negative,0.9035,기타,2026-06-05 09:24:42.911098+00
1134,google_play,Grab,mobility_superapp,SEA,1,Hào Huỳnh,2026-05-16,"Đơn hàng hơn nửa tiếng đồng hồ không tìm thấy tài xế, mà vẫn ko cho hủy đơn để đặt chỗ khác, lúc trước thì hủy được, còn giờ ko làm gì dc",vi,negative,0.6525,배차·대기,2026-06-05 09:24:42.911098+00
1135,google_play,Grab,mobility_superapp,SEA,3,Thành Đạt Nguyễn,2026-05-16,đặt 4 đơn không có tài xế nhận,vi,neutral,0.5289,배차·대기,2026-06-05 09:24:42.911098+00
1136,google_play,Grab,mobility_superapp,SEA,1,Hương Quỳnh Chu,2026-05-16,"đặt nhầm đơn hàng grab food mới chỉ vài giây nhưng ko cho hủy đơn, app lạc hậu",vi,negative,0.8212,기타,2026-06-05 09:24:42.911098+00
1137,google_play,Grab,mobility_superapp,SEA,5,Nguyễn Bảo Hân_7a6,2026-05-16,"26/1/2024 đánh giá 5* giờ 1* vì app tệ,1,2 tuần ko vô là hiện không tải được mất wifi dù có wifi chuyển sang 5g vẫn bị thèm đặt đồ quỉ",vi,negative,0.8012,요금,2026-06-05 09:24:42.911098+00
1138,google_play,Grab,mobility_superapp,SEA,5,Nghĩa Danh,2026-05-16,tuyệt vời,vi,positive,0.806,기타,2026-06-05 09:24:42.911098+00
1139,google_play,Grab,mobility_superapp,SEA,4,Con mèo Gầy,2026-05-16,Đặt đồ gần văn phòng từ tận 10h45 mà gần 12h chưa tìm đc tài xế mà cũng không hủy được đơn. Trong khi 1h chiều là làm việc rồi,vi,negative,0.4793,배차·대기,2026-06-05 09:24:42.911098+00
1140,google_play,Grab,mobility_superapp,SEA,5,Phước Tài,2026-05-16,OK xài ổn,vi,positive,0.4917,기타,2026-06-05 09:24:42.911098+00
1141,google_play,Grab,mobility_superapp,SEA,1,Tửu,2026-05-16,app lon,fr,neutral,0.4386,기타,2026-06-05 09:24:42.911098+00
1142,google_play,Grab,mobility_superapp,SEA,5,Thuy2911 Lethi,2026-05-16,rất hài lòng ạ,vi,positive,0.867,기타,2026-06-05 09:24:42.911098+00
1143,google_play,Grab,mobility_superapp,SEA,1,quỳnh Nguyễn,2026-05-16,đối xử tệ với tx,vi,negative,0.9047,기타,2026-06-05 09:24:42.911098+00
1144,google_play,Grab,mobility_superapp,SEA,1,csf hoa,2026-05-16,không còn km cho nguời mới à,vi,negative,0.4416,기타,2026-06-05 09:24:42.911098+00
1145,google_play,Grab,mobility_superapp,SEA,1,phong Quốc,2026-05-16,"grab nên chia lại mảng 2h ship riêng , tan tầm mà bắn cho lái xe 6 đơn shopee giá rẻ thối rẻ nát",vi,neutral,0.5853,요금,2026-06-05 09:24:42.911098+00
1146,google_play,Grab,mobility_superapp,SEA,5,Tuong Vy nguyen,2026-05-16,app đặt xe tiện lợi..,vi,positive,0.7312,기타,2026-06-05 09:24:42.911098+00
1147,google_play,Grab,mobility_superapp,SEA,1,9 am,2026-05-15,app không tôn trọng đối tác,vi,negative,0.5381,기타,2026-06-05 09:24:42.911098+00
1148,google_play,Grab,mobility_superapp,SEA,1,ĐạT Bùi ThịnH,2026-05-15,"chuyến gần ít tiền tài xế ko nhận , tài xế nhận xong bắt hủy chuyến bắt chờ xong hủy chịu",vi,negative,0.4648,배차·대기,2026-06-05 09:24:42.911098+00
1149,google_play,Grab,mobility_superapp,SEA,5,Andypham,2026-05-15,Nhanh hơn hẳn tk xanh👍App quốc dân là ngon nhất❤️,vi,positive,0.8043,기타,2026-06-05 09:24:42.911098+00
1150,google_play,Grab,mobility_superapp,SEA,3,Nhi Vũ,2026-05-15,"app định vị sai vị trí , mình đặt ở trường app ghi đúng lên trường nhưng lại định vị sai cách đó 3km khiến shipper đi sai và khách hàng tốn thêm tiền ship",vi,negative,0.7238,기타,2026-06-05 09:24:42.911098+00
1151,google_play,Grab,mobility_superapp,SEA,1,Mac Dinh Phuong,2026-05-15,grab là ch.o nhất,vi,negative,0.4197,기타,2026-06-05 09:24:42.911098+00
1152,google_play,Grab,mobility_superapp,SEA,1,Trung Nguyên Huỳnh,2026-05-15,Nghĩ gì mà đi thêm cái tính năng phải tick mới có dụng cụ ăn uống vậy ?,vi,neutral,0.4689,기타,2026-06-05 09:24:42.911098+00
1153,google_play,Grab,mobility_superapp,SEA,1,Lê Văn Thiện,2026-05-15,"App giao hàng, ăn uống, ai mượn thêm quảng cáo vay gì tùm lum thế. Không thấy phiền à.",vi,negative,0.5561,기타,2026-06-05 09:24:42.911098+00
1154,google_play,Grab,mobility_superapp,SEA,1,Phương Nguyễn Thị,2026-05-15,đặt xe ko đặt đc đặt đồ cx ko đặt đc tồn tại cái app làm chi hủy app đi,vi,negative,0.7348,기타,2026-06-05 09:24:42.911098+00
1155,google_play,Grab,mobility_superapp,SEA,5,Trinh Bùi Tú,2026-05-15,rất tốt cho chú 5 sao,vi,positive,0.8175,기타,2026-06-05 09:24:42.911098+00
1156,google_play,Grab,mobility_superapp,SEA,2,Duy Trương,2026-05-15,"đặt grab phải chờ quá lâu, nhiều khi tới 15 phút",vi,negative,0.6105,기타,2026-06-05 09:24:42.911098+00
1157,google_play,Grab,mobility_superapp,SEA,1,Anh Lưu Đức,2026-05-15,"mạng tôi rất bình thường mà muốn đặt xe nó lại kiếm cớ load chậm vì mạng, nó ngu nặng lắm, mong nhà phát hành sớm chữa được bệnh ngu của app",vi,negative,0.8984,기타,2026-06-05 09:24:42.911098+00
1158,google_play,Grab,mobility_superapp,SEA,5,Biết Không cần,2026-05-14,ok ngon,tl,positive,0.4171,기타,2026-06-05 09:24:42.911098+00
1159,google_play,Grab,mobility_superapp,SEA,5,Tấn Tài Nguyễn,2026-05-14,Grab Mỗi Chuyến đi,vi,neutral,0.5835,기타,2026-06-05 09:24:42.911098+00
1499,google_play,Grab,mobility_superapp,SEA,5,รถตู้มือสอง รถบ้านฝากขาย,2026-05-18,สะดวกสบายปลอดภัยไร้กังวล,th,neutral,0.5139,기타,2026-06-05 09:24:42.911098+00
1160,google_play,Grab,mobility_superapp,SEA,1,Hà Nguyễn,2026-05-14,"Tài xế tự ý thu thêm tiền ship trong khi tiền đó đã có trên app mà cách giải quyết của app là trách khách không kịp xuống lấy. Sự việc là tài xế mới tới được 2 phút thôi em đang xuống thì ảnh bảo ảnh đi về rồi giờ trả thêm tiền ảnh mới giao lại, ủa 2 phút đó em tốc biến xuống hay sao, hay em là The Flash anh gọi cái là 2 giây sao là em có mặt hả? Vậy là đúng hả? Rồi còn không hủy đơn mà để đó để ép em trả tiền thêm vậy là có âm mưu từ trước rồi, em còn hình ảnh đây. Rất thất vọng.",vi,neutral,0.4424,배차·대기,2026-06-05 09:24:42.911098+00
1161,google_play,Grab,mobility_superapp,SEA,1,Nguyễn Thị Tuyết Sương,2026-05-14,đang chạy ngoài đường bị ông grab tông làm t té,vi,negative,0.6523,기타,2026-06-05 09:24:42.911098+00
1162,google_play,Grab,mobility_superapp,SEA,1,Khánh Vinh Hồ,2026-05-14,app qq j lỗi quài???,vi,negative,0.5173,앱오류,2026-06-05 09:24:42.911098+00
1163,google_play,Grab,mobility_superapp,SEA,1,Nhi Dubai,2026-05-14,"đặt xe, chuyển tiền trễ ổng đòi xét cccd, còn nhìn siêu kĩ nữa, soi kĩ?? Ủa bây giờ tài xế được xét cccd của khách à??? Rồi bank xong đi vô thì ổng la làng chửi kh tiền cũng đặt xe🙂, t nói thật t đặt nhiều lần đầu thấy vậy á, kh quay lại nữa",vi,neutral,0.4383,배차·대기,2026-06-05 09:24:42.911098+00
1164,google_play,Grab,mobility_superapp,SEA,1,Taeui Jeong,2026-05-14,"Ưu đãi giảm 25% chưa kịp sử dụng lần nào trong ngày mà khi áp thì bảo ko sử dụng vì đã đạt giới hạn sử dụng trong ngày? 🤡 Cuối cùng mất luôn ưu đãi, cần một lời giải thích từ app",vi,negative,0.6894,기타,2026-06-05 09:24:42.911098+00
1165,google_play,Grab,mobility_superapp,SEA,5,Hung Dang,2026-05-14,ứng dụng mặc dù đang cạnh tranh tại thị trường Việt Nam .xong rất tôn trọng người lao động . và đảm bảo thu nhập cho công nhân của họ . ok,vi,positive,0.4118,기타,2026-06-05 09:24:42.911098+00
1166,google_play,Grab,mobility_superapp,SEA,1,Tranh Nhi,2026-05-14,cập nhật mới nhất tệ quá mà bắt buộc phải cập nhật mới cho dùng app,vi,negative,0.5848,기타,2026-06-05 09:24:42.911098+00
1170,google_play,Grab,mobility_superapp,SEA,1,ĐÀM THIÊN PHÁT,2026-05-13,t đặt xe như t đâu có làm hài lòng m mà bắt t xác minh,vi,negative,0.5097,기타,2026-06-05 09:24:42.911098+00
1171,google_play,Grab,mobility_superapp,SEA,5,Linh Phung,2026-05-13,đi lại thuận lợi,vi,positive,0.6015,기타,2026-06-05 09:24:42.911098+00
1217,google_play,Grab,mobility_superapp,SEA,5,Việt Hoang,2026-05-09,tài xế tuyệt vời,vi,positive,0.8266,배차·대기,2026-06-05 09:24:42.911098+00
1218,google_play,Grab,mobility_superapp,SEA,1,Linh Le,2026-05-09,đặt đồ ăn shop nào shop đấy hết là sao?,vi,negative,0.5188,기타,2026-06-05 09:24:42.911098+00
1219,google_play,Grab,mobility_superapp,SEA,1,Loc Minh Phan,2026-05-09,Xe 89A 20216 do lái xe Đặng Tiến Lực lái thái độ rất mất dậy với khách. Làm ảnh hưởng uy tín của hãng Grap. Đề nghị có giải pháp xử lý nghiêm,vi,negative,0.8603,기타,2026-06-05 09:24:42.911098+00
1220,google_play,Grab,mobility_superapp,SEA,1,Kim anh Nguyen,2026-05-09,grap lấy tiền hơn !,vi,neutral,0.4709,기타,2026-06-05 09:24:42.911098+00
1221,google_play,Grab,mobility_superapp,SEA,5,Duc Tran,2026-05-09,"Tài xế vui vẻ, thân thiện",vi,positive,0.7659,배차·대기,2026-06-05 09:24:42.911098+00
1222,google_play,Grab,mobility_superapp,SEA,1,Thúy Uyên Nguyễn,2026-05-09,"Ba mình là shipper, hệ thống bị lỗi không giật được giờ vàng, nhắn tin liên hệ nhân viên xử lý thì không có phương án rõ ràng. Tệ.",vi,negative,0.8406,앱오류,2026-06-05 09:24:42.911098+00
1223,google_play,Grab,mobility_superapp,SEA,5,Minh khang,2026-05-09,cập nhật hơi lâu,vi,negative,0.5666,기타,2026-06-05 09:24:42.911098+00
1224,google_play,Grab,mobility_superapp,SEA,1,Hùng Trần Trọng,2026-05-09,"lấy giá cao , chia cho tai xê thấp ăn trên mồ hôi nước mắt tai xê",vi,neutral,0.4731,요금,2026-06-05 09:24:42.911098+00
1225,google_play,Grab,mobility_superapp,SEA,1,ty ty,2026-05-09,bắt tài xế giao nhiều đơn giao hàng rất lâu,vi,neutral,0.6824,배차·대기,2026-06-05 09:24:42.911098+00
1226,google_play,Grab,mobility_superapp,SEA,1,Tiên Lê,2026-05-09,đặt xe mãi rõ nhiều tài xế nhưng k ai nhận chán app,vi,negative,0.5079,배차·대기,2026-06-05 09:24:42.911098+00
1227,google_play,Grab,mobility_superapp,SEA,3,Duyên Nguyễn,2026-05-09,"Trước thì tiếng việt, còn giờ thì có cả tiếng anh. Mấy ng lớn tuổi sao dành mà đặt xe. Tiếng việt thì để tiếng việt đi, còn k thì làm 2 ngôn ngữ cho cả ng việt lẫn ng nước ngoài chọn phiên bản việt hoặc anh",vi,neutral,0.5012,기타,2026-06-05 09:24:42.911098+00
1228,google_play,Grab,mobility_superapp,SEA,5,Huệ Kim,2026-05-09,tốt chuyên nghiệp,vi,positive,0.7059,기타,2026-06-05 09:24:42.911098+00
1229,google_play,Grab,mobility_superapp,SEA,5,Dương Trương,2026-05-09,chú rất nhiệt tình,vi,positive,0.7597,기타,2026-06-05 09:24:42.911098+00
1230,google_play,Grab,mobility_superapp,SEA,1,ích mến nông,2026-05-09,làm ăn mất nết ở trên lãnh thổ Việt Nam cút khỏi Vietnam,vi,negative,0.8395,기타,2026-06-05 09:24:42.911098+00
1231,google_play,Grab,mobility_superapp,SEA,5,Thanh Nguyen van,2026-05-09,quá tuyệt vời,vi,positive,0.8884,기타,2026-06-05 09:24:42.911098+00
1232,google_play,Grab,mobility_superapp,SEA,5,Thắng Nguyễn,2026-05-09,"quán làm nhanh, nhiều topping, đồ ăn ngon, hợp khẩu vị, 100 điểm",vi,positive,0.7159,기타,2026-06-05 09:24:42.911098+00
1233,google_play,Grab,mobility_superapp,SEA,1,P Duc Tuan,2026-05-09,chừng nào mở lại tài khoản thì đánh giá 5s,vi,neutral,0.6667,요금,2026-06-05 09:24:42.911098+00
1766,google_play,Grab,mobility_superapp,SEA,5,ชุมพล สุตคาน,2026-04-15,ดีเยี่ยม อรรถยาสัยเยี่ยม,th,positive,0.8379,배차·대기,2026-06-05 09:24:42.911098+00
1767,google_play,Grab,mobility_superapp,SEA,1,「ビッグ」Big,2026-04-15,แอปห่วย ล็อคเข้ากับเฟสบุ๊คไม่ได้ สมัครเข้ากับเบอร์ก็พอแล้วมั้ย,th,negative,0.8266,기타,2026-06-05 09:24:42.911098+00
1195,google_play,Grab,mobility_superapp,SEA,1,Phương Phạm,2026-05-11,"thanh toán bằng zalopay thì lỗi, không cho thanh toán bằng tiền mặt, tìm hiểu nguyên nhân thì không cho khách hàng nguyên do tại sao k thanh toán bằng tiền mặt. Thế này là không tiếp khách hàng sử dụng dịch vụ à?",vi,negative,0.6826,결제,2026-06-05 09:24:42.911098+00
1196,google_play,Grab,mobility_superapp,SEA,5,Tho Danghuu,2026-05-11,Dịch vụ rất tốt.,vi,positive,0.8387,기타,2026-06-05 09:24:42.911098+00
1197,google_play,Grab,mobility_superapp,SEA,5,Tân Tân,2026-05-11,rất tốt.,vi,positive,0.8246,기타,2026-06-05 09:24:42.911098+00
1198,google_play,Grab,mobility_superapp,SEA,5,Tiep Tran,2026-05-11,tài xế hoà đồng phục vụ tận tình,vi,positive,0.4573,배차·대기,2026-06-05 09:24:42.911098+00
1199,google_play,Grab,mobility_superapp,SEA,5,Tiến Lê Quang,2026-05-10,tc nhiet tinh,vi,negative,0.3799,기타,2026-06-05 09:24:42.911098+00
1400,google_play,Grab,mobility_superapp,SEA,3,ปริญญา,2026-05-26,ยามจำเป็น,th,neutral,0.5592,기타,2026-06-05 09:24:42.911098+00
1401,google_play,Grab,mobility_superapp,SEA,5,Sirapart Puendonkeng,2026-05-26,ดีมากกๆครับ,th,positive,0.8659,기타,2026-06-05 09:24:42.911098+00
1402,google_play,Grab,mobility_superapp,SEA,5,Rinyaphat Sathitwariyawit,2026-05-26,เริ่ด,th,positive,0.7719,기타,2026-06-05 09:24:42.911098+00
1403,google_play,Grab,mobility_superapp,SEA,5,อะละวีย์ สะตะมะ,2026-05-26,ดีสะดวก,th,positive,0.502,기타,2026-06-05 09:24:42.911098+00
1404,google_play,Grab,mobility_superapp,SEA,1,Kittinun Panwong,2026-05-26,สั่งอาหารร้านทำเสร็จแล้ว ไม่มีคนขับมารับ แอปควรเตือนว่าไม่มีคนขับในพื้นที่ รอเป็นชม.ก็ไม่มีคนรับ,th,negative,0.7312,기타,2026-06-05 09:24:42.911098+00
1405,google_play,Grab,mobility_superapp,SEA,5,Aoy Ta,2026-05-25,อร่อยมากๆไม่ต้องปรุง มีโอกาสจะไปทานที่ร้านค่ัะ,th,positive,0.6286,기타,2026-06-05 09:24:42.911098+00
1406,google_play,Grab,mobility_superapp,SEA,5,โปรไฟล์ไม่ดี แต่เป็นคนดีประจําจังหวัด,2026-05-25,หลงรัก app นี้เข้าแล้ว,th,positive,0.8124,기타,2026-06-05 09:24:42.911098+00
1407,google_play,Grab,mobility_superapp,SEA,5,วิน บุญหลวงชัย,2026-05-25,ร้านนี้สั่งปะจำเลิ่กที่สุดแถมพริกสดขอบคุณ,th,positive,0.7044,기타,2026-06-05 09:24:42.911098+00
1408,google_play,Grab,mobility_superapp,SEA,1,black,2026-05-25,ถ้ารู้สึกว่าพื้นที่เข้าไม่ถึงแนะนำไม่ต้องเปิดให้สั่งได้ ลูกค้าปักหมุดถูกแท้ๆ แต่ต้องกลายเป็นต้องจ่ายค่าเสียเวลา เห้อ,th,negative,0.7843,기타,2026-06-05 09:24:42.911098+00
1409,google_play,Grab,mobility_superapp,SEA,5,Watcharakron Thongsanga,2026-05-25,ดีๆ,th,neutral,0.4259,기타,2026-06-05 09:24:42.911098+00
1410,google_play,Grab,mobility_superapp,SEA,3,ธีรัตม์ วิถีธรรมศักดิ์,2026-05-25,แกร็บเดินทางมันขึ้นถามว่า ใครคือผู้เดินทาง? อะครับ ผมงงว่าทำไมมันขึ้นปุ่มนี้ ปกติมันจะขึ้นปุ่ม เรียกรถ แต่ก่อนไม่มีแบบนี้นะครับ,th,negative,0.5525,배차·대기,2026-06-05 09:24:42.911098+00
1411,google_play,Grab,mobility_superapp,SEA,2,505Wanlapha Anuntawong,2026-05-25,โดยรวมโอเคเเต่ตอนหลังมาเรียกเก็บค่าค้างชำระคือไรคะค่าธรรมเนียมยกเลิกเพราะคนขับไม่มีใครกดรับเลยต้องยกเลิกเเล้วกดหาใหม่เพราะเรามีธุระมีนัดไม่ได้ว่างรอเเต่ตอนนี้ต้องมาเสียเวลากับการที่ต้องชำระค่าอะไรก็ไม่รู้ทั้งที่ตอนเเรกไม่มีเเจ้งกันไว้ด้วยซ้ำ,th,negative,0.7868,기타,2026-06-05 09:24:42.911098+00
1412,google_play,Grab,mobility_superapp,SEA,5,สมหมาย แสงสูงส่ง,2026-05-25,ดีแล้ว,th,positive,0.7275,기타,2026-06-05 09:24:42.911098+00
1413,google_play,Grab,mobility_superapp,SEA,2,Noppakouw Tinnarome,2026-05-25,รอรถนานมากไม่มีคนกดรับ ราคาดีดเพิ่มเยอะมาก ในพื้นที่จันทบุรี,th,negative,0.7691,배차·대기,2026-06-05 09:24:42.911098+00
1500,google_play,Grab,mobility_superapp,SEA,5,รัตติกาล,2026-05-17,ใช้บริการgrapบ่อยมากกก😆😆ไม่ว่าจะเป็นของกินหรือการเดินทางจะใช้บริการต่อไปเรื่อยๆค่ะ,th,positive,0.7401,서비스,2026-06-05 09:24:42.911098+00
1501,google_play,Grab,mobility_superapp,SEA,1,TH BN,2026-05-17,เสียความรู้สึกมากๆแอฟนี้ ปักหมุดตำแหน่งที่รับปัจจุบัน กลายเป็นไปปักหมุดรับอีกที่ เห้อ..,th,negative,0.9102,기타,2026-06-05 09:24:42.911098+00
1502,google_play,Grab,mobility_superapp,SEA,5,่Jaruphat sariarporn,2026-05-17,good job,so,positive,0.6961,기타,2026-06-05 09:24:42.911098+00
1503,google_play,Grab,mobility_superapp,SEA,5,ลัดดาวัลย์ วัฒิกร,2026-05-17,ส่งไว,th,neutral,0.4658,기타,2026-06-05 09:24:42.911098+00
1528,google_play,Grab,mobility_superapp,SEA,5,สุธาสินี นัดกระจ่าง,2026-05-15,น้องคนขับมารยาทดี พูดจาดี,th,positive,0.6475,기타,2026-06-05 09:24:42.911098+00
1504,google_play,Grab,mobility_superapp,SEA,1,Apiwat Chainiyom (Velkhanaz),2026-05-17,เปลี่ยนระบบเถอะครับ สั่งอาหารแล้วไม่มีคนขับรับงาน ให้รอ2ชั่วโมง ทางร้านทำอาหารพร้อมแล้วแต่ถูกยกเลิกออเดอร์ ทางลูกค้าก็รอหิวมา2ชั่วโมงแล้ว เงินคืนก็ได้ช้า เสียหายทุกฝ่ายยกเว้นตัวเอง ควรพิจารณานะครับ แล้วไอการโดนยกเลิกออเดอร์นี่ผมพอเข้าใจได้ แต่การคืนเงินนี่ยากมาก ใช้เวลานานไม่พอ ทางแอปไม่มีการช่วยอำนวยความสะดวกใดๆ พอจะติดต่อสอบถามก็ดันไม่มีคนจริงๆมาคุยเรื่องให้ มีแต่แชทบอทที่ไล่ลูกค้าไปตามเงินคืนจากทางธนาคารเอง ทั้งๆที่ตัวเองเป็นคนกลางแท้ๆ แต่กลับทำตัวเหมือนไม่มีส่วนร่วมใดๆ ระบบเซอร์วิสระยำมาก,th,negative,0.8335,결제,2026-06-05 09:24:42.911098+00
1505,google_play,Grab,mobility_superapp,SEA,5,fanboy yaoi,2026-05-17,สุภาพเรียบร้อยมากค่ะ,th,positive,0.7629,기타,2026-06-05 09:24:42.911098+00
1506,google_play,Grab,mobility_superapp,SEA,5,NASA XZA,2026-05-17,ใช้ดีมาก ครับ,th,positive,0.7986,기타,2026-06-05 09:24:42.911098+00
1414,google_play,Grab,mobility_superapp,SEA,2,Teepijuk Chatsiriwej,2026-05-25,ควรหาคนขับให้ตั้งแต่วันที่กดจองล่วงหน้า ไม่ใช่ก่อนเดินทาง 1 ชม.,th,neutral,0.6621,기타,2026-06-05 09:24:42.911098+00
1415,google_play,Grab,mobility_superapp,SEA,5,พัชรา นคร,2026-05-25,ส่งไวดี,th,positive,0.553,기타,2026-06-05 09:24:42.911098+00
1416,google_play,Grab,mobility_superapp,SEA,5,จินตภณ สุดรักษ์,2026-05-25,ใช้งานดีมาก😊,th,positive,0.8524,기타,2026-06-05 09:24:42.911098+00
1417,google_play,Grab,mobility_superapp,SEA,5,จริยา เหมันต์,2026-05-25,สะดวกรวดเร็ว,th,neutral,0.6238,기타,2026-06-05 09:24:42.911098+00
1418,google_play,Grab,mobility_superapp,SEA,5,chainoy,2026-05-25,สะดวกดี,th,positive,0.5561,기타,2026-06-05 09:24:42.911098+00
1419,google_play,Grab,mobility_superapp,SEA,1,Ashe,2026-05-25,หักเงินเกิน ผ่านมา 30นาที จะคืน แต่ก็ไม่ได้เงินคืน (อย่าผูกบัตรไว้เด็ดขาด),th,negative,0.6799,결제,2026-06-05 09:24:42.911098+00
1420,google_play,Grab,mobility_superapp,SEA,5,Phimai Pnimai,2026-05-25,ดีเยียม,th,positive,0.4274,기타,2026-06-05 09:24:42.911098+00
1421,google_play,Grab,mobility_superapp,SEA,2,หล่า คําแพง,2026-05-25,ไม่ได้เรื่องเลยช้ามาก,th,negative,0.4762,기타,2026-06-05 09:24:42.911098+00
1422,google_play,Grab,mobility_superapp,SEA,2,Wallialak Rungrangsee,2026-05-25,อยากให้แก้ไข map,th,neutral,0.5272,기타,2026-06-05 09:24:42.911098+00
1423,google_play,Grab,mobility_superapp,SEA,5,นายภาสวัลย์ ศรีวรพงษ์,2026-05-25,ถูกแระไว,th,neutral,0.5184,기타,2026-06-05 09:24:42.911098+00
1424,google_play,Grab,mobility_superapp,SEA,5,วสันต์ คํานึง,2026-05-25,ขับรถดีมากๆ,th,positive,0.8334,배차·대기,2026-06-05 09:24:42.911098+00
1425,google_play,Grab,mobility_superapp,SEA,5,อาทิตย์ เฮเกดุส,2026-05-25,สะดวก,th,neutral,0.5633,기타,2026-06-05 09:24:42.911098+00
1426,google_play,Grab,mobility_superapp,SEA,5,ศศิ วิภา,2026-05-25,ทำไมถึงระงับเพียงแค่เปลี่ยนเบอร์,th,negative,0.7179,기타,2026-06-05 09:24:42.911098+00
1427,google_play,Grab,mobility_superapp,SEA,4,คิวโนลีฟ,2026-05-24,ส่งไวจริงค่ะ,th,positive,0.5929,기타,2026-06-05 09:24:42.911098+00
1428,google_play,Grab,mobility_superapp,SEA,5,Teerat Dew,2026-05-24,ใช้งานง่าย สะดวก ราคาถูก ไรเดอร์รับไว ส่งไว,th,neutral,0.6063,요금,2026-06-05 09:24:42.911098+00
1429,google_play,Grab,mobility_superapp,SEA,5,roongnapa H,2026-05-24,ขับดี รถสะอาด,th,positive,0.6211,배차·대기,2026-06-05 09:24:42.911098+00
1430,google_play,Grab,mobility_superapp,SEA,5,Panjaree Khamyaem,2026-05-24,บริการที่ดีค่ะ,th,positive,0.8303,서비스,2026-06-05 09:24:42.911098+00
1892,google_play,Grab,mobility_superapp,SEA,5,shavina mohan,2026-06-02,"Grab is a reliable app for transportation and delivery services. It is easy to use, fast, and makes getting rides or ordering food very convenient.",en,positive,0.781,서비스,2026-06-05 09:24:42.911098+00
1893,google_play,Grab,mobility_superapp,SEA,5,mohamad rais,2026-06-02,mantap,tl,positive,0.5856,기타,2026-06-05 09:24:42.911098+00
1210,google_play,Grab,mobility_superapp,SEA,1,Nghia Vang,2026-05-10,ứng dụng rẻ quá đặt xe tài xế không nhận chờ lâu. giá có thể tăng 1 chút chỉ cần có tài xế. đặt mãi không được bực mình. rẻ mà không có tài xế nhận thì cũng vứt nên xóa,vi,negative,0.5905,배차·대기,2026-06-05 09:24:42.911098+00
1211,google_play,Grab,mobility_superapp,SEA,1,Phát Trần Viết,2026-05-10,"app xếp tài xế k hiệu quả, chính sách ghép đơn khiến các khách hàng phải chờ đợi lâu. ban đầu app báo 9h10 sau đó tự sửa giờ giao đến thành 9h25 mà k có thông báo trực tiếp bằng tn/ sđt trên app và vẫn nhận định rằng hệ thống vận hành đúng giờ. đây không phải lần đầu tiên, những lần trước việc delay xảy ra nhiều hơn 1 lần trong cùng 1 đơn. việc này làm mất thời gian và giảm trải nghiệm của khách hàng. thêm nữa trên app báo đúng giờ vậy trách nhiệm k phải của tài xế nhưng k có mục review Grab",vi,negative,0.5996,EV·충전,2026-06-05 09:24:42.911098+00
1212,google_play,Grab,mobility_superapp,SEA,5,thinh quach,2026-05-10,ế quá mà,vi,negative,0.8275,기타,2026-06-05 09:24:42.911098+00
2947,google_play,Gojek,mobility_superapp,SEA,1,Minh Thùy,2024-08-25,"Đặt 1 đơn, 2 tài xế nhận rồi giao 2 đơn. Đang ăn đơn mà tài xế 1 giao, tài xế 2 gọi xuống nhận đơn nữa, trong khi chỉ đặt 1 đơn. Không biết tài xế sai hay hệ thống có vấn đề, t nhận luôn 2 đơn. Định gọi hỗ trợ nhưng chẳng có chỗ liên hệ hỗ trợ :)) những cái được hỗ trợ k có vấn đề này. Tệ cực kì.",vi,negative,0.4805,배차·대기,2026-06-05 09:24:42.911098+00
2948,google_play,Gojek,mobility_superapp,SEA,1,Tham Do,2024-08-24,Rất tệ,vi,negative,0.941,기타,2026-06-05 09:24:42.911098+00
2949,google_play,Gojek,mobility_superapp,SEA,5,Bội Nhi Lưu,2024-08-24,"tài xế nhiệt tình , thân thiện",vi,positive,0.6551,배차·대기,2026-06-05 09:24:42.911098+00
2950,google_play,Gojek,mobility_superapp,SEA,5,Đỗ Hoài Nam - Thiết kế thương hiệu,2024-08-24,Dịch vụ rất tốt,vi,positive,0.7969,기타,2026-06-05 09:24:42.911098+00
2951,google_play,Gojek,mobility_superapp,SEA,1,Quàn Tín,2024-08-24,"Quảng cáo thì nhiều, chất lượng thì tệ. Tài xế giao hàng xong ấn kết thúc chuyến không được, nhờ khách hủy hàng khách vô hủy cũng không hiện mục hủy hàng. Rút khỏi thị trường nhường đường cho thị trường khác dùm",vi,negative,0.7862,배차·대기,2026-06-05 09:24:42.911098+00
1897,google_play,Grab,mobility_superapp,SEA,1,Cee M,2026-06-02,you cannot get the help that you need . using the chatbot is just an unending cycle of unresolved issues. it offers limited to no solution. bring back the people.,en,negative,0.7063,기타,2026-06-05 09:24:42.911098+00
1898,google_play,Grab,mobility_superapp,SEA,5,Mary Grace Mosquera,2026-06-02,fast delivery . goodjob,da,positive,0.6801,기타,2026-06-05 09:24:42.911098+00
1507,google_play,Grab,mobility_superapp,SEA,1,Kanchana Klangchai,2026-05-17,กว่าจะกดรับงานแม่งหายากชิปหายเลย เสียเวลาจัด สั่งอาหารทีรอเป็นชาติ เรียกรถก็ยากกว่าจะมา,th,negative,0.8428,배차·대기,2026-06-05 09:24:42.911098+00
1508,google_play,Grab,mobility_superapp,SEA,5,นายชยพล ขอบอรัญ,2026-05-17,สะดวกเร็ว,th,neutral,0.6066,기타,2026-06-05 09:24:42.911098+00
456,google_play,LOCA Taxi,kokkok,LAO,5,Paul Strickler,2025-04-15,sensational experiences,fr,positive,0.4882,기타,2026-06-05 09:24:42.911098+00
1234,google_play,Grab,mobility_superapp,SEA,3,Quỳnh An Hoàng,2026-05-08,"ê thiệt sự luôn là grab nên cập nhật địa chỉ đúng nha? trên app 1 vị trí trên gg lại là vị trí khác, mà nhập đúng vị trí như trên gg thì lại ko có tên quán, cty hay gì hết, thậm chí cả đường còn k có, rất bực, mình đặt xe giao hàng đi và cả grab bike đồ cũng rất bất tiện về việc này, mà mỗi lần sai địa chỉ như vậy lại phải gửi thêm tiền cho grab, đã tốn tiền bắt grab đằng này app sai thì cũng mình tốn tiền thêm, rất phiền nha, đề nghị chỉnh sửa lại đúng vị trí như trên gg map giúp!!!",vi,negative,0.6395,기타,2026-06-05 09:24:42.911098+00
1235,google_play,Grab,mobility_superapp,SEA,4,Hiệp Trần,2026-05-08,gặp shipper hơi ngại,vi,negative,0.7133,기타,2026-06-05 09:24:42.911098+00
1236,google_play,Grab,mobility_superapp,SEA,1,Hiền Khúc,2026-05-08,như lol👎,vi,negative,0.8302,기타,2026-06-05 09:24:42.911098+00
1237,google_play,Grab,mobility_superapp,SEA,5,Vy Dương,2026-05-08,"Nhanh. Rẻ, Lái xe nhiệt tình.",vi,positive,0.5084,기타,2026-06-05 09:24:42.911098+00
1238,google_play,Grab,mobility_superapp,SEA,1,Tuan Nguyen anh,2026-05-08,áp 1 sao,vi,neutral,0.5315,기타,2026-06-05 09:24:42.911098+00
1239,google_play,Grab,mobility_superapp,SEA,1,Saka Đặng,2026-05-08,Tệ tài xế nhận chuyến rồi tự hủy ko tbao rất tệ,vi,negative,0.9346,배차·대기,2026-06-05 09:24:42.911098+00
1240,google_play,Grab,mobility_superapp,SEA,1,Như Minh,2026-05-08,giờ grad làm việc tệ quá tôi không thích,vi,negative,0.9362,기타,2026-06-05 09:24:42.911098+00
1241,google_play,Grab,mobility_superapp,SEA,5,Thuy Ta,2026-05-08,Tốt,vi,negative,0.3604,기타,2026-06-05 09:24:42.911098+00
1242,google_play,Grab,mobility_superapp,SEA,1,Phạm Vũ,2026-05-08,"Nói thì hay lắm, lúc cần hỗ trợ thì không thấy đâu, mọi người tẩy chay app này nhé",vi,negative,0.5146,서비스,2026-06-05 09:24:42.911098+00
1243,google_play,Grab,mobility_superapp,SEA,3,Phuc Hoang,2026-05-08,mình dùng app đặt xe tài khoản mình không để ý ! nên mình không quan tâm,vi,neutral,0.6303,기타,2026-06-05 09:24:42.911098+00
1244,google_play,Grab,mobility_superapp,SEA,5,Ngoc Pham,2026-05-08,"Rất tuyệt , nhưng tôi đến nơi rồi áp lại báo tôi bỏ chuyến",vi,negative,0.3484,기타,2026-06-05 09:24:42.911098+00
1245,google_play,Grab,mobility_superapp,SEA,1,Ly Đỗ,2026-05-08,"tài xế hủy chuyến khách, 1 tài xế khác - Txx Thxx Bxx Dxx nhận chuyến ngoài để không cần chia % cho app và có hành động đe doạ, lăng mạ và khiêu khích khách khi khách không đồng ý trả nhiều hơn app và thoả thuận",vi,negative,0.4849,배차·대기,2026-06-05 09:24:42.911098+00
1246,google_play,Grab,mobility_superapp,SEA,1,Hakskd Asybau,2026-05-07,không hủy được đơn hàng,vi,neutral,0.5335,기타,2026-06-05 09:24:42.911098+00
1247,google_play,Grab,mobility_superapp,SEA,5,Dũng Trần,2026-05-07,hoan hao,vi,neutral,0.3737,기타,2026-06-05 09:24:42.911098+00
1248,google_play,Grab,mobility_superapp,SEA,5,Khanh Vu,2026-05-07,ok ok,sk,neutral,0.5096,기타,2026-06-05 09:24:42.911098+00
1249,google_play,Grab,mobility_superapp,SEA,5,Hoa Pham,2026-05-07,phục vụ tốt rất hài lòng,vi,positive,0.856,기타,2026-06-05 09:24:42.911098+00
1250,google_play,Grab,mobility_superapp,SEA,3,Vời Kiêù,2026-05-07,đặt trà tắc mà giao chai sâm vậy,vi,neutral,0.4663,기타,2026-06-05 09:24:42.911098+00
1251,google_play,Grab,mobility_superapp,SEA,1,Phương Thuý,2026-05-07,mắc j k cho hủy hàng đã ngta k cần cx phải mua hèn j nhìu ng boom là phải,vi,negative,0.4051,기타,2026-06-05 09:24:42.911098+00
1252,google_play,Grab,mobility_superapp,SEA,1,Nguyên Trần,2026-05-07,thất vọng các tài xế lại lề mề đến đón mà tôi đợi cả 30p,vi,negative,0.7449,배차·대기,2026-06-05 09:24:42.911098+00
1253,google_play,Grab,mobility_superapp,SEA,1,Lâm Thành Đức,2026-05-07,tồi tệ. không bao giờ liên hệ được nhân viên cskh,vi,negative,0.9152,기타,2026-06-05 09:24:42.911098+00
1254,google_play,Grab,mobility_superapp,SEA,1,Nguyễn Minh Lãm,2026-05-07,app lỗi,vi,negative,0.7832,앱오류,2026-06-05 09:24:42.911098+00
1255,google_play,Grab,mobility_superapp,SEA,3,Hạnh Hoàng,2026-05-07,không có nhiều đồ,vi,neutral,0.4818,기타,2026-06-05 09:24:42.911098+00
1256,google_play,Grab,mobility_superapp,SEA,1,Ba Tung Pham,2026-05-07,tài xế hủy chuyến nhưng tôi ko có cách nào để phản ánh,vi,negative,0.5829,배차·대기,2026-06-05 09:24:42.911098+00
1257,google_play,Grab,mobility_superapp,SEA,2,Uyên Nguyễn,2026-05-07,tài xế vui vẻ nhưng xe đặt quá chậm hơn 10ph ms đc 1 xe nhiều khi đang gấp chờ xe phát bực. mong app xem lại ạ,vi,negative,0.5451,배차·대기,2026-06-05 09:24:42.911098+00
1258,google_play,Grab,mobility_superapp,SEA,1,Kho Dứa Sườn,2026-05-07,đợi lâu và thái độ với khách hàng. Tự ý chụp lại thông tin khách. Cần xem xét lại nhân viên,vi,neutral,0.6098,기타,2026-06-05 09:24:42.911098+00
1259,google_play,Grab,mobility_superapp,SEA,1,Sheep 1,2026-05-07,cho voucher canh 12h vẫn không đặt được,vi,negative,0.5087,기타,2026-06-05 09:24:42.911098+00
1260,google_play,Grab,mobility_superapp,SEA,1,Nguyễn Đạt,2026-05-06,"app quá tệ, khi cần hỗ trợ không biết gọi ai",vi,negative,0.8646,서비스,2026-06-05 09:24:42.911098+00
200,google_play,KOKKOK Move,kokkok,LAO,1,Sin5035g Hip,2024-11-16,App ກາກກົດ50 ຍັງບໍ່ໄດ້,unknown,neutral,0.5561,기타,2026-06-05 09:24:42.911098+00
201,google_play,KOKKOK Move,kokkok,LAO,1,Ko Ko,2024-11-15,พอ,th,neutral,0.4356,기타,2026-06-05 09:24:42.911098+00
202,google_play,KOKKOK Move,kokkok,LAO,1,Cnmyh Pnbjy,2024-11-15,ถ้าอยู่ใกล้ไม่มีใครรับเลีย,th,negative,0.5753,기타,2026-06-05 09:24:42.911098+00
203,google_play,KOKKOK Move,kokkok,LAO,1,thone Seehavong,2024-11-15,ເອີນໂຄດຍາກ.ໂຄດແມ່ມຶງ.ລີລາ,unknown,neutral,0.5004,기타,2026-06-05 09:24:42.911098+00
204,google_play,KOKKOK Move,kokkok,LAO,1,M,2024-11-14,ເອີ້ນລົດຍາກແຮງບາງທີກົດເອີ້ນເປັນຊົ່ວໂມງກະຍັງບໍ່ໄດ້ຕ້ອງໄດ້ຍ່າງໄປເອງ,unknown,negative,0.4948,기타,2026-06-05 09:24:42.911098+00
205,google_play,KOKKOK Move,kokkok,LAO,1,See Game,2024-11-02,ใช้งานได้ง่ายมากแต่เรียกรถไม่ได้เลย กรุณาปรับปรุงและแก้ไขด่วน,th,negative,0.7516,배차·대기,2026-06-05 09:24:42.911098+00
206,google_play,KOKKOK Move,kokkok,LAO,1,Ata Atp,2024-11-02,เข้าระบบบ่ได้เลย แก้ไขหน่อย,th,negative,0.8108,기타,2026-06-05 09:24:42.911098+00
207,google_play,KOKKOK Move,kokkok,LAO,5,Bai Michalren,2024-10-31,ດີໆ,unknown,neutral,0.4062,기타,2026-06-05 09:24:42.911098+00
208,google_play,KOKKOK Move,kokkok,LAO,1,Vin Vitanam,2024-10-27,เอี้นรดไม่ติดแม้งควายเอียเหันแต่เขารับงานส่วนตว,th,negative,0.523,기타,2026-06-05 09:24:42.911098+00
922,google_play,Grab,mobility_superapp,SEA,1,Bảo Long Vũ,2026-05-30,không có ai nhận khi trời mưa nhở trong khi tui đặt 4 chỗ,vi,negative,0.5711,기타,2026-06-05 09:24:42.911098+00
776,google_play,LOCA Taxi,kokkok,LAO,5,Alexsalanh XYV,2022-09-18,Weary good,en,positive,0.5037,기타,2026-06-05 09:24:42.911098+00
777,google_play,LOCA Taxi,kokkok,LAO,1,Lis Thoj,2022-07-30,ບໍ່ສົ່ງລະມາໃຫ້ຂີ້ກາກວະນີ້ຫາເຮັດໃໝ່ເດີ້ຂີ້ກາກໂພດ,unknown,negative,0.52,기타,2026-06-05 09:24:42.911098+00
847,google_play,Grab,mobility_superapp,SEA,1,Hiền Nguyễn,2026-06-03,"chờ shipper tới lấy hàng lâu, shipper đt ko đc cũng ko kêu cửa, shipper tự ý hủy đơn",vi,negative,0.6876,기타,2026-06-05 09:24:42.911098+00
848,google_play,Grab,mobility_superapp,SEA,5,Thạch Lê đình,2026-06-03,aap rất tiện lợi,vi,positive,0.6464,기타,2026-06-05 09:24:42.911098+00
910,google_play,Grab,mobility_superapp,SEA,5,Vân Anh Lê Thị,2026-05-31,"bún bò ngon quá trời.tóp bình rành nhiều.rau sạch sẻ ,ngon.lần sau sẻ gọi bạn bè ủng hộ dài dài",vi,positive,0.8289,EV·충전,2026-06-05 09:24:42.911098+00
911,google_play,Grab,mobility_superapp,SEA,1,Trí Phạm Minh,2026-05-31,"Bồ mình bảo vote 1*. Ok, Bồ mình nói vậy r thì mình ok thôi",vi,neutral,0.469,기타,2026-06-05 09:24:42.911098+00
912,google_play,Grab,mobility_superapp,SEA,5,MỸ PHONG HÓA ĐƠN,2026-05-31,kho Huy lắm,vi,positive,0.4324,기타,2026-06-05 09:24:42.911098+00
913,google_play,Grab,mobility_superapp,SEA,1,Đức Lê Minh,2026-05-31,"Mắc cái gì đổi cái bộ lọc món ăn ngu như bò vậy. lúc trước thì phân loại ra cơm, nước, ăn vặt rõ ràng. Đổi đ hiểu để làm gì",vi,negative,0.6205,기타,2026-06-05 09:24:42.911098+00
914,google_play,Grab,mobility_superapp,SEA,5,Phát Thạch,2026-05-31,bác tài vui vẻ,vi,positive,0.7514,기타,2026-06-05 09:24:42.911098+00
915,google_play,Grab,mobility_superapp,SEA,1,VCL TV,2026-05-31,"nền tảng óc chó không tả nổi, nhà hàng shipper thì hủy đơn vô tội vạ, thấy giao khó là hủy mà không báo trước, khách hàng đặt nhầm thì không cho hủy đơn trong khi vừa ấn đặt 5 giây trước ???? Làm cho cả khách lẫn shipper khó xử ? Trong khi cái tính năng định vị của tụi mày bị ngu mà bắt khách với shipper chịu trách nhiệm là sao ?Chả lẽ t lại bùng hàng chứ ? May là t còn cố gắng chịu thiệt hơn mấy trăm ngàn để shipper giao đúng địa chỉ đấy, mày cải thiện lại cái nền tảng óc chó tụi m đi bọn ngu",vi,negative,0.7663,기타,2026-06-05 09:24:42.911098+00
916,google_play,Grab,mobility_superapp,SEA,1,Chulika Ka,2026-05-31,từ lúc grab triển khai quảng cáo cho LGBT là tao tự chuyển sang XanhSM. chiến dịch của grab quá tệ.,vi,negative,0.9132,기타,2026-06-05 09:24:42.911098+00
917,google_play,Grab,mobility_superapp,SEA,1,Nhien An,2026-05-31,ko cài được ko nhận đc mã,vi,negative,0.5578,기타,2026-06-05 09:24:42.911098+00
918,google_play,Grab,mobility_superapp,SEA,5,Nam Vu,2026-05-31,em tuyệt vời,vi,positive,0.6795,기타,2026-06-05 09:24:42.911098+00
919,google_play,Grab,mobility_superapp,SEA,1,Lục Đáng Ghét,2026-05-31,Đang nhập mà như lol ý. Kiểu gì cũng k đc. cái Bike tiết kiệm Á. book tài xe k nhận thì hiện làm cái gì?,vi,negative,0.4751,기타,2026-06-05 09:24:42.911098+00
920,google_play,Grab,mobility_superapp,SEA,1,Quoc Bao,2026-05-31,"đặt đồ 4.1km, giá ship = 50-60k (đã có premium) 🥀. hell no từ khi nào mà đẩy giá dữ v",vi,negative,0.6163,요금,2026-06-05 09:24:42.911098+00
921,google_play,Grab,mobility_superapp,SEA,2,Hà Thùy Linh,2026-05-30,shipper không nhận đơn ạ,vi,neutral,0.5636,기타,2026-06-05 09:24:42.911098+00
964,google_play,Grab,mobility_superapp,SEA,5,Anh khoa Nguyễn,2026-05-28,ổn,vi,neutral,0.4176,기타,2026-06-05 09:24:42.911098+00
974,google_play,Grab,mobility_superapp,SEA,1,Lê Trần Quốc Thái,2026-05-27,app tốt nhưng map cần được cải thiện nhiều hơn,vi,positive,0.4568,기타,2026-06-05 09:24:42.911098+00
975,google_play,Grab,mobility_superapp,SEA,4,Vy Nguyễn,2026-05-27,"có vài tài xế ngộ ghê, tới nơi ko gọi khách ra r hủy chuyến?",vi,negative,0.6561,배차·대기,2026-06-05 09:24:42.911098+00
976,google_play,Grab,mobility_superapp,SEA,5,Tronghiep Nguyen,2026-05-27,dịch vụ này tôi rất hài lòng,vi,positive,0.8428,기타,2026-06-05 09:24:42.911098+00
978,google_play,Grab,mobility_superapp,SEA,2,Chí Cương,2026-05-27,garb hiện nay đang làm rất tốt nhưng có điều là tôi là người sử dụng garb nhiều và cũng dùng gói premium nhìu nhưng tôi phát hiện từ sau khi bước qua năm 2026 trở đi tôi thấy tính năng gói premium không khác kiểu như tôi thấy giá cả và voucher y chang kiểu ko nhất thiết phải mua gói premium không như mong đợi còn hồi lúc năm 2025 tôi thấy gói premium giảm rất nhiều việc đi lại ăn uống đều rẻ nhưng sao khi bước 2026 thì gói premium rất tệ kiểu như giảm như ko giảm tôi thấy giống như treo đầu dê,vi,neutral,0.3828,요금,2026-06-05 09:24:42.911098+00
161,google_play,KOKKOK Move,kokkok,LAO,1,Da Lee,2025-08-21,"ເອີ້ນລົດຫຍາກໂຜດ,ສະຫລຸບບໍ່ຮັບລູກຄ້າເຂດໃກ້ຄຽງເຊັ່ນ2ກິໂລແມັດ,ງົງເດີ້,ຮັບແຕ່ລູກຄ້າໄກຊີຫວາງົງເດີ້",unknown,neutral,0.4144,기타,2026-06-05 09:24:42.911098+00
162,google_play,KOKKOK Move,kokkok,LAO,5,soap soap,2025-08-14,ลองดู,th,neutral,0.5048,기타,2026-06-05 09:24:42.911098+00
163,google_play,KOKKOK Move,kokkok,LAO,5,ช่างTONY Locksmith,2025-08-07,ถึกสุด..ในเวียงจันทร์,th,negative,0.3996,기타,2026-06-05 09:24:42.911098+00
164,google_play,KOKKOK Move,kokkok,LAO,1,Set tk,2025-07-29,ປັບປຸງໃຫ້ແນ່ເຖາະເລື່ອງຄົນຂັບເອີ້ນຍາກແຮງເອີ້ນລາຄາຕາມແອັບບໍ່ຢາກມາຮັບ ຄັນເລືອກຮັບແບບນີ້ກະບໍ່ໄຫວເດີ ເອີ້ນມາກະຈ່າຍເງີນບໍ່ແມ່ນໃຫ້ມາຮັບຟຮີ ຄັນວ່າລາຄາ30ພັດໃຫ້ເກຂື້ນເປັນ4-50ຈື່ງມາ ຊ່ວງແລກທີ່ໃຊ້ກະເອີ້ນງ່າຍຢູ່ດອກຫລັງໆບໍ່ແມ່ນລະ ປານຂໍທານເອີ້ນໃຫ້ໄປສົ່ງ ບໍ່ໄດ້ເຫມົາລວມເດີແຕ່ກະເປັນສ່ວນຫລາຍແຮງ,unknown,negative,0.3855,기타,2026-06-05 09:24:42.911098+00
165,google_play,KOKKOK Move,kokkok,LAO,5,คนรักนกเขาให่ย ส ปปลาว,2025-07-23,ไช้งาย,th,neutral,0.3881,기타,2026-06-05 09:24:42.911098+00
166,google_play,KOKKOK Move,kokkok,LAO,3,Lao Girl,2025-07-19,ເອີ້ນລົດຕອນເຊົ່າຍາກ,unknown,negative,0.4831,기타,2026-06-05 09:24:42.911098+00
168,google_play,KOKKOK Move,kokkok,LAO,5,In Inew,2025-07-13,ok,sk,neutral,0.4262,기타,2026-06-05 09:24:42.911098+00
979,google_play,Grab,mobility_superapp,SEA,1,Thịnh Phạm,2026-05-27,"b huu,:5:Nhấn vào một đoạn để dán vào hộp văn bản.Nhấn vào một đoạn để dán vào hộp văn bản.Nhấn vào một đoạn để dán vào hộp văn bản.1&5¹",vi,neutral,0.7126,기타,2026-06-05 09:24:42.911098+00
1057,google_play,Grab,mobility_superapp,SEA,1,QUYẾT NGUYỄN,2026-05-22,dịch vụ grab dạo này quá chán đặt thì đặt giao nhanh mà toàn đơn ghép .. đặt món dự kiến 35 phút giao có 2.8km mà 1 tiếng 20 phút mới nhận được quá giờ ăn nghỉ trưa luôn,vi,negative,0.7577,기타,2026-06-05 09:24:42.911098+00
1059,google_play,Grab,mobility_superapp,SEA,1,01 Hùng,2026-05-22,cứ hiện lên,vi,neutral,0.4069,기타,2026-06-05 09:24:42.911098+00
1060,google_play,Grab,mobility_superapp,SEA,1,Ngọc Hà,2026-05-22,"Thanh toán trước lấy tiền thì mau, bấm hủy hoàn tiền thì quá lâu, trả tiền lẹ cho ngta đi trời",vi,negative,0.5295,결제,2026-06-05 09:24:42.911098+00
1061,google_play,Grab,mobility_superapp,SEA,5,Chinh Bui,2026-05-21,oki,pl,neutral,0.4453,기타,2026-06-05 09:24:42.911098+00
1974,google_play,Grab,mobility_superapp,SEA,1,Len Samith,2026-06-01,"Panget ng app na to, kapag gusto mo I Cancel ang order mo hindi ma cancel, cancel. I update NIO ang apps NIO .mas ok pa Food panda. Tapos Kapag naka 500 dun may vouchers dito wala kahit nakaka Mag kanong order na. tapos yung map nila Sobrang Late hindi accurate Yung driver Nasa labas na ng bahay Pero yung Nasa mapa malayo pa yung driver. tapos Karamihan sa mga driver dito Lalo na yung naka bike binawasan ng 20 pesos yung Sukli namin hindi man lang inantay na kami ang mag tip. kupitero",tl,negative,0.7718,배차·대기,2026-06-05 09:24:42.911098+00
1977,google_play,Grab,mobility_superapp,SEA,5,Noor Azlina Zulkefli,2026-06-01,The best apps for best food.,en,positive,0.8183,기타,2026-06-05 09:24:42.911098+00
1978,google_play,Grab,mobility_superapp,SEA,5,N Jupp,2026-06-01,excellent and very clean vehicle,en,positive,0.88,기타,2026-06-05 09:24:42.911098+00
1979,google_play,Grab,mobility_superapp,SEA,5,Nadia Kerr,2026-06-01,Quick and easy way to book transportation when in Thailand.,en,neutral,0.6553,기타,2026-06-05 09:24:42.911098+00
1980,google_play,Grab,mobility_superapp,SEA,1,jmfish Yi,2026-06-01,"worse app and customer service. let eater and rider bear all consequence. i can find the merchant from dine out function, then your cs reply not all restaurant will participate, so “amazing answer”, why not you tell me, what is the reason i make the payment through dine out function？？？？？？ after uber left the market, maybe you think no strong competitor, so you cs, service very 嚣张 unreasonable.",en,negative,0.6817,결제,2026-06-05 09:24:42.911098+00
1981,google_play,Grab,mobility_superapp,SEA,1,Hoài Phúc Nguyễn Thị,2026-06-01,đợi 1h để có mã nhưng hiện chương trình k tồn tại,vi,neutral,0.6413,기타,2026-06-05 09:24:42.911098+00
1982,google_play,Grab,mobility_superapp,SEA,5,Sk Injamul,2026-06-01,good app five star 👍👍👍👍,en,positive,0.7302,기타,2026-06-05 09:24:42.911098+00
1983,google_play,Grab,mobility_superapp,SEA,4,Gabriel Boeing,2026-06-01,"app is a bit buggy, but overall great",en,positive,0.508,앱오류,2026-06-05 09:24:42.911098+00
1984,google_play,Grab,mobility_superapp,SEA,5,chin leong khoo,2026-06-01,Friendly driver. Clean vehicle.,en,positive,0.8452,배차·대기,2026-06-05 09:24:42.911098+00
1985,google_play,Grab,mobility_superapp,SEA,2,dat nguyen tien,2026-06-01,"ko thể đk gói grablimited đc, cứ hiện là bị lỗi quay lại sau, oải",vi,negative,0.9092,앱오류,2026-06-05 09:24:42.911098+00
1986,google_play,Grab,mobility_superapp,SEA,5,Mikay suarez,2026-06-01,the foods were good but sometimes it puts the wrong address sometimes it's more like a bug sometimes,en,negative,0.9109,앱오류,2026-06-05 09:24:42.911098+00
1987,google_play,Grab,mobility_superapp,SEA,1,J C,2026-06-01,worst customer support,en,negative,0.8882,서비스,2026-06-05 09:24:42.911098+00
1988,google_play,Grab,mobility_superapp,SEA,1,George Brown,2026-06-01,Saya tidak bisa mendapat bantuan dari Help Center karena hanya mendapati menu pilihan yg tidak relevan dengan permasalahan saya. Saya lebih suka berbicara dengan petugas pelayanan.,id,negative,0.5174,EV·충전,2026-06-05 09:24:42.911098+00
1989,google_play,Grab,mobility_superapp,SEA,2,Kristine Maria Aquino,2026-06-01,"The app consistently routes drivers to the EDSA entrance of my pinned location, which defeats the purpose of pinning it correctly pre booking. It's inconvenient when you have to instruct drivers for a whole additional 20 minutes when you're catching an appointment and for a supposedly easy trip. Make your maps better for everybody's sake and don't accept rides filled with cockroaches and cars that can't sustain air conditioner at the height of the trip. I barely book 4 seaters because of this.",en,negative,0.9075,EV·충전,2026-06-05 09:24:42.911098+00
1990,google_play,Grab,mobility_superapp,SEA,1,Laurentius Bryan,2026-06-01,Constant fail to login and verify through whatsapp,en,negative,0.8176,기타,2026-06-05 09:24:42.911098+00
1991,google_play,Grab,mobility_superapp,SEA,1,Ness Granada,2026-06-01,most delivery partners don't read the address and notes to driver provided and only rely on the pinned location which is not accurate most of the time. they are impatient that you seem at falut if you are not outside ready to receive the delivery. i had a bad experience where order was marked delivered but we didn't get the food. i am so disappointed with how grab support handled my issue when in the first place exact address and addl notes were clearly provided.,en,negative,0.9424,배차·대기,2026-06-05 09:24:42.911098+00
1992,google_play,Grab,mobility_superapp,SEA,2,Azrul Zulkifli,2026-06-01,"The app works well but the policies make the experience terrible. Most issues encountered never resolved with no party taking accountability. Delays, wrong orders, drivers canceling, Grab does not even apologize.",en,negative,0.9575,EV·충전,2026-06-05 09:24:42.911098+00
1994,google_play,Grab,mobility_superapp,SEA,5,Clayton Fisher,2026-06-01,good app for getting around,en,positive,0.8148,기타,2026-06-05 09:24:42.911098+00
1995,google_play,Grab,mobility_superapp,SEA,1,Honrada Jericho Jim,2026-06-01,If i couldnt get my refund atleast the amount of food that i order except the delivery fee then you lost a customer it's been a pleasure using your app for year(s) i'll now switch to food panda. I'll give the app a rating you will never forget.,en,positive,0.4202,EV·충전,2026-06-05 09:24:42.911098+00
2200,google_play,Grab,mobility_superapp,SEA,1,Joeben Calaunan,2026-05-28,"langhiyang voucher, kailangan pang itype. At naglagay pa kayo ng vouchers, hindi naman magamit",tl,negative,0.6836,기타,2026-06-05 09:24:42.911098+00
2201,google_play,Grab,mobility_superapp,SEA,5,nish,2026-05-28,mmg ngam,tl,negative,0.6061,기타,2026-06-05 09:24:42.911098+00
2202,google_play,Grab,mobility_superapp,SEA,5,paygrow,2026-05-28,Excellent Grab Food Application 👍,en,positive,0.8161,기타,2026-06-05 09:24:42.911098+00
2203,google_play,Grab,mobility_superapp,SEA,5,Mike Suarez,2026-05-28,Good driver,af,positive,0.625,배차·대기,2026-06-05 09:24:42.911098+00
2204,google_play,Grab,mobility_superapp,SEA,5,Uwaisia Beloved,2026-05-28,Grab makes our journeys much easier wherever we want to go.,en,positive,0.7367,EV·충전,2026-06-05 09:24:42.911098+00
2205,google_play,Grab,mobility_superapp,SEA,5,Deb McClelland,2026-05-28,"Just had a great ride to the airport...on my way home to Perth. Nice smelling car, great conversation - spoke extremely well. YEAH!!",en,positive,0.9306,기타,2026-06-05 09:24:42.911098+00
2206,google_play,Grab,mobility_superapp,SEA,1,Affizzul Hakim,2026-05-28,"Solidarity for the grab rider that been terminated because he do the right thing,law abiding citizen. Uodated on May 2026: Received spoilt food, Grab don't want to refund the food although pictures of the spoilt food has been provided. Help centre said cannot verify of the food is spoilt, i asked where i can send the food for verification or just ask the delivery team pick the food back for verification and Hel Centre just kept apologising and still don't want to refund.",en,negative,0.8242,기타,2026-06-05 09:24:42.911098+00
2207,google_play,Grab,mobility_superapp,SEA,5,SF Choong,2026-05-28,safe and comfortable ride,en,positive,0.855,기타,2026-06-05 09:24:42.911098+00
2208,google_play,Grab,mobility_superapp,SEA,2,Manuel Lennart Orat,2026-05-28,says I don't have internet connection when i have 5g. inconsistent,en,negative,0.8542,기타,2026-06-05 09:24:42.911098+00
2212,google_play,Grab,mobility_superapp,SEA,3,Stefanus Nugroho,2026-05-28,"After the new update, there is a bug on the message section. If I open the message (inbox), it stuck showing like dummy message if you are a new user and the app suddenly freeze. Need to be fix ASAP",en,negative,0.8807,앱오류,2026-06-05 09:24:42.911098+00
2213,google_play,Grab,mobility_superapp,SEA,5,Jayson Lawrence Bernatia,2026-05-28,awesome...,af,positive,0.7722,기타,2026-06-05 09:24:42.911098+00
2214,google_play,Grab,mobility_superapp,SEA,5,Roma Bharti,2026-05-28,it's a good app. very smooth and very easy to use.,en,positive,0.8631,기타,2026-06-05 09:24:42.911098+00
2215,google_play,Grab,mobility_superapp,SEA,1,John Kenneth Villasin,2026-05-28,unusable. there's always an error when adding passkey and I can't remove the prompt lol,en,negative,0.8384,앱오류,2026-06-05 09:24:42.911098+00
2006,google_play,Grab,mobility_superapp,SEA,1,April Grace Collado,2026-06-01,canceled my order multiple times. processing for hours then got canceled? should've just decline it or cancel immediately. now I'll wait 30 days to get my money back.,en,negative,0.883,배차·대기,2026-06-05 09:24:42.911098+00
2008,google_play,Grab,mobility_superapp,SEA,5,awang hazmizatul,2026-05-31,grab anything else you need only in this app👍👍👍,en,positive,0.5011,기타,2026-06-05 09:24:42.911098+00
2009,google_play,Grab,mobility_superapp,SEA,5,amanual Maaz,2026-05-31,cool,en,positive,0.422,기타,2026-06-05 09:24:42.911098+00
2010,google_play,Grab,mobility_superapp,SEA,1,Gregory Polski,2026-05-31,"cash not working. my card not working because my bank want to confirm it with a SMS to my Australian phone, but Telstra is not working in Indonesia. lol",en,negative,0.6655,결제,2026-06-05 09:24:42.911098+00
2011,google_play,Grab,mobility_superapp,SEA,5,Marites Rotas,2026-05-31,great🥰🥰🥰,ro,positive,0.8309,기타,2026-06-05 09:24:42.911098+00
2012,google_play,Grab,mobility_superapp,SEA,1,Ihsan SL,2026-05-31,sudah banyak driver yang sangat tidak ramah,id,negative,0.874,배차·대기,2026-06-05 09:24:42.911098+00
2013,google_play,Grab,mobility_superapp,SEA,4,Eileen Kim,2026-05-31,정확한 지도표시가 잘안되어 안타깝습니다,ko,negative,0.9261,기타,2026-06-05 09:24:42.911098+00
2014,google_play,Grab,mobility_superapp,SEA,5,Lynz Dessbille,2026-05-31,so nice app,it,positive,0.8027,기타,2026-06-05 09:24:42.911098+00
2015,google_play,Grab,mobility_superapp,SEA,1,Clark Aldrin Esquivel,2026-05-31,We can't cancel the order because it took 2hours but still dont have a driver,en,negative,0.7231,배차·대기,2026-06-05 09:24:42.911098+00
2016,google_play,Grab,mobility_superapp,SEA,5,David Ngui,2026-05-31,too much noise now go dine,en,negative,0.701,기타,2026-06-05 09:24:42.911098+00
2017,google_play,Grab,mobility_superapp,SEA,5,Rena Catubay,2026-05-31,good delivery,af,positive,0.5459,기타,2026-06-05 09:24:42.911098+00
2020,google_play,Grab,mobility_superapp,SEA,1,Faye Anthony,2026-05-31,im so upsettttttt o grab unrocemended give my moneg backkkk,no,negative,0.9322,기타,2026-06-05 09:24:42.911098+00
2021,google_play,Grab,mobility_superapp,SEA,5,Thwe Thwe Oo,2026-05-31,Keep going,af,positive,0.5931,기타,2026-06-05 09:24:42.911098+00
2957,google_play,Gojek,mobility_superapp,SEA,5,Hoi Dao,2024-08-22,"Dịch tốt, cần khuyến mãi nhiều hơn",vi,positive,0.6317,기타,2026-06-05 09:24:42.911098+00
629,google_play,LOCA Taxi,kokkok,LAO,4,Phoukhong Phongsa,2020-08-04,ສະດວກ ວ່ອງໄວ ແລະ ບໍ່ຈໍາເປັນຕ້ອງກະກຽມ ລົດສ່ວນຕົວ ໃນການເດີນທາງ ໄປເດີ່ນບິນ ຫຼື ສະຖານທີ່ເມົາໆຕ່າງໆ...,unknown,neutral,0.464,기타,2026-06-05 09:24:42.911098+00
632,google_play,LOCA Taxi,kokkok,LAO,4,Bob Clarke,2020-07-24,Very helpful,en,positive,0.7135,기타,2026-06-05 09:24:42.911098+00
633,google_play,LOCA Taxi,kokkok,LAO,5,Sivanthons Saykousy,2020-07-03,Good service and safety,en,positive,0.7613,서비스,2026-06-05 09:24:42.911098+00
634,google_play,LOCA Taxi,kokkok,LAO,4,Martin Garnett,2020-05-06,"Navigation sub optimal, but best available in Laos",en,positive,0.3998,기타,2026-06-05 09:24:42.911098+00
635,google_play,LOCA Taxi,kokkok,LAO,5,A Google user,2020-03-22,"Very helpful in Vientiane, easy to use.",en,positive,0.8231,기타,2026-06-05 09:24:42.911098+00
505,google_play,LOCA Taxi,kokkok,LAO,1,Joey,2024-06-09,"Ridiculously overpriced taxis for Laos standards! Also, the price always ends up higher than the given price before booking. Just use other taxi apps which are at least half the price.",en,negative,0.9191,요금,2026-06-05 09:24:42.911098+00
506,google_play,LOCA Taxi,kokkok,LAO,5,Narinder Singh,2024-05-24,"Great app, very convenient",en,positive,0.8731,기타,2026-06-05 09:24:42.911098+00
507,google_play,LOCA Taxi,kokkok,LAO,1,bhimmasone bhim,2024-05-02,Difficult to use it. Issue in opening the app.,en,negative,0.8643,기타,2026-06-05 09:24:42.911098+00
508,google_play,LOCA Taxi,kokkok,LAO,1,Sanghyun Lee,2024-04-27,keeps asking to read more updates and doesn't move.,en,negative,0.8071,기타,2026-06-05 09:24:42.911098+00
510,google_play,LOCA Taxi,kokkok,LAO,4,Chris Boyer,2024-03-27,"Best part of the app is LocaPay, you can connect it to a western credit card (I'm using a Wise debit card) and it only charges around a 7000 Kip fee for around a 100000 Kip change. Which works out to around the same charge you'd get for the max withdrawal from an ATM but without the conversation fee from your card as they app charges you USD. Very convenient. Using it for Taxi's it cost a bit more then competing apps but it's easier to find driver's at late hours.",en,neutral,0.481,EV·충전,2026-06-05 09:24:42.911098+00
511,google_play,LOCA Taxi,kokkok,LAO,4,Kendall Church,2024-03-27,"Great app especially for tourists. My only suggestion is to change the estimated driving time based on traffic conditions - it takes a lot longer to get somewhere than estimated (which assumes no traffic and driving 50-60 km/h!), so maybe integrating Google Maps traffic into it would make it more accurate.",en,positive,0.5748,기타,2026-06-05 09:24:42.911098+00
512,google_play,LOCA Taxi,kokkok,LAO,4,Marc Evans,2024-02-29,Very useful!,en,positive,0.7826,기타,2026-06-05 09:24:42.911098+00
513,google_play,LOCA Taxi,kokkok,LAO,1,R Baynton,2024-02-21,"Terrible, just pay for taxis and tuktuks. Not even available early morning or late at night",en,negative,0.9371,EV·충전,2026-06-05 09:24:42.911098+00
514,google_play,LOCA Taxi,kokkok,LAO,5,Minakhom Saphankham,2024-02-14,Useful,ro,negative,0.4282,기타,2026-06-05 09:24:42.911098+00
515,google_play,LOCA Taxi,kokkok,LAO,5,Grady Toland,2024-01-16,Extremely helpful as an expat. Thank you.,en,positive,0.8812,기타,2026-06-05 09:24:42.911098+00
516,google_play,LOCA Taxi,kokkok,LAO,2,Olim Hon,2024-01-10,The app is very slow and almost always overcharges. Giving 2 stars for having lots of drivers available all the time.,en,negative,0.8541,EV·충전,2026-06-05 09:24:42.911098+00
517,google_play,LOCA Taxi,kokkok,LAO,1,Mick Austin,2024-01-03,No driver all the time app no good in paske or thekhet,en,negative,0.7404,배차·대기,2026-06-05 09:24:42.911098+00
518,google_play,LOCA Taxi,kokkok,LAO,4,Casey Tolzman,2023-12-20,"Overall, convenient to use for many services. Recommended app to have in Laos. The one negative is the lack of transparency in fees. Unlike other ride hailing apps I've used (like Grab), the fee for Loca is almost always higher than the estimated amount. Also, for the QR payment service where you can link your credit card, I did not see any notice stating the % fee taken from each transaction. This is something that should be clearly communicated.",en,negative,0.7967,결제,2026-06-05 09:24:42.911098+00
519,google_play,LOCA Taxi,kokkok,LAO,4,Khan I AM LAO,2023-12-06,ຖ້າບອກລາຄາຄືkokkokຄືຊິດີ,unknown,positive,0.3905,기타,2026-06-05 09:24:42.911098+00
520,google_play,LOCA Taxi,kokkok,LAO,1,Jacob Lee,2023-12-03,Instantly crashes after opening,en,negative,0.7522,앱오류,2026-06-05 09:24:42.911098+00
521,google_play,LOCA Taxi,kokkok,LAO,1,Isaac Sotomayor,2023-11-27,Stupid app doesn't even let me make an account. Gets stuck at verification code. What a joke. inDrive is better.,en,negative,0.9477,EV·충전,2026-06-05 09:24:42.911098+00
523,google_play,LOCA Taxi,kokkok,LAO,1,Aisao Saesee,2023-11-20,Will not send me sms code even if I put in my phone number. Can't get pass sign up because of this. There should be an option for text messaging and email for code.,en,negative,0.8331,EV·충전,2026-06-05 09:24:42.911098+00
524,google_play,LOCA Taxi,kokkok,LAO,5,Lomon Sihalath,2023-11-17,Excellent Taxi app,ca,positive,0.7722,기타,2026-06-05 09:24:42.911098+00
526,google_play,LOCA Taxi,kokkok,LAO,1,Mohammed AL-Hitmi,2023-11-16,"I was able to register without a problem but then the app keep crashing everytime I open it, I reinstalled the app but it didn't help",en,negative,0.8758,EV·충전,2026-06-05 09:24:42.911098+00
527,google_play,LOCA Taxi,kokkok,LAO,1,Paul Her,2023-11-16,Horrible app. Drivers can't find us or know our location. I can't find my booking after leaving the screen,en,negative,0.9449,배차·대기,2026-06-05 09:24:42.911098+00
528,google_play,LOCA Taxi,kokkok,LAO,4,Shaojin Ma,2023-11-14,"Easy to use, must have in Laos",en,positive,0.6376,기타,2026-06-05 09:24:42.911098+00
529,google_play,LOCA Taxi,kokkok,LAO,4,Cindy Toland,2023-11-11,Extremely helpful as a farang.,en,positive,0.8217,기타,2026-06-05 09:24:42.911098+00
530,google_play,LOCA Taxi,kokkok,LAO,1,Min Son,2023-11-10,"The third time I used the app, it suggested a price like the first two times but this time in the end got charged almost double with the extra fees added like the convenience fee whatever that is. Also the distance fee can be more if the driver takes a longer route. Isn't that the whole point of the ride sharing apps partially so we don't get scammed by taxi drivers running their meter.",en,neutral,0.4938,EV·충전,2026-06-05 09:24:42.911098+00
531,google_play,LOCA Taxi,kokkok,LAO,1,Alex Tan,2023-11-08,App keep on crashing after install & registration,en,negative,0.8288,앱오류,2026-06-05 09:24:42.911098+00
532,google_play,LOCA Taxi,kokkok,LAO,5,C Quinn,2023-11-08,The only way to get a taxi in Vientiane,en,neutral,0.7133,기타,2026-06-05 09:24:42.911098+00
533,google_play,LOCA Taxi,kokkok,LAO,1,Reinne,2023-10-31,"Very dishonest, borderline fraudulent business practises. Once they've taken your money, they will make it impossible for you to get a refund. Updates Either no one in customer service can understand the difference between one and two or they intentionally play stupid and try to gaslight the customer, I PAID for a data packages TWO times The first one was an INCOMPLETE number that you charged me for and refuse to REFUND. They keep referring to the second one, like the first one never happened.",en,negative,0.9097,EV·충전,2026-06-05 09:24:42.911098+00
534,google_play,LOCA Taxi,kokkok,LAO,5,Khamsy Sirimouk,2023-10-21,Very good car (EV) Volkswagen ID4,af,positive,0.8051,EV·충전,2026-06-05 09:24:42.911098+00
535,google_play,LOCA Taxi,kokkok,LAO,5,taichung tay,2023-10-18,Easy to use. Make life so convenient.,en,positive,0.8176,기타,2026-06-05 09:24:42.911098+00
536,google_play,LOCA Taxi,kokkok,LAO,4,Alex Ting,2023-10-03,A very handy app for tourists who dont have a local bank.,en,positive,0.6076,기타,2026-06-05 09:24:42.911098+00
537,google_play,LOCA Taxi,kokkok,LAO,4,Bounty Seam Ome,2023-10-01,Amazing,sw,positive,0.6565,기타,2026-06-05 09:24:42.911098+00
538,google_play,LOCA Taxi,kokkok,LAO,1,Andrew Kaska,2023-09-30,I am trying to register and I am not getting an OTP SMS message with my verification code and there is no support or alternate way to register. This is absolutely ridiculous,en,negative,0.9219,서비스,2026-06-05 09:24:42.911098+00
583,google_play,LOCA Taxi,kokkok,LAO,5,Hendra Winastu,2022-09-02,Made traveling in the city more fun. The LOCA staffs are very professional and accommodating.,en,positive,0.9126,기타,2026-06-05 09:24:42.911098+00
539,google_play,LOCA Taxi,kokkok,LAO,1,Kai H,2023-09-06,"Drivers nearly always give a higher inflated price after the end of the trip after you have been quoted an original price? plus it is full of bugs and gives the wrong pick up point, should have grab here instead. Absolute Rubbish. Why quote a price and then let the driver change it to a higher price after the journey??",en,negative,0.9122,앱오류,2026-06-05 09:24:42.911098+00
540,google_play,LOCA Taxi,kokkok,LAO,5,Arin Shiro,2023-09-03,"been using it since 2019 until 2023, the number of drivers have greatly increase, but now not all knows english. the concept is still the same, a variable amount for a driving app which you can treat it like a taxi metre. useful if you are exploring places which you are not sure of and have second thoughts about it, so the fare just goes on until you finally decided to stop your journey. definitely cheaper than a taxi or tuktuk in laos.",en,neutral,0.4409,배차·대기,2026-06-05 09:24:42.911098+00
541,google_play,LOCA Taxi,kokkok,LAO,3,Andrew Mutton,2023-08-29,The app has issues and requires regular device restarts to correct,en,negative,0.6743,EV·충전,2026-06-05 09:24:42.911098+00
542,google_play,LOCA Taxi,kokkok,LAO,4,March Math,2023-08-25,"App run not so smooth, but helpful. Always get me driver, and acceptable price. Sad, its not available in Vang Vieng.",en,negative,0.5727,배차·대기,2026-06-05 09:24:42.911098+00
543,google_play,LOCA Taxi,kokkok,LAO,1,SK Tan,2023-08-04,Repeatedly crashed on Samsung S22 Ultra during signin attempt. Not able to use. Installed from PlayStation on 4 Aug 2023.,en,negative,0.7675,앱오류,2026-06-05 09:24:42.911098+00
544,google_play,LOCA Taxi,kokkok,LAO,1,Alexis Ng,2023-08-04,"Terrible experience using this app as a foreigner in Laos. Impossible to pay by card as the app would still deduct from the wallet instead causing a deficit which then needed to be paid manually by qr code given by customer service over WhatsApp. Multiple tries, same issues. In the end my card was blocked by my bank giving me more trouble to have to unblock it. I decided to use Indrive which was much easier with no hassle.",en,negative,0.9269,결제,2026-06-05 09:24:42.911098+00
545,google_play,LOCA Taxi,kokkok,LAO,5,A. G,2023-07-09,Loca is quick and the app is very easy to understand and easy to handle.,en,positive,0.7843,기타,2026-06-05 09:24:42.911098+00
546,google_play,LOCA Taxi,kokkok,LAO,5,R,2023-06-25,"It was a really good option in my trip to Laos. Can pay almost anywhere where they accept QR codes. The commission is a bit high and sometimes didn't make sense with a minimum amount charged for small transactions, without an option to find this info anywhere before you pay. But withdrawing money is also expensive (local bank fee, from your card and your bank) it was still quite reasonable. In the end it was a bit more expensive but much easier. Taxi option too expensive, never used it.",en,negative,0.693,EV·충전,2026-06-05 09:24:42.911098+00
547,google_play,LOCA Taxi,kokkok,LAO,1,Brian Bechan,2023-06-25,Was a bit of a pain to setup so I didn't bother with it. It was easier just to ask the person at the hotel desk to call a taxi for me.,en,negative,0.426,기타,2026-06-05 09:24:42.911098+00
548,google_play,LOCA Taxi,kokkok,LAO,4,T B,2023-06-21,"Essential for getting around laos, sometimes a little buggy with rider location. Otherwise all good!!",en,neutral,0.4469,앱오류,2026-06-05 09:24:42.911098+00
549,google_play,LOCA Taxi,kokkok,LAO,1,Reese Andrew,2023-06-16,Horrible. Never gets the location correct and had to walk to a new location two times.,en,negative,0.9465,EV·충전,2026-06-05 09:24:42.911098+00
550,google_play,LOCA Taxi,kokkok,LAO,2,Joel Kinmond,2023-06-04,Always a service charge of about 10% Always very high price for hiring a ride. Don't recommend.,en,negative,0.8977,EV·충전,2026-06-05 09:24:42.911098+00
551,google_play,LOCA Taxi,kokkok,LAO,1,WCWD W.C,2023-05-30,Forever so buggy. Anyone fixing the bugs? If u guys are even.... Alive?!,en,negative,0.9101,EV·충전,2026-06-05 09:24:42.911098+00
552,google_play,LOCA Taxi,kokkok,LAO,4,Hazem Toutounji,2023-05-17,Great app for grabbing a car or motorbike in Vientiane. The interface after making a booking can be improved so one can see the trip progress and how much to pay.,en,positive,0.7134,결제,2026-06-05 09:24:42.911098+00
651,google_play,LOCA Taxi,kokkok,LAO,5,A Google user,2020-01-17,"Great Drivers, never disappointed",en,positive,0.8488,EV·충전,2026-06-05 09:24:42.911098+00
652,google_play,LOCA Taxi,kokkok,LAO,5,A Google user,2020-01-16,Best cab hailing app in Laos.,en,positive,0.784,기타,2026-06-05 09:24:42.911098+00
653,google_play,LOCA Taxi,kokkok,LAO,2,A Google user,2020-01-14,Difficult to use. No Lao language.,en,negative,0.8797,기타,2026-06-05 09:24:42.911098+00
654,google_play,LOCA Taxi,kokkok,LAO,1,A Google user,2020-01-13,I can't login Facebook or Gmail or Sign Up Please improve first :),en,negative,0.6496,기타,2026-06-05 09:24:42.911098+00
655,google_play,LOCA Taxi,kokkok,LAO,5,A Google user,2020-01-05,"This app has really improved the transportation situation in Vientiane, Laos. Love it!",en,positive,0.9233,기타,2026-06-05 09:24:42.911098+00
656,google_play,LOCA Taxi,kokkok,LAO,5,A Google user,2019-12-28,Good app to travel around. Need help urgently as I cant book taxi currently.,en,negative,0.5228,기타,2026-06-05 09:24:42.911098+00
657,google_play,LOCA Taxi,kokkok,LAO,2,A Google user,2019-12-28,　クレカが登録できない,ja,negative,0.7857,기타,2026-06-05 09:24:42.911098+00
658,google_play,LOCA Taxi,kokkok,LAO,5,A Google user,2019-12-23,"Justcan awesome easy to use App, location pins work great and great drivers too !",en,positive,0.8584,배차·대기,2026-06-05 09:24:42.911098+00
659,google_play,LOCA Taxi,kokkok,LAO,5,A Google user,2019-12-20,"Fast, reliable and have great drivers.",en,positive,0.8881,배차·대기,2026-06-05 09:24:42.911098+00
766,google_play,LOCA Taxi,kokkok,LAO,5,Ty Keosavang,2023-04-01,ລາຄາຂ້ອນຂ້າງແພງ,unknown,negative,0.9055,기타,2026-06-05 09:24:42.911098+00
664,google_play,LOCA Taxi,kokkok,LAO,5,A Google user,2019-12-11,"Easy to use, easy to communicate with drivers. Pick up is always early, never late.",en,positive,0.6635,EV·충전,2026-06-05 09:24:42.911098+00
665,google_play,LOCA Taxi,kokkok,LAO,5,A Google user,2019-12-08,Regularly use it. Positive experience so far.,en,positive,0.8632,기타,2026-06-05 09:24:42.911098+00
666,google_play,LOCA Taxi,kokkok,LAO,1,A Google user,2019-12-02,"Very expensive, they don't come on time. They charge wrong fee and they always stop much further than real destination.get ur own transportation, it is much easier",en,negative,0.8687,EV·충전,2026-06-05 09:24:42.911098+00
667,google_play,LOCA Taxi,kokkok,LAO,4,A Google user,2019-11-29,Easy to get around at an affordable price. Cheaper than Tuk Tuk. Apps can be improved,en,positive,0.747,요금,2026-06-05 09:24:42.911098+00
668,google_play,LOCA Taxi,kokkok,LAO,4,A Google user,2019-11-27,"Good app, accepts credit card however charges a convenience fee. Should consider removing it",en,neutral,0.477,EV·충전,2026-06-05 09:24:42.911098+00
669,google_play,LOCA Taxi,kokkok,LAO,5,A Google user,2019-11-12,Really like the advance booking (prebooking) feature 😊 will use this in my upcoming trips to Vientiane 😊,en,positive,0.772,기타,2026-06-05 09:24:42.911098+00
670,google_play,LOCA Taxi,kokkok,LAO,4,A Google user,2019-11-07,Good app practical,en,positive,0.6604,기타,2026-06-05 09:24:42.911098+00
553,google_play,LOCA Taxi,kokkok,LAO,4,Thisisbadjuju,2023-05-13,"Overall, pretty good and easy to use with pretty accurate pricing. The only small fault with the application is the estimated wait times. If it says the driver is 0 minutes away, expect to wait 2-3, if it says 1 minute away expect to wait 5, if it says 2 minutes away get ready for waiting up to 10 minutes. If it says 3+ minutes away go and get a coffee.",en,neutral,0.5062,배차·대기,2026-06-05 09:24:42.911098+00
663,google_play,LOCA Taxi,kokkok,LAO,1,A Google user,2019-12-13,What a POS buggy app. Never put your credit card on file. It just randomly charges double sometimes and random mysterious charges appear out of nowhere. You have to jump through hoops to get the charges reversed with customer support,en,negative,0.9439,EV·충전,2026-06-05 09:24:42.911098+00
554,google_play,LOCA Taxi,kokkok,LAO,1,Jon Garay,2023-05-09,"I hate this app. It's not user friendly but that's not the main reason, I can give this app 3 stars but not with the additional fares that every ride has. When you are going to book a ride it says for example ""25000 kip estimated fare"", after when you arrive the rider always change the price, so 25k it's after 32k and it's always like that, even in a very short way they change the price. It has no sense, it seems the rider can choose any price, so the estimated fare is always like 20-25% more.",en,negative,0.8897,EV·충전,2026-06-05 09:24:42.911098+00
555,google_play,LOCA Taxi,kokkok,LAO,5,Raquel Divosion,2023-05-07,Ease of use. Great app!,en,positive,0.9359,기타,2026-06-05 09:24:42.911098+00
556,google_play,LOCA Taxi,kokkok,LAO,5,Dew Syamsudin,2023-04-27,awesome app ! You must have it when you are in Vientian. 🤩🤩🤩 very comfortable!,en,positive,0.8961,기타,2026-06-05 09:24:42.911098+00
557,google_play,LOCA Taxi,kokkok,LAO,1,JH Yeo,2023-04-21,lousy apps if u compare to other established ehailing apps,en,negative,0.8646,기타,2026-06-05 09:24:42.911098+00
558,google_play,LOCA Taxi,kokkok,LAO,1,Vee HER,2023-04-21,Bad app and very poor communicate of Loca staffs.,en,negative,0.9497,기타,2026-06-05 09:24:42.911098+00
559,google_play,LOCA Taxi,kokkok,LAO,4,Scott Johnson,2023-04-16,Good with pick up map option to show on map where you are. This is also good option to share location with friends as you can screenshot location and then add it to your messages..,en,positive,0.6148,기타,2026-06-05 09:24:42.911098+00
560,google_play,LOCA Taxi,kokkok,LAO,2,Jamie,2023-04-11,Don't use card as they charge a higher price. Also drivers will go long way on purpose to make you pay more. I wish Grab was in laos.,en,negative,0.8171,EV·충전,2026-06-05 09:24:42.911098+00
561,google_play,LOCA Taxi,kokkok,LAO,5,Johnny Ngai,2023-04-10,"Works good with my simple phone,",en,positive,0.7424,기타,2026-06-05 09:24:42.911098+00
562,google_play,LOCA Taxi,kokkok,LAO,5,Kent Ford,2023-04-06,Excellent work...as good or better than Uber and Lyft.,en,positive,0.8823,기타,2026-06-05 09:24:42.911098+00
563,google_play,LOCA Taxi,kokkok,LAO,2,Mckay Jaeckel,2023-03-17,Barely works. Used it once and then could never log back in. App is just glitchy and logging in sucks. Too bad it's the only app in Laos to find rides that I know of...,en,negative,0.9371,EV·충전,2026-06-05 09:24:42.911098+00
564,google_play,LOCA Taxi,kokkok,LAO,5,Geoff Alston,2023-03-15,🌟 🌟 🌟 🌟 🌟,unknown,neutral,0.5479,기타,2026-06-05 09:24:42.911098+00
565,google_play,LOCA Taxi,kokkok,LAO,4,Kevin Yang,2023-03-15,It's a bit buggy needs some touch up. But it works I get around pretty well and feel safe,en,positive,0.4483,앱오류,2026-06-05 09:24:42.911098+00
566,google_play,LOCA Taxi,kokkok,LAO,5,Colin McKay,2023-03-05,We have used Loca a number of times and each time the driver has arrived within a 5 to 10 minutes and have found us quickly. (We do not move). The basic price appears before the ride and the map shows the route as the car travels to us and the route the car will travel to get to our destination. We receive an email afterwards with the receipt and with an opportunity to rate the driver. We usually rate the driver well as they seem to drive safety.,en,neutral,0.714,배차·대기,2026-06-05 09:24:42.911098+00
567,google_play,LOCA Taxi,kokkok,LAO,4,Sengsavanh PHILAVANH,2023-03-04,👍🏻,unknown,positive,0.59,기타,2026-06-05 09:24:42.911098+00
568,google_play,LOCA Taxi,kokkok,LAO,2,KB20 Retrojan,2023-02-28,"Couldn't add JCB credit card to the app, not sure why?",en,negative,0.7306,결제,2026-06-05 09:24:42.911098+00
569,google_play,LOCA Taxi,kokkok,LAO,5,Minnie PTH,2023-02-27,The app is easy to use.,en,positive,0.825,기타,2026-06-05 09:24:42.911098+00
570,google_play,LOCA Taxi,kokkok,LAO,2,J J,2023-02-05,Difficult to use Only gives ESTIMATED prices. How can we trust a price estimate ? Particularly considering other reviews reporting that the price charged exceeds that estimated. In neighbouring countries like Thailand and Cambodia there are nice reliable apps that provide a fixed price service. That's how these apps are supposed to work. Fair and honest business practices get more customers. Forget the excuses. Apps in Cambodia give a fixed price Apps in Thailand give a fixed price etc,en,negative,0.5901,EV·충전,2026-06-05 09:24:42.911098+00
571,google_play,LOCA Taxi,kokkok,LAO,1,whatevvaa rr,2023-01-27,Could not receive an otp. Thought I'd restart the app and try again after waiting a few times for the 5 minute timer to reset. This looks ked me out of the process of requesting a new otp be ause my account was not activated :/ Uninstalled it because life is too short.,en,negative,0.8967,배차·대기,2026-06-05 09:24:42.911098+00
572,google_play,LOCA Taxi,kokkok,LAO,5,Marcus Schwartz,2023-01-18,"Great for getting rides in Vientiane and Luang Prabeng. A little spammy with the notifications, but I guess that's the norm for this kind of app these days.",en,positive,0.6916,기타,2026-06-05 09:24:42.911098+00
573,google_play,LOCA Taxi,kokkok,LAO,5,La Mon Chu,2023-01-18,"Pleased with the service , make my trip easy",en,positive,0.8389,서비스,2026-06-05 09:24:42.911098+00
574,google_play,LOCA Taxi,kokkok,LAO,2,Gary Q,2023-01-03,"It won't send me the otp sms code to my phone in Australia so I can't activate my account, I have tried many times without success",en,negative,0.8885,기타,2026-06-05 09:24:42.911098+00
575,google_play,LOCA Taxi,kokkok,LAO,5,Julian Turner,2022-12-21,Easy to use. Started in Vientiene and now in LuNg Probang and in Nong Khiew.,en,neutral,0.6817,기타,2026-06-05 09:24:42.911098+00
576,google_play,LOCA Taxi,kokkok,LAO,3,Bounlap PATHILATH,2022-12-20,Very comfortable and quick,en,positive,0.8175,기타,2026-06-05 09:24:42.911098+00
577,google_play,LOCA Taxi,kokkok,LAO,5,Sue Jennings,2022-12-20,Always reliable,en,positive,0.5568,기타,2026-06-05 09:24:42.911098+00
578,google_play,LOCA Taxi,kokkok,LAO,5,Fang Leow,2022-12-16,The Loca Transport TAXI booking service is perfect. This is a necessary app for all traveller to Vientiane. It's very easy to use.,en,positive,0.8435,서비스,2026-06-05 09:24:42.911098+00
579,google_play,LOCA Taxi,kokkok,LAO,5,Admin Awintoo,2022-11-19,Great option fo Vientiane,en,positive,0.9028,기타,2026-06-05 09:24:42.911098+00
580,google_play,LOCA Taxi,kokkok,LAO,5,Ian Jennings,2022-11-16,"Superb! So easy, so reliable, so reasonably-priced. A game changer.",en,positive,0.9416,요금,2026-06-05 09:24:42.911098+00
581,google_play,LOCA Taxi,kokkok,LAO,5,Kurt Johnson,2022-11-10,Lifesaver,no,positive,0.6844,기타,2026-06-05 09:24:42.911098+00
582,google_play,LOCA Taxi,kokkok,LAO,1,zin latt,2022-09-07,It is not sending verification code,en,negative,0.5824,기타,2026-06-05 09:24:42.911098+00
661,google_play,LOCA Taxi,kokkok,LAO,1,A Google user,2019-12-19,"The main problem with the app is the difference in the amount you pay at your dropoff point doesnt matches with the estimated price. Its always more that you pay by 2-3 $. ""Review price"" option is not there which is the worst part. Application lags are very common. Need to improve a lot for giving tough competition if Uber/Grab arrives in Laos. Cheers. The worst app I have ever seen. I wish Uber/Grab enters this city, Loca will be nowhere then.",en,negative,0.9223,EV·충전,2026-06-05 09:24:42.911098+00
588,google_play,LOCA Taxi,kokkok,LAO,3,Amir Jabbarian,2022-07-22,"We used this app during our trip in Laos and it was great help and also because there was not any other choice! compare to the competitor app (Grab), it far more behind. The fee appear at the beginning of booking and you can't see the tariff during ride. Then it will be appear at the end of ride again. Sometimes it's too complicated to use. It's different to understand The algorithms how the pick up point and destination to be choose. But at the end of the day, it's a useful app in Laos.",en,neutral,0.4305,기타,2026-06-05 09:24:42.911098+00
589,google_play,LOCA Taxi,kokkok,LAO,5,Kim Moon,2022-07-22,"Best way to get around in Vientiane if you dont want to rent a scooter. There are lots of drivers in the inner city, outside it maybe more difficult to find drivers. Avg wait time was only 1 to 5mins, longer and the driver usually texts to let you know when they'll arrive. Great app and will only get better!",en,neutral,0.3729,배차·대기,2026-06-05 09:24:42.911098+00
590,google_play,LOCA Taxi,kokkok,LAO,5,Leanne G,2022-07-22,Reliable...,es,positive,0.8713,기타,2026-06-05 09:24:42.911098+00
591,google_play,LOCA Taxi,kokkok,LAO,5,Ryan Bennetts,2022-07-11,App a little glitchy but service from drivers excellent 👍,en,positive,0.5328,배차·대기,2026-06-05 09:24:42.911098+00
592,google_play,LOCA Taxi,kokkok,LAO,5,Philip Craig,2022-06-30,Ease of use great and intuitive. Good reliable functionality.,en,positive,0.8871,기타,2026-06-05 09:24:42.911098+00
593,google_play,LOCA Taxi,kokkok,LAO,5,tou xiong,2022-06-14,Fast service and very professional drivers,en,positive,0.7974,배차·대기,2026-06-05 09:24:42.911098+00
594,google_play,LOCA Taxi,kokkok,LAO,5,Rusman,2022-06-03,Perfect taxi within laos for foreigner who confuse where to get taxi or grab,en,neutral,0.5292,기타,2026-06-05 09:24:42.911098+00
595,google_play,LOCA Taxi,kokkok,LAO,5,Morlor Yongpor,2022-05-25,"best taxi app in laos, there can be some changes like the better gps tracker and should pick the nearby drivers instead the driver having to drive far to get to your location",en,positive,0.5079,배차·대기,2026-06-05 09:24:42.911098+00
596,google_play,LOCA Taxi,kokkok,LAO,3,rasmy sitthirath,2022-05-16,ບໍ່ມີຫຍັງພິເສດ,unknown,neutral,0.5047,기타,2026-06-05 09:24:42.911098+00
597,google_play,LOCA Taxi,kokkok,LAO,5,jon c,2022-05-15,Pretty useful app living in Vientiane Laos. If it is too bike for my motorcycle I book a loca car :),en,positive,0.7906,기타,2026-06-05 09:24:42.911098+00
598,google_play,LOCA Taxi,kokkok,LAO,5,Christophe Eyquem,2022-05-01,Great app!,en,positive,0.9168,기타,2026-06-05 09:24:42.911098+00
803,google_play,LOCA Taxi,kokkok,LAO,3,Dalavone,2020-06-18,ຢາກໃຫ້ປັບປຸງ ເລື່ອງລາຄາເເນ່ເຈົ້າ ຢາກໃຫ້ມັນເຫມາະສົມກວ່ານີ້ ເພື່ອຄົນຖານະທຳມະດາ ຈະໃຊ້ບໍລິການໄດ້ຫລາຍກວ່ານີ້,unknown,neutral,0.3718,기타,2026-06-05 09:24:42.911098+00
804,google_play,LOCA Taxi,kokkok,LAO,1,ผู้ใช้ Google,2020-03-24,👎👎,unknown,negative,0.8728,기타,2026-06-05 09:24:42.911098+00
805,google_play,LOCA Taxi,kokkok,LAO,5,ผู้ใช้ Google,2020-03-03,👌👍👍👍👍,unknown,positive,0.6802,기타,2026-06-05 09:24:42.911098+00
806,google_play,LOCA Taxi,kokkok,LAO,5,ผู้ใช้ Google,2020-01-25,ຜູ້ບໍລິການໜ້ອຍ ຜູ້ໃຫ້ບໍລີການກໍໜ້ອຍເຊັ່ນກັນ ຢາກໃຫ້ຫັນມາສົນໃຈດ້ານການຕະຫຼາດ ແລະ ການບໍລິການອີກ ຖ້າຄົນຮູ້ຈັກໃຊ້ແອັບຫຼາຍ ກໍ່ຈະດີແກ່ຜູ້ຂັບໂລກ້າເອງ,unknown,neutral,0.4012,기타,2026-06-05 09:24:42.911098+00
339,google_play,KOKKOK Move,kokkok,LAO,5,Anun Shl,2023-11-23,Kokkok Move ດີຫລາຍ,sl,neutral,0.4738,기타,2026-06-05 09:24:42.911098+00
2918,google_play,Gojek,mobility_superapp,SEA,1,Khuu Ruby,2024-09-01,Đặt xe máy thằng ko chịu nhận cuộc toàn để may thằng xa bắt đoi qua. Lau,vi,neutral,0.4569,기타,2026-06-05 09:24:42.911098+00
2919,google_play,Gojek,mobility_superapp,SEA,1,Nguyễn Tài,2024-09-01,Chắc sắp ngừng dịch vụ hay sao mà đăng ký chờ mã OTP không thấy gửi ?,vi,negative,0.5007,기타,2026-06-05 09:24:42.911098+00
807,google_play,LOCA Taxi,kokkok,LAO,4,ผู้ใช้ Google,2020-01-07,"ຢາກໃຫ້ແກ້ໄຂເລື່ອງລາຄາ ຮູ້ສຶກວ່ານັບມື້ນັບແພງຂື້ນ ປັບໄດ້ປັບເອົາ ໄປໃກ້ໆເປັນຫ້າຫົກສີບພັນບໍ່ໄຫວໃດແບບນີ້ ລະບົບກະມັກມີບັນຫາດຽວກະເດັງອອກ ດຽວກະຄ້າງ ສະຫຼຸບLocaຈະເປັນລົດແທັກຊີໃນຮູບແບບແອັບຕິນິໄລ່ເອົາໄລ່ເອົາກີນລາຄາ ເພິໆແພງກວ່າແທັກຊີອີກ ຂໍນຳທ່ານສຸລິໂຍເດີ ເບິ່ງຕົວຢ່າງແອັບເເກ໋ບ ຢູ່ທົ່ວໂລກ ກົດໄປຂື້ນລາຄາເທົ່າໃດເທົ່ານັ້ນ ບໍ່ມີຂື້ນບໍ່ມີຫຼຸດ ລົດຈະຕິດຝົນຈະຕົກແດດຈະອອກຊ້າໄກລາຄາເທົ່າທີ່ຂື້ນເບື້ອງຕົ້ນບໍ່ຫຼອກຫຼວງ ໄປຫວຽດນາມ, ສິງກະໂປ, ໄທ... ຂ້ອຍກະເອີ້ນແຕ່ເເກ໋ບມາໃຊ້ ທີ່ ໃຊ້ Loca ກະຍ້ອນຍາກສະດວກສະບາຍນິລະ ໃຜໆຈື່ງໃຊ້ຫັນນະ..",unknown,neutral,0.366,기타,2026-06-05 09:24:42.911098+00
808,google_play,LOCA Taxi,kokkok,LAO,5,ผู้ใช้ Google,2019-12-26,ມີຄວາມສະດວກສະບາຍຂຶ້ນ,unknown,positive,0.6818,기타,2026-06-05 09:24:42.911098+00
809,google_play,LOCA Taxi,kokkok,LAO,1,ผู้ใช้ Google,2019-11-22,ເປັນຫຍັງຄືສະໝັກບໍ່ໄດ້ ຂ້ອຍພະຍາຍາມສະໝັກຫລາຍມື້ລະບໍ່ໄດ້ເລີຍ ລົບລະໂຫລດໃໝ່ມາສະໝັກອີກກະສະໝັກບໍ່ໄດ້ມັນເປັນຫຍັງ?,unknown,negative,0.5014,기타,2026-06-05 09:24:42.911098+00
810,google_play,LOCA Taxi,kokkok,LAO,5,ผู้ใช้ Google,2019-10-21,ດີເຈົ້າ!!ແຕ່ກໍຕ້ອງພັດທະນາເພື່ອໃຫ້ດີຂື້ນກວ່ານີ້ເດີ້ເຈົ້າ!! ເປັນກຳລັງໃຈໃຫ້ ເອົາໄປເລີຍ 5 ດາວ,unknown,positive,0.4803,기타,2026-06-05 09:24:42.911098+00
811,google_play,LOCA Taxi,kokkok,LAO,5,ผู้ใช้ Google,2019-10-20,Verry good,af,positive,0.8252,기타,2026-06-05 09:24:42.911098+00
812,google_play,LOCA Taxi,kokkok,LAO,2,ผู้ใช้ Google,2019-10-01,ຫນ້າຈະມີທັງລົດຈັກແລະລົດເກັງ,unknown,neutral,0.4856,기타,2026-06-05 09:24:42.911098+00
813,google_play,LOCA Taxi,kokkok,LAO,5,ผู้ใช้ Google,2019-07-09,ດີຫລາຍສະດວກແລະປອດໃພລົດກະມີຫລາຍບໍ່ຕ້ອງຖ້າດົນ,unknown,neutral,0.3864,기타,2026-06-05 09:24:42.911098+00
845,google_play,Grab,mobility_superapp,SEA,1,Tran Tho,2026-06-03,"dịch vụ giao hàng: trả tiền trước bằng thẻ nhưng làm mất cả kiện hàng của khách, muốn đền thì bắt kê khai hóa đơn từng món trong kiện, mất cả kiện hàng lẫm tiền ship. dịch vụ xe ôm: năm 2018, tài xế quấy rối, đeo bám khách",vi,negative,0.695,배차·대기,2026-06-05 09:24:42.911098+00
642,google_play,LOCA Taxi,kokkok,LAO,4,A Google user,2020-02-26,A bit pricey when based on local people income. However this won't effect foreigner as it's positively reasonable. Bike option is too limited. ( Haven't been able to book one even now) App have difficulty to constantly track the driver on gps. Best to don't move from the meet up place until see the vehicle.,en,negative,0.8044,EV·충전,2026-06-05 09:24:42.911098+00
643,google_play,LOCA Taxi,kokkok,LAO,5,A Google user,2020-02-21,Great response time. Love the way you just pin locations. Very easy to use. I will be using it a lot more often from now on. Good prices too.,en,positive,0.8924,요금,2026-06-05 09:24:42.911098+00
644,google_play,LOCA Taxi,kokkok,LAO,5,A Google user,2020-02-11,Very convenient,es,positive,0.6466,기타,2026-06-05 09:24:42.911098+00
645,google_play,LOCA Taxi,kokkok,LAO,5,A Google user,2020-02-10,User friendly,da,positive,0.4941,기타,2026-06-05 09:24:42.911098+00
646,google_play,LOCA Taxi,kokkok,LAO,3,A Google user,2020-02-10,"Does the job, though the app remains buggy and drivers are not always professional or reliable. Customer service is also slow to respond. Lots of room for improvement, buy with hard work they'll get there.",en,negative,0.8502,앱오류,2026-06-05 09:24:42.911098+00
671,google_play,LOCA Taxi,kokkok,LAO,3,A Google user,2019-11-06,"The UX designed in a very unfriendly way. The price that you see before your ride is always different with the result price (result one is always bigger). Also, the price is crazy for the SN Asia - we paid approx. 4 US dollars for the 2 km ride by the straight highway in Vientiane. So, there is a lot of to work on.",en,negative,0.739,요금,2026-06-05 09:24:42.911098+00
673,google_play,LOCA Taxi,kokkok,LAO,1,A Google user,2019-10-06,Does not work,af,negative,0.877,기타,2026-06-05 09:24:42.911098+00
674,google_play,LOCA Taxi,kokkok,LAO,5,A Google user,2019-10-04,The perfect app for those living or moving around Vientiane.,en,positive,0.7646,기타,2026-06-05 09:24:42.911098+00
675,google_play,LOCA Taxi,kokkok,LAO,5,A Google user,2019-09-13,Really enjoying this service!!!,en,positive,0.9321,서비스,2026-06-05 09:24:42.911098+00
676,google_play,LOCA Taxi,kokkok,LAO,5,A Google user,2019-09-11,Effective,en,neutral,0.3806,기타,2026-06-05 09:24:42.911098+00
677,google_play,LOCA Taxi,kokkok,LAO,4,A Google user,2019-09-07,Provides a great service at better price than local tuk tuks. Drivers an cars always clean an polite. Loses 1 star as sometimes cars take 2 mins and sometimes 15 mins to arrive am you cant predict which it will be. But overall really happy with Loca.,en,positive,0.6368,배차·대기,2026-06-05 09:24:42.911098+00
678,google_play,LOCA Taxi,kokkok,LAO,3,A Google user,2019-09-05,"Though it is a very helpful app when travelling in Laos, it does need a lot of improvement. The fact that my credit card is charged immediately a driver accepts my request and then refunds and re-charge again upon arrival at destination is so confusing. Also, I was charged a 'convenience fee' every time I used the service...no idea what it is. I sent an email / message to inquire about this fee but there has been no response so far. Will I use it again?...Well yes..since Grab does not work.",en,negative,0.7738,EV·충전,2026-06-05 09:24:42.911098+00
679,google_play,LOCA Taxi,kokkok,LAO,1,A Google user,2019-09-04,"I got verification code, but as soon as I filled it, it's say expired. It doesn't wotks, waste my time",en,negative,0.9119,기타,2026-06-05 09:24:42.911098+00
778,google_play,LOCA Taxi,kokkok,LAO,5,Larthong Ssp,2022-07-07,ລົດສະອາດຄົນຂັບໃຈດີ,unknown,positive,0.5721,기타,2026-06-05 09:24:42.911098+00
680,google_play,LOCA Taxi,kokkok,LAO,2,A Google user,2019-09-02,"I took me 3 tries to book my Prebook rides. Apps too slow and the message ""waiting"" appears to be there forever.",en,negative,0.6837,EV·충전,2026-06-05 09:24:42.911098+00
362,google_play,KOKKOK Move,kokkok,LAO,3,FON SS,2023-11-13,ເອີ້ນບັກຍາກໆ,unknown,negative,0.5053,기타,2026-06-05 09:24:42.911098+00
681,google_play,LOCA Taxi,kokkok,LAO,5,A Google user,2019-08-30,These drivers are doing a great job and providing a needed service as tuk tuks have made things too hard & pricey to get around with any certainty. Thank you loca _ x 6 times so far 👍👍👍👍👍,en,positive,0.7746,배차·대기,2026-06-05 09:24:42.911098+00
682,google_play,LOCA Taxi,kokkok,LAO,5,A Google user,2019-08-18,"The best way of moving around in Vientiane, transparent reasonable rate and courteous service.",en,positive,0.7595,서비스,2026-06-05 09:24:42.911098+00
683,google_play,LOCA Taxi,kokkok,LAO,1,A Google user,2019-08-17,I haven't received any verification code and i have tried to contact to support agent via live chat on the website but there is no reponse at all.,en,negative,0.6956,서비스,2026-06-05 09:24:42.911098+00
684,google_play,LOCA Taxi,kokkok,LAO,5,A Google user,2019-08-16,"nice app to get around Laos, i rather use this, to go anywhere around Vientiane.",en,positive,0.7312,기타,2026-06-05 09:24:42.911098+00
685,google_play,LOCA Taxi,kokkok,LAO,3,A Google user,2019-08-07,cant type and find addresses easily,en,negative,0.7845,기타,2026-06-05 09:24:42.911098+00
686,google_play,LOCA Taxi,kokkok,LAO,4,A Google user,2019-07-29,"The new version is not as good as the previous one. One needs to complete several steps before booking. the tracking of the driver while he is still on his/her way to pick you up is not always accurate and has glitches. the latter also pops out in a separate window, which is not convenient. Otherwise Loca is very handy and I don't know how I would have lived in Lao for the past 5 months without it.",en,negative,0.7929,EV·충전,2026-06-05 09:24:42.911098+00
687,google_play,LOCA Taxi,kokkok,LAO,5,A Google user,2019-07-25,Works very well and the drivers are all very professional and kind.,en,positive,0.8724,배차·대기,2026-06-05 09:24:42.911098+00
688,google_play,LOCA Taxi,kokkok,LAO,5,A Google user,2019-07-14,Smooth and comfy ride.,en,positive,0.926,기타,2026-06-05 09:24:42.911098+00
689,google_play,LOCA Taxi,kokkok,LAO,3,A Google user,2019-07-11,expensive,fr,negative,0.4092,요금,2026-06-05 09:24:42.911098+00
690,google_play,LOCA Taxi,kokkok,LAO,1,A Google user,2019-07-08,installed this app but can't sign up because I have to add verification code which suppose to be sent to my number but I don't receive any code. so useless!,en,negative,0.9061,기타,2026-06-05 09:24:42.911098+00
3142,google_play,Gojek,mobility_superapp,SEA,5,นาย. เจตอาณันย์ กรวิภาสเรือง (โต),2021-07-15,เป็นแอปที่ทำให้ผมรู้จักตัวตน=ตั้งค่า,th,positive,0.6677,기타,2026-06-05 09:24:42.911098+00
746,google_play,LOCA Taxi,kokkok,LAO,5,Somchit Pommchan,2024-08-04,Very Good,af,positive,0.8016,기타,2026-06-05 09:24:42.911098+00
865,google_play,Grab,mobility_superapp,SEA,5,Lanh Le,2026-06-02,đc,vi,positive,0.3458,기타,2026-06-05 09:24:42.911098+00
2520,google_play,Gojek,mobility_superapp,SEA,1,kiki pramita,2026-05-22,"gocar kalian banyak yg gak jelas, apalagi daerah bandung. ditunggu lama, malah muter2 lokasi jemput makin jauh. mending grabcar aja skrg pake nya.",id,negative,0.8094,기타,2026-06-05 09:24:42.911098+00
2521,google_play,Gojek,mobility_superapp,SEA,2,Ruhil Fathana,2026-05-22,"Mengecewakan, titik alamat sudah tersimpan masih aja titiknya diarahin ke tempat lain malah jauh sekali melesetnya",id,negative,0.9191,기타,2026-06-05 09:24:42.911098+00
2522,google_play,Gojek,mobility_superapp,SEA,5,Abqary Izzatul Hamdi,2026-05-22,help me go home,nl,negative,0.6119,기타,2026-06-05 09:24:42.911098+00
1018,google_play,Grab,mobility_superapp,SEA,5,Ghê Hyt,2026-05-25,ơi,vi,neutral,0.3743,기타,2026-06-05 09:24:42.911098+00
1020,google_play,Grab,mobility_superapp,SEA,1,Viết Ánh,2026-05-24,đăng nhập vào rất ngu nhất là cái tự động chụp ảnh tự động chụp không được xong báo lỗi,vi,negative,0.8992,앱오류,2026-06-05 09:24:42.911098+00
814,google_play,LOCA Taxi,kokkok,LAO,4,ผู้ใช้ Google,2019-07-03,ກະລຸນາປັບປຸງເລື່ອງລົດ ເຫັນອອກສື່ມີຫຼາຍກວ່າສີບຄັນ ບາດຄົ້ນຫາແທ້ໆ ແຕ່ລະມື້ບໍ່ຮອດ 5 ຄັນຊ້ຳເດີ ອີກຢ່າງເລື່ອງລາຄາກະແພງສູງເກີນໄປ ດີແທ້ຄວນຈະຕັ້ງຄ່າຕາຍຕົວ ບໍ່ແມ່ນເວລາເບີ່ງລາຄາໜື່ງ ບາດເອີ້ນໄປແທ້ໆລາຄາໜື່ງ ມັນເສຍຄວາມຮູ້ສຶກ ຍົກຕົວຢ່າງຄືບາງປະເທດທີ່ນຳໃຊ້ Grab ເຂົາມີມາດຕະຖານວັດຄ່າລາຄາເງີນຄ່າໄລຍະທາງຕາຍຕົວ ທໍ່ໃດທໍ່ນັ້ນ ບໍ່ມີຂື້ນ ບໍ່ມີລົງ ລົດຕິດລົດຊ້າ ຝົນຕົກຟ້າຮ້ອງ ແດດດຮ້ອນແນວໃດກະລາຄາຊ້ຳເກົ່າ ຄວນປັບປຸງໄດ້ແລ້ວ ບໍ່ດັ່ງນັ້ນຄືສິເຊົ່າໃຊ້ແລ້ວ ໄປໃກ້ໆບາງທີ່ຮອດຫ້າສີບຫົກສີບ...,unknown,negative,0.3865,기타,2026-06-05 09:24:42.911098+00
816,google_play,LOCA Taxi,kokkok,LAO,5,ผู้ใช้ Google,2019-03-13,👌👌👌,unknown,positive,0.5196,기타,2026-06-05 09:24:42.911098+00
1169,google_play,Grab,mobility_superapp,SEA,1,Phước Đỗ,2026-05-13,phí quá cao,vi,negative,0.8381,기타,2026-06-05 09:24:42.911098+00
818,google_play,LOCA Taxi,kokkok,LAO,5,ผู้ใช้ Google,2018-10-28,ລົງທະບຽນຍານແລ້ວນະ,unknown,neutral,0.4747,기타,2026-06-05 09:24:42.911098+00
819,google_play,LOCA Taxi,kokkok,LAO,3,ผู้ใช้ Google,2018-08-11,ลงทะเบียนยุ้งยากหลาย.ปรับปรุงด่วยใส่แค่เบอร์มือถือก็พอแล้ว.,th,negative,0.6818,기타,2026-06-05 09:24:42.911098+00
820,google_play,LOCA Taxi,kokkok,LAO,4,ผู้ใช้ Google,2018-07-18,"ດີຫລາຍ ແຕ່ຖ້າອອກບິນໃຫ້ລູກຄ້າໄດ້ຈະເປັນການດີ 
ເພື່ອຄົນທີ່ຕ້ອງເຄລມບິນຄືນໃຫ້ບໍລິສັດ",unknown,positive,0.4897,기타,2026-06-05 09:24:42.911098+00
831,google_play,Grab,mobility_superapp,SEA,5,ຜູ້ໃຊ້ Google,2017-10-03,ดีดีๆๆ,th,positive,0.7735,기타,2026-06-05 09:24:42.911098+00
1866,google_play,Grab,mobility_superapp,SEA,5,Ira Maisarah,2026-06-03,very good service,en,positive,0.7452,서비스,2026-06-05 09:24:42.911098+00
2537,google_play,Gojek,mobility_superapp,SEA,5,Warren Carlyon,2026-05-21,Great for transport around Bali. Just tip drivers 50% as they don't make much. Also used the app in Singapore and just as good.,en,positive,0.7046,배차·대기,2026-06-05 09:24:42.911098+00
2539,google_play,Gojek,mobility_superapp,SEA,1,Hukama,2026-05-21,ga bisa ganti payment ke gopay kalau topup setelah booking,id,neutral,0.4972,결제,2026-06-05 09:24:42.911098+00
994,google_play,Grab,mobility_superapp,SEA,5,Tuyết Triệu,2026-05-26,"siêu ngon,sẽ tiếp tục ủng hộ",vi,positive,0.892,기타,2026-06-05 09:24:42.911098+00
995,google_play,Grab,mobility_superapp,SEA,1,Hùng Lê,2026-05-26,như l,vi,neutral,0.4315,기타,2026-06-05 09:24:42.911098+00
996,google_play,Grab,mobility_superapp,SEA,5,Minh Trí Nguyễn,2026-05-26,ok baybe,tr,neutral,0.3876,기타,2026-06-05 09:24:42.911098+00
1830,google_play,Grab,mobility_superapp,SEA,1,Zheng He,2026-06-04,Tôi thậm chí còn không thể kiểm tra xem họ có giao đồ ăn đến khu vực của tôi hay không trước khi mở tài khoản. Những kẻ thiểu năng trí tuệ này thực sự nghĩ rằng tôi sẽ cung cấp dữ liệu sinh trắc học của mình cho họ sao? Họ là chính phủ à? Tôi cá là không! Xóa ứng dụng đó đi và đừng bao giờ lái xe Grab nữa! i could not even check if they deliver food in my area before opening an account. do this mental poor individuals really think i give them my biometrics? are they the government? app deleted!,vi,negative,0.8076,EV·충전,2026-06-05 09:24:42.911098+00
1831,google_play,Grab,mobility_superapp,SEA,5,Mohd Ashwaq,2026-06-04,right this app,en,neutral,0.4341,기타,2026-06-05 09:24:42.911098+00
1832,google_play,Grab,mobility_superapp,SEA,1,Mirza Aiman,2026-06-04,stupid app food delivery waiting 2 hours for rider pick up ended cancelled .dont waste you time on this app for ordering food.,en,negative,0.903,배차·대기,2026-06-05 09:24:42.911098+00
1833,google_play,Grab,mobility_superapp,SEA,1,Junaid,2026-06-04,terrible. no support and a lot to improve on,en,negative,0.9467,서비스,2026-06-05 09:24:42.911098+00
1834,google_play,Grab,mobility_superapp,SEA,5,Myo Thi Ha,2026-06-03,I just wanna say 10/10,so,neutral,0.5431,기타,2026-06-05 09:24:42.911098+00
1835,google_play,Grab,mobility_superapp,SEA,5,Shoaib Ahmed,2026-06-03,Friendly Rider,de,positive,0.6772,기타,2026-06-05 09:24:42.911098+00
2033,google_play,Grab,mobility_superapp,SEA,1,Abdulrahman Ashoor,2026-05-31,"I am writing to express my profound dissatisfaction with the Grab application regarding a recent food delivery order. The platform originally quoted a delivery window of 38 to 50 minutes. However, after an hour elapsed without delivery, I contacted customer support, only to be told that I had to coordinate directly with the merchant myself. Furthermore, the application restricted me from canceling the delayed order, enforcing an unreasonable 90-minute minimum wait time before cancellation.",en,negative,0.7125,EV·충전,2026-06-05 09:24:42.911098+00
2034,google_play,Grab,mobility_superapp,SEA,4,Rhia Silvia Eya,2026-05-31,Good service.,en,positive,0.7981,서비스,2026-06-05 09:24:42.911098+00
2035,google_play,Grab,mobility_superapp,SEA,5,Trevor Richardson,2026-05-31,excellent service and a good driver,en,positive,0.8407,배차·대기,2026-06-05 09:24:42.911098+00
2036,google_play,Grab,mobility_superapp,SEA,1,Bobby Junan,2026-05-31,kecewa makanan nya lama sampai nya ya keterlaluan juga nih grab kurir nya srg sekali antar bisa ke bebrp tempat !!!!,id,negative,0.737,기타,2026-06-05 09:24:42.911098+00
2037,google_play,Grab,mobility_superapp,SEA,5,Gerardo G,2026-05-31,easy to use app.,en,positive,0.6823,기타,2026-06-05 09:24:42.911098+00
2038,google_play,Grab,mobility_superapp,SEA,5,Rohit Singh,2026-05-31,🥰🥰,unknown,positive,0.7029,기타,2026-06-05 09:24:42.911098+00
2039,google_play,Grab,mobility_superapp,SEA,5,Herry T Greggs,2026-05-31,"faster service, much more comfortable servicek",en,positive,0.6708,서비스,2026-06-05 09:24:42.911098+00
2040,google_play,Grab,mobility_superapp,SEA,5,Syaa,2026-05-31,the best apps use for travel order food,en,positive,0.6103,기타,2026-06-05 09:24:42.911098+00
2041,google_play,Grab,mobility_superapp,SEA,5,shinnkit cruz,2026-05-31,great apps super useful,en,positive,0.8364,기타,2026-06-05 09:24:42.911098+00
2042,google_play,Grab,mobility_superapp,SEA,5,SELVARANI KRISNAN,2026-05-31,grab easy to go work school like that all,en,negative,0.5652,기타,2026-06-05 09:24:42.911098+00
1031,google_play,Grab,mobility_superapp,SEA,5,PHÁT LỘC,2026-05-24,xe êm.,vi,neutral,0.4422,기타,2026-06-05 09:24:42.911098+00
1093,google_play,Grab,mobility_superapp,SEA,5,Đức Nguyễn,2026-05-19,tots,af,neutral,0.3981,기타,2026-06-05 09:24:42.911098+00
1167,google_play,Grab,mobility_superapp,SEA,1,Khen Trần,2026-05-13,app tệ,vi,neutral,0.4406,기타,2026-06-05 09:24:42.911098+00
2952,google_play,Gojek,mobility_superapp,SEA,5,Kiet Nguyen,2024-08-23,Hợp lí,vi,neutral,0.3952,기타,2026-06-05 09:24:42.911098+00
1768,google_play,Grab,mobility_superapp,SEA,5,Porntip Termwong,2026-04-15,บริการเร็วทันใจ,th,neutral,0.4895,서비스,2026-06-05 09:24:42.911098+00
1769,google_play,Grab,mobility_superapp,SEA,5,ธนพนธ์ ก้างจาย,2026-04-15,ปัจจุบันคนตาบอดใน Android สามารถสั่งอาหารได้ตามปกติขอบคุณครับ,th,neutral,0.4587,배차·대기,2026-06-05 09:24:42.911098+00
1770,google_play,Grab,mobility_superapp,SEA,5,dtac dtac,2026-04-15,รวดเร็วปลอดภัยที่สุด,th,positive,0.6382,기타,2026-06-05 09:24:42.911098+00
1771,google_play,Grab,mobility_superapp,SEA,2,Chai chan,2026-04-15,ก็ดีครับไปไหนมาไหนจะได้สะดวก,th,positive,0.5668,기타,2026-06-05 09:24:42.911098+00
1772,google_play,Grab,mobility_superapp,SEA,1,Springlyy Tiantian,2026-04-15,ยืนยันตัวตนนานมากกกกกกกกกกกก ถ้ายินยันตัวตนเสร็จก่อนแกร๊ปมาส่งจะเปลี่ยนดาวให้ก็ได้นะ อิอิ,th,positive,0.517,기타,2026-06-05 09:24:42.911098+00
1773,google_play,Grab,mobility_superapp,SEA,1,จีระนันท์ พรมตีด,2026-04-14,การบริการที่ยอดแย่ ให้รอตั้งนานยังมายกเลิกอีก คนสั่งเขาก็อยากกิน ไม่อยากรับออเดอร์ก็ปิดแอพไปเถอะจะลบเหมือนกัน,th,negative,0.9224,서비스,2026-06-05 09:24:42.911098+00
1774,google_play,Grab,mobility_superapp,SEA,5,Rathai Pirom,2026-04-14,บริการดี ส่งเร็ว,th,positive,0.5465,서비스,2026-06-05 09:24:42.911098+00
1775,google_play,Grab,mobility_superapp,SEA,5,ภูวเดช คงบัน,2026-04-14,บริการดีครับ,th,positive,0.6925,서비스,2026-06-05 09:24:42.911098+00
1776,google_play,Grab,mobility_superapp,SEA,5,oatheera 48,2026-04-14,โอเครเลยครับเรื่องบริการ,th,positive,0.7966,서비스,2026-06-05 09:24:42.911098+00
1777,google_play,Grab,mobility_superapp,SEA,5,Pornnapa Chuayklang,2026-04-14,ดีเหมาะสำหรับอาการร้อน,th,negative,0.5149,기타,2026-06-05 09:24:42.911098+00
1778,google_play,Grab,mobility_superapp,SEA,1,Khing -,2026-04-14,จะให้คนขับรับทีละหลายๆออเดอร์ทำไม แถมรับไกลจากออเดอร์อื่นชห. กว่าจะมาต้องรอเป็นชม.,th,negative,0.7205,기타,2026-06-05 09:24:42.911098+00
1779,google_play,Grab,mobility_superapp,SEA,1,kridakarn tanintunyakul,2026-04-13,ห่วย,th,negative,0.8414,기타,2026-06-05 09:24:42.911098+00
1780,google_play,Grab,mobility_superapp,SEA,4,Peerapol ponphai,2026-04-13,เหมือนไรเดอร์ช่วงนี้เหมือนไม่ค่อยรับงานพวกจ่ายเงินสดอะครับ สั่งไปหลายร้านไม่มีคนไหนรับเลยรอเป็น10นาทีในสุโขทัย​,th,negative,0.6934,결제,2026-06-05 09:24:42.911098+00
1466,google_play,Grab,mobility_superapp,SEA,5,Tus,2026-05-20,ดีว่ะ,th,positive,0.8052,기타,2026-06-05 09:24:42.911098+00
2043,google_play,Grab,mobility_superapp,SEA,5,Ahmad Fauzan Ali,2026-05-31,"Grab is the ultimate everyday companion. Need a ride? Done in minutes. Craving food? Delivered fresh to your door. Want to send a parcel or pay for something cashlessly? Grab handles it all effortlessly. The app is beautifully designed, incredibly intuitive, and packed with rewards that make every use feel worthwhile. GrabPay is accepted almost everywhere, making it the most convenient digital wallet for daily life. A true super-app that earns its place on every phone.",en,positive,0.7154,EV·충전,2026-06-05 09:24:42.911098+00
2044,google_play,Grab,mobility_superapp,SEA,5,Madelyn Figueroa,2026-05-31,Hassle free,no,negative,0.5661,기타,2026-06-05 09:24:42.911098+00
2045,google_play,Grab,mobility_superapp,SEA,2,Mary Anne Aica Nolasco,2026-05-31,app is useful chatbot is horrible. you have to wait a long time to be inconvenienced before you're able to chat with a human. CX operations at is lowest,en,negative,0.9599,배차·대기,2026-06-05 09:24:42.911098+00
2046,google_play,Grab,mobility_superapp,SEA,4,CCIPG,2026-05-31,madali lang,id,positive,0.4212,기타,2026-06-05 09:24:42.911098+00
2047,google_play,Grab,mobility_superapp,SEA,5,Jaquilou Del Rosario,2026-05-31,thank you for faster ride,en,positive,0.6777,기타,2026-06-05 09:24:42.911098+00
1532,google_play,Grab,mobility_superapp,SEA,5,นวรัตน์ อยู่เย็น,2026-05-15,ขับรถดีมากขับขี่ปลอดภัยค่ะ,th,positive,0.8421,배차·대기,2026-06-05 09:24:42.911098+00
1533,google_play,Grab,mobility_superapp,SEA,1,Porntip Yuaenyaem,2026-05-15,กดยกเลิกเรียกรถไปแล้ว ยืนยันไปแล้ว แต่ระบบกลับยังเรียกรถมาให้อีก พอกดยกเลิกอีกรอบ กลับมาหักค่าธรรมเนียมเรา พอกดไปที่ศูนย์ความช่วยเหลือ ก็เป็นบอท ให้คำตอบได้ไม่ชัดเจน ไม่เคลียร์ คำถามก็เป็นคำถามบังคับเลือก กดวนไปวนมาได้แค่ จบบทสนทนากับให้คะแนนประเมิน ไม่มีช่องทางติดต่อเจ้าหน้าที่เลย,th,negative,0.7669,배차·대기,2026-06-05 09:24:42.911098+00
1534,google_play,Grab,mobility_superapp,SEA,1,Thanawat Oser,2026-05-15,โดนระงับSpaylaterใช้มาเป็นปีไม่เคยค้างชำระจ่ายตรงตลอดด้วยเหตุผลมีพฤติกรรมว่าจะโกง กรูจะบ้า55555 สั่งไลน์แมนแทนก้อได้ครับเพิ่งรู้ว่าส่งเร็วกว่าร้านมากกว่าลดเยอะกว่าครับ.,th,negative,0.7274,결제,2026-06-05 09:24:42.911098+00
1535,google_play,Grab,mobility_superapp,SEA,5,Tuwae Nurdin,2026-05-15,Grab,de,neutral,0.4294,기타,2026-06-05 09:24:42.911098+00
1536,google_play,Grab,mobility_superapp,SEA,5,Mathurawan Panyasriwinij,2026-05-14,ใช้บริการ​ Grab​ car/women​ driver ไม่เคยผิดหวังเลยค่ะ.. ดีมากๆค่ะ,th,positive,0.8552,배차·대기,2026-06-05 09:24:42.911098+00
1952,google_play,Grab,mobility_superapp,SEA,5,Leakhena Kun,2026-06-01,excellent app 💯,fr,positive,0.8526,기타,2026-06-05 09:24:42.911098+00
2540,google_play,Gojek,mobility_superapp,SEA,5,John “Michael” Kane,2026-05-21,"the app keep improving, keep up the good work",en,positive,0.9048,기타,2026-06-05 09:24:42.911098+00
2570,google_play,Gojek,mobility_superapp,SEA,5,PTRAYANINDOPAK INTERNATIONAL,2026-05-18,good experience,en,positive,0.7854,기타,2026-06-05 09:24:42.911098+00
1750,google_play,Grab,mobility_superapp,SEA,3,นิตยา มะลิซ้อน,2026-04-17,สั่งไม่เปน..เข้าใจอยาก,th,neutral,0.455,기타,2026-06-05 09:24:42.911098+00
2048,google_play,Grab,mobility_superapp,SEA,5,Saraí,2026-05-31,"brinda un servicio confiable, rápido y muy conveniente. La aplicación es fácil de usar, los conductores suelen ser amables y las opciones de transporte son variadas. Una excelente herramienta para desplazarse con comodidad a cualquier Lugar.",es,positive,0.893,기타,2026-06-05 09:24:42.911098+00
2049,google_play,Grab,mobility_superapp,SEA,5,Ac Achik2577,2026-05-31,😘😘😘,unknown,positive,0.6948,기타,2026-06-05 09:24:42.911098+00
2050,google_play,Grab,mobility_superapp,SEA,5,Sapna Devi,2026-05-31,very nice,cs,positive,0.6909,기타,2026-06-05 09:24:42.911098+00
2051,google_play,Grab,mobility_superapp,SEA,1,Siti Hanisah,2026-05-31,pin kadang xbetul tempat. rugi duit customer. pastu refund lambat. dulu ok je. sekarang teruk.,id,negative,0.876,기타,2026-06-05 09:24:42.911098+00
2052,google_play,Grab,mobility_superapp,SEA,1,Rayhan Yuda,2026-05-31,Lama mendeteksi posisi dan aplikasi lama load data,id,neutral,0.5555,기타,2026-06-05 09:24:42.911098+00
2053,google_play,Grab,mobility_superapp,SEA,1,saktiveer ragupathy,2026-05-30,horrible,en,negative,0.7822,기타,2026-06-05 09:24:42.911098+00
2054,google_play,Grab,mobility_superapp,SEA,5,Putri,2026-05-30,"Grab is an absolute lifesaver and a must-have app for anyone living in or traveling around Southeast Asia. It brings ride-hailing, food delivery, grocery shopping, and secure cashless payments all under one incredibly smooth interface.",en,positive,0.8572,결제,2026-06-05 09:24:42.911098+00
2055,google_play,Grab,mobility_superapp,SEA,1,Paolo Perez (Jepp),2026-05-30,"I've been using grab since uber left, although I rarely use their grab car nowadays I use grab food almost everyday. Recently, they removed customer service and replaced it with a useless AI its very hard to contact grab. they dont allow customer to merchant communication and now they will only let you speak to the delivery guy after your order left the store. Ultimately, when you ordered and half of your order isn't available the merchant will proceed with the order and you dont have a choice",en,negative,0.8369,EV·충전,2026-06-05 09:24:42.911098+00
2056,google_play,Grab,mobility_superapp,SEA,1,Uragan Katastrof,2026-05-30,PIN Setup Failed! DESPITE I ALREADY USE DIFFERENT COMBINATION? FFS FIX YOUR USELESS APP. CANNOT USE THE APP BCUZ OF ACCOUNT SECURITY BS THAT OBVIOUSLY BROKEN AF. GRAB HR PLEASE PUNCH YOU SOFTWARE ENGINEER FOR ME,en,negative,0.9568,기타,2026-06-05 09:24:42.911098+00
2057,google_play,Grab,mobility_superapp,SEA,1,Hans Marzan,2026-05-30,Sobrang bagal ng pag process dito patatagalin nila ang time delivery hanggang ma cancel na napaka bulok ng sistema,tl,negative,0.9467,기타,2026-06-05 09:24:42.911098+00
2058,google_play,Grab,mobility_superapp,SEA,5,Mikko Suarlim,2026-05-30,"My go‑to for rides and food delivery. Drivers are professional, and the app is super intuitive. Rewards program is a nice bonus.",en,positive,0.9137,배차·대기,2026-06-05 09:24:42.911098+00
2059,google_play,Grab,mobility_superapp,SEA,5,Rachel Chua,2026-05-30,"I faced an issue whereby topping up grab's wallet suddenly required face verification and was really unhappy about it, but the help centre resolved the issue promptly and im happy again, 5 stars",en,negative,0.5222,기타,2026-06-05 09:24:42.911098+00
2060,google_play,Grab,mobility_superapp,SEA,2,SC1031 ELIZABETH MARY,2026-05-30,"grab like to take my money, like i cant get any refund AND i cant get any cars for my trip that cost me over rm30, as well as a pickup food that cost me rm20. my money burnt on nothing",en,negative,0.888,기타,2026-06-05 09:24:42.911098+00
2061,google_play,Grab,mobility_superapp,SEA,1,Tiar Oktavian,2026-05-30,aplikasi selalu loading dengan lambat.,id,negative,0.7517,기타,2026-06-05 09:24:42.911098+00
2062,google_play,Grab,mobility_superapp,SEA,2,Rizqy A. R. Ahmad,2026-05-30,"katanya promo, padahal pas mau dibayar promonya hilang. hoax.",id,negative,0.7561,기타,2026-06-05 09:24:42.911098+00
2063,google_play,Grab,mobility_superapp,SEA,5,aliya yasmin,2026-05-30,"grab ok, byk promo nya",pl,positive,0.5331,기타,2026-06-05 09:24:42.911098+00
1714,google_play,Grab,mobility_superapp,SEA,1,HHC Horohardcore,2026-04-20,ห่วยมาก พวกคุณทำผมเสียหาย เสียเวลา ผมกดเรียกรถตั้งแต่ยังไม่7โมงครึ่ง กว่าจะมีคนรับมีคนกดยกเลิกหลายคน พอมีคนรับก็เป็นคนไม่ชำนาญทางอีก มารับช้า ไปส่งก็ช้ากว่ากำหนดมาก ผมจะเลิกใช้แอปพลิเคชันนี้และถ้าใครจะใช้ผมแนะนำว่าไปใช้ของเจ้าอื่นดีกว่า ห่วยมาก! ทั้งบริการ และการจัดการ,th,negative,0.9208,배차·대기,2026-06-05 09:24:42.911098+00
1715,google_play,Grab,mobility_superapp,SEA,1,เดือน เพ็ญ,2026-04-19,ลูกค้ายกเลิกเองไม่ได้ติดต่อระบบบยาก,th,negative,0.8152,기타,2026-06-05 09:24:42.911098+00
1717,google_play,Grab,mobility_superapp,SEA,5,Jarunee Pikunthod,2026-04-19,เยี่ยมมากครับ🥰,th,positive,0.9079,기타,2026-06-05 09:24:42.911098+00
1718,google_play,Grab,mobility_superapp,SEA,1,Natthaphorn Chusapalo,2026-04-19,ทำไม grab ชอบขึ้นการแจ้งเตือนตอนสั่งของกับ lineman ครับ,th,neutral,0.529,기타,2026-06-05 09:24:42.911098+00
1719,google_play,Grab,mobility_superapp,SEA,1,Jubilee Market,2026-04-19,อ่านด้วย ขออถ้วยก็ไม่ให้ เมื่อวานขอช้อนก็ไม่ให้กินยังไงก่อน,th,negative,0.5746,기타,2026-06-05 09:24:42.911098+00
1727,google_play,Grab,mobility_superapp,SEA,5,Proom Studio,2026-04-19,W grab,pl,neutral,0.4669,기타,2026-06-05 09:24:42.911098+00
2064,google_play,Grab,mobility_superapp,SEA,3,Em DC,2026-05-30,"for rides, it doesn't seem like the map is accurate.",en,negative,0.619,기타,2026-06-05 09:24:42.911098+00
2065,google_play,Grab,mobility_superapp,SEA,3,Ronie Claro,2026-05-30,"instruct your rider to be considerate because there are time customers directly used current location in this app , but sadly the pinned location is not right. So instruct your rider to be more considerate, if you received bad feedback from customers about that rider fired them immediately.",en,negative,0.8378,기타,2026-06-05 09:24:42.911098+00
2066,google_play,Grab,mobility_superapp,SEA,5,khalil zakaria,2026-05-30,nice person. suggested,it,positive,0.8128,기타,2026-06-05 09:24:42.911098+00
2067,google_play,Grab,mobility_superapp,SEA,1,Ayra Mysha,2026-05-30,"hati hati saja kl pakai grab gift dari pihak ketiga. saat gunakan grab gift 100k, ovo tidak terpotong, aplikasi menunjukkan 0 yang harus dibayar. transaksi selesai tapi beberapa hari kemudian muncul tagihan, katanya grab gift hanya untuk delivery fee, kalau mau pakai grab lagi harus lunasi. maaf saya reinstall aja, seumur umur pakai gift card, cuma kali ini saya disuruh bayar lagi. sudah saya lunasi via ovo. email yg dibls nanya kode voucher terus, nah laporan dari awal itu link gunanya buat apa",id,negative,0.6262,결제,2026-06-05 09:24:42.911098+00
2068,google_play,Grab,mobility_superapp,SEA,1,KaZuu Yuu,2026-05-30,"Tidak sesuai deskripsi grab unlimited nya ongkir 10k, pas pake grab unlimited cuma berkurang 7,5k doang mohon di perbaiki 🙏🙏🙏",id,negative,0.7357,기타,2026-06-05 09:24:42.911098+00
2070,google_play,Grab,mobility_superapp,SEA,5,Josh Ren A. Tolentino,2026-05-30,Maganda naman mabilis yung services,tl,positive,0.8269,서비스,2026-06-05 09:24:42.911098+00
2071,google_play,Grab,mobility_superapp,SEA,1,Gabriel Santi,2026-05-30,"I was severely intoxicated after ordering from Grab, I made the claim, but no one has given me any answers.",en,negative,0.7984,EV·충전,2026-06-05 09:24:42.911098+00
2072,google_play,Grab,mobility_superapp,SEA,5,Hidayu Azizan,2026-05-30,"Good in delivering,thanks",en,positive,0.8499,기타,2026-06-05 09:24:42.911098+00
2073,google_play,Grab,mobility_superapp,SEA,2,Ezekiel Miranda,2026-05-30,mahal ng fare tas laging walang driver na nag aaccept dami daming nakapila malapit samin mga ayaw tumangap,tl,negative,0.7997,배차·대기,2026-06-05 09:24:42.911098+00
2074,google_play,Grab,mobility_superapp,SEA,5,Aidiel Akashah,2026-05-30,"Enjoy the apps, helpful if you are lazy to go buy food",en,positive,0.5473,기타,2026-06-05 09:24:42.911098+00
2075,google_play,Grab,mobility_superapp,SEA,5,Jhovy Lacsi,2026-05-30,Make life easy and convenient,en,positive,0.4893,기타,2026-06-05 09:24:42.911098+00
2076,google_play,Grab,mobility_superapp,SEA,5,pakai di mamesa,2026-05-30,"Whether I need a ride, food delivery, grocery shopping, or even parcel delivery, Grab does it all seamlessly. It is one of useful app on my phone. The ride-hailing is reliable : drivers are professional, fares are transparent, and wait times are short. GrabFood has an amazing selection of restaurants, and the delivery is fast. I also use GrabPay for cashless payments everywhere, plus the rewards points add up nicely.",en,positive,0.5784,EV·충전,2026-06-05 09:24:42.911098+00
2077,google_play,Grab,mobility_superapp,SEA,1,Darren Dassana Kumaro,2026-05-30,aplikasi ngelag bener pake kuota pake wifi sama aja padahal 5G. server makin cacat aja ngeload gabisa padahal aplikasi lain bisa,id,negative,0.8592,기타,2026-06-05 09:24:42.911098+00
2078,google_play,Grab,mobility_superapp,SEA,5,woon kimmeng,2026-05-30,safe driver and polite,da,positive,0.6139,배차·대기,2026-06-05 09:24:42.911098+00
2079,google_play,Grab,mobility_superapp,SEA,5,chuan ann Lee,2026-05-30,great new car,en,positive,0.8555,기타,2026-06-05 09:24:42.911098+00
2080,google_play,Grab,mobility_superapp,SEA,5,basia k,2026-05-30,"It's such a great idea and the best way to travel around busy Bali. The drivers are always courteous and dressed, so you recognise they are Grab drivers. V happy to use them 💜",en,positive,0.889,배차·대기,2026-06-05 09:24:42.911098+00
2081,google_play,Grab,mobility_superapp,SEA,1,Tom YBG,2026-05-30,Most unoptimised app of all time Banned my account for this review,en,negative,0.939,EV·충전,2026-06-05 09:24:42.911098+00
2082,google_play,Grab,mobility_superapp,SEA,2,Dayalan Suresh,2026-05-30,it's very expensive,en,negative,0.9092,요금,2026-06-05 09:24:42.911098+00
2083,google_play,Grab,mobility_superapp,SEA,1,Julius Mata,2026-05-30,I ordered a food using this app and it go lt delayed waited till the delayed time still no driver found. Ended up canceling the order.,en,negative,0.8484,배차·대기,2026-06-05 09:24:42.911098+00
2084,google_play,Grab,mobility_superapp,SEA,5,Aklesh Yadav,2026-05-30,fast delivery 🫡,da,neutral,0.488,기타,2026-06-05 09:24:42.911098+00
2085,google_play,Grab,mobility_superapp,SEA,1,Abierowen Ituralde,2026-05-30,"DRIVER DID CANCEL MY BOOKING BECAUSE I DID NOT SHOW. HOWEVER THE DRIVER DID NOT EVEN GO TO THE EXACT PICK UP POINT AND NOW I'MA HAVING A CHARGE FOR NO REASON LOL, HATE THIS APP. NOT RECOMMENDABLE.",en,negative,0.9291,EV·충전,2026-06-05 09:24:42.911098+00
2138,google_play,Grab,mobility_superapp,SEA,5,Hozefa Hussain,2026-05-29,nice n comfortable,es,positive,0.6028,기타,2026-06-05 09:24:42.911098+00
1106,google_play,Grab,mobility_superapp,SEA,5,Nguyen Trung,2026-05-18,😉,unknown,positive,0.4917,기타,2026-06-05 09:24:42.911098+00
1107,google_play,Grab,mobility_superapp,SEA,4,Sang Phạm Huy,2026-05-18,đặt hàng ok nhưng lỗi là cái nhảy địa chỉ sang địa chỉ khác.,vi,negative,0.6819,앱오류,2026-06-05 09:24:42.911098+00
1108,google_play,Grab,mobility_superapp,SEA,1,Anh Nhật,2026-05-18,"kêu có mã cho người mới đc giảm 50k, ban đầu vào tìm thì có, rõ là hạn ghi 30.6.2026 mới hết hạn mà hôm nay cần dùng, vào tìm thì nó biến mất, đúng là lừa đảo lấy lượt tải về. không xứng 1 sao",vi,negative,0.6149,기타,2026-06-05 09:24:42.911098+00
1109,google_play,Grab,mobility_superapp,SEA,5,Khach Vip,2026-05-18,chx trải nghiệm nhưng tôi tin app làm tốt ❤️❤️❤️,vi,positive,0.8075,기타,2026-06-05 09:24:42.911098+00
1110,google_play,Grab,mobility_superapp,SEA,1,Tuan Do,2026-05-18,đặt ship toàn ghép đơn lâu thấy mẹ . ko có tài cũng ko cho hủy đơn,vi,negative,0.568,기타,2026-06-05 09:24:42.911098+00
1111,google_play,Grab,mobility_superapp,SEA,1,sea208 hoa,2026-05-18,"Đồ ăn đặt ck trước, ship gọi k được cũng k thèm nhắn, cứ v mà đi đơn khác. Làm ăn quá tệ",vi,negative,0.8304,기타,2026-06-05 09:24:42.911098+00
1112,google_play,Grab,mobility_superapp,SEA,4,Bảo Nguyễn,2026-05-18,"Chưa có xe điện VF 3 . 4c , giá rẻ hơn",vi,neutral,0.835,요금,2026-06-05 09:24:42.911098+00
1113,google_play,Grab,mobility_superapp,SEA,1,Nhat Le,2026-05-18,quá tệ,vi,negative,0.7346,기타,2026-06-05 09:24:42.911098+00
1114,google_play,Grab,mobility_superapp,SEA,1,9A7 Quỳnh Anh Nguyễn,2026-05-17,app không hoàn tiền,vi,negative,0.6062,기타,2026-06-05 09:24:42.911098+00
1115,google_play,Grab,mobility_superapp,SEA,5,Nguyen Dung,2026-05-17,oke,sk,neutral,0.4218,기타,2026-06-05 09:24:42.911098+00
1116,google_play,Grab,mobility_superapp,SEA,5,NGA PHẠM THỊ,2026-05-17,đang làm,vi,neutral,0.5976,기타,2026-06-05 09:24:42.911098+00
68,google_play,KOKKOK Move,kokkok,LAO,1,YF L,2024-12-27,lousy app,fr,negative,0.8578,기타,2026-06-05 09:24:42.911098+00
2090,google_play,Grab,mobility_superapp,SEA,1,Pcha Paez,2026-05-30,hopefully my review will get seen because IT WAS EMBARRASSING my delivery guy and I literally had a fight because of a bug in this app where in he called me MULTIPLE TIMES ALREADY YET THE GRAB DIDN'T EVEN REGISTER ANY CALLS AT ALL I feel bad for the driver because he was insisting he called and I almost filled a complaint on him because of the bug.,en,negative,0.9452,EV·충전,2026-06-05 09:24:42.911098+00
2595,google_play,Gojek,mobility_superapp,SEA,1,Tiar Oktavian,2026-05-17,sering tidak dapat loading.,id,negative,0.7679,기타,2026-06-05 09:24:42.911098+00
2091,google_play,Grab,mobility_superapp,SEA,2,Aru,2026-05-30,There is option for fast topup to Grabwallet via online bank which doesn't work AT ALL !!,en,negative,0.7683,기타,2026-06-05 09:24:42.911098+00
2092,google_play,Grab,mobility_superapp,SEA,1,Chandru M,2026-05-30,worst ever,nl,negative,0.9289,EV·충전,2026-06-05 09:24:42.911098+00
2093,google_play,Grab,mobility_superapp,SEA,1,Mohammadnour Macarimbor,2026-05-30,the app is very buggy.,en,negative,0.915,앱오류,2026-06-05 09:24:42.911098+00
2094,google_play,Grab,mobility_superapp,SEA,5,Ajay,2026-05-30,the best shoping app according to my experince.,en,positive,0.7973,기타,2026-06-05 09:24:42.911098+00
2095,google_play,Grab,mobility_superapp,SEA,5,Alicia Famini,2026-05-30,this app is convenient it is use order food and make cashless.,en,positive,0.5327,기타,2026-06-05 09:24:42.911098+00
2096,google_play,Grab,mobility_superapp,SEA,5,Rose Ann,2026-05-30,love this app. it helps me in delivering my food. it helps me a lot on my transportation. thanks,en,positive,0.8675,기타,2026-06-05 09:24:42.911098+00
2097,google_play,Grab,mobility_superapp,SEA,5,Shazul Shazul,2026-05-30,Ohsem,de,positive,0.3557,기타,2026-06-05 09:24:42.911098+00
2098,google_play,Grab,mobility_superapp,SEA,5,Jim Koh,2026-05-30,Efficient. Reliable. Good work.,en,positive,0.9269,기타,2026-06-05 09:24:42.911098+00
2099,google_play,Grab,mobility_superapp,SEA,1,M “K” -,2026-05-30,worst app when it comes to refund. food panda is better than Grab food,en,negative,0.852,기타,2026-06-05 09:24:42.911098+00
2100,google_play,Grab,mobility_superapp,SEA,2,Faiz Zullaetsi,2026-05-30,"ga pernah review2 apps sebelumnya, tapi.......ah sudahlah",id,neutral,0.4834,EV·충전,2026-06-05 09:24:42.911098+00
2101,google_play,Grab,mobility_superapp,SEA,1,Caselyn Joy Olabiaga,2026-05-30,"It says set passkey then when you click, it's always ""something went wrong""",en,negative,0.636,기타,2026-06-05 09:24:42.911098+00
2102,google_play,Grab,mobility_superapp,SEA,5,Jay at Rodriguez,2026-05-30,expensive but sulit,fr,negative,0.6118,요금,2026-06-05 09:24:42.911098+00
2103,google_play,Grab,mobility_superapp,SEA,1,Nil Tresens Mata,2026-05-30,"UI of pickup grab order is so bad. i order, then i see order placed and a green drag to swipe in middle of the screen, i drag and order marked as collected? 30 seconds after placing order? my order disappears from my UI to history? same for merchant? mate!!!!",en,negative,0.8675,기타,2026-06-05 09:24:42.911098+00
2104,google_play,Grab,mobility_superapp,SEA,1,Jay Blue,2026-05-30,A lot of the promotions disappear when it is time to use them- especially for big restaurant chains like Popeyes Chicken and McDonald's. The customer service is also flaky sometimes,en,negative,0.8873,서비스,2026-06-05 09:24:42.911098+00
2105,google_play,Grab,mobility_superapp,SEA,1,Naim Islam,2026-05-30,freaking type of service. usually grab doesn't deserve one star also😡😡😡,en,negative,0.9328,서비스,2026-06-05 09:24:42.911098+00
1200,google_play,Grab,mobility_superapp,SEA,5,Tuyết Ngọc,2026-05-10,áp cũng tiện lợi,vi,positive,0.5699,기타,2026-06-05 09:24:42.911098+00
1201,google_play,Grab,mobility_superapp,SEA,1,Nguyễn Linh,2026-05-10,dịch vụ hỗ trợ chậm Không nên tải vì còn nhiều app tốt hơn app này. trải nghiệm được 1 năm và thấy quá tệ khi bị bênh app sử lý lâu,vi,negative,0.7406,서비스,2026-06-05 09:24:42.911098+00
1202,google_play,Grab,mobility_superapp,SEA,2,Thư Anh,2026-05-10,"đặt app 2 lần 2 người tài đều cứ đòi hủy trên ap nhận cuốc ngoài ap ăn ℅ nói ko cho chạy cuốc ngoài thì khó khăn tới hồi ông tài xế nhận leo lên xe rồi thì ông tài nói là cuốc ngoài ủa là s nữa đợi ngta lên xe chạy đc đoạn rồi ổng ms nói ổng hủy ko nhận trên ap ? nó ko hề an toàn cho người dùng khi đi ngoài như vậy mà ko lên app lỡ có chuyện gì ai chịu trách nhiệm, nhưng coi như cũng may 2 lần đều đến nơi an toàn ap nên xem lại vấn đề này.",vi,negative,0.5426,배차·대기,2026-06-05 09:24:42.911098+00
1203,google_play,Grab,mobility_superapp,SEA,5,Ngọc Như Lê,2026-05-10,"nhiều voucher, tiện lợi tiết kiệm",vi,positive,0.7216,기타,2026-06-05 09:24:42.911098+00
1204,google_play,Grab,mobility_superapp,SEA,5,Quân Trần minh,2026-05-10,trải nghiệm thú vị. nhân viên chuyên nghiệp,vi,positive,0.9121,기타,2026-06-05 09:24:42.911098+00
1205,google_play,Grab,mobility_superapp,SEA,4,Duyên MỸ,2026-05-10,bị lỗi phương thức thanh toán là sao,vi,negative,0.7855,결제,2026-06-05 09:24:42.911098+00
1206,google_play,Grab,mobility_superapp,SEA,1,Thiên Trúc Trần Lê,2026-05-10,quá rắc rối,vi,negative,0.9015,기타,2026-06-05 09:24:42.911098+00
1207,google_play,Grab,mobility_superapp,SEA,2,chính khuê Từ,2026-05-10,có 1 điều đặc app k rõ vs app để đặc k bic đường,vi,neutral,0.6692,기타,2026-06-05 09:24:42.911098+00
1208,google_play,Grab,mobility_superapp,SEA,1,Trân Võ,2026-05-10,"App gì mà định vị không chính xác, tài xế mỗi lần giao là gọi cho khách cả chục cuộc, mang tiếng shipper mà khách phải xách xe chạy ra lấy hàng",vi,negative,0.5722,배차·대기,2026-06-05 09:24:42.911098+00
1209,google_play,Grab,mobility_superapp,SEA,1,Cường Trương,2026-05-10,bản đồ luôn trả sai định vị,vi,neutral,0.4843,기타,2026-06-05 09:24:42.911098+00
1343,google_play,Grab,mobility_superapp,SEA,5,Khin Myanmar,2026-05-31,ขอบคุณค่ะ,th,positive,0.82,기타,2026-06-05 09:24:42.911098+00
2106,google_play,Grab,mobility_superapp,SEA,1,Salinee Chiewpaiboonsakul,2026-05-30,หลายๆหน้า แถบข้างล่างบังตรงเพิ่มจำนวนอาหารค่ะ ตรงบวก 1 ทำให้เราบวกเพิ่มไม่ได้ ต้องมานั่งลบในหน้าสรุปแล้วกลับไปสั่งใหม่ ถึงจะสั่ง 2 ชิ้นได้ มันวุ่นวายและลำบากมาก แก้ไขด้วยค่ะ,th,negative,0.8205,기타,2026-06-05 09:24:42.911098+00
2107,google_play,Grab,mobility_superapp,SEA,4,Syafiq Ahmad,2026-05-29,less 1 star because grabmap error,ca,negative,0.7313,앱오류,2026-06-05 09:24:42.911098+00
2108,google_play,Grab,mobility_superapp,SEA,5,Jason Yap,2026-05-29,mahal nak mampus kalau malam. 4 km saja RM10 ke atas,id,negative,0.6907,기타,2026-06-05 09:24:42.911098+00
2109,google_play,Grab,mobility_superapp,SEA,5,Chaimongkhol PSW,2026-05-29,"⭐⭐⭐⭐⭐ I use Grab regularly for transportation and food delivery. The app is very convenient, easy to use, and helps save a lot of time. Booking a ride is quick, and the real-time tracking feature makes it easy to know exactly when the driver will arrive. I also enjoy using GrabFood, which offers a wide variety of restaurants and reliable delivery service. Overall, Grab has become an essential app in my daily life.",en,positive,0.8287,배차·대기,2026-06-05 09:24:42.911098+00
2110,google_play,Grab,mobility_superapp,SEA,1,arfigreeze,2026-05-29,"The driver can cancel anytime without any proper explanation, not even answering, not even giving me an option to accept their cancellation or not, if they don't want to accept, don't accept it in the first time, it's tiring to give the same instructions to every new driver...",en,negative,0.8854,EV·충전,2026-06-05 09:24:42.911098+00
2111,google_play,Grab,mobility_superapp,SEA,1,Gerrygory Attila,2026-05-29,very bad was booked for airport flight and after 30minutes waiting for the ride it was canceled by the driver and I lost my flight,en,negative,0.8935,배차·대기,2026-06-05 09:24:42.911098+00
2955,google_play,Gojek,mobility_superapp,SEA,1,Hau Phan,2024-08-22,App nản,vi,neutral,0.4067,기타,2026-06-05 09:24:42.911098+00
2112,google_play,Grab,mobility_superapp,SEA,5,Rolando Dizon,2026-05-29,very good 👍,af,positive,0.7923,기타,2026-06-05 09:24:42.911098+00
2113,google_play,Grab,mobility_superapp,SEA,1,Saufi Hanapi,2026-05-29,"Always delay, ..topup dh satu jam lebih..tak masuk2 credit..mcm siput.. pastu help center je ada, itu pun pakai ai.. mana customer service? tah pape",id,negative,0.8023,서비스,2026-06-05 09:24:42.911098+00
2114,google_play,Grab,mobility_superapp,SEA,2,NMRCYBTCH Eye_Musician,2026-05-29,i always use this app for travel and food del. but why i dont have any discount offer?,en,negative,0.5708,기타,2026-06-05 09:24:42.911098+00
2115,google_play,Grab,mobility_superapp,SEA,5,Jennifer Balais,2026-05-29,very convenient,es,positive,0.6228,기타,2026-06-05 09:24:42.911098+00
2116,google_play,Grab,mobility_superapp,SEA,1,Saleh Hyde,2026-05-29,changed my review to 1 star cos grab keeps sending push notifications for pet grabs when mine has already passed away. edit: Im still keeping it at one star. your app spams notifications from morning till midnight; ads that are not relevant but still sends while im asleep. And this doesnt even include your pet grab ads that I keep getting in YouTube when my pet has already died. The marketing is unnecessary and insensitive. Fix ur algorithm.,en,negative,0.9128,EV·충전,2026-06-05 09:24:42.911098+00
2117,google_play,Grab,mobility_superapp,SEA,5,Nathan Murphy,2026-05-29,It's so convenient.,en,positive,0.7996,기타,2026-06-05 09:24:42.911098+00
2118,google_play,Grab,mobility_superapp,SEA,1,LUANE MOLINA,2026-05-29,Update your system because there were times your map confuse drivers in pick up or drop off place.,en,negative,0.6839,배차·대기,2026-06-05 09:24:42.911098+00
2119,google_play,Grab,mobility_superapp,SEA,1,Eclipse Moon shine,2026-05-29,THIS APP SUCKS because everytime me and my family order things it get cancelled if we put to much stuff which isn't TOO MUCH and AT THIS POINT THIS IS WASTING MY TIME YOU KNOW WHAT IT ISN'T WASTING MY TIME IT'S MY LIFE I ALMOST THOUGH I WAS 100 YEARS OLD AND THERE'S TO MANY CANCELLED AND WHEN ME AND MY FAMILY DON'T GET OUR ORDERS THEN ME AND MY FAMILY HAVE TO FIND THINGS TO EAT! it's not the apps fault sometimes they send the food IT'S THE SM FAULT THERE JUST LAZY I WANT TO ADD MORE COMPLAINTS,en,negative,0.9395,EV·충전,2026-06-05 09:24:42.911098+00
2120,google_play,Grab,mobility_superapp,SEA,5,Purvi Doshi,2026-05-29,Very safe and comfortable,en,positive,0.8602,기타,2026-06-05 09:24:42.911098+00
2121,google_play,Grab,mobility_superapp,SEA,5,Megan Parker,2026-05-29,amazing!,tl,positive,0.7639,기타,2026-06-05 09:24:42.911098+00
2122,google_play,Grab,mobility_superapp,SEA,5,Dilaaa,2026-05-29,"I like using Grab because it is convenient and easy to use for transport and food delivery. The app saves time, and I can book rides or order food quickly anytime",en,positive,0.7376,기타,2026-06-05 09:24:42.911098+00
2523,google_play,Gojek,mobility_superapp,SEA,1,Patricia Wong,2026-05-22,Gojek GPS is horrible!! I've been charged $3 waiting fee when I'm the one always waiting for drivers! No driver waited for me before!! A driver recently went to the wrong waiting area & he told me GPS brought him to the wrong place. Pls check your GPS & don't anyhow charge passengers waiting fee when they didn't wait for your driver!!! I'm very disappointed with Gojek!!!,en,negative,0.9407,EV·충전,2026-06-05 09:24:42.911098+00
2524,google_play,Gojek,mobility_superapp,SEA,5,Novi Nov,2026-05-22,"Aplikasi yang memudahkan segala transaksi, thanks Gojek! Jaya dan amah selalu ya",id,positive,0.8992,기타,2026-06-05 09:24:42.911098+00
2525,google_play,Gojek,mobility_superapp,SEA,5,vinsensiaaa,2026-05-22,gooodddddd...,cy,positive,0.615,기타,2026-06-05 09:24:42.911098+00
2585,google_play,Gojek,mobility_superapp,SEA,5,Kamal Hasan,2026-05-18,"Mantap, tarif nya stabil. Gak terlalu banyak fluktuasi gila2an. Keren lah pokoknya.",id,positive,0.7282,기타,2026-06-05 09:24:42.911098+00
2586,google_play,Gojek,mobility_superapp,SEA,3,G Oka Adi Mahita,2026-05-18,"Oke sekarang sy cukup beri nilai 3 saja dulu ya, Karena kalau dari segi kinerjanya sudah lumayan ada peningkatan lebih baik dari dahulu, tp kalau dari segi harga GoFood nya menurut sy masih krg bagus dari segi harga nya ya, promo diskon nya masih krg benar untuk target pesan makanannya & masih krg murah jg untuk kalangan banyak orang, ongkos kirim Godood nya jg masih krg murah, terimakasih",id,positive,0.6413,기타,2026-06-05 09:24:42.911098+00
2587,google_play,Gojek,mobility_superapp,SEA,5,karlina sari,2026-05-18,"The apps told me the driver is arriving, but i waited for 10 mins and he didnt show up. I tried to call several times but no response.",en,negative,0.6688,EV·충전,2026-06-05 09:24:42.911098+00
2588,google_play,Gojek,mobility_superapp,SEA,5,Bangsapraja Nugraha,2026-05-18,mantap pak nadiem,id,positive,0.6109,기타,2026-06-05 09:24:42.911098+00
2589,google_play,Gojek,mobility_superapp,SEA,5,Sheriin !??,2026-05-18,"Mudah pemakaian aplikasinya, hanya gak suka ketika hujan, pasti susah nyari drivernya dan pake fitur yg prioritas pun (lupa namanya) kadang lama juga padahal nambah biaya 2 rb. dan utk gofood, biaya ongkirnya cukup mahal. Semoga lebih baik dan makin banyak diskon² voucher utk pelanggan dan tidak mengurangi pendapatan drivernya. Terima kasih",id,negative,0.4573,배차·대기,2026-06-05 09:24:42.911098+00
2590,google_play,Gojek,mobility_superapp,SEA,1,Alan,2026-05-18,"too intrusive, too bothersome, too in your face. hard to use.",en,negative,0.9471,기타,2026-06-05 09:24:42.911098+00
2591,google_play,Gojek,mobility_superapp,SEA,1,fajar sulistyo,2026-05-18,gojek plus untuk gofood harus diatas 40rb baru dpt potongan? najis!! sekarang klo ga pake express orderan di lama2in sampai 1 jam,id,negative,0.7591,기타,2026-06-05 09:24:42.911098+00
2592,google_play,Gojek,mobility_superapp,SEA,3,Asman Haikal,2026-05-18,"Aplikasi buruk, niat login justru muncul mulu ""too many attempts"". Udah ditungguin, on off data, clear app data masih saja. Kalau bukan karna isi saldonya, gak bakal saya pakai aplikasi ini lagi. Update 18/05/2026 Experience rendah, masa tidak bisa Ttansfer ke VA BRI atau ke Dana.",id,negative,0.9192,기타,2026-06-05 09:24:42.911098+00
2596,google_play,Gojek,mobility_superapp,SEA,1,Viriya Oktorian,2026-05-17,"need to much time for searching driver (gofood), and take 30 minutes of waiting to cancel the order, so annoy",en,negative,0.9253,배차·대기,2026-06-05 09:24:42.911098+00
2597,google_play,Gojek,mobility_superapp,SEA,1,Davin Sidharta,2026-05-17,"susah amet nyari driver, kelamaan.",id,negative,0.7293,배차·대기,2026-06-05 09:24:42.911098+00
1578,google_play,Grab,mobility_superapp,SEA,1,Sangdao Pornpokkao,2026-05-11,แย่มากร้านยังไม่ได้กดยกเลิกแต่เสือกยกเลิกเองสะงั้นคนยิ่งหิวๆอยุ่,th,negative,0.9266,기타,2026-06-05 09:24:42.911098+00
1579,google_play,Grab,mobility_superapp,SEA,1,สิริชัย สมพงษ์,2026-05-10,สั่งยากคูปองก็ไม่รู้ใช้แบบไหน,th,negative,0.6505,기타,2026-06-05 09:24:42.911098+00
1580,google_play,Grab,mobility_superapp,SEA,5,Joy gj,2026-05-10,ดีค่ะ ราคาถูกกว่าเจ้าอื่น,th,positive,0.6849,요금,2026-06-05 09:24:42.911098+00
1581,google_play,Grab,mobility_superapp,SEA,5,Rachet Namwises,2026-05-10,เรียกง่าย บรืการดีมาก,th,positive,0.8761,기타,2026-06-05 09:24:42.911098+00
2123,google_play,Grab,mobility_superapp,SEA,5,David Anthony,2026-05-29,Very reliable and trustworthy service😁👍,en,positive,0.8538,서비스,2026-06-05 09:24:42.911098+00
2124,google_play,Grab,mobility_superapp,SEA,5,paul beswick,2026-05-29,on time and extremely tasty!,en,positive,0.8197,기타,2026-06-05 09:24:42.911098+00
2125,google_play,Grab,mobility_superapp,SEA,1,Lydia Mugan Bunyau,2026-05-29,Bruh it didn't detect the right location for me and grab drivers keep struggling to find my location. What the heck is with the new updates?,en,negative,0.9015,배차·대기,2026-06-05 09:24:42.911098+00
2126,google_play,Grab,mobility_superapp,SEA,5,Celeste,2026-05-29,good convenience.,es,positive,0.4927,기타,2026-06-05 09:24:42.911098+00
2127,google_play,Grab,mobility_superapp,SEA,5,Emy lou Guanzon,2026-05-29,thank you,en,positive,0.7301,기타,2026-06-05 09:24:42.911098+00
2128,google_play,Grab,mobility_superapp,SEA,4,Kent Jan Albiso,2026-05-29,some places do not have pick-up points and sometimes the maps are confusing,en,negative,0.8792,기타,2026-06-05 09:24:42.911098+00
2129,google_play,Grab,mobility_superapp,SEA,5,Rudy Ambas,2026-05-29,"it's so easy no hassle, very quick response, and the fare is so reasonable",en,positive,0.671,요금,2026-06-05 09:24:42.911098+00
1172,google_play,Grab,mobility_superapp,SEA,1,cường lê,2026-05-13,Bắt xát minh mà không cho xát minh ? Quá tệ,vi,negative,0.8674,기타,2026-06-05 09:24:42.911098+00
1173,google_play,Grab,mobility_superapp,SEA,5,My Huỳnh Thị Diễm,2026-05-13,ship nhiệt tình dễ thương,vi,positive,0.798,기타,2026-06-05 09:24:42.911098+00
1174,google_play,Grab,mobility_superapp,SEA,1,Đạt Nguyễn,2026-05-13,khóa vv đi app.,vi,neutral,0.7302,기타,2026-06-05 09:24:42.911098+00
1175,google_play,Grab,mobility_superapp,SEA,1,Nhutt Nguyen,2026-05-13,áp rẻ rách lỗi đủ thứ,vi,negative,0.88,앱오류,2026-06-05 09:24:42.911098+00
1176,google_play,Grab,mobility_superapp,SEA,1,Quế Hưng Trương,2026-05-13,không tin một trứng ốp la thêm 46000 vnd,vi,neutral,0.4709,기타,2026-06-05 09:24:42.911098+00
1177,google_play,Grab,mobility_superapp,SEA,1,Nguyễn Hoài Thông,2026-05-12,dịch vụ như gì á đi hog đc 1km nữa lấy 50k trèn oi,vi,negative,0.4568,기타,2026-06-05 09:24:42.911098+00
1178,google_play,Grab,mobility_superapp,SEA,5,Kim Truong,2026-05-12,cảm ơn tài xế nhiệt tình giúp đỡ và lái xe ăn toàn,vi,positive,0.7439,배차·대기,2026-06-05 09:24:42.911098+00
1179,google_play,Grab,mobility_superapp,SEA,1,Michael Nguyen,2026-05-12,DỊCH VỤ QUÁ TỆ !!! đợi tài xế nhận cuộc quá lâu. hành lý của khách dính nước có 1 tí thôi mà tài xế nỡ lòng nào hủy cuốc xe không nói gì. Bó tay rồi á !,vi,negative,0.7338,배차·대기,2026-06-05 09:24:42.911098+00
1180,google_play,Grab,mobility_superapp,SEA,1,Thanh Lý Đỗ,2026-05-12,"chế độ grab, và cách phục vụ grab càng ngày càng tệ, tôi không hài lòng về grab",vi,negative,0.9389,기타,2026-06-05 09:24:42.911098+00
1181,google_play,Grab,mobility_superapp,SEA,5,Nhan Chau thi,2026-05-12,tiet you ê,fr,negative,0.4405,기타,2026-06-05 09:24:42.911098+00
1182,google_play,Grab,mobility_superapp,SEA,1,tri minh,2026-05-12,"tồi tệ, app vớ vẩn",vi,negative,0.944,기타,2026-06-05 09:24:42.911098+00
1183,google_play,Grab,mobility_superapp,SEA,5,Phụng Nguyễn Ngô Kim,2026-05-12,nhan viên thân thiện.chu đáo,vi,positive,0.5566,기타,2026-06-05 09:24:42.911098+00
1184,google_play,Grab,mobility_superapp,SEA,1,phú thành hồ,2026-05-12,nhiều lần đơn giao trễ nhưng không cho liên hệ grab phản hồi hay phản ánh,vi,neutral,0.5499,기타,2026-06-05 09:24:42.911098+00
1185,google_play,Grab,mobility_superapp,SEA,1,Angeline,2026-05-12,"tự thay đổi địa chỉ đặt đơn, bị phiền",vi,negative,0.8804,기타,2026-06-05 09:24:42.911098+00
1186,google_play,Grab,mobility_superapp,SEA,1,Pho Che,2026-05-12,ép tài xế quá giá nát,vi,negative,0.7651,배차·대기,2026-06-05 09:24:42.911098+00
2130,google_play,Grab,mobility_superapp,SEA,5,Juvia Kim,2026-05-29,Good Apps,en,positive,0.6774,기타,2026-06-05 09:24:42.911098+00
2131,google_play,Grab,mobility_superapp,SEA,2,Keiff Wong,2026-05-29,"I truly believe the only reason this app is widely used is because it's monopolised the market. 1. The estimated times are wildly inaccurate, I've had 8 min wait times end up being 30 min. I just had a 6 min wait be 17 min. 2. The prices are extremely high, I do believe it's to take advantage of the ineffective public transport in Malaysia. 3. The only thing I see that the app does well beyond it's basic function of getting users from A to B is safety",en,negative,0.4741,EV·충전,2026-06-05 09:24:42.911098+00
2132,google_play,Grab,mobility_superapp,SEA,5,Idhamaisah Idham,2026-05-29,good servis,af,positive,0.5759,기타,2026-06-05 09:24:42.911098+00
2133,google_play,Grab,mobility_superapp,SEA,1,Lai Yuen Loong (Taxi Lai Malaysia KL 阿彌陀佛),2026-05-29,價錢不合理 ， 欺壓 司機 ， 小心 天收你 ... 🙏,ko,negative,0.6703,기타,2026-06-05 09:24:42.911098+00
2134,google_play,Grab,mobility_superapp,SEA,3,True Highlander,2026-05-29,Whenever you complete a ride the App won't let you submit a rating less than 5 stars even if it's a total disaster!,en,negative,0.9278,EV·충전,2026-06-05 09:24:42.911098+00
2135,google_play,Grab,mobility_superapp,SEA,1,B E,2026-05-29,$11 for food delivery fee. Non peak hour.,en,negative,0.7652,기타,2026-06-05 09:24:42.911098+00
2136,google_play,Grab,mobility_superapp,SEA,1,Twin Hero,2026-05-29,"The payment platform did not refund the passenger, even after the matter was reported to the service personnel.",en,negative,0.4854,EV·충전,2026-06-05 09:24:42.911098+00
2137,google_play,Grab,mobility_superapp,SEA,5,Victorina Tombo,2026-05-29,fast and reliable,en,positive,0.5272,기타,2026-06-05 09:24:42.911098+00
1582,google_play,Grab,mobility_superapp,SEA,5,นิวัฒน์ ฤทธิ์บํารุง,2026-05-10,บริการดีคับ,th,positive,0.7055,서비스,2026-06-05 09:24:42.911098+00
2216,google_play,Grab,mobility_superapp,SEA,1,Alucard Hellsing,2026-05-28,Wow it no longer a friendly user and so difficult I would like to use Grab due to its great reputation but is no longer that way I will use who have better deals thank you for the great memory goodbye I will no longer use Grab anymore or even recommend this.,en,negative,0.7403,EV·충전,2026-06-05 09:24:42.911098+00
2217,google_play,Grab,mobility_superapp,SEA,1,Ezeiljam Aspacio,2026-05-27,Stupid app,et,negative,0.9425,기타,2026-06-05 09:24:42.911098+00
2218,google_play,Grab,mobility_superapp,SEA,1,Ed Butler,2026-05-27,Beware! Grab has introduced a feature called AudioProtect which records your audio on rides from 9pm to 5am. This is enabled by default and there is no way to turn it off. It is a complete violation of users' privacy and I urge Grab to make this feature optional.,en,neutral,0.451,기타,2026-06-05 09:24:42.911098+00
2219,google_play,Grab,mobility_superapp,SEA,5,Chris Carlos,2026-05-27,great service & easy to use,en,positive,0.7967,서비스,2026-06-05 09:24:42.911098+00
2220,google_play,Grab,mobility_superapp,SEA,5,Nur Shazza sherlyza,2026-05-27,This app is very smooth and simple for user to use. It has their own category that very helpful for user,en,positive,0.7601,기타,2026-06-05 09:24:42.911098+00
2221,google_play,Grab,mobility_superapp,SEA,5,Rhonda Barry,2026-05-27,Has never failed us. thankyou.,en,positive,0.8136,EV·충전,2026-06-05 09:24:42.911098+00
2222,google_play,Grab,mobility_superapp,SEA,1,Syafikah Fouzi,2026-05-27,"Topup wallet, delay dekat sejam baru duit masuk, org nk guna terus bukan nak guna esok. Pastu delivery asyik delay, takleh nak salahkan rider sbb grab yg bagi rider 2-3 order tempat lain2 sekaligus. amik standard delivery pun sejam baru sampai. Dekat je bukan jauh",id,negative,0.6927,기타,2026-06-05 09:24:42.911098+00
2223,google_play,Grab,mobility_superapp,SEA,1,Muhammad Arif bin Nor Azhar,2026-05-27,"AI support is the worst feature a software company could apply. The ai just casually end your chat without resolving anything. Hello? is that how customer support should work? ""nothing i can do on my end, im gonna assume this issue never happened"" like that?",en,negative,0.945,EV·충전,2026-06-05 09:24:42.911098+00
2224,google_play,Grab,mobility_superapp,SEA,1,Dwiki Ariesta (Aris),2026-05-27,"driver no show we pay cancel fee, charged fee for the ride not returned great scam grab, quick cash grab huh?",en,negative,0.669,EV·충전,2026-06-05 09:24:42.911098+00
2225,google_play,Grab,mobility_superapp,SEA,1,Al-saudz Alawan,2026-05-27,"there's no driver would book, even they accept they'll cancelled the bookings.",en,negative,0.7961,EV·충전,2026-06-05 09:24:42.911098+00
2226,google_play,Grab,mobility_superapp,SEA,3,Lee Ming Xuan,2026-05-27,why didn't have touch n go payment?,en,neutral,0.5016,결제,2026-06-05 09:24:42.911098+00
2227,google_play,Grab,mobility_superapp,SEA,5,Ford Bagnol,2026-05-27,Goods para sa cravings ng eabab ko,tl,positive,0.7118,기타,2026-06-05 09:24:42.911098+00
2228,google_play,Grab,mobility_superapp,SEA,1,Rizky Luthfianto,2026-05-27,kegagalan pembayaran menyebabkan group order jadi batal. merepotkan grup saya,id,negative,0.9325,기타,2026-06-05 09:24:42.911098+00
2229,google_play,Grab,mobility_superapp,SEA,1,Vijaya Letchimi,2026-05-27,"When deduct money very fast, when want to return money.. So slow",en,negative,0.6366,기타,2026-06-05 09:24:42.911098+00
2230,google_play,Grab,mobility_superapp,SEA,1,Glenn Yvan Landle Cajilig,2026-05-27,the current location and pick up location is not accurate. I paid 2times cancel fees already.,en,negative,0.8369,기타,2026-06-05 09:24:42.911098+00
2231,google_play,Grab,mobility_superapp,SEA,5,Eduard Sankovskii,2026-05-27,Cool,en,positive,0.4913,기타,2026-06-05 09:24:42.911098+00
2232,google_play,Grab,mobility_superapp,SEA,1,Atrum Persavor,2026-05-27,"6 attempts, couldn't find driver cancels food orders after delaying 1h30m amazing bloody service",en,negative,0.6062,배차·대기,2026-06-05 09:24:42.911098+00
2233,google_play,Grab,mobility_superapp,SEA,1,Pao phuwit,2026-05-27,แอปไร มีปัญหา rider ทิ้งงาน ติดต่อ admin grab ไม่ได้ ช่องทางติดต่อก็ลำบากเหลือเกิน,th,negative,0.8223,기타,2026-06-05 09:24:42.911098+00
2234,google_play,Grab,mobility_superapp,SEA,2,Maria Frankline,2026-05-27,taking more money,tl,neutral,0.6145,기타,2026-06-05 09:24:42.911098+00
2235,google_play,Grab,mobility_superapp,SEA,5,Lien Le,2026-05-27,use grab. very convenience,es,positive,0.5293,기타,2026-06-05 09:24:42.911098+00
2236,google_play,Grab,mobility_superapp,SEA,5,Ben Stifanus,2026-05-27,KFC grand millineium good service,en,positive,0.6619,서비스,2026-06-05 09:24:42.911098+00
2237,google_play,Grab,mobility_superapp,SEA,1,Starlette,2026-05-27,NO TO GRAB!!!!,vi,negative,0.7606,기타,2026-06-05 09:24:42.911098+00
2238,google_play,Grab,mobility_superapp,SEA,5,Nazri Yassin,2026-05-27,memudahkan urusan,id,positive,0.4314,기타,2026-06-05 09:24:42.911098+00
2239,google_play,Grab,mobility_superapp,SEA,5,Anwil Abasolo,2026-05-27,awesome 👍👍,af,positive,0.8614,기타,2026-06-05 09:24:42.911098+00
2240,google_play,Grab,mobility_superapp,SEA,1,Ninja Turtle,2026-05-27,Ginawa ba namang 8 yung sa group order. Matumal na nga sa voucher,tl,negative,0.4669,기타,2026-06-05 09:24:42.911098+00
2241,google_play,Grab,mobility_superapp,SEA,5,Alberto,2026-05-27,Another great ride,en,positive,0.9274,기타,2026-06-05 09:24:42.911098+00
2242,google_play,Grab,mobility_superapp,SEA,1,Felicisimo Pedrosa Jr,2026-05-27,take time to sign up. So much going on!,en,neutral,0.5493,기타,2026-06-05 09:24:42.911098+00
2243,google_play,Grab,mobility_superapp,SEA,5,NISACHOL NETAYAKUL,2026-05-27,Public Service (around the country),en,neutral,0.8476,서비스,2026-06-05 09:24:42.911098+00
2139,google_play,Grab,mobility_superapp,SEA,5,Rafikul Sk,2026-05-29,c cm ha M ha DJ ka DJ ka GN,so,neutral,0.4707,기타,2026-06-05 09:24:42.911098+00
2140,google_play,Grab,mobility_superapp,SEA,5,Mohammad Fairul,2026-05-29,thank you very much,en,positive,0.8641,기타,2026-06-05 09:24:42.911098+00
2141,google_play,Grab,mobility_superapp,SEA,5,Rona Apuen,2026-05-29,fast delivery salamat sa uulitin sir ingat po kayo sa pag deliver nyo!,tl,positive,0.8471,기타,2026-06-05 09:24:42.911098+00
2142,google_play,Grab,mobility_superapp,SEA,1,Mateusz P,2026-05-29,"THIS APP IS A JOKE. I pay a lot of money for services in it, the commission is considerable and I still have to watch unskippable ADS in the application.",en,negative,0.9525,결제,2026-06-05 09:24:42.911098+00
2143,google_play,Grab,mobility_superapp,SEA,1,Xin Li,2026-05-29,INCONVENIENT. NOT FLEXIBLE. Ordered lunch at 1140am，my office lunch time1-2pm，but 2pm also not yet receive my order and can't cancel. WASTE TIME TO WAIT AND EAT NOTHING FOR LUNCH TIME. but DAMN driver can cancel at anytime！wait until 1.30pm but then driver can just cancel without inform us. WON'T SUBSCRIBE GRAB PLAN ANYMORE.,en,negative,0.9333,배차·대기,2026-06-05 09:24:42.911098+00
2144,google_play,Grab,mobility_superapp,SEA,1,Shiquan Xie,2026-05-29,"The current version makes the ""Note to restaurant"" text field completely out of the visible area of the screen whenever you try to type in it with the on-screen keyboard for items that don't have any options, making it impossible to see what you're typing. I'm using Gboard. No such issue in the previous versions.",en,negative,0.7552,EV·충전,2026-06-05 09:24:42.911098+00
2145,google_play,Grab,mobility_superapp,SEA,5,Myint Myint Khaing,2026-05-29,not sign in,en,negative,0.4911,기타,2026-06-05 09:24:42.911098+00
2146,google_play,Grab,mobility_superapp,SEA,5,Helen Patiluna,2026-05-29,"na paka dali lang tlaga ang pag deliver,kaya nawawala na gutom ko,hehe,salamat grab❤️",tl,positive,0.8151,기타,2026-06-05 09:24:42.911098+00
2147,google_play,Grab,mobility_superapp,SEA,2,Nuha M,2026-05-29,mapnya benerin. makasih.,id,positive,0.5578,기타,2026-06-05 09:24:42.911098+00
2148,google_play,Grab,mobility_superapp,SEA,1,Fanny Anandita Mulyawardhani,2026-05-29,I can't open message. Annoying,en,negative,0.956,기타,2026-06-05 09:24:42.911098+00
2149,google_play,Grab,mobility_superapp,SEA,1,Arfah Sofea,2026-05-29,"grab driver always cancel my booking, because the fare is only under rm10, what you expect, it's under 5km only, not even peak hours",en,negative,0.8971,EV·충전,2026-06-05 09:24:42.911098+00
2150,google_play,Grab,mobility_superapp,SEA,5,eshmi nishani,2026-05-29,useful app it is convenient because user can book ride or order food and cashless payments can be done,en,positive,0.5733,결제,2026-06-05 09:24:42.911098+00
2151,google_play,Grab,mobility_superapp,SEA,5,Renalyn Guerena,2026-05-29,Great app for rides and deliveries. Great app for rides and deliveries.,en,positive,0.7691,기타,2026-06-05 09:24:42.911098+00
2152,google_play,Grab,mobility_superapp,SEA,5,Danilo Sabido,2026-05-29,amazing,sw,positive,0.5922,기타,2026-06-05 09:24:42.911098+00
2153,google_play,Grab,mobility_superapp,SEA,5,Niel Deleon,2026-05-29,It helps me find my comfort food here in the app.Good job!,en,positive,0.9008,기타,2026-06-05 09:24:42.911098+00
2154,google_play,Grab,mobility_superapp,SEA,5,Preet Chaudhary,2026-05-29,excellent experience,fr,positive,0.8336,기타,2026-06-05 09:24:42.911098+00
2155,google_play,Grab,mobility_superapp,SEA,1,Choon Heok Wee,2026-05-29,Grab VIP benefits is not great considering the spendings,en,negative,0.8878,기타,2026-06-05 09:24:42.911098+00
2156,google_play,Grab,mobility_superapp,SEA,5,Bajar Leonisa,2026-05-29,gooddd thank you grab food,cy,positive,0.7927,기타,2026-06-05 09:24:42.911098+00
2157,google_play,Grab,mobility_superapp,SEA,1,Iqbal Ghozi,2026-05-29,Can't open the app after updating,en,negative,0.7258,기타,2026-06-05 09:24:42.911098+00
2158,google_play,Grab,mobility_superapp,SEA,1,Ann Shini,2026-05-29,"Easy to search, but maps need improve coz lil bit hard to find a place and also anoying Ads.. When everytime i try to cancel and re-order again, the price goes up again and again. It looks like 3 times price goes up from the net price. For Example, net price (Rm12). When i cancel & re-order again, the price goes up to (Rm29), then goes up again to (Rm36++). So..i cancel it and go to other apps like MAXIM service.. Please fix and solve this. TQ..",en,negative,0.6555,EV·충전,2026-06-05 09:24:42.911098+00
2159,google_play,Grab,mobility_superapp,SEA,5,Ella Yan,2026-05-29,"I've been using this app for more than 10 years. Very good. Others can order food, and I can book a ride everywhere. Not in one country only, even overseas.",en,positive,0.8475,EV·충전,2026-06-05 09:24:42.911098+00
2160,google_play,Grab,mobility_superapp,SEA,1,Shattered Time,2026-05-29,"The support is the worst. In thailand they blocked my credit card several times without a reason while I use it on other apps without any problems. A taxi driver hit my phone and broke it, the support did nothing. EDIT: I tried that and nobody solved my problem. They said I should call the police and left me empty handed and a bill of 50 dollars to fix the screen.",en,negative,0.9334,EV·충전,2026-06-05 09:24:42.911098+00
2161,google_play,Grab,mobility_superapp,SEA,5,Mr. Tryhard,2026-05-29,nice app buddy,cy,positive,0.7822,기타,2026-06-05 09:24:42.911098+00
2162,google_play,Grab,mobility_superapp,SEA,1,Joerge Palacio,2026-05-29,"i can't access the transfer grab pay wallet to other e-wallet/ gcash because of new update May 28, 2026. please back the transfer to other e-wallet",en,negative,0.7601,결제,2026-06-05 09:24:42.911098+00
2163,google_play,Grab,mobility_superapp,SEA,5,Ashen Jayakodi,2026-05-29,"Literally the most useful app on my phone. Having ride-hailing, food delivery, and payments all in one single app is incredibly convenient. The interface is super easy to navigate, and it's really easy to track your driver or food order in real-time. The GrabRewards points add up fast too. Definitely a 5-star experience.",en,positive,0.8693,결제,2026-06-05 09:24:42.911098+00
2164,google_play,Grab,mobility_superapp,SEA,1,vivo 1920,2026-05-29,Task complete,en,positive,0.4997,기타,2026-06-05 09:24:42.911098+00
3052,google_play,Gojek,mobility_superapp,SEA,1,ChChVY 02,2022-07-15,ขอ otp ยากเกิ้น,th,negative,0.5954,기타,2026-06-05 09:24:42.911098+00
1213,google_play,Grab,mobility_superapp,SEA,1,Vo Ngoc Phuoc (Cu Dem),2026-05-10,"Quá tệ đặt cuốc xe 1,5km khung giờ 21h _ tài xế 1 nhận cuốc xong cố tình chạy ra xa để mình tự hủy chuyến _ tài xế 2 nhận cuốc xong gọi kêu e quên tắt app a hủy dùm e _ tài xế 3 cách 500m nhận cuốc xong đứng im không di chuyển từ 21h15 đến 21h30 Gỡ ứng dụng tạm biệt chuyển qua Be vs SM cho lành",vi,neutral,0.5746,배차·대기,2026-06-05 09:24:42.911098+00
1214,google_play,Grab,mobility_superapp,SEA,1,Nghia Vu,2026-05-10,đặt đồ ăn 11 giờ đêm cách 3km mà 12 giờ mới giao,vi,neutral,0.5416,기타,2026-06-05 09:24:42.911098+00
1215,google_play,Grab,mobility_superapp,SEA,5,Edula Skill,2026-05-10,"Dịch vụ tốt , giao hàng nhanh, Shipper thân thiện. Xin cảm ơn.",vi,positive,0.7856,기타,2026-06-05 09:24:42.911098+00
1216,google_play,Grab,mobility_superapp,SEA,1,Han Khanh,2026-05-09,tại sao app lại không hỗ trợ tài xế về khoảng cập nhật thông tin địa chỉ lúc di chuyển để khách phải đặt chuyến mới rồi cả hai chuyến bị trùng??? bực nha!!! làm vậy tội người ta!!,vi,negative,0.887,배차·대기,2026-06-05 09:24:42.911098+00
2606,google_play,Gojek,mobility_superapp,SEA,1,Juan Emerson,2026-05-17,"Order go send, barang di ambil, status diaplikasi tidak di ubah oleh driver, seusai di ambil & driver jalan, di cancel lah orderan saya gojek malah mendorong penyelesaian dengan menghubungi driver lewat wa (Aplikator kok malah minta penyelesaian diluar aplikasi)",id,negative,0.7856,배차·대기,2026-06-05 09:24:42.911098+00
2607,google_play,Gojek,mobility_superapp,SEA,2,Hikmal Akbar,2026-05-17,"kebanyakan notifikasi, 1 menit bisa 3 notifikasi",id,negative,0.4715,기타,2026-06-05 09:24:42.911098+00
2608,google_play,Gojek,mobility_superapp,SEA,5,Kaaran,2026-05-17,The drivers I've hired are always very safe and careful. I notice that the cheaper options don't tend to speak English but I always feel comfortable even in the cars that are the basic ones.,en,positive,0.7976,EV·충전,2026-06-05 09:24:42.911098+00
2609,google_play,Gojek,mobility_superapp,SEA,4,Derek Goh,2026-05-16,Great app but lack a link to share with people.,en,negative,0.7428,기타,2026-06-05 09:24:42.911098+00
2610,google_play,Gojek,mobility_superapp,SEA,1,Robin Curran,2026-05-16,spams notifications for promos which you cant turn off,en,neutral,0.4506,기타,2026-06-05 09:24:42.911098+00
2611,google_play,Gojek,mobility_superapp,SEA,1,andi adryansah,2026-05-16,"aplikasi sangat lambat. kasihan para driver. kita ingin kasi tip, terkendala di aplikasi.",id,negative,0.917,배차·대기,2026-06-05 09:24:42.911098+00
2613,google_play,Gojek,mobility_superapp,SEA,1,Khalilah Auryna H,2026-05-16,"selalu dilebih/dikurangkan titik jemputnya, jadi sering nggak sesuai dan harganya jadi lebih mahal hadeeh",id,negative,0.8184,기타,2026-06-05 09:24:42.911098+00
2472,google_play,Gojek,mobility_superapp,SEA,1,Naila Amanda Syakira,2026-05-24,"ada fitur chat resto tapi customer ga bisa chat duluan. udah gitu resto baru bisa nyiapin orderan kalo udah dapet driver, sementara nyari driver terdekat lama bgt dan customer ga bisa cancel order. u suruh orang laper nunggu sampe 1 jam lebih cuma buat ngecancel orderan? abis ini langsung uninstall deh, makin lama makin nyebelin",id,negative,0.8672,배차·대기,2026-06-05 09:24:42.911098+00
2473,google_play,Gojek,mobility_superapp,SEA,1,Darma Primatuary,2026-05-24,aplikasi pea,lt,neutral,0.4795,기타,2026-06-05 09:24:42.911098+00
2474,google_play,Gojek,mobility_superapp,SEA,2,laguna pinyata,2026-05-24,"makin sudah dapat pengemudi akhir akhir ini.. sudah bukan opsi cepat dan mudah lagi. udah pesen makanan dan masih belum ada driver, baru bisa batal otomatis lebih dari 30 menit.. keburu udahan lapernya",id,negative,0.6265,배차·대기,2026-06-05 09:24:42.911098+00
2475,google_play,Gojek,mobility_superapp,SEA,1,Will 11,2026-05-24,Useless. udah 24 jam tapi gaada driver yang ambil orderan. padahal posisi ada di tengah kota Bandung. masa gaada satupun driver yang online?,id,negative,0.8599,배차·대기,2026-06-05 09:24:42.911098+00
2476,google_play,Gojek,mobility_superapp,SEA,1,Vikry Yuansah,2026-05-24,Gofood waiting sampai 2 jam,id,negative,0.5085,배차·대기,2026-06-05 09:24:42.911098+00
2477,google_play,Gojek,mobility_superapp,SEA,3,Rizki Kamil Ramadhan,2026-05-24,"Mungkin bisa ditambahkan opsi membatalkan pesanan setelah 20 menit tidak ada driver, jadi tidak harus munggu ±1 jam apalagi jika beli makanan. Pernah mengalami nunggu dan pesan makan 2 kali sampai 2 jam dan gk ada driver sama sekali karena gk bisa dibatalkan.",id,neutral,0.5051,배차·대기,2026-06-05 09:24:42.911098+00
2478,google_play,Gojek,mobility_superapp,SEA,2,Rika Rozalinda,2026-05-24,"Driver gofood skrg smbong2 bngt ya, saya udah 4x pesan gofood ga ada driver ygau ambil akhitnya saya hrs terpaksa batalin. yg bikin tbah kesel, batalin orderan harus nunggu sampai 30 mnt lebih,iya kalau pd akhirmya ada driver yg ambil sampai last minute, ini engga. Kan waktu udah terbuang percuma nunggu2 yg ga pasti. kalau bs dibatalin lebih cepat kan kita juga bs cari makanan yg lain juga. Saya pindah ke app sebelah aja kl gini.",id,negative,0.8067,배차·대기,2026-06-05 09:24:42.911098+00
2479,google_play,Gojek,mobility_superapp,SEA,1,Nicholas Christoper,2026-05-24,"had some terrible experience with goride drivers that won't take my order because of my weight. Edit: now the app is taking too much time to just look for one ride for me. please do something about this or you'll risk losing your user edit: honestly, are your drivers on strike or something? the app has been looking for a ride for about 30 minutes now. or is it just you guys have a grudge against me for putting this one star review?",en,negative,0.9436,EV·충전,2026-06-05 09:24:42.911098+00
2480,google_play,Gojek,mobility_superapp,SEA,2,Varska Ball,2026-05-24,Jelek pelayanannya. Udah setengah jam kutunggu gak ada satupun yang gerak gocar maupun goridenya.,id,negative,0.8707,기타,2026-06-05 09:24:42.911098+00
2481,google_play,Gojek,mobility_superapp,SEA,1,Jean-Daniel BUSSY,2026-05-24,spamming notifications and can't disable it in settings,en,negative,0.7801,기타,2026-06-05 09:24:42.911098+00
1454,google_play,Grab,mobility_superapp,SEA,5,ธนพล ประโลม,2026-05-22,ดีครับ ฟีดแบ็กอะไร ก็ไม่ปล่อยปละละะเลย ยังได้รับการเเก้ไขตามที่ร้องเรียนไปดี,th,positive,0.5239,기타,2026-06-05 09:24:42.911098+00
1455,google_play,Grab,mobility_superapp,SEA,3,July June,2026-05-22,id app นี้บริการสั่งของอะไรดีหมดเลยง่ายไปหมด,th,positive,0.6406,서비스,2026-06-05 09:24:42.911098+00
1456,google_play,Grab,mobility_superapp,SEA,3,Sriharat,2026-05-22,ดีครับ แต่ว่าอยากให้มีโอนธนาคารเลย เข้าใจด้วยนะครับว่าทุกคนไม่ได้มีเวลาขนาดนั้น บางคนทำงานหนัก เผลอหลับเพราะเขามาส่งช้ากว่าที่จะรอได้,th,negative,0.4179,기타,2026-06-05 09:24:42.911098+00
1457,google_play,Grab,mobility_superapp,SEA,5,deebdari Jingy Ch,2026-05-22,เยื่ยมครับ,th,positive,0.4767,기타,2026-06-05 09:24:42.911098+00
1458,google_play,Grab,mobility_superapp,SEA,5,ปัญญ์นารี สิริถาวราภรณ์,2026-05-21,ขับดีมาก คับ,th,positive,0.8091,기타,2026-06-05 09:24:42.911098+00
2165,google_play,Grab,mobility_superapp,SEA,1,Altair,2026-05-29,"photos needs to be regulated, there should be a noticeable tags whether it's AI or just stock photos. countless times I got scammed because of this.",en,negative,0.8181,기타,2026-06-05 09:24:42.911098+00
2166,google_play,Grab,mobility_superapp,SEA,1,Bianca Ashley Bartolome,2026-05-29,"can't you add more features like message, delivery drivers time, real time on app I know you have time but I dont know if its true. if you can't find a driver then suggest to cancel it, I've been waiting forever then I will just cancel it. And I notice that if the specific time like 1hr from now, they will literally wait that time to prepare your food and deliver it on time. Its not the drivers fault, it was those restaurants and fast food doing that.",en,negative,0.5905,EV·충전,2026-06-05 09:24:42.911098+00
2167,google_play,Grab,mobility_superapp,SEA,5,Kamal Hossain Hossain,2026-05-29,ডিলেক,bn,neutral,0.5471,기타,2026-06-05 09:24:42.911098+00
2168,google_play,Grab,mobility_superapp,SEA,1,Peerachat Buggakupta (Jab),2026-05-29,what make you think making tollway a default ride setting is a good idea?!!,en,neutral,0.4524,기타,2026-06-05 09:24:42.911098+00
2169,google_play,Grab,mobility_superapp,SEA,1,EL Sapai,2026-05-29,order grab harga lain . sampai2 harga lain pulak . adoii,id,negative,0.4766,기타,2026-06-05 09:24:42.911098+00
2170,google_play,Grab,mobility_superapp,SEA,5,lundy,2026-05-28,leading app in Cambodia.,en,neutral,0.501,기타,2026-06-05 09:24:42.911098+00
2171,google_play,Grab,mobility_superapp,SEA,1,Akiyoshi Katayama,2026-05-28,"always delay orders, also the help centre doesn't help you at all. they'll just apologize and do nothing with the issue.",en,negative,0.8771,기타,2026-06-05 09:24:42.911098+00
2172,google_play,Grab,mobility_superapp,SEA,1,NaNaru G,2026-05-28,"Their order grouping system is the worst. The estimated time for delivery kept changing, and I actually needed to wait for my order for more than an hour while the initial waiting time was no more than 35 mins. That was unacceptable.",en,negative,0.9506,배차·대기,2026-06-05 09:24:42.911098+00
2173,google_play,Grab,mobility_superapp,SEA,1,Igreya Kumendong,2026-05-28,"Makin hari, makin mahal aja Layanan Grabfood. Biasanya Ongkir Rp5000, sekarang per hari ini jadi naik Rp9000. Padahal posisi resto ngga jauh dari lokasi:(",id,negative,0.8462,기타,2026-06-05 09:24:42.911098+00
2174,google_play,Grab,mobility_superapp,SEA,5,evaraja eslenop apsode,2026-05-28,good.,so,positive,0.5214,기타,2026-06-05 09:24:42.911098+00
2175,google_play,Grab,mobility_superapp,SEA,4,John Bradford,2026-05-28,Good service but the only problem was the calls made over the app by the restaurant were not audible. Eventually reverted to texts.,en,negative,0.83,EV·충전,2026-06-05 09:24:42.911098+00
2176,google_play,Grab,mobility_superapp,SEA,5,ameer irfan,2026-05-28,Convenient app for rides and food delivery. Booking is easy and service is reliable.,en,positive,0.8196,서비스,2026-06-05 09:24:42.911098+00
2177,google_play,Grab,mobility_superapp,SEA,1,Muhd Firdaus,2026-05-28,"Scamm apps...i still dont get my refund from grab, thiss platform scam.. Dint receive my food because the rider got excident",en,negative,0.9187,기타,2026-06-05 09:24:42.911098+00
2178,google_play,Grab,mobility_superapp,SEA,5,William Chan,2026-05-28,Good and kind hearted who went out of his way to help his passengers. 😊,en,positive,0.8633,기타,2026-06-05 09:24:42.911098+00
2179,google_play,Grab,mobility_superapp,SEA,5,Alan Davenport,2026-05-28,"I think this is a must for all travellers coming to Thailand, easy to use friendly drivers and not a worry about security or dodgy metres and drivers this app is a must have, Alan",en,positive,0.5341,배차·대기,2026-06-05 09:24:42.911098+00
2180,google_play,Grab,mobility_superapp,SEA,1,Alex Dilag,2026-05-28,Delivery take too long when choosing regular delivery. Imagine a food from a restaurant 2km away took more than 2 hrs before getting delivered. The restaurant finished preparing it on time but delivery took forever,en,negative,0.7097,EV·충전,2026-06-05 09:24:42.911098+00
2181,google_play,Grab,mobility_superapp,SEA,1,Roxi Girl,2026-05-28,Worst grab application unable to contact support via live chat. Ai chat don't understand what is my issue and keep repeating asking same question after advice. I hope can give 0 star.,en,negative,0.9367,서비스,2026-06-05 09:24:42.911098+00
2182,google_play,Grab,mobility_superapp,SEA,2,Tan,2026-05-28,Grabfood doesnt allow users to filter low rating reviews about seller. Also sellers with low ratings (ie <3 star) have their ratings hidden. why hide ratings from consumers?,en,negative,0.8457,EV·충전,2026-06-05 09:24:42.911098+00
2183,google_play,Grab,mobility_superapp,SEA,1,CJ,2026-05-28,"Don't pay for grab unlimited. they say you get certain benefits, but won't give them to you",en,negative,0.593,결제,2026-06-05 09:24:42.911098+00
2184,google_play,Grab,mobility_superapp,SEA,5,Muhammad Aqeel,2026-05-28,great app,en,positive,0.7919,기타,2026-06-05 09:24:42.911098+00
2185,google_play,Grab,mobility_superapp,SEA,5,Princemhar Cababao,2026-05-28,idk,so,neutral,0.5053,기타,2026-06-05 09:24:42.911098+00
2186,google_play,Grab,mobility_superapp,SEA,2,勇富,2026-05-28,Very bad. Suspended my account. Due to my complain as my grabpaylater was charged an amount unknown to me. I want to make payments to grabpay later as its due. Submitted many times to reopen my account so i can pay. But keep rejecting. How to pay??? And no proper customer service contact.,en,negative,0.9056,EV·충전,2026-06-05 09:24:42.911098+00
2187,google_play,Grab,mobility_superapp,SEA,5,Ira Morales,2026-05-28,Thank you Po,tr,positive,0.8256,기타,2026-06-05 09:24:42.911098+00
2188,google_play,Grab,mobility_superapp,SEA,4,Human SVD (HumanSVD),2026-05-28,"Necessary to order food and get around town. As good as the app is, it needs to stop throwing so many ads to buy stuff WHILE I'm the process of buying stuff!",en,negative,0.5854,기타,2026-06-05 09:24:42.911098+00
2189,google_play,Grab,mobility_superapp,SEA,5,Paddy Padayachee,2026-05-28,prompt on every occasion & the drivers are professional in driving.,en,positive,0.693,EV·충전,2026-06-05 09:24:42.911098+00
2190,google_play,Grab,mobility_superapp,SEA,1,MELVIN BANDOJO,2026-05-28,mag lagay naman kayo nang option na for someone else's delivery kasi ang Bobo nang mga riders nyo imbes na magbasa nang notes tatawagan pa ung lung sinu yung umorder kesa yung nakalagay na doon na notes. jusko. tagal tagal nyo na sa industry walang improvements!,tl,negative,0.861,기타,2026-06-05 09:24:42.911098+00
3053,google_play,Gojek,mobility_superapp,SEA,5,maung tun,2022-06-27,ครับ,th,neutral,0.4458,기타,2026-06-05 09:24:42.911098+00
1261,google_play,Grab,mobility_superapp,SEA,5,le tram,2026-05-06,kem trái cây rất ngon.,vi,positive,0.747,기타,2026-06-05 09:24:42.911098+00
1262,google_play,Grab,mobility_superapp,SEA,5,trang WEB: VayTotNhat.C0M,2026-05-06,"Good app, cuối năm nhiều khi cũng kẹt nên vào trang mình tham khảo, đảm bảo tốt nhất. Về app thì 50AA- 613.30 khủng bố khách hàng từ tin nhắn đến điện thoại. Mua cái bàn không ship mà nhắn tin kêu muốn đánh nhau hẹn ra đường. Admin tuyển dụng quên test máu tài xế hả 🤨",vi,neutral,0.422,배차·대기,2026-06-05 09:24:42.911098+00
1263,google_play,Grab,mobility_superapp,SEA,5,Trong Minh,2026-05-06,"Dịch vụ tuyệt vời, xe êm, nhanh chóng ko đợi lâu",vi,positive,0.8458,기타,2026-06-05 09:24:42.911098+00
2191,google_play,Grab,mobility_superapp,SEA,1,Cedric Manahan,2026-05-28,"Hindi na ako makaorder food. Required mag take pa ng selfie before daw magride. Walang sense naman tong grab. At kahit magpic ka, hindi naman nacoconfirm ung order. paulit ulit lng na nanghihingi ng selfie.",tl,negative,0.9142,기타,2026-06-05 09:24:42.911098+00
2192,google_play,Grab,mobility_superapp,SEA,5,Emma SAM,2026-05-28,excellent and very punctually,en,positive,0.6826,기타,2026-06-05 09:24:42.911098+00
2193,google_play,Grab,mobility_superapp,SEA,5,rozan azizan,2026-05-28,good service better than others,en,positive,0.5673,서비스,2026-06-05 09:24:42.911098+00
2194,google_play,Grab,mobility_superapp,SEA,1,Quenyan Warrior,2026-05-28,"buka ""pesan"" malah freeze appnya",id,negative,0.4497,기타,2026-06-05 09:24:42.911098+00
2195,google_play,Grab,mobility_superapp,SEA,1,Rizal Andi Kartiwa,2026-05-28,"grab food sekarang ada iklan yg ckup menggangu, apps nya jg suka lemot, susah cari driver, pesan makanan di app dsmpaikan 45mnt tp baru smp lbh dr itu, klo grab car est driver dtg 5mnt tp faktanya bru dtg setelah 30mnt. klo mau complaint di hadapkan dg chat bot yg ngeselin ga ada solusi pdhl umkm aja bs pake ai chat bot lbh bagus. grab msh dipake karena cmn ada 2 aplikasi order car dan food yg sm aja jeleknya klo ada pesaing baru yg bagus pasti kalian di tinggalkan jd tlg improve lah",id,negative,0.8158,배차·대기,2026-06-05 09:24:42.911098+00
2196,google_play,Grab,mobility_superapp,SEA,5,Reuel Dimalanta,2026-05-28,Reliable/On-time Delivery/Cordial Delivery Rider,en,neutral,0.5466,기타,2026-06-05 09:24:42.911098+00
2405,google_play,Gojek,mobility_superapp,SEA,1,Ferd L,2026-05-28,lama banget nyari driver + mendekati waktu pembatalan malah dapet driver,id,negative,0.4117,배차·대기,2026-06-05 09:24:42.911098+00
2406,google_play,Gojek,mobility_superapp,SEA,5,Jessie Sumarauw,2026-05-28,Haven't disappointed us so far!,en,positive,0.4588,기타,2026-06-05 09:24:42.911098+00
2407,google_play,Gojek,mobility_superapp,SEA,1,jumayou bong,2026-05-28,"The driver is not cooperative. accept order, no response when chat and let customers wait so long.",en,negative,0.9131,배차·대기,2026-06-05 09:24:42.911098+00
2408,google_play,Gojek,mobility_superapp,SEA,1,Patrick Fischer,2026-05-28,App stopped showing the promo box / voucher box. No more promos / vouchers for me. Probably A/B testing to see how much money they can extract from certain people.,en,negative,0.7742,기타,2026-06-05 09:24:42.911098+00
2409,google_play,Gojek,mobility_superapp,SEA,2,N. R.,2026-05-28,this platform allows driver to send notifications (arrived) when driver has not even reach the passengers. platform agent explained that they allow drivers to send if they're close within the proximity. there you go. you said it your self PROXIMITY. many times when drivers cannot find pick up point clicked arrived and I waited and called driver asking where is he and he insisted that he is nearby. why should I wait another 10mins. I cancelled and got charged $4. ridiculous and unethical,en,negative,0.8999,EV·충전,2026-06-05 09:24:42.911098+00
2289,google_play,Grab,mobility_superapp,SEA,1,hry ai,2026-05-26,"barusan dpt respon yg kurang mengenakan. mesen grab bike hemat pas naik drivernya bilang kalau motornya ga kuat padahal jarak cm 800m dan gak macet. ya udah, saya turun trus driver cancel. saya emg tinggi besar biasanya jg kl jarak >1km pakai grab bike xl, krn mikir deket jd mesen hemat. saran buat layanan hemat ditambahin maksimal tinggi dan berat bedan, jd pelangganmu gak tersinggung. never again pakai grab 👎",id,negative,0.6591,EV·충전,2026-06-05 09:24:42.911098+00
2290,google_play,Grab,mobility_superapp,SEA,2,Jayson C,2026-05-26,"banyak driver yg harusnya udah sampai malah cancel dengan sendirinya. perbaiki sistemnya dan perbaiki akalnya mitra driver"" nya",id,negative,0.7511,배차·대기,2026-06-05 09:24:42.911098+00
2571,google_play,Gojek,mobility_superapp,SEA,1,Livia Teddy,2026-05-18,"Lamaaaaaa emosi, pesen gofood sulit, gaada driver gak bisa cancel nunggu sejam parah, nunggu sia2 tolol",id,negative,0.9344,배차·대기,2026-06-05 09:24:42.911098+00
2291,google_play,Grab,mobility_superapp,SEA,5,Qayra 05,2026-05-26,"it is reliable when you need something quick amd had something urgent, not just a fast delivery but you would also arrived at your chosen destination fast and safe",en,positive,0.5254,기타,2026-06-05 09:24:42.911098+00
2292,google_play,Grab,mobility_superapp,SEA,1,lamin htet,2026-05-26,Not fair 20%,fr,negative,0.9456,기타,2026-06-05 09:24:42.911098+00
2293,google_play,Grab,mobility_superapp,SEA,5,Subashini Selvarajah,2026-05-26,Convenient and reliable service. Booking rides and food delivery is fast and easy.,en,positive,0.7609,서비스,2026-06-05 09:24:42.911098+00
2294,google_play,Grab,mobility_superapp,SEA,5,Karthigan Dasaratha Selva Raj,2026-05-26,"Very useful for transport and food delivery. Convenient, reliable, and easy to book anytime.",en,positive,0.7765,기타,2026-06-05 09:24:42.911098+00
2295,google_play,Grab,mobility_superapp,SEA,4,Nitendo,2026-05-26,"would give 5 stars if you can implement the same feature as foodpanda. after choosing Ur food, there's a feature to input ur special instructions. It was upsetting when i first used grab after foodpanda.",en,negative,0.7483,기타,2026-06-05 09:24:42.911098+00
2296,google_play,Grab,mobility_superapp,SEA,1,Tom Ong,2026-05-26,What is up with verify with selfie suddenly? 1 star.,en,negative,0.4779,기타,2026-06-05 09:24:42.911098+00
2297,google_play,Grab,mobility_superapp,SEA,1,Md Arif,2026-05-26,i cant change my location and it asked me to turn on my location but it gave me wrong location i tried to change it manual but it still in wrong location please fix this,en,negative,0.84,기타,2026-06-05 09:24:42.911098+00
2298,google_play,Grab,mobility_superapp,SEA,1,Noxet,2026-05-26,Ini aplikasi suka lemot jaringan sendiri. aplikasi lain lancar2 aja internetnya.,id,negative,0.7808,기타,2026-06-05 09:24:42.911098+00
2299,google_play,Grab,mobility_superapp,SEA,5,Claire Grande,2026-05-26,grab is easy to use and safe mood of transportation,en,positive,0.7389,기타,2026-06-05 09:24:42.911098+00
2300,google_play,Grab,mobility_superapp,SEA,2,"LEE , Waren Daniel T.",2026-05-26,poor help support service,en,negative,0.8935,서비스,2026-06-05 09:24:42.911098+00
2301,google_play,Grab,mobility_superapp,SEA,5,Anthony Ng,2026-05-26,pleasant driver. clean and tidy car,en,positive,0.7827,배차·대기,2026-06-05 09:24:42.911098+00
2302,google_play,Grab,mobility_superapp,SEA,1,No name N,2026-05-26,what hell you doing grab still same and useless waiting time.,en,negative,0.9221,배차·대기,2026-06-05 09:24:42.911098+00
2303,google_play,Grab,mobility_superapp,SEA,5,Brian Khor,2026-05-26,"The grab app is mainly use to travel from one place to another and can also order variety of food, and deliver documents.",en,neutral,0.6009,기타,2026-06-05 09:24:42.911098+00
2304,google_play,Grab,mobility_superapp,SEA,4,Tuy Sokhom,2026-05-26,not inform location,en,neutral,0.7357,기타,2026-06-05 09:24:42.911098+00
2305,google_play,Gojek,mobility_superapp,SEA,5,Muhammad Abduh Dahlan,2026-06-04,"good, and faster",en,positive,0.5358,기타,2026-06-05 09:24:42.911098+00
2307,google_play,Gojek,mobility_superapp,SEA,1,Tintin Secret,2026-06-04,"Gojek aplikasi macam taikk anji*g,bab*, sdh kulangganan yg dpt vc free ongkir tpi tetap bayar ongkir gk ada subsidi, sama aja bohong , memang penipuuuu, tutup aja aplikasinya",id,negative,0.8647,기타,2026-06-05 09:24:42.911098+00
2308,google_play,Gojek,mobility_superapp,SEA,4,Eme Nindya,2026-06-04,"Map nya geser"" terus sama titik yang udh di tentukan, sampai beberapa kali menyusahkan driver. tidak ada fitur selesaikan pesanan untuk Gosend padahal sudah di terima paket nya... tolong di upgrade lagi ya gojek.",id,negative,0.8621,배차·대기,2026-06-05 09:24:42.911098+00
2309,google_play,Gojek,mobility_superapp,SEA,5,Ernadi Sujana,2026-06-04,Selalu tepat waktu,id,neutral,0.5298,기타,2026-06-05 09:24:42.911098+00
2244,google_play,Grab,mobility_superapp,SEA,2,Jays,2026-05-27,"Susah banget ngehubungin ke csnya kalo ada masalah atau mau nanya, selalu diputernya kesitu lagi. Untuk grabfoodnya juga gabisa di cancel tp giliran kita udah nunggu lama hampir 2 jam, dari appnya bisa tibatiba cancel karena gaada driver yg mau ambil. Sisanya oke, tapi tolonglah dipermudah kalo customer ada problem, ini solvenya gimana kalo csnya aja susah dihubungin??",id,negative,0.8603,배차·대기,2026-06-05 09:24:42.911098+00
2245,google_play,Grab,mobility_superapp,SEA,1,TS,2026-05-27,"With the new app interface, I don't know how to book grabcar anymore. I have to search in google to learn how to book a grabcar. Residing ride booking inside a ""map"" icon is irrational and confusing. Especially with decades of muscle memory of selecting a ""car"" icon for a ride. This new change elicits frustration and dissatisfaction. Please change back to ""car"" icon in your future update. Change back to the icon that marks the ""origin"" and ""purpose"" of this company/app.",en,negative,0.877,기타,2026-06-05 09:24:42.911098+00
2246,google_play,Grab,mobility_superapp,SEA,3,Ekozoid Majiker,2026-05-27,does your app always have bugs?,en,negative,0.79,앱오류,2026-06-05 09:24:42.911098+00
2247,google_play,Grab,mobility_superapp,SEA,1,Laith Mahyoub,2026-05-27,You pay double if you dare use a non local bank account. Not using this again until they are fair with prices since I live in Bali.,en,negative,0.7038,결제,2026-06-05 09:24:42.911098+00
2248,google_play,Grab,mobility_superapp,SEA,1,Skadush burnicles,2026-05-27,"Please fix your passkey login option. It always gets stuck, and when I try to set up my passkey, it keeps saying “Oops, something went wrong.” There’s no other option like skip or ignore it just freezes, and I can’t use the app. I’ve already tried different methods, including uninstalling and reinstalling, but the issue remains. Also, regarding your business chat: when I ask for help, my message is only marked as “seen,” but I don’t receive any response or action.",en,negative,0.889,기타,2026-06-05 09:24:42.911098+00
2249,google_play,Grab,mobility_superapp,SEA,1,Moisesa,2026-05-27,grabe subrang tagal mo mag wait ! tas panay cancel ang mga rider nag wait ka mga 1hr tas biglang Cancel! Lalo na sa foods madalas jan sila nag ka cancel. yung gutom kana tas inaantay mo tas biglang cancel.,tl,negative,0.8444,배차·대기,2026-06-05 09:24:42.911098+00
2250,google_play,Grab,mobility_superapp,SEA,5,Paula Stefanie Melliza,2026-05-27,very accommodating,en,positive,0.6658,기타,2026-06-05 09:24:42.911098+00
2251,google_play,Grab,mobility_superapp,SEA,1,Abdul Halim Abdul Shafid,2026-05-27,"babi, banyak sangat popup promo iklan itu ini, macam gampang semak",tl,negative,0.6703,기타,2026-06-05 09:24:42.911098+00
2252,google_play,Grab,mobility_superapp,SEA,1,Steve Ng,2026-05-27,"the app is getting worse ! so many pop up and notification , sorry I'm gonna shift back to FoodP*nd* , and realize the other platform is cheaper.",en,negative,0.9329,기타,2026-06-05 09:24:42.911098+00
2253,google_play,Grab,mobility_superapp,SEA,1,D P,2026-05-27,"wow Grab. You used to be so good. now every order delayed by double the time, even when paying for ""priority"".. drivers ask me to cancel because its too far etc etc. time for LINEMAN",en,negative,0.8165,EV·충전,2026-06-05 09:24:42.911098+00
2254,google_play,Grab,mobility_superapp,SEA,5,RR IDM,2026-05-27,Mantap!,id,positive,0.8064,기타,2026-06-05 09:24:42.911098+00
2255,google_play,Grab,mobility_superapp,SEA,5,Chris Taveras,2026-05-27,very very good driver my friend,af,positive,0.8017,배차·대기,2026-06-05 09:24:42.911098+00
2256,google_play,Grab,mobility_superapp,SEA,1,Bryan Gay Casil,2026-05-27,i have issue with the current location pin. not point exact location,en,negative,0.7605,기타,2026-06-05 09:24:42.911098+00
2257,google_play,Grab,mobility_superapp,SEA,5,Jayr Inso,2026-05-27,sobrang galing ma papa dali yong pupuntahan nyo dito na kayo sa grab....,tl,positive,0.6558,기타,2026-06-05 09:24:42.911098+00
2258,google_play,Grab,mobility_superapp,SEA,1,Lisda lfpm,2026-05-27,"pesen grabfood pake metode pembayaran qris 2 kali di cancel. ganti pake ovo, udh dilebihin seribu ternyata kepotongnya 2 rb, padahal tfnya pake bank yg free tf beberqpa kali. tf ulanglah biar bisa pake pembayaran ovo. Eh resto tutup, duit admin doang 4rb ilang terus tf ke banklah saldo yg ga kepake, kena 2,5k. abis 6,5k for nothing, stoplah being so paling kapitalis, cant you?",id,negative,0.7834,기타,2026-06-05 09:24:42.911098+00
2259,google_play,Grab,mobility_superapp,SEA,1,gilthere john lacsamana,2026-05-27,"WHY THE HELL DOES IT TAKE TEN MINUTES TO ASK YOUR CHAT BOT WHY THE FORK AND SPOON MISSING FROM THE ORDER??? AND IT DIDN'T EVEN RESOLVE THE ISSUE, IT JUST WASTED MY TIME BY ASKING OVER AND OVER AGAIN",en,negative,0.9293,EV·충전,2026-06-05 09:24:42.911098+00
2260,google_play,Grab,mobility_superapp,SEA,5,Kabita Biswas,2026-05-27,Good App,en,positive,0.7226,기타,2026-06-05 09:24:42.911098+00
2261,google_play,Grab,mobility_superapp,SEA,5,Kendra Haten,2026-05-27,Great app simple and easy to use .,en,positive,0.8147,기타,2026-06-05 09:24:42.911098+00
2262,google_play,Grab,mobility_superapp,SEA,4,Perlita Hermano,2026-05-27,Punctuality,en,neutral,0.7029,기타,2026-06-05 09:24:42.911098+00
2263,google_play,Grab,mobility_superapp,SEA,5,PAPI AURA,2026-05-27,"apps yg bagus, tapi bertahun2 selalu bermasalah sama titik di maps yg tidak sesuai lokasi , dan tidak pernah diperbaiki oleh aplikator nya",id,negative,0.7914,기타,2026-06-05 09:24:42.911098+00
2264,google_play,Grab,mobility_superapp,SEA,5,Qwe,2026-05-27,nice dribe.,hr,positive,0.676,기타,2026-06-05 09:24:42.911098+00
2265,google_play,Grab,mobility_superapp,SEA,5,Jo P.,2026-05-27,wow! Exceeded my expectations! ilove the ride which is clean and comfy. thank you Grab!,en,positive,0.9352,기타,2026-06-05 09:24:42.911098+00
1323,google_play,Grab,mobility_superapp,SEA,5,Umnaj Churod,2026-06-02,สบายมาก,th,positive,0.6128,기타,2026-06-05 09:24:42.911098+00
1324,google_play,Grab,mobility_superapp,SEA,5,อิศรญาณภาษิต เอิบทวี,2026-06-02,บริการดีพูดจาไพเราะ,th,positive,0.6944,서비스,2026-06-05 09:24:42.911098+00
1325,google_play,Grab,mobility_superapp,SEA,5,Eakkachai Khatiya,2026-06-01,บริการดีเยี่ยมครับ เป็นมิตร อาหารส่งถึงตรงเวลาทันใจครับ,th,positive,0.6543,서비스,2026-06-05 09:24:42.911098+00
1326,google_play,Grab,mobility_superapp,SEA,5,Elza Sgalet,2026-06-01,เมื่อก่อนยอมรับว่า grab ไม่ค่อยได้ใช้ใช้แต่ LINE manระยะหลังๆกลับมาใช้แก๊สและมีโค๊ตส่วนลดดีมากแถมยังให้ลองทดลองใช้grab limitedซึ่งเป็นอะไรที่เลิศมากให้ลองใช้ก่อน 3 เดือน i love you แก๊ปฉันรัก grab,th,positive,0.7916,기타,2026-06-05 09:24:42.911098+00
1327,google_play,Grab,mobility_superapp,SEA,5,มณีมณฑ์ ศรีหอมชัย,2026-06-01,อาหารอร่อยถูกปาก ถูกใจ ค่ะ ส่งไวทันใจ,th,positive,0.6961,기타,2026-06-05 09:24:42.911098+00
1328,google_play,Grab,mobility_superapp,SEA,5,พรรณาย ปฐมบัวทอง,2026-06-01,ประหยัดมากๆๆ,th,positive,0.6655,기타,2026-06-05 09:24:42.911098+00
2266,google_play,Grab,mobility_superapp,SEA,1,wjdzoo,2026-05-27,ambagak ng service nyo ung ibang ruder jN cinecancell dporket muslim ako lala nyo naman haha racist ampt,tl,negative,0.8249,서비스,2026-06-05 09:24:42.911098+00
2267,google_play,Grab,mobility_superapp,SEA,5,Navin Vin,2026-05-27,like +6,et,neutral,0.5376,기타,2026-06-05 09:24:42.911098+00
2268,google_play,Grab,mobility_superapp,SEA,4,Hossain MD Sobuj,2026-05-27,thank you 🙏💞💞💞,en,positive,0.8269,기타,2026-06-05 09:24:42.911098+00
2269,google_play,Grab,mobility_superapp,SEA,5,ganesan pachiappan,2026-05-27,Great personality,en,positive,0.8802,기타,2026-06-05 09:24:42.911098+00
2270,google_play,Grab,mobility_superapp,SEA,1,Super atlit,2026-05-27,CS tidak bisa diakses. selalu terhubung dengan bot yang plonga plongo dan tidak mau mengalihkan ke CS.,id,negative,0.8482,기타,2026-06-05 09:24:42.911098+00
2740,google_play,Gojek,mobility_superapp,SEA,1,Hoàng Trần,2025-02-14,Đừng ai tải ap cùn này nhé ap đặt xe lâu lòi cc làm trễ giờ bị sếp la,vi,negative,0.6176,기타,2026-06-05 09:24:42.911098+00
2271,google_play,Grab,mobility_superapp,SEA,5,Chong Cho,2026-05-26,"Grab makes daily life incredibly convenient. Whether I need to book a quick, reliable ride, order food from my favorite local spots, or get groceries delivered right to my doorstep, the app handles it all flawlessly. The drivers are professional, the real-time tracking is highly accurate, and paying seamlessly with GrabPay makes everything effortless. It is an absolute must-have app!",en,positive,0.8336,EV·충전,2026-06-05 09:24:42.911098+00
2272,google_play,Grab,mobility_superapp,SEA,3,Dev Limbu,2026-05-26,can I order,en,neutral,0.6623,기타,2026-06-05 09:24:42.911098+00
2273,google_play,Grab,mobility_superapp,SEA,5,Azrul Prinkky,2026-05-26,"Grab jimat masa untuk transport dan makanan. Harga nampak awal, takde caj tersembunyi. Driver kebanyakannya ramah dan tepat waktu. Guna untuk hantar dokumen penting pun selesa.........",id,positive,0.6277,배차·대기,2026-06-05 09:24:42.911098+00
2274,google_play,Grab,mobility_superapp,SEA,5,Manuel Trinidad jr,2026-05-26,driver that I recommend,en,positive,0.659,배차·대기,2026-06-05 09:24:42.911098+00
2275,google_play,Grab,mobility_superapp,SEA,3,Diana Torres,2026-05-26,overall ok Ang Grab. Pero pag may Concern na Like ng nadoble Yung payment ko one of the delivery guy via QR Payment . Tagal I Process 2 weeks na Wala pa din update in Review a din gang ngayon.di pa din naibabalik sya pa Yung 597..,en,negative,0.6269,EV·충전,2026-06-05 09:24:42.911098+00
2276,google_play,Grab,mobility_superapp,SEA,1,- Jerriko,2026-05-26,"otak dipake orang kelaparan ga ada notif ga ada pesan main batalin aja, lu kira 1 jam ga berharga apa?",id,negative,0.7759,기타,2026-06-05 09:24:42.911098+00
2277,google_play,Grab,mobility_superapp,SEA,1,M Ghani Arrafi Kharie,2026-05-26,apk gk jelas,hr,negative,0.7367,기타,2026-06-05 09:24:42.911098+00
2278,google_play,Grab,mobility_superapp,SEA,1,Casey Jordan,2026-05-26,"udah nunggu lama2 grab food, malah ke cencel gr2 gaada driver buang buang waktu",id,negative,0.8261,배차·대기,2026-06-05 09:24:42.911098+00
2279,google_play,Grab,mobility_superapp,SEA,5,hendra se,2026-05-26,quick response,fr,neutral,0.5483,기타,2026-06-05 09:24:42.911098+00
2352,google_play,Gojek,mobility_superapp,SEA,5,fadli asrori,2026-06-01,keren,da,positive,0.4863,기타,2026-06-05 09:24:42.911098+00
2353,google_play,Gojek,mobility_superapp,SEA,1,Rasyid Isa,2026-06-01,kok sekarang ga bisa kirim foto dari galeri di chat? itu fitur penting loh,id,negative,0.466,기타,2026-06-05 09:24:42.911098+00
2354,google_play,Gojek,mobility_superapp,SEA,3,Nabilah Novel,2026-06-01,Too much Unnecessary pop up notification yet we cannot filter to turn them off. Please it is spamming us!,en,negative,0.9362,기타,2026-06-05 09:24:42.911098+00
2355,google_play,Gojek,mobility_superapp,SEA,1,aNdRi,2026-06-01,"Aplikasi tolol, nyari resto terdekat malah muter2 terus ke hangry doang, nge-loop gitu tolol banget.",id,negative,0.8922,기타,2026-06-05 09:24:42.911098+00
2356,google_play,Gojek,mobility_superapp,SEA,1,Fauzan Azima,2026-06-01,"Aneh, fitur near me di gofood bahkan tidak memunculkan resto yang sebenarnya lokasinya dekat dengan customer, lebih lucu lagi ketika scroll ke bawah yang ada hanya pengulangan resto itu² saja yang muncul. memprioritaskan resto yg iklan berbayar muncul di tampilan teratas itu tidak masalah, yang jadi masalah adalah ketika scroll sampai paling bawah pun resto yang muncul itu² saja. pay-to-play nya terlalu agresif jek!!",id,negative,0.488,결제,2026-06-05 09:24:42.911098+00
1746,google_play,Grab,mobility_superapp,SEA,5,Sujera Bunnum,2026-04-17,สะดวกมากค่ะ,th,positive,0.6233,기타,2026-06-05 09:24:42.911098+00
2357,google_play,Gojek,mobility_superapp,SEA,1,Tim Thomas,2026-06-01,"I found this app unstable with glitches. On my android phone, I searched for price from point A to B. Without the steps of ""find driver"", or ""make booking"". It told me driver was waiting 30m away. When I got to the driver he had the job showing on his phone, but it was no longer showing on my phone. He feared not getting paid at destination so he cancelled my booking. Only then the app allowed me to rebook. It kept saying ""cannot make multiple bookings"".",en,negative,0.7703,배차·대기,2026-06-05 09:24:42.911098+00
2358,google_play,Gojek,mobility_superapp,SEA,1,bunsin rama,2026-06-01,lempar driver terus.. pesen gocar 30 menit ga kelar2 driver pada ga jelas.. sistem ga jelas ga ada kompensasi.. najis,id,negative,0.8548,배차·대기,2026-06-05 09:24:42.911098+00
2359,google_play,Gojek,mobility_superapp,SEA,2,Naura Adiba Khairani,2026-06-01,"sekarang gabisa gojek schedule/jadwal, jadi susah klo masih di stasiun harus pake kode"" ataupun diluar apk malah di hargain mahal banget sama oknum driver",id,negative,0.8572,배차·대기,2026-06-05 09:24:42.911098+00
2360,google_play,Gojek,mobility_superapp,SEA,3,Arie Putra,2026-06-01,gofood semakin kesini markup harga merchantsnya ketinggiann,id,negative,0.3594,기타,2026-06-05 09:24:42.911098+00
2361,google_play,Gojek,mobility_superapp,SEA,3,Elizabeth 12,2026-05-31,"Always good service when the correct driver arrives. on a very rainy day, I had an inexperienced driver collect me on a small old motorbike when I ordered a comfort ride. This driver had no idea how to find the address in Kerokoban. we were driving around for 3/4 hour whe the trip should have been 15 minutes. I was so wet.",en,negative,0.5643,배차·대기,2026-06-05 09:24:42.911098+00
2362,google_play,Gojek,mobility_superapp,SEA,3,Fathur Rahman,2026-05-31,beberapa drivernya kurang ramah,id,negative,0.8086,배차·대기,2026-06-05 09:24:42.911098+00
2363,google_play,Gojek,mobility_superapp,SEA,1,Monarchie Dasilvia,2026-05-31,bad problem solving,no,negative,0.7903,기타,2026-06-05 09:24:42.911098+00
2364,google_play,Gojek,mobility_superapp,SEA,3,Akbar Ramadhani,2026-05-31,"please dong, kasih opsi buat ngirim file foto ke driver, padahal dulu ada, jadi bingung mau ngebantu driver gimana",id,negative,0.4554,배차·대기,2026-06-05 09:24:42.911098+00
2365,google_play,Gojek,mobility_superapp,SEA,5,Yudho Triwidiarto,2026-05-31,berguna untuk pergi kemana-mana dan lengkap fasilitasnya 👍👌,id,positive,0.7671,기타,2026-06-05 09:24:42.911098+00
2366,google_play,Gojek,mobility_superapp,SEA,5,ted alamsyah,2026-05-31,"selalu ontime, real n nice adventuee",ro,positive,0.8048,기타,2026-06-05 09:24:42.911098+00
2369,google_play,Gojek,mobility_superapp,SEA,1,Nathan Messi,2026-05-31,susah cari gojek bikin telat kemana²,id,negative,0.8496,기타,2026-06-05 09:24:42.911098+00
2370,google_play,Gojek,mobility_superapp,SEA,1,Prisma Taufiq,2026-05-31,"PERBAIKI SYSTEM YANG BOBROK SELAMA INI KALIAN PELIHARA, KOORDINAT RUMAH SUDAH DI SETTING SESUAI, MALAH BERUBAH PAS ORDER MAKANAN, ALHASIL MAKANAN YANG NERIMA ORANG LAIN.!",de,negative,0.8562,기타,2026-06-05 09:24:42.911098+00
2371,google_play,Gojek,mobility_superapp,SEA,5,Acep Maulana,2026-05-31,mantapz,tl,positive,0.6486,기타,2026-06-05 09:24:42.911098+00
691,google_play,LOCA Taxi,kokkok,LAO,5,A Google user,2019-07-04,"great ride app, use everyday.",en,positive,0.8803,EV·충전,2026-06-05 09:24:42.911098+00
2310,google_play,Gojek,mobility_superapp,SEA,1,Alice Simon,2026-06-04,supir susah di cari gojej potongan nya besar jd pada mogok ga mau pick up penumpang saya idah 8 x di cancel driver car,id,negative,0.9003,배차·대기,2026-06-05 09:24:42.911098+00
2311,google_play,Gojek,mobility_superapp,SEA,3,rere,2026-06-04,"makin ke sini gojek makin mahal dan susah buat dapetin driver, udah gitu drivernya sering cancel padahal posisinya lagi buru buru",id,negative,0.8597,배차·대기,2026-06-05 09:24:42.911098+00
2312,google_play,Gojek,mobility_superapp,SEA,2,bara SW,2026-06-03,"kenapa tidak ada pengaturan? notifikasi cuma bisa on/off, tidak bisa memilah mana notif yg boleh masuk mana yang tidak perlu, bagaimana jika ada notif promo? aku tidak memerlukan notif semacam itu, mohon untuk menambah setting menu terutama untuk notifikasi. thx.",id,negative,0.7916,기타,2026-06-05 09:24:42.911098+00
2313,google_play,Gojek,mobility_superapp,SEA,5,wafi master pubg,2026-06-03,very helpfull,en,positive,0.6684,기타,2026-06-05 09:24:42.911098+00
2314,google_play,Gojek,mobility_superapp,SEA,1,Matthew Reva,2026-06-03,"Servernya sering busy. PLUS yang paling parahnya nih, ga ada teken tombol order, tiba"" udah dapat driver, sakit nih aplikasi",id,negative,0.9216,배차·대기,2026-06-05 09:24:42.911098+00
2315,google_play,Gojek,mobility_superapp,SEA,2,Benowi,2026-06-03,"ini kenapa drivernya jika ongkosnya 55000 dapetnya 35000? banyak driver disini disuruh cancel gara² dapet total cost itu dari mereka. satu kali kejadian driver nyuruh cancel sampe saya ketakutan kena dimalingin, akhirnya saya sampe jadi bayar pake bca ke bca dia, terus ini barusan kedua kalinya saya kena lagi, saya paksain dengan lembut bahwa saya akan kasih tips, akhirnya jadi saya kasih tips. tolong lah dibenarkan sistemnya, banyak driver nyuruh cancel gara² dapet cost begitu potongannya.",id,negative,0.6184,배차·대기,2026-06-05 09:24:42.911098+00
2316,google_play,Gojek,mobility_superapp,SEA,1,S one Dracules,2026-06-03,"sampai sekarang mau cari makan tak bisa ,pas buka toko yg diperlihatkan ulang2 biasa buka near urutan makin hri makin gk urut skrng malah CUMAN TOKONYA ULANG2 bkn dri yg dekat ke makin jauh sesuai KM , tanya cs 3x csnya ngantuk gk becus ,ditanya nearnya bug ,ud diteruskan kemudian balasannya oleh cs lain malah diksh tau arti dari near me 🥴,udh 1bulan lebih kek gini",id,negative,0.7712,앱오류,2026-06-05 09:24:42.911098+00
2317,google_play,Gojek,mobility_superapp,SEA,4,Hab٤b Achmad,2026-06-03,🙏👍👍,unknown,positive,0.6548,기타,2026-06-05 09:24:42.911098+00
2318,google_play,Gojek,mobility_superapp,SEA,5,Rizwan Dwi Wantara,2026-06-03,"Perlu beberapa pengoptimalan, terutama di kolom chat antara user dan driver.",id,neutral,0.6666,배차·대기,2026-06-05 09:24:42.911098+00
2319,google_play,Gojek,mobility_superapp,SEA,4,Joe badan,2026-06-03,gpsnya perlu di perbaiki,id,negative,0.4209,기타,2026-06-05 09:24:42.911098+00
2320,google_play,Gojek,mobility_superapp,SEA,1,KRISNA PUTRA,2026-06-03,Buruk banget dan driver selalu tidak mengantar pesanan makanan dengan benar,id,negative,0.9216,배차·대기,2026-06-05 09:24:42.911098+00
2321,google_play,Gojek,mobility_superapp,SEA,4,Samuel Tarigan,2026-06-03,"Saya pelanggan tetap Gojek baik utk belanja, makan, maupun transportasi. Tapi sayangnya utk Gofood akhir2 ini sering kecewa karena tidak ada driver yg mengantar makanan. Sudah menunggu lama, kelaparan, kemudian batal, pdhl kondisi tdk bisa pergi. Usul tanggung jawab kerjasama driver dievaluasi. Kedua, product listing Gomart kacau! Listerine, deterjen cair, dideskripsikan sebagai minuman. Jenis produk banyak yang tidak ada lagi.",id,negative,0.9068,EV·충전,2026-06-05 09:24:42.911098+00
2322,google_play,Gojek,mobility_superapp,SEA,3,Raymond Kwan,2026-06-03,"Mod, please include the option to turn off notifications, too much messages coming in.",en,negative,0.6185,기타,2026-06-05 09:24:42.911098+00
1583,google_play,Grab,mobility_superapp,SEA,5,Piyawan Singhan,2026-05-10,มีการโทรมาสอบถามสินค้าด้วยค่ะคนส่งสุภาพมากค่ะ,th,neutral,0.6868,기타,2026-06-05 09:24:42.911098+00
2787,google_play,Gojek,mobility_superapp,SEA,5,Tín Tony,2024-09-18,Cảm ơn Gojek trong thời gian qua,vi,positive,0.7395,기타,2026-06-05 09:24:42.911098+00
2323,google_play,Gojek,mobility_superapp,SEA,1,akuu kamu,2026-06-03,"jelek, driver sesuka hatinya gamau ngambil orderan jadi sengaja menjauh. sesuka hati memberikan rating jelek hanya karna ga ngasih tip, pelanggan juga gatau klo dirating jelek sedangkan driver bebas menilai pelanggan tanpa beban apapun, jika kita menilai buruk driver, driver marah melabrak kita dgn dalih memutus rejeki orang padahal driver juga tidak memikirkan pelanggan yg dicap jelek hanya karna rating yg jelek",id,negative,0.8617,배차·대기,2026-06-05 09:24:42.911098+00
2324,google_play,Gojek,mobility_superapp,SEA,1,Mira T. Annisa,2026-06-03,Tidak bisa lagi ubah/edit fitur dari cash ke gopay saat udah dalam perjalanan,id,negative,0.6086,결제,2026-06-05 09:24:42.911098+00
2325,google_play,Gojek,mobility_superapp,SEA,1,Hesti Hardianti,2026-06-03,"aplikasi error terus,posisi driver kadang ga bergerak bikin nunggu ga pasti masuk atau ngga orderan ke drivernya, plus kang preman semua driverny:^)",id,negative,0.8781,앱오류,2026-06-05 09:24:42.911098+00
2326,google_play,Gojek,mobility_superapp,SEA,5,Alana Z,2026-06-03,"Drivers find location correctly, they are being polite and friendly. Thank you 🙏🏼",en,positive,0.8262,배차·대기,2026-06-05 09:24:42.911098+00
2327,google_play,Gojek,mobility_superapp,SEA,1,Fatan Al kamal,2026-06-03,"ni apk cacat bgt sumpah, bisa bisa nya resto msIh buka tbtb dpet notif resto tutup, pesanan gua seblum nya kan jdi hilang jdi double pesanan nya",id,negative,0.9127,기타,2026-06-05 09:24:42.911098+00
2328,google_play,Gojek,mobility_superapp,SEA,5,King Dave Tigan,2026-06-03,So far so good.,so,positive,0.9103,기타,2026-06-05 09:24:42.911098+00
2329,google_play,Gojek,mobility_superapp,SEA,5,Sofiana Othman,2026-06-03,Superb,id,positive,0.6084,기타,2026-06-05 09:24:42.911098+00
2330,google_play,Gojek,mobility_superapp,SEA,4,Heru Irianto,2026-06-02,lumayan membantu saat dibutuhkan,id,positive,0.6011,기타,2026-06-05 09:24:42.911098+00
2331,google_play,Gojek,mobility_superapp,SEA,1,Zul,2026-06-02,Verify email don't even work. Clicked the email link and it lands on the Gojek app but does not verify anything.,en,negative,0.8626,EV·충전,2026-06-05 09:24:42.911098+00
2332,google_play,Gojek,mobility_superapp,SEA,1,A “G”,2026-06-02,di shadow ban entah kenapa' tanya support cuma bilang ada pelanggaran suruh cari sendiri di pedoman yang saya jg tetap gak tahu apa yg dilanggar. nanya sampai kapan' ga dijawab' hanya pernyataan tidak bisa membantu karena sudah melanggar. pelanggaran customer seperti apa? update... dijawab disini diminta kirim email ke cs' percuma' jawabannya sama' sepertinya kalian menggunakan ai yang kurang cerdas untuk menjawab keluhan customer dan gak punya support manusia yang cukup proaktif dan berguna,id,negative,0.8788,서비스,2026-06-05 09:24:42.911098+00
2333,google_play,Gojek,mobility_superapp,SEA,5,Erdrop Krypto,2026-06-02,Ok walau aplikasinya kadang2 suka error jadi double order dan ga bisa ganti sistem pembayaran.,id,negative,0.8188,앱오류,2026-06-05 09:24:42.911098+00
2334,google_play,Gojek,mobility_superapp,SEA,5,brigitta 20,2026-06-02,penyelamat,id,neutral,0.3842,기타,2026-06-05 09:24:42.911098+00
2335,google_play,Gojek,mobility_superapp,SEA,1,Gladioli,2026-06-02,ga mau kasih duit korupsi massal,id,negative,0.8411,기타,2026-06-05 09:24:42.911098+00
2367,google_play,Gojek,mobility_superapp,SEA,1,hendra wu,2026-05-31,kurir yg antar selalu lama krn srg ada bebrp pengantaran makanan akan jadi gak enak krn terlalu lama di perjalananan padahal hrg ongkir nya gak murah,id,negative,0.8724,기타,2026-06-05 09:24:42.911098+00
2368,google_play,Gojek,mobility_superapp,SEA,1,Syarif Syafudin,2026-05-31,"saat GoFood, gak bisa pesan no sugar pada pilihan Americano saya.",tl,negative,0.7746,기타,2026-06-05 09:24:42.911098+00
692,google_play,LOCA Taxi,kokkok,LAO,5,A Google user,2019-07-02,Always reliable and kind! Helped me with my bags when moving,en,positive,0.8306,기타,2026-06-05 09:24:42.911098+00
2336,google_play,Gojek,mobility_superapp,SEA,2,Victor S,2026-06-02,"1. Notifications live their own life. I never know if they're gonna work today or not. I have to check the app manually to see if I have new messages from the driver. 2. In the chat, the ""add picture"" button lives its own life. It disappears randomly, which is extremely annoying. Sometimes I need to clear the entire app data and log in again for it to reappear. 3. My system DPI is 460. But the app DPI lives its own life, randomly resizing the interface. These bugs have been here for ETERNITY",en,negative,0.8155,EV·충전,2026-06-05 09:24:42.911098+00
2337,google_play,Gojek,mobility_superapp,SEA,3,Ghiffari Firdaus,2026-06-02,"tolong diperbaiki bug yang ada di versi terbaru khususnya fitur gofood sebab saat sedang scrolling baik di menu ""near me"" maupun menu makanan lainnya itu kembali ke titik awal lagi alias saya sudah scroll berkali kali namun merchant yang ke reload ya itu itu lagi gk ke reload yang baru.",id,negative,0.7805,앱오류,2026-06-05 09:24:42.911098+00
2338,google_play,Gojek,mobility_superapp,SEA,5,Rangga Winata,2026-06-02,so far so good,so,positive,0.8345,기타,2026-06-05 09:24:42.911098+00
1584,google_play,Grab,mobility_superapp,SEA,5,จีระวุฒิ จอมหงษ์,2026-05-10,ขับรถชนเชาไฟฟ้าหัก 3 เท่ากับเกียบตาย,th,negative,0.8063,배차·대기,2026-06-05 09:24:42.911098+00
2339,google_play,Gojek,mobility_superapp,SEA,5,ShopWithEvelynLynn,2026-06-02,"Such a handy all-in-one app! Whether it's grabbing a ride, ordering food, or sending a parcel — Gojek has it covered. Drivers are usually prompt and the app is really easy to navigate. Saves me so much time every day! 🚗",en,positive,0.835,EV·충전,2026-06-05 09:24:42.911098+00
2340,google_play,Gojek,mobility_superapp,SEA,1,Juwono,2026-06-02,tolong filter ulang mitra pengemudi. karena kelaukannya dama aja gak mau ambil order tp gak info ke end user,id,negative,0.7431,기타,2026-06-05 09:24:42.911098+00
2341,google_play,Gojek,mobility_superapp,SEA,1,Keisha Aqeela daanya,2026-06-02,"sistem gak jelas, malah ngasih driver yang jauh. udah gitu drivernya suka diem aja kalo dapet orderan. Gak jalan-jalan, kalo gamau ngambil orderan bukannya langsung cancel malah didiemin, dichat gak dibales, gak ngasih kepastian, cust suka digantung.",id,negative,0.8234,배차·대기,2026-06-05 09:24:42.911098+00
2342,google_play,Gojek,mobility_superapp,SEA,2,Sentimental Aquamarine,2026-06-02,Jelek banget pengambilan driver kalian. Segitu banyak driver di sekitar malah ambil yang jauh. Tolol!,id,negative,0.9323,배차·대기,2026-06-05 09:24:42.911098+00
2410,google_play,Gojek,mobility_superapp,SEA,1,christian,2026-05-28,"Abis update fitur search nya jadi aneh banget. ada resto yang dulu biasanya muncul kalau saya tulis di search bar, skg jadi gak ada. kurang tau apa ini karna radius yg semakin diperpendek ato gimana? kalo dibuka lewat history padahal ada dan bisa dipesan. kan jadi inconvenient banget masa search resto harus lewat history, di history jg gak ada search bar. mending gak update kemarin kalo gini, mau kontak cust service jg isinya robot semua yg jawab.",id,negative,0.8266,서비스,2026-06-05 09:24:42.911098+00
2411,google_play,Gojek,mobility_superapp,SEA,5,Remy Zack,2026-05-28,So far its the best app but it depends on the peak hours.. Great job,en,positive,0.7738,기타,2026-06-05 09:24:42.911098+00
2412,google_play,Gojek,mobility_superapp,SEA,1,Febrian Chandra,2026-05-28,"ga ada konfirmasi ulang order nya, cuma mau lihat harga perjalanan malah langsung otomatis pesan dan terpaksa harus batalin, yg bikin app nya otak udang, gblk & menyusahkan 👎👎👎",id,negative,0.9482,기타,2026-06-05 09:24:42.911098+00
2413,google_play,Gojek,mobility_superapp,SEA,1,Rizza,2026-05-28,ok the notification on promo is annoying now. and it can't be turned off just for the promo. so either turn off all them in system and miss out on important notification like driver arrival or blasted by notification all day.,en,negative,0.9147,배차·대기,2026-06-05 09:24:42.911098+00
2414,google_play,Gojek,mobility_superapp,SEA,5,Sunny Bhatia,2026-05-28,so convenient 🥰,fr,positive,0.7909,기타,2026-06-05 09:24:42.911098+00
2415,google_play,Gojek,mobility_superapp,SEA,5,inzar salfikar,2026-05-28,lebih murah dr delivery fod lainnya dan banyak promo,id,positive,0.4724,기타,2026-06-05 09:24:42.911098+00
2416,google_play,Gojek,mobility_superapp,SEA,1,Ilmaz Ersyam,2026-05-27,Selalu ambil driver yg jauh,id,negative,0.566,배차·대기,2026-06-05 09:24:42.911098+00
2417,google_play,Gojek,mobility_superapp,SEA,1,Olivia Sinaga,2026-05-27,sllu susah dpet driver 👎🏻,id,negative,0.9242,배차·대기,2026-06-05 09:24:42.911098+00
2418,google_play,Gojek,mobility_superapp,SEA,2,Doddy Maulana,2026-05-27,Mahal.... uninstall....,ca,negative,0.8349,기타,2026-06-05 09:24:42.911098+00
2419,google_play,Gojek,mobility_superapp,SEA,1,kiray 28,2026-05-27,"stop sending me notifications bombarding me with emails for, YES, I KNOW, PROMOTIONS",en,negative,0.5635,기타,2026-06-05 09:24:42.911098+00
2420,google_play,Gojek,mobility_superapp,SEA,5,farhann,2026-05-27,bagus,tl,positive,0.5224,기타,2026-06-05 09:24:42.911098+00
2421,google_play,Gojek,mobility_superapp,SEA,5,Adine Abirasola,2026-05-27,berguna,id,neutral,0.384,기타,2026-06-05 09:24:42.911098+00
2422,google_play,Gojek,mobility_superapp,SEA,1,Fenny,2026-05-27,"Saya complain mengenai pesanan saya di go-food habis nya saya 100 rb, Gara gara makanan yang saya Terima tidak sesuai, bukan nya dikembalikan, cuman dikasih kompensasi 10 rb, Parah CS nya",id,negative,0.8899,기타,2026-06-05 09:24:42.911098+00
2423,google_play,Gojek,mobility_superapp,SEA,1,donni febianto,2026-05-27,gak bisa apa apa kalau resto nya gak becus....,tl,negative,0.7536,기타,2026-06-05 09:24:42.911098+00
2424,google_play,Gojek,mobility_superapp,SEA,5,Rivaldi Amlir,2026-05-27,indonesia online transportation best choice,en,positive,0.6176,기타,2026-06-05 09:24:42.911098+00
2425,google_play,Gojek,mobility_superapp,SEA,1,Maulana Mutaqin,2026-05-27,"scam, klik suggestions tujuan yg biasa digunakan titik gps ganti ke tempat yg berbeda 4km, lalu setelah edit tujuan dengan jarak lebih dekat berbeda hingga 3km harga malah naik 3x lipat. currently uninstall this",id,negative,0.7316,기타,2026-06-05 09:24:42.911098+00
1379,google_play,Grab,mobility_superapp,SEA,5,CKOats88,2026-05-28,ได้ตามที่สั่งซื้อสินค้า ดีเยี่ยมเลยคะ,th,positive,0.7538,기타,2026-06-05 09:24:42.911098+00
1380,google_play,Grab,mobility_superapp,SEA,5,รัมภา มีทอง,2026-05-28,ดี👍😎,th,positive,0.665,기타,2026-06-05 09:24:42.911098+00
1381,google_play,Grab,mobility_superapp,SEA,5,Nanwanda Thiduk,2026-05-28,ชอบการบริหารของพนักงาน รุ้งานเปนไงสุภาพ,th,positive,0.6075,기타,2026-06-05 09:24:42.911098+00
1382,google_play,Grab,mobility_superapp,SEA,3,Ball llaB,2026-05-28,แก้เรื่องความแม่นยำของหมุดด้วยจ้าเสียเวลาไรเดอร์ไปผิดที่กลายเป็นได้อาหารช้าเลย,th,negative,0.8051,기타,2026-06-05 09:24:42.911098+00
1389,google_play,Grab,mobility_superapp,SEA,5,Дарь,2026-05-27,⭐🌟⭐🌟⭐,unknown,positive,0.5375,기타,2026-06-05 09:24:42.911098+00
2426,google_play,Gojek,mobility_superapp,SEA,1,Fraulen Briliant Haque,2026-05-27,"GA BISA PESEN GOFOOD, DIULANG"" SMPE TUTUP RESTONYA, NUNGGU CUST MATI KELAPERAN APA",de,negative,0.9181,기타,2026-06-05 09:24:42.911098+00
2427,google_play,Gojek,mobility_superapp,SEA,1,Adi Yulianto,2026-05-27,"Pengen bgt mendukung produk indo, tpi pengalaman pake gojek selalu jelek, banyak driver gak respon chat, udah lama2 nunggu gak gerak/minta dibatalin 🥲",id,negative,0.9086,배차·대기,2026-06-05 09:24:42.911098+00
2372,google_play,Gojek,mobility_superapp,SEA,1,Willia,2026-05-31,"gak bisa login karena lupa email dan password. mau ganti email tanpa ganti nomor hp, tapi gak ada pilihannya di aplikasi. customer servicenya jelek banget sumpah.",id,negative,0.9207,서비스,2026-06-05 09:24:42.911098+00
2373,google_play,Gojek,mobility_superapp,SEA,1,Alya D. Nur R.,2026-05-30,"heyy, i was wondering, what happened with Gojek lately? Ive been trying to try to do some transaction with Gojek, and it always fail to do so. please fixed it because i have money there i want to sent to my other E-wallet!! 🥲🥺",en,negative,0.6296,기타,2026-06-05 09:24:42.911098+00
2374,google_play,Gojek,mobility_superapp,SEA,1,Jonathan Adjie,2026-05-30,Komplain ke cs sekarang mau cepet2 tutup CS nya. denegerin masalah ajah kayak sangat ogah2 an sekarang. susah sangat untuk mendapatkan hasil yg memuaskan .😭😭😭😭😭,id,negative,0.8705,기타,2026-06-05 09:24:42.911098+00
1585,google_play,Grab,mobility_superapp,SEA,5,อนงค์ศรี มุดสูงเนิน,2026-05-10,อร่อยมากค่ะ,th,positive,0.7778,기타,2026-06-05 09:24:42.911098+00
2375,google_play,Gojek,mobility_superapp,SEA,3,bagus primamusanto,2026-05-30,"pesan di gofood kalo pilih delivery yg regular, seperti nya sengaja di per lambat ya? saya order setengah jam lebih baru di proses sama resto nya, padahal ga ada antrian di resto tsb.. kenapa sengaja diperlambat ya? Apa supaya Pelanggan pilih express delivery kah?",id,negative,0.7719,결제,2026-06-05 09:24:42.911098+00
2376,google_play,Gojek,mobility_superapp,SEA,5,Jiri Novak (Mad Traveller),2026-05-30,"Gojek is fantastic, very good app, functional and completely had transformed my travelling in Indonesian cities - before it was all just hassle, rip offs, constant haggling - now all gone.",en,positive,0.7368,기타,2026-06-05 09:24:42.911098+00
2377,google_play,Gojek,mobility_superapp,SEA,1,Timothy,2026-05-30,"7x pesan gocar di Bali, cuma supir gaada yg ambil, sengaja spy terpotong doang 3rb per driver",id,negative,0.7397,배차·대기,2026-06-05 09:24:42.911098+00
2379,google_play,Gojek,mobility_superapp,SEA,1,aNdRi,2026-05-30,"makin konyol aja nih, semua voucher gofood hilang tanpa sisa. bahkan kolom vouchernya juga ngga ada, KONYOL. najis",id,negative,0.9389,기타,2026-06-05 09:24:42.911098+00
2380,google_play,Gojek,mobility_superapp,SEA,5,Prily Maulydia,2026-05-30,So easy! and helpful application 👍,en,positive,0.8783,기타,2026-06-05 09:24:42.911098+00
2381,google_play,Gojek,mobility_superapp,SEA,3,Dian,2026-05-30,"sering trouble, yg gak bisa telp lah, yg chatnya dengan driver tb2 ilang lah",id,negative,0.8045,배차·대기,2026-06-05 09:24:42.911098+00
2382,google_play,Gojek,mobility_superapp,SEA,1,eltoronk,2026-05-30,"tiba tiba jam 2 pagi lg tidur eh besonya kok ada motong di gojek plus, dipencet ga pernah, daftar ga pernah, balikin lah, bukan gitu cara bisnis yg jujur",id,negative,0.6795,기타,2026-06-05 09:24:42.911098+00
2383,google_play,Gojek,mobility_superapp,SEA,2,Rachel Aditya,2026-05-29,tambahkan menu pembayaran menggunakan gopay coin pada opsi go mart,id,neutral,0.5815,결제,2026-06-05 09:24:42.911098+00
2384,google_play,Gojek,mobility_superapp,SEA,5,ihsan btm,2026-05-29,good service the driver,en,positive,0.6164,배차·대기,2026-06-05 09:24:42.911098+00
2385,google_play,Gojek,mobility_superapp,SEA,1,Ardana Riswanto,2026-05-29,"Saya tidak menerima chat melalui aplikasi, baik dari driver dan resto terkait pesanan saya yang ada perubahan. Setelah pesanan diantarkan baru muncul kedua pesan tersebut, dan membuat saya dimaki-maki oleh driver. Tolong sistemnya diperbaiki karena merugikan dan membuat kesalahpahaman.",id,negative,0.8306,배차·대기,2026-06-05 09:24:42.911098+00
2386,google_play,Gojek,mobility_superapp,SEA,1,# UnlimitedEnergy,2026-05-29,"used to be great. now you search for food and 95% of the results are not what you searched for, but random stuff. it's basically useless.",en,negative,0.8949,기타,2026-06-05 09:24:42.911098+00
2387,google_play,Gojek,mobility_superapp,SEA,1,Rikha Ostarina,2026-05-29,why gopay pinjam sama paylater saya di blokir ? saya sudah bayar lebih cepat.. tidak memuaskan,id,negative,0.8501,결제,2026-06-05 09:24:42.911098+00
2388,google_play,Gojek,mobility_superapp,SEA,1,Jasmine,2026-05-29,"Aplikasi lambat, sistem service tidak jelas dan gampang merugikan customer, suka menambahkan harga-harga atau paket perpanjangan padahal customer tidak menambahkan",id,negative,0.8735,서비스,2026-06-05 09:24:42.911098+00
2389,google_play,Gojek,mobility_superapp,SEA,1,Eagle 12345,2026-05-29,Gojek makin lama makin busuk! Barusan saya pesan Go send kok bisa map di aplikasi saya dan driver berbeda? Kok bisa map di driver jadi lebih jauh dan mahal tolnya?? tidak bisa di cancel juga dan sangat membuang waktu saya dan drivernya. Fix setelah pengiriman selesai saya akan uninstall!,id,negative,0.9306,배차·대기,2026-06-05 09:24:42.911098+00
2390,google_play,Gojek,mobility_superapp,SEA,1,TheDeadZhots,2026-05-29,WOI!! GOPAY MU GAK BISA DI TOPUP!!! SEGERA PERBAIKI WOII!!,de,negative,0.7613,결제,2026-06-05 09:24:42.911098+00
1904,google_play,Grab,mobility_superapp,SEA,5,Mira Mira,2026-06-02,kereenn,nl,positive,0.3545,기타,2026-06-05 09:24:42.911098+00
599,google_play,LOCA Taxi,kokkok,LAO,1,Chocomoco “Chocomoco” GO,2022-04-24,"This company allows driver to double their charges without knowing. Just for motor they charge 30_40,000 when quoted price is 12,000 . And car normal is 25 kip , one is charging 65 ooo and they have guys to block me?",en,negative,0.7493,EV·충전,2026-06-05 09:24:42.911098+00
600,google_play,LOCA Taxi,kokkok,LAO,5,Lidter Souksavath,2022-03-02,ສຸດຍອດເລີຍ ຈຸກກຣູ,unknown,neutral,0.3639,기타,2026-06-05 09:24:42.911098+00
601,google_play,LOCA Taxi,kokkok,LAO,5,Xayalath bounsong,2022-02-12,ນີ້ແມ່ນທາງເລືອກທີ່ດີສຳລັບທ່ານທັງຫລາຍທີ່ຕ້ອງການໄຊ້ລົດຢູ່ນະຄອນຫລວງວຽງຈັນ,unknown,neutral,0.4761,기타,2026-06-05 09:24:42.911098+00
602,google_play,LOCA Taxi,kokkok,LAO,5,Somsanith Chanthachack,2022-01-12,Excellent app,fr,positive,0.7997,기타,2026-06-05 09:24:42.911098+00
603,google_play,LOCA Taxi,kokkok,LAO,5,Andrea Docksey,2021-12-18,Great Service,en,positive,0.8386,서비스,2026-06-05 09:24:42.911098+00
604,google_play,LOCA Taxi,kokkok,LAO,5,Lao Language,2021-10-09,Nice app,it,positive,0.7067,기타,2026-06-05 09:24:42.911098+00
2532,google_play,Gojek,mobility_superapp,SEA,2,Salim Hadi,2026-05-21,"pelayanan Ojolnya turun drastis, sekarang pesan Ojolnya bisa berkali-kali dibatalkan, kemarin saya sampai menunggu hampir 45 menit, tolong tingkatkan lagi pelayanan ke customer biar puas dan terlayani.",id,negative,0.6524,기타,2026-06-05 09:24:42.911098+00
2533,google_play,Gojek,mobility_superapp,SEA,3,Abhimata Wisnu Akssa,2026-05-21,"good app but often has connection issues , sometimes calls can't be accepted, and loading times are very long. I've updated the app several times but i still experience these issues",en,negative,0.8561,EV·충전,2026-06-05 09:24:42.911098+00
2534,google_play,Gojek,mobility_superapp,SEA,1,Fachry Prasetyo Hutomo,2026-05-21,"I'm really having bad experience with how the gps works. Two times i ordered food with gofood, and i CHECKED the address. Turned out, the map in go jek pinpoint the wrong random location on the map. One more thing, you can't just disable the promo notifications from the app. You can only disable it from the android settings.",en,negative,0.8649,기타,2026-06-05 09:24:42.911098+00
2535,google_play,Gojek,mobility_superapp,SEA,1,Lukman Munaji,2026-05-21,"isi gopay di rekening sudah terpotong, belum masuk ke gopay, chat yg bales robot, buat tiket pengaduan sudah mau 2 hari belum ada tanggapan, kirim email yg bales robot juga, gk ada pegawai cs apa ya?",id,negative,0.7958,결제,2026-06-05 09:24:42.911098+00
2536,google_play,Gojek,mobility_superapp,SEA,1,ED Wilson,2026-05-21,"Probably the safest way to arrange travel and consistently cheaper than Grab. However, drivers get a fraction of what you are charged in the app, and there are loads of hidden fees added after you have accepted the trip that an significantly increase the fare. Drivers often don't show, but then won't cancel, forcing you to do so which voids any Safe Trip insurance you have paid to guarantee the trip. Customer Service are awful and will not help you. A rip off. Use Bluebird instead.",en,negative,0.793,EV·충전,2026-06-05 09:24:42.911098+00
1525,google_play,Grab,mobility_superapp,SEA,5,คุณัญญา ชินเวช,2026-05-16,จะแนะนำเพื่อนมารับบริการค่ะ,th,neutral,0.7007,서비스,2026-06-05 09:24:42.911098+00
1526,google_play,Grab,mobility_superapp,SEA,5,Thebest Shop,2026-05-16,บริการดีทุกคน,th,positive,0.7069,서비스,2026-06-05 09:24:42.911098+00
1459,google_play,Grab,mobility_superapp,SEA,5,ชัยศรี ศรีจิรานนท์,2026-05-21,"ใช้บริการครั้งแรกติดใจเลยครับ รถสะอาด,คนขับพูดจาสุภาพเรียบร้อย ไม่อยากใช้รถส่วนตัวเลยครับ",th,positive,0.7737,배차·대기,2026-06-05 09:24:42.911098+00
1460,google_play,Grab,mobility_superapp,SEA,1,Natthaphat,2026-05-21,ค่าส่งขึ้นทีนึงเอาซะสูงปรี้ดเลย,th,negative,0.7583,기타,2026-06-05 09:24:42.911098+00
1461,google_play,Grab,mobility_superapp,SEA,5,ธนา สว่าง,2026-05-21,เริ่ส,th,positive,0.785,기타,2026-06-05 09:24:42.911098+00
2429,google_play,Gojek,mobility_superapp,SEA,2,Maulida Azzahra,2026-05-26,udah mulai gajelas apk nya. cacat.,id,negative,0.9484,기타,2026-06-05 09:24:42.911098+00
2430,google_play,Gojek,mobility_superapp,SEA,1,Rayza Thipanna (iBob),2026-05-26,"BOBROK, Opang dikasih platform. lebih ngemis minta order langsung tanpa pake aplikasi.. tutup aja",id,negative,0.9047,기타,2026-06-05 09:24:42.911098+00
2431,google_play,Gojek,mobility_superapp,SEA,2,A Google user,2026-05-26,"pas mau cek resto terdekat, restonya nge-loop. cuman nampilin beberapa restoran, terus balik ke resto pertama lagi...",id,negative,0.6897,기타,2026-06-05 09:24:42.911098+00
2432,google_play,Gojek,mobility_superapp,SEA,5,Hendra Permana,2026-05-26,aplikasinya utk berkendara dan lainnya oke..tapi game gocatnya gak bisa d buka setelah saya update aplikasinya .hanya muncul tulisan loading failed udh 4 hari..sebelumnya bisa ..,id,negative,0.7107,기타,2026-06-05 09:24:42.911098+00
2433,google_play,Gojek,mobility_superapp,SEA,1,Andro Siregar,2026-05-26,"The ""Prioritas"" feature is useless even in peak hours.",en,negative,0.8866,EV·충전,2026-06-05 09:24:42.911098+00
2434,google_play,Gojek,mobility_superapp,SEA,1,Abira,2026-05-26,"pelayanannya tidak bagus, tidak dapat diandalkan dalam segala kondisi cuaca. lebih baik pilih jasa layanan lain atau memang sudah semestinya ga bergantung dengan app.",id,negative,0.8771,기타,2026-06-05 09:24:42.911098+00
2435,google_play,Gojek,mobility_superapp,SEA,1,Abu Abdillah Adi Nugroho,2026-05-26,"Katanya dapat kupon kalau telat pengiriman, sudah 2 atau 3x tidak pernah dapat. Bohong belaka.. Pada ujungnya kamu akan dibiarkan sampai sistemnya membatalkan atau kamu bosen menunggu sehingga membatalkan sendiri sehingga tidak berhak dapat kupon. Padahal sy ga batalin pun sistem batalin sendiri dan ga dapat kupon.. Waktunya pindah ke GRAB semua.. termasuk GRAB FOOD",id,negative,0.8612,기타,2026-06-05 09:24:42.911098+00
2436,google_play,Gojek,mobility_superapp,SEA,1,Muhammad Zulfarhan,2026-05-26,"aplikasi sampah, udah pakai prioritas juga belum dapat. mendong hapus aja",id,negative,0.8798,기타,2026-06-05 09:24:42.911098+00
2437,google_play,Gojek,mobility_superapp,SEA,3,Ganesh Afif,2026-05-26,"CSnya tolong diperbaiki susah dihubungi, 1 tiket aktif dari jam 14.00 baru selesai magrib tanpa ada kejelasan/balasan sama sekali.. Coba ke email dibalas bot yg ga nyambung. Tidak ada cara valid untuk cari cs manusia. Komplain via rating aplikasi baru bisa dapet cs manusia.",id,negative,0.8871,기타,2026-06-05 09:24:42.911098+00
2495,google_play,Gojek,mobility_superapp,SEA,1,Bagus Pratama,2026-05-24,susah dapet driver,id,negative,0.7458,배차·대기,2026-06-05 09:24:42.911098+00
2438,google_play,Gojek,mobility_superapp,SEA,1,Henny Cutez,2026-05-26,"grab parah d jam2 mau buka puasa, bukan driver butuh duit pake segala ngk mau trima orderan..giliran dpt kemurahan komplain, giliran lg benar2 butuh sok2an driver ngk mau trima orderan.. udh pake harga normal masih susah dapat driver...",id,negative,0.8655,배차·대기,2026-06-05 09:24:42.911098+00
2439,google_play,Gojek,mobility_superapp,SEA,1,Nafisah Alya Permana,2026-05-26,MASA AKU BELI MAKANAN GADPT DRIVERSIIIIHHHHHG,so,negative,0.4723,배차·대기,2026-06-05 09:24:42.911098+00
2440,google_play,Gojek,mobility_superapp,SEA,1,fir,2026-05-26,"udah mesen dari tadi, pake estimasi 60 menit, tapi ttep aja ditungguin sejam lebih ga ada driver yang ngambil & ujung"" nya delayed. udah ampe cancel & re-order ttep sama aja",id,negative,0.84,배차·대기,2026-06-05 09:24:42.911098+00
2441,google_play,Gojek,mobility_superapp,SEA,1,Daffa khairy,2026-05-26,saya beli krispy kreme dengan metode pemesanan terjadwal dibatalkan sepihak oleh gojek dan pihak krispy kreme,id,negative,0.757,기타,2026-06-05 09:24:42.911098+00
2442,google_play,Gojek,mobility_superapp,SEA,2,IMEL MUMUW,2026-05-26,pesan goride ataupun gocar sering susah dpt driver. dapat gocar sering unit kondisinya tidak nyaman. gojek skrg susah bgd.,id,negative,0.7862,배차·대기,2026-06-05 09:24:42.911098+00
2443,google_play,Gojek,mobility_superapp,SEA,1,Evan Sidarta,2026-05-26,"Setelah menggunakan gojek 5 tahun, pelayanan memburuk drastis setahun terakhir. driver semua bermasalah dan sengaja ghosting/menjauh. pihak gojek semakin lama semakin mempersulit pelaporan dan menurunkan pelayanan. gojek bukan layanan yang reliable until kebutuhan transportasi.",id,negative,0.9291,배차·대기,2026-06-05 09:24:42.911098+00
2444,google_play,Gojek,mobility_superapp,SEA,1,Ahmad Refi,2026-05-26,gopay later saya kok diblokir? saya selalu membayar tagihannya sebelum jatuh tempo dan saya tidak melakukan kecurangan,id,negative,0.5609,결제,2026-06-05 09:24:42.911098+00
2445,google_play,Gojek,mobility_superapp,SEA,1,Nur Erwin Aditya,2026-05-26,"Penentuan titik jemput di beberapa kondisi tidak fleksibel, icon driver di map sering tidak update",id,negative,0.4957,배차·대기,2026-06-05 09:24:42.911098+00
2446,google_play,Gojek,mobility_superapp,SEA,2,Binoj Nair,2026-05-26,"for years gojek app was probably the gold standard in Indonesia. past few months have recent a significant degradation for go ride. maps are continuously error prone. submitting tips to drivers is not easy - some digits are hidden in the bottom part of the screen and not accessible. and to top it all, there is no way to provide this feedback within th app. all complaints have to be related to specific rides, while these are general issues not related to any specific ride",en,negative,0.8592,앱오류,2026-06-05 09:24:42.911098+00
2447,google_play,Gojek,mobility_superapp,SEA,2,anna,2026-05-26,kenapa gojek sangat lemot? saya pesen gosend dan tombol untuk chat dan call driver tidak berfungsi. sudah saya tutup dan bula aplikasi beberapa kali dan tetap saja masalahnya. bukan masalah koneksi saya.,id,negative,0.8247,배차·대기,2026-06-05 09:24:42.911098+00
2448,google_play,Gojek,mobility_superapp,SEA,1,Khalila Putri,2026-05-26,"tiap akun bedanya jauh harganya, bs sampe 20 rebu pdhl sama persis jaraknya",id,neutral,0.6271,기타,2026-06-05 09:24:42.911098+00
2449,google_play,Gojek,mobility_superapp,SEA,5,Adryansyah adryansyah,2026-05-26,good lah,so,positive,0.5523,기타,2026-06-05 09:24:42.911098+00
2450,google_play,Gojek,mobility_superapp,SEA,5,Firgiawan Khafidli,2026-05-25,T.O.P,pt,neutral,0.455,기타,2026-06-05 09:24:42.911098+00
2451,google_play,Gojek,mobility_superapp,SEA,1,Muhammad Ikhsan Haqiqi,2026-05-25,klo ga niat ngasih promo mending ga usah. 1 jam nunggu ga dapet apa apa. pesanan juga hilang tidak tercatat di history. saya komplain pake apa klo ga tercatat????? sangat mengecewakan!,id,negative,0.9247,기타,2026-06-05 09:24:42.911098+00
2452,google_play,Gojek,mobility_superapp,SEA,1,Parhuta,2026-05-25,"jera pakai, order go ride lama dapat rider, lupa cancel langsung tutup aps, saldo gopay kepotong, orderan bisa finish, di complain gagal perkara udah lebih 1 x 24 jam. lawak",id,negative,0.638,결제,2026-06-05 09:24:42.911098+00
2453,google_play,Gojek,mobility_superapp,SEA,1,Reza Auliarahman,2026-05-25,trash apk cant connect if you use WIFI,en,negative,0.8598,기타,2026-06-05 09:24:42.911098+00
2454,google_play,Gojek,mobility_superapp,SEA,5,The Chandra's TV,2026-05-25,nice work,pl,positive,0.6925,기타,2026-06-05 09:24:42.911098+00
2455,google_play,Gojek,mobility_superapp,SEA,5,Wong Kok leong,2026-05-25,easy tobuse,en,negative,0.4108,기타,2026-06-05 09:24:42.911098+00
2456,google_play,Gojek,mobility_superapp,SEA,2,Yully Susanti,2026-05-25,kebanyakan drivernya gak ramah & kendaraan kotor,id,negative,0.9057,배차·대기,2026-06-05 09:24:42.911098+00
2458,google_play,Gojek,mobility_superapp,SEA,1,Marcellinus Anthony Raharjo,2026-05-25,banyak driver Banjarmasin ngemis,id,negative,0.8481,배차·대기,2026-06-05 09:24:42.911098+00
2459,google_play,Gojek,mobility_superapp,SEA,1,Shafri Bin Alias,2026-05-25,In regards to my gojek issue still not resolve for more than 1 week. unbelievable,en,negative,0.9311,EV·충전,2026-06-05 09:24:42.911098+00
2460,google_play,Gojek,mobility_superapp,SEA,1,Goodie Good,2026-05-25,"The vouchers on the app doesn't exist. You can see em, but you can't use em. I kinda feel like I get fooled by this app every time I install it. Also, the delivery fees just freakin expensive. Not worth to use!",en,negative,0.9511,EV·충전,2026-06-05 09:24:42.911098+00
2461,google_play,Gojek,mobility_superapp,SEA,1,Bee Tee,2026-05-25,"As of 2026 it is almost impossible to reach out to customer support. Beware if you run into any issues with this private car hailing app. No contact number, no option to log a ticket in the app and no forms or email address to contact. If the help topics are not able to solve your issues, then good luck.",en,negative,0.7214,서비스,2026-06-05 09:24:42.911098+00
2992,google_play,Gojek,mobility_superapp,SEA,5,Hải Hồ,2024-08-11,"Chào mọi người e là tài xế mới của gojek , gojek cần quang tâm chăm sóc khách hàng nhieu về 1 số tài xế hủy đơn khách, thái độ tài xế phục vụ khách không tốt làm khách buồn đánh giá không tốt gojek, vì 1 số tài xế đó ảnh huong nhieu tài xế khác và gojek nói chung. E có nhận đồ ăn các nhà hàng nhân viên điều nói có tài xế gojek đến xác nhận mới làm, còn tài xế ap khác có đơn là họ làm sẵn đến lấy lý do là 1 số tài xế gojek tự ý hủy đơn ảnh huong k tốt về tài xế khác nói rieng và gojek",vi,neutral,0.4859,배차·대기,2026-06-05 09:24:42.911098+00
2993,google_play,Gojek,mobility_superapp,SEA,1,Sekiro Bcs,2024-08-10,K đổi số đt đc,vi,negative,0.4495,기타,2026-06-05 09:24:42.911098+00
2994,google_play,Gojek,mobility_superapp,SEA,1,Sury Ha,2024-08-10,"Liên kết với tk momo trả cho nhanh gọn, nhưng chưa tìm được ship đã bị trừ tiền. Bấm hủy chuyến thì được hủy nhưng không được hoàn tiền. Như kiểu lừa đảo vậy, khó chịu vô cùng🙂",vi,negative,0.7569,기타,2026-06-05 09:24:42.911098+00
2995,google_play,Gojek,mobility_superapp,SEA,1,Phương Liên Nguyễn,2024-08-10,"Đặt đồ đợi quá lâu nhưng k cho hủy, k liên hệ cho tổng đài để hỗ trợ được, BỰC",vi,negative,0.5916,서비스,2026-06-05 09:24:42.911098+00
2996,google_play,Gojek,mobility_superapp,SEA,1,Kiên Vũ Đình,2024-08-10,Không có cho khách hủy mà đợi nửa ngày không có xế,vi,negative,0.4821,기타,2026-06-05 09:24:42.911098+00
2997,google_play,Gojek,mobility_superapp,SEA,1,Phú Quý Châu,2024-08-10,"Tip cho tài xế hay không đó là tấm lòng của khách chứ không phải là nghĩa vụ hay nhiệm vụ bắt buộc, lần nào xong chuyến aap cũng gửi thông báo nhắc nhở tip cho bác tài. Bộ đói khát lắm hay gì vậy? Mé bực vl.",vi,negative,0.4436,배차·대기,2026-06-05 09:24:42.911098+00
2998,google_play,Gojek,mobility_superapp,SEA,5,HOÀNG HÒA LÝ,2024-08-10,Phản ứng nhanh. Tài xế chuẩn mực. Nghiêm túc,vi,positive,0.5522,배차·대기,2026-06-05 09:24:42.911098+00
2999,google_play,Gojek,mobility_superapp,SEA,1,Hoang Lai Do,2024-08-10,Quảng cáo dở tệ mà quảng cáo hoài.,vi,negative,0.806,기타,2026-06-05 09:24:42.911098+00
3000,google_play,Gojek,mobility_superapp,SEA,5,Tùng Nguyễn,2024-08-10,App nào cũng có lỗi riêng của nó cô chú anh chị tích cực lên nào đừng tiêu cực quá nè,vi,negative,0.547,앱오류,2026-06-05 09:24:42.911098+00
3039,google_play,Gojek,mobility_superapp,SEA,5,อมร อุทิศ,2023-05-24,ดีมากไปค่ะ,th,positive,0.8785,기타,2026-06-05 09:24:42.911098+00
3040,google_play,Gojek,mobility_superapp,SEA,1,รัชนก,2023-04-24,รหัสไม่ส่งมายังเบอร์ ลองทำหลายรอบมากก็ไม่ได้,th,negative,0.6973,기타,2026-06-05 09:24:42.911098+00
3075,google_play,Gojek,mobility_superapp,SEA,1,ปังปอน สวนานนท์,2022-03-06,รหัส otp ไม่มาสักที,th,negative,0.6509,기타,2026-06-05 09:24:42.911098+00
3076,google_play,Gojek,mobility_superapp,SEA,4,Torah Malai,2022-03-02,แอพเขาปิดตัวไปแล้วโว้ย,th,negative,0.9098,기타,2026-06-05 09:24:42.911098+00
3041,google_play,Gojek,mobility_superapp,SEA,1,ชไมพร ชัยวงศ์,2023-04-21,ขอบอกเลยใครโหลดมาต้องผิดหวังแน่ๆตอนโหลดมาเป็นภาษาไทยอยู่ อยู่ดีๆก็เปลี่ยนเป็นภาษาอังกฤษเองพอจะเปลี่ยนก็ไม่มีภาษาไทยให้เปลี่ยนพอจะสร้างบัญชีรหัสก็ไม่ส่งมาแย่มาก,th,negative,0.9067,기타,2026-06-05 09:24:42.911098+00
3042,google_play,Gojek,mobility_superapp,SEA,5,บํารุง สกุลปั้นเงิน,2023-02-20,ใช้ได้ครับ,th,positive,0.4382,기타,2026-06-05 09:24:42.911098+00
3043,google_play,Gojek,mobility_superapp,SEA,5,Arporn Pluempitikun,2022-11-16,ดีค่ะแต่เครื่องช้าทำให้ไม่สามารถดูได้ในบางช่วงค่ะสุดยอดค่ะขอบคุณค่,th,positive,0.6646,배차·대기,2026-06-05 09:24:42.911098+00
3044,google_play,Gojek,mobility_superapp,SEA,3,Thunyawot Tuynaoy yes !คนใจบุญ,2022-09-24,คนธรรมดา ความที่หวัง ปรารถนา ทุกประการ,th,neutral,0.572,배차·대기,2026-06-05 09:24:42.911098+00
1747,google_play,Grab,mobility_superapp,SEA,5,เบญญาภา เจียรโณรส,2026-04-17,ส่งไว้ม่ากกกกกกกก,th,negative,0.4694,기타,2026-06-05 09:24:42.911098+00
3045,google_play,Gojek,mobility_superapp,SEA,5,Earth Chabuu,2022-09-19,RIP Gojek Thailand เราจะจดจำนายในฐานะ แอพฯรถรับส่ง ที่ราคาถูกกว่าแกร๊บ 😔🙏 #RIP #Gojekปิด,th,negative,0.7254,배차·대기,2026-06-05 09:24:42.911098+00
3046,google_play,Gojek,mobility_superapp,SEA,2,อัญชลี นิมิตอุปถัมภ์,2022-09-08,พ ำ ำ ห่/แกำๆ_ไ ฟ,th,neutral,0.4557,기타,2026-06-05 09:24:42.911098+00
3047,google_play,Gojek,mobility_superapp,SEA,1,วันดี รุ่งพิมาย,2022-09-01,แอปแย่มาก,th,negative,0.9227,기타,2026-06-05 09:24:42.911098+00
3048,google_play,Gojek,mobility_superapp,SEA,1,พัตเตอร์ คร๊าบ,2022-08-15,พออัพเดทปุ๊บคือไร เข้าระบบไม่ได้รอotpส่งมาไม่ส่งมาเลย เอามาให้ใช้ทำไม,th,negative,0.8144,기타,2026-06-05 09:24:42.911098+00
3049,google_play,Gojek,mobility_superapp,SEA,5,Ratchapol Limsakul (NCOfixer),2022-07-31,แอปเลิกกิจการแล้ว สำหรับคนที่ยังไม่รู้นะครับ,th,neutral,0.7561,기타,2026-06-05 09:24:42.911098+00
2482,google_play,Gojek,mobility_superapp,SEA,5,Kevin,2026-05-24,"Go shop ga ada yang bawa uang kas, account saya yg di suspend... setiap order driver yg sama soalnya pake third party applikasi jadi dicancel berturut2.... good job gojek keren memang jasanya",id,negative,0.5798,배차·대기,2026-06-05 09:24:42.911098+00
2483,google_play,Gojek,mobility_superapp,SEA,1,PBEEP 139_14,2026-05-24,"halo, kalau beberapa driver dari aplikasi anda tidak mau jemput saya karena saya memakai voucher diskon dan akan membayar via cash, dan saya cancel karena sudah beberapa driver yang saya lihat dari map itu mereka malah menjauh dari titik jemput, kenapa saya yang dikenakan biaya cancel, saya harus nunggu 10 jam gitu sampai baru dijemput? kasih tahu driver driver anda, gak bagus ini aplikasinya. driver driver kalian yang tidak mau jemput ya saya cancel lah, beberapa kali. masa nunggu 10 jam. 👎",id,negative,0.8536,배차·대기,2026-06-05 09:24:42.911098+00
2484,google_play,Gojek,mobility_superapp,SEA,1,chandra prahasta,2026-05-24,jelek.. lama dapetnya.. beda ama grab cepet murah lg.. 👎🏿👎🏿👎🏿,id,negative,0.9084,기타,2026-06-05 09:24:42.911098+00
2485,google_play,Gojek,mobility_superapp,SEA,5,Alven Desnecmen,2026-05-24,"Easy to navigate, simple and transparent.",en,positive,0.7389,기타,2026-06-05 09:24:42.911098+00
2486,google_play,Gojek,mobility_superapp,SEA,5,Ana Karunia,2026-05-24,lanjutkan 👍🏼,id,positive,0.7289,기타,2026-06-05 09:24:42.911098+00
2487,google_play,Gojek,mobility_superapp,SEA,1,Budi Agung,2026-05-24,"di jaman sekarang gojek masih tidak ada opsi pembayaran lewat QRIS untuk ride seperti grab, bener bener konyol, warung madura & dagang gorengan aj udah bisa terima QRIS, ketinggalan jaman banget",id,negative,0.8583,기타,2026-06-05 09:24:42.911098+00
2488,google_play,Gojek,mobility_superapp,SEA,1,Daffa Abdillah Oktara,2026-05-24,"Saya mohon untuk gojek agar lebih tegas kedepannya, saya sedang terburu buru dan membutuhkan driver tetapi tidak ada yang ambil pesanan selama setengah jam lebih karena ada konvoi, maksud saya kalau emang kerja ya kerja aja, saya sudah pakai fitur prioritas dsb tetap gabisa, saran saya jika sudah menggunakan fitur prioritas aplikasi harus mencari driver terdekat dan pilih siapa drivernya agar dia mengambil pesanan, jika dia menolak maka gojek harus memberikan sanksi, ini agar driver tidak semena",id,negative,0.5232,배차·대기,2026-06-05 09:24:42.911098+00
2489,google_play,Gojek,mobility_superapp,SEA,5,Adrianus Adriyono,2026-05-24,teruslah berkembang perbanyak promo yg menarik dan berguna untum customer,id,positive,0.636,기타,2026-06-05 09:24:42.911098+00
2490,google_play,Gojek,mobility_superapp,SEA,2,adira rasya,2026-05-24,kenapa gangguan teknis terus ya... susah mau tf..,id,negative,0.9326,기타,2026-06-05 09:24:42.911098+00
2491,google_play,Gojek,mobility_superapp,SEA,2,Ester Meluriaty,2026-05-24,"Game nya bikin gemes, orang2 cuma suka di-like kucingnya tapi pelit like back 😪",id,negative,0.5298,기타,2026-06-05 09:24:42.911098+00
2492,google_play,Gojek,mobility_superapp,SEA,1,Bayu Muhamad,2026-05-24,"Aplikasi lelet, padahal jaringan bagus",id,negative,0.7397,기타,2026-06-05 09:24:42.911098+00
2493,google_play,Gojek,mobility_superapp,SEA,1,milan Hd,2026-05-24,"GOJEK ITU SEKARANG SEPERTI PINJOL, AMBIL FEE BESAR DARI CUSTOMERS DAN MEMOTONG UANG PEKERJA BESAR SEKALI , PADAHAL DIA UDH BNYK MENANG ORG MEMAKAI APLIKASI NYA, GOJEK ITU LINTAH, MENDING PAKAI SHOPEE, POKOKNYA GOJEK MAU ITI GOCAR APA LG GO FOOD WOOOW UNTUNG NYA UTK GOJEK BNYK BANGET BENER2 LINTAH PINJOL INI GOJEK",de,negative,0.5014,기타,2026-06-05 09:24:42.911098+00
2494,google_play,Gojek,mobility_superapp,SEA,1,Octa Richie,2026-05-24,"aplikasi sampah , ga bisa cancel gofood, memang cocok ceo mu gol itu",tl,negative,0.9051,기타,2026-06-05 09:24:42.911098+00
2497,google_play,Gojek,mobility_superapp,SEA,1,Rizky Ananda Putra,2026-05-23,"Terrible app with no empathy or customer mindset. Ordered food 1.5 hours ago, and the driver keeps changing repeatedly without any explanation or notification",en,negative,0.9512,배차·대기,2026-06-05 09:24:42.911098+00
2498,google_play,Gojek,mobility_superapp,SEA,5,Mako Touma,2026-05-23,minim bugs... 🤩😌,lt,positive,0.5746,앱오류,2026-06-05 09:24:42.911098+00
2499,google_play,Gojek,mobility_superapp,SEA,1,finaty burnie,2026-05-23,"sistem nya parah. kalo pesanan salah, ga bisa telpon langsung toko atau bang gojek apalagi bantuan CS.",id,negative,0.91,기타,2026-06-05 09:24:42.911098+00
2500,google_play,Gojek,mobility_superapp,SEA,5,Carla Da Silva,2026-05-23,easy to use great options,en,positive,0.8335,기타,2026-06-05 09:24:42.911098+00
2501,google_play,Gojek,mobility_superapp,SEA,1,Chenzy HD,2026-05-23,"teruntuk gojek di bandung dkk. tolong jangan gerimis dikit ga ada yg mau ambil, macet dikit ga ada yng mau ambil, ada bola tanding ga ada yg mau ngambil, jdi yg lgi urgent keluar susah banget dapet driver. tolong banget ini mah kita saling membutuhkan.",id,negative,0.8745,배차·대기,2026-06-05 09:24:42.911098+00
2502,google_play,Gojek,mobility_superapp,SEA,4,Monika Lstr,2026-05-23,kenapa selalu susah dapet driver...,id,negative,0.8711,배차·대기,2026-06-05 09:24:42.911098+00
2503,google_play,Gojek,mobility_superapp,SEA,1,Hans,2026-05-23,driver ga dapet2,no,negative,0.6291,배차·대기,2026-06-05 09:24:42.911098+00
2505,google_play,Gojek,mobility_superapp,SEA,1,Koen Munneke,2026-05-23,"I added cash to gopay, used it for grocery shopping. they closed the account due ""fraude"" I raised the issue, but they have no customer service aside from a bit repeating that they will not explain why the account was blocked. I guess they just stole my money. scam",en,negative,0.8852,결제,2026-06-05 09:24:42.911098+00
1513,google_play,Grab,mobility_superapp,SEA,4,ธเนศ หลวงปัญญา,2026-05-17,ดีมากๆๆๆๆ,th,positive,0.8664,기타,2026-06-05 09:24:42.911098+00
2506,google_play,Gojek,mobility_superapp,SEA,5,Cihuyy,2026-05-23,gwe mageran jdi cocok =b,nl,negative,0.6063,기타,2026-06-05 09:24:42.911098+00
2507,google_play,Gojek,mobility_superapp,SEA,3,Eva Tobing,2026-05-23,systemnya lamban respon sering buffering,id,negative,0.8915,기타,2026-06-05 09:24:42.911098+00
2508,google_play,Gojek,mobility_superapp,SEA,5,Bintang Shilla,2026-05-23,🎉,unknown,positive,0.4888,기타,2026-06-05 09:24:42.911098+00
209,google_play,KOKKOK Move,kokkok,LAO,1,ากสสว สพสพน,2024-10-25,ຮອ້ງລົດຢາກແຮງ,unknown,neutral,0.4094,기타,2026-06-05 09:24:42.911098+00
210,google_play,KOKKOK Move,kokkok,LAO,1,ggx vang,2024-10-23,"ຄົນຂັບລົດໄຟຟ້າສ່ວນຫຼາຍເວົ້າຈາບໍ່ສຸພາບ,ມີການໃຊ້ອາລົມກັບລູກຄ້າ,ຮັບບໍ່ໄດ້ຢ່າງແຮງ",unknown,negative,0.6858,기타,2026-06-05 09:24:42.911098+00
211,google_play,KOKKOK Move,kokkok,LAO,5,wealth,2024-10-13,ເດິນທາງໄດ້ຄຸ້ມຮາຄາທີ່ສູດ,unknown,neutral,0.4276,기타,2026-06-05 09:24:42.911098+00
212,google_play,KOKKOK Move,kokkok,LAO,1,Weena Pongpituk,2024-10-08,แอฟติดตั้งไม่ยาก แต่ใช้งานไม่ได้ เรียกรถไม่ได้เลยสักคัน ไม่ว่าจะเวลาไหน อยู่ตั้งหลายวัน ช่วยกันกดเรียกรถ 4 เครื่อง เรียกรถไม่ได้สักเครื่องเลย รถจอดอยู่ตรงหน้ายังเรียกไม่ได้เลย😡 บางทีที่เรียกรถวิ่งผ่านไม่มีผดส. คนขับไถโทศัพท์ผ่านหน้าไปเฉยๆ แอฟยังเรียกรถไม่ได้เลย 😡😡😡😡😡😡,th,negative,0.8147,배차·대기,2026-06-05 09:24:42.911098+00
213,google_play,KOKKOK Move,kokkok,LAO,1,Lerd Xaiyasith,2024-10-05,ເອີ້ນລົດຍາກແທ້ດຽວນີ້,unknown,negative,0.5745,기타,2026-06-05 09:24:42.911098+00
214,google_play,KOKKOK Move,kokkok,LAO,1,Dark King,2024-09-30,ເອີ້ນລົດຍາກຫລາຍ,unknown,neutral,0.4314,기타,2026-06-05 09:24:42.911098+00
215,google_play,KOKKOK Move,kokkok,LAO,4,KL Center clup,2024-09-25,ປະຢັດດີ,unknown,positive,0.4939,기타,2026-06-05 09:24:42.911098+00
1781,google_play,Grab,mobility_superapp,SEA,4,Shu Shi,2026-04-13,อยากให้เห็นใจคนขับแกรปกว่านี้ค่า เอะอะอย่าผลักภาระมาให้ผู้บริโภค,th,negative,0.5437,기타,2026-06-05 09:24:42.911098+00
1782,google_play,Grab,mobility_superapp,SEA,1,Pungkey Pungkey,2026-04-13,ชำระเงินได้แค่เงินสด,th,neutral,0.7081,결제,2026-06-05 09:24:42.911098+00
1783,google_play,Grab,mobility_superapp,SEA,5,ปวีณา,2026-04-13,ดีๆๆๆๆๅๅๆๆวมเเา,th,positive,0.7993,기타,2026-06-05 09:24:42.911098+00
1784,google_play,Grab,mobility_superapp,SEA,5,รมณ เหลียวสูง,2026-04-13,ขับดีปลอดภัย,th,positive,0.5049,기타,2026-06-05 09:24:42.911098+00
1785,google_play,Grab,mobility_superapp,SEA,5,อาภรณ์ ประรักกะโม,2026-04-13,ใช้เวลาสั่งซื้อไม่นาน ตรงเวลา,th,neutral,0.7492,기타,2026-06-05 09:24:42.911098+00
1786,google_play,Grab,mobility_superapp,SEA,5,จุฬารัตน์ เบาใจ,2026-04-13,บริการดี สุภาพ มากค่ะ,th,positive,0.7692,서비스,2026-06-05 09:24:42.911098+00
1787,google_play,Grab,mobility_superapp,SEA,1,Do Io,2026-04-13,กดเพิ่มเพื่อลดค่าส่งแต่ส่งแยก กดแป๊ปซี่14บาท + ค่าส่ง86บาท ฉันงงมากแป๊ปซี่ขวดน้อยราคาเป็นร้อย???,th,negative,0.6137,요금,2026-06-05 09:24:42.911098+00
1788,google_play,Grab,mobility_superapp,SEA,5,pichsinee sok,2026-04-13,ល្អ,unknown,neutral,0.3468,기타,2026-06-05 09:24:42.911098+00
1789,google_play,Grab,mobility_superapp,SEA,1,RK RK,2026-04-13,โหลดแต่ละอย่างช้ามาก แอปอื่นเล่นได้หมดมีแต่แอปนี้ที่โหลดไม่ได้ เรียกรถตอนตี 3 ไม่มีใครรับสักคน !!!!,th,negative,0.7801,배차·대기,2026-06-05 09:24:42.911098+00
1790,google_play,Grab,mobility_superapp,SEA,5,นาตยา เทียนพันธ์,2026-04-13,คนขับสุภาพมาก ตั้งแต่สั่งของมาเลย,th,positive,0.5806,기타,2026-06-05 09:24:42.911098+00
1791,google_play,Grab,mobility_superapp,SEA,1,Sigmar Guirre,2026-06-04,I can't open because of passkey,en,negative,0.869,기타,2026-06-05 09:24:42.911098+00
1792,google_play,Grab,mobility_superapp,SEA,1,Hafiz Haikal Fahreza,2026-06-04,gua gak klik order woy,af,negative,0.7546,기타,2026-06-05 09:24:42.911098+00
1793,google_play,Grab,mobility_superapp,SEA,5,Hinisha Saravanan,2026-06-04,"Convenient and reliable for transportation, food delivery, and cashless payments. Very useful for everyday needs.",en,positive,0.7305,EV·충전,2026-06-05 09:24:42.911098+00
1794,google_play,Grab,mobility_superapp,SEA,5,Kevin Rys,2026-06-04,accurate,ro,neutral,0.4251,기타,2026-06-05 09:24:42.911098+00
1795,google_play,Grab,mobility_superapp,SEA,1,Arya Pradana,2026-06-04,"sering freeze, gak guna",da,negative,0.8285,기타,2026-06-05 09:24:42.911098+00
1796,google_play,Grab,mobility_superapp,SEA,5,Ya min tun,2026-06-04,not bad,lv,positive,0.4248,기타,2026-06-05 09:24:42.911098+00
1909,google_play,Grab,mobility_superapp,SEA,4,Budy Wuysang,2026-06-02,"Not perfect 5 stars due to portrait only mode, wastes lcd tv space in miracast mode. Status pesanan grabfood suka menggantung di halaman utama walaupun pesanan sudah selesai. Mesti direstart appnya baru hilang.",id,negative,0.8966,기타,2026-06-05 09:24:42.911098+00
1910,google_play,Grab,mobility_superapp,SEA,5,cool_ butterfly,2026-06-02,"Reliable transportation and delivery app. Convenient, fast, and easy to book rides.",en,positive,0.7915,기타,2026-06-05 09:24:42.911098+00
1911,google_play,Grab,mobility_superapp,SEA,1,Kin Beltran,2026-06-02,Booo. Poor support. Terrible service. Tried to reach out to local support and didnt acknowledged me.,en,negative,0.9558,서비스,2026-06-05 09:24:42.911098+00
1912,google_play,Grab,mobility_superapp,SEA,1,Qaseh Fyra,2026-06-02,kenapa duit dalam grab sy xmsuk?? sy dah topup.. tp xmsuk pon?? ada mslh ka??,id,negative,0.7772,기타,2026-06-05 09:24:42.911098+00
1913,google_play,Grab,mobility_superapp,SEA,5,Christina Sapo-an,2026-06-02,"Binisita ni CEO wife Lin Shiyin ang kanyang ina kasama ang anak na si Qi Yu. Ininsulto sila ng ampon na si Song Shuqi—lumaban si Qi Yu. Pinaglaruan sila, itinanggi sila ni Yu Rong. Pinalayas sila ng asawa ni Song Shuqi na si Pei Ruibo—hanggang dumating ang asawa ni Lin Shiyin na si Qi Chengjun.",tl,neutral,0.5813,기타,2026-06-05 09:24:42.911098+00
1914,google_play,Grab,mobility_superapp,SEA,5,Diwan Salman Sarfraj,2026-06-02,good app,en,positive,0.6515,기타,2026-06-05 09:24:42.911098+00
1915,google_play,Grab,mobility_superapp,SEA,5,Balram,2026-06-02,nice app,it,positive,0.6356,기타,2026-06-05 09:24:42.911098+00
1916,google_play,Grab,mobility_superapp,SEA,5,Michael Georgia,2026-06-02,Grab is the only way to not get taken advantage of.,en,neutral,0.4014,기타,2026-06-05 09:24:42.911098+00
1917,google_play,Grab,mobility_superapp,SEA,5,OMAR CAUNTONGAN,2026-06-02,Nice app.,en,positive,0.816,기타,2026-06-05 09:24:42.911098+00
1918,google_play,Grab,mobility_superapp,SEA,4,Lee Jia le,2026-06-02,I think the app is great overall but there could be some issues at certain times where the tracker can be inconsistent and buggy. I am not sure if this is only personal experience but hopefully others might encounter the same problems as well and point it out,en,negative,0.863,앱오류,2026-06-05 09:24:42.911098+00
1264,google_play,Grab,mobility_superapp,SEA,1,Công Lý Phạm Hoàng,2026-05-05,"app có định vị rất tệ, ảnh hưởng xấu đến trãi nghiệp đặt món ăn trên app",vi,negative,0.935,기타,2026-06-05 09:24:42.911098+00
1265,google_play,Grab,mobility_superapp,SEA,1,Nhiên Phạm,2026-05-05,phí cả buổi trời để hủy chuyến,vi,negative,0.7689,기타,2026-06-05 09:24:42.911098+00
1266,google_play,Grab,mobility_superapp,SEA,5,Ngọc Nhật Lữ,2026-05-05,dịch vụ quá tuyệt vời,vi,positive,0.896,기타,2026-06-05 09:24:42.911098+00
1267,google_play,Grab,mobility_superapp,SEA,1,Hiền Nguyễn Thị,2026-05-05,nhân viên giao hàng cố tình thu phí ship 2 lần từ hai phía . và không xác nhận giao hàng thành công kiến 2 nhân viên khác đến tiếp theo. cảm thấy thất vọng về app,vi,negative,0.8938,기타,2026-06-05 09:24:42.911098+00
1268,google_play,Grab,mobility_superapp,SEA,1,Quang Bui,2026-05-05,cảm ơn đã chạy quảng cáo rác quá nhiều để tôi có động lực xoá app,vi,negative,0.5895,기타,2026-06-05 09:24:42.911098+00
1081,google_play,Grab,mobility_superapp,SEA,5,ninh quach,2026-05-20,quán mới ăn ngon miệng síp nhanh,vi,positive,0.6418,기타,2026-06-05 09:24:42.911098+00
1837,google_play,Grab,mobility_superapp,SEA,5,An Droid,2026-06-03,Works great as ride app in Singapore 👍 Allows rating and tipping after ride with cashless payments.,en,positive,0.714,결제,2026-06-05 09:24:42.911098+00
1269,google_play,Grab,mobility_superapp,SEA,1,Kiều Anh VTrần,2026-05-05,Quảng cáo điê mồm thôi.Chỗ mình ở cũng gần Sân bay Long Thành vãi luôn ấy mà bắt ko nổi 1 cuốc có grab ở gần cũng chẳng ai nhận,vi,negative,0.5371,기타,2026-06-05 09:24:42.911098+00
1270,google_play,Grab,mobility_superapp,SEA,1,Thanh Ly Khai,2026-05-05,"2026.. Đặt grabfood giờ chơi mất dạy gom đơn.. Food mà đặt từ 10h. Mà tới 11h chưa giao còn gì thức ăn.. Ăn dày quá nghiệp quật chết mịa mày đi grab Ứng dụng càng lúc càng tệ. Đăt giao hàng, chọn vị trí trên bản đồ xong cứ tự trôi đi chổ khác, trôi cái đi 1 khúc qua đường khác luôn. 20 phút đặt không xong 1 điểm giao. Tệ gì mà càng lúc càng tệ hại. Bắt đầu tới giai đoạn tận thu. Để nghiên cứu sử dụng cty vận chuyển khác.",vi,negative,0.7339,기타,2026-06-05 09:24:42.911098+00
1271,google_play,Grab,mobility_superapp,SEA,1,du ky Tay,2026-05-05,phí grab tăng quá nó bày phí kia phí lọ để nó ăn cuối cùng nó vẫn ăn hết,vi,negative,0.6015,기타,2026-06-05 09:24:42.911098+00
1272,google_play,Grab,mobility_superapp,SEA,1,TTH T,2026-05-05,"app ngu vc, ko định vị dc",vi,neutral,0.532,기타,2026-06-05 09:24:42.911098+00
1273,google_play,Grab,mobility_superapp,SEA,2,Ba Nguyenhuu,2026-05-05,ứng dụng gì thu tiền của khách 2km đầu thu của khách 19k mà lại trả cho tài 8k ảo thế nhỉ,vi,neutral,0.5705,기타,2026-06-05 09:24:42.911098+00
1274,google_play,Grab,mobility_superapp,SEA,1,Hoang Le,2026-05-05,rất tệ,vi,negative,0.9094,기타,2026-06-05 09:24:42.911098+00
1275,google_play,Grab,mobility_superapp,SEA,1,Minh Ngọc Anh,2026-05-04,"tài xế chất lượng đáy xã hội ,khinh thường học sinh,sinh viên",vi,neutral,0.5463,배차·대기,2026-06-05 09:24:42.911098+00
1276,google_play,Grab,mobility_superapp,SEA,1,Tuấn khanh Lê,2026-05-04,quang cao liên tục gây phiền phức qua trời,vi,negative,0.8453,기타,2026-06-05 09:24:42.911098+00
1277,google_play,Grab,mobility_superapp,SEA,1,Quỳnh Khánh,2026-05-04,"Không có chơi trò xế gần tới rồi hủy chuyến nhe? Chờ 10-15p, gần tới thì bị hủy? Khuyến nghị công ty có thêm hình thức phạt cho mấy trường hợp như vậy",vi,negative,0.8212,기타,2026-06-05 09:24:42.911098+00
1838,google_play,Grab,mobility_superapp,SEA,5,Hafizan Hafiz,2026-06-03,Great To Use For Transportation. Friendly Driver and Daily Use to Order Food and Drink When dont want to go Out.,en,positive,0.83,배차·대기,2026-06-05 09:24:42.911098+00
1278,google_play,Grab,mobility_superapp,SEA,1,Thùy Dương Nguyễn,2026-05-04,"phí ship đắt vcl dù đã có grab unlimited, lòi ra một đống phí",vi,negative,0.7354,기타,2026-06-05 09:24:42.911098+00
1279,google_play,Grab,mobility_superapp,SEA,1,minhtoan nguyen,2026-05-04,"tài xế của grap quẹo r va chạm xong đi luôn ,ko ở lại đỡ hay gì hết",vi,negative,0.6744,배차·대기,2026-06-05 09:24:42.911098+00
1280,google_play,Grab,mobility_superapp,SEA,1,jztr racrac,2026-05-04,app rác không tôn trọng khách hàng,vi,negative,0.7666,기타,2026-06-05 09:24:42.911098+00
1281,google_play,Grab,mobility_superapp,SEA,3,An Trường,2026-05-04,ở chỗ khác thì đặt được còn về nhà không có cái gì để đặt luôn,vi,negative,0.5015,기타,2026-06-05 09:24:42.911098+00
1282,google_play,Grab,mobility_superapp,SEA,3,Pi Khang,2026-05-04,tìm tài xế khá lâu,vi,neutral,0.6611,배차·대기,2026-06-05 09:24:42.911098+00
1509,google_play,Grab,mobility_superapp,SEA,5,Nisarat Lamloet,2026-05-17,บริการดีมากราคาก่อไม่แพงค่ะ,th,positive,0.6131,요금,2026-06-05 09:24:42.911098+00
1510,google_play,Grab,mobility_superapp,SEA,1,Kln 0107,2026-05-17,คนขับยกเลิกบ่อย รอก็นานค่ะ เสียเวลามากกก,th,negative,0.874,기타,2026-06-05 09:24:42.911098+00
1283,google_play,Grab,mobility_superapp,SEA,1,như huỳnhh,2026-05-03,"quán và shipper đều có thể xóa đánh giá của khách thì có thêm mục đánh giá để làm gì nhỉ? trong khi bên app giải quyết vấn đề của khách cũng chả ra gì mà tới cái cmt của người dùng để lại cho người sau thấy mà cũng bị xoá dễ dàng như vậy. cả app và đối tác không hề tôn trọng khách hàng, lợi ích và trải nghiệm của họ",vi,negative,0.6188,요금,2026-06-05 09:24:42.911098+00
1284,google_play,Grab,mobility_superapp,SEA,1,Đức Quang,2026-05-03,Mn cẩn thận nha grab có mấy voucher ảo dù đủ điều kiện vẫn ko áp dụng được và tự động trừ tiền thêm để tips cho tài xế nếu thanh toán ví.,vi,negative,0.5455,결제,2026-06-05 09:24:42.911098+00
1285,google_play,Grab,mobility_superapp,SEA,5,Vàng Nguyễn văn,2026-05-03,rồi hiểu bọn m từ r,vi,neutral,0.4126,기타,2026-06-05 09:24:42.911098+00
1286,google_play,Grab,mobility_superapp,SEA,1,Vũ Phương Vlogs,2026-05-03,Grab làm việc rất tệ,vi,negative,0.9355,기타,2026-06-05 09:24:42.911098+00
1287,google_play,Grab,mobility_superapp,SEA,1,nam nhat,2026-05-03,dở,vi,negative,0.3818,기타,2026-06-05 09:24:42.911098+00
1288,google_play,Grab,mobility_superapp,SEA,1,Vũ Nguyễn Kim,2026-05-03,Như lol,vi,neutral,0.4223,기타,2026-06-05 09:24:42.911098+00
1289,google_play,Grab,mobility_superapp,SEA,1,Ánh Ngọc ánh,2026-05-03,đã liên kết tài khoản google xong đăng kí là lại thông báo là tài khoảng chx liên kết ủa là sao,vi,negative,0.5609,기타,2026-06-05 09:24:42.911098+00
1290,google_play,Grab,mobility_superapp,SEA,5,Ái Dy,2026-05-03,"đặt giao nhanh,ship hàng chất lượng nhiệt tình",vi,neutral,0.7686,기타,2026-06-05 09:24:42.911098+00
1291,google_play,Grab,mobility_superapp,SEA,5,Sineenath Jitpakdee,2026-06-04,รถสะอาด คนขับสุภาพ มารยาทดี มีสัมมาคารวะ น้ำใจช่วยยกของโดยไม่ต้องร้องขอ (มีน้ำใจมาก็ให้น้ำใจไป) ถึงที่หมายปลอดภัย .. ประทับใจบริการ,th,positive,0.6082,배차·대기,2026-06-05 09:24:42.911098+00
1839,google_play,Grab,mobility_superapp,SEA,1,mohd nazli2090,2026-06-03,Cant login my old grab acc.. And hard to payment not like panda and maxim.. Waste my time i never instal again,en,negative,0.9164,EV·충전,2026-06-05 09:24:42.911098+00
1292,google_play,Grab,mobility_superapp,SEA,5,Jutarat Sasirin,2026-06-04,รวดเร็วทันใจ,th,neutral,0.6219,기타,2026-06-05 09:24:42.911098+00
1293,google_play,Grab,mobility_superapp,SEA,5,ยู่ที่จัย,2026-06-04,เข้าแอปแกร๊ปลำบากมากๆช่วยหน่อยคับขอพคุณคับ,th,negative,0.7482,기타,2026-06-05 09:24:42.911098+00
1294,google_play,Grab,mobility_superapp,SEA,5,noppada ukead,2026-06-04,บริการดีมากเลยค่ะ,th,positive,0.8459,서비스,2026-06-05 09:24:42.911098+00
1295,google_play,Grab,mobility_superapp,SEA,5,Punfx,2026-06-04,สะดวกสบายจะเดินทางหรือสั่งอาหารก็ให้5ดาว,th,neutral,0.4881,기타,2026-06-05 09:24:42.911098+00
1296,google_play,Grab,mobility_superapp,SEA,5,Jirasit8488,2026-06-04,บริการดีมากค่ะ พูดเพราะ,th,positive,0.7945,서비스,2026-06-05 09:24:42.911098+00
1297,google_play,Grab,mobility_superapp,SEA,5,Veokham Xathilath,2026-06-04,ดีค่ะ,th,positive,0.7772,기타,2026-06-05 09:24:42.911098+00
1298,google_play,Grab,mobility_superapp,SEA,5,Nathika Luang,2026-06-04,ดีมากค่ะ,th,positive,0.8607,기타,2026-06-05 09:24:42.911098+00
1894,google_play,Grab,mobility_superapp,SEA,4,Md JOMON Ali,2026-06-02,Nice 👍,ro,positive,0.7435,기타,2026-06-05 09:24:42.911098+00
1299,google_play,Grab,mobility_superapp,SEA,5,ปิยสิทธิ์ ชูตระกูล,2026-06-04,เยี่ยมมม,th,positive,0.7771,기타,2026-06-05 09:24:42.911098+00
1300,google_play,Grab,mobility_superapp,SEA,5,Pock,2026-06-03,ดีมาก ส่งของเร็ว,th,positive,0.7727,기타,2026-06-05 09:24:42.911098+00
1301,google_play,Grab,mobility_superapp,SEA,5,ส้มเกลี้ยง แก้วสา,2026-06-03,ตรงเวลาและสะอาด,th,neutral,0.4883,기타,2026-06-05 09:24:42.911098+00
1302,google_play,Grab,mobility_superapp,SEA,5,Chanjira Kamolboon,2026-06-03,กับข้าวอร่อยมากค่ะ ได้เยอะถูกใจมากค่ะ,th,positive,0.876,기타,2026-06-05 09:24:42.911098+00
1303,google_play,Grab,mobility_superapp,SEA,5,สุนทร พึ่งศรน้อย,2026-06-03,บริการดีมากครับ,th,positive,0.7854,서비스,2026-06-05 09:24:42.911098+00
1304,google_play,Grab,mobility_superapp,SEA,1,Yepoon NGR,2026-06-03,แอปบ้าบอแก้ไขที่อยู่เสร็จสั่งซื้อสินค้าไม่ได้ มีแต่ให้กดยืนยันที่อยู่ ยืนยันเป็นสิบรอบก็สั่งซื้อสินค้าไม่ได้,th,negative,0.8117,기타,2026-06-05 09:24:42.911098+00
1305,google_play,Grab,mobility_superapp,SEA,5,Premika,2026-06-03,สภาพรถดีมากค่ะ คนขับสุภาพมากค่ะ,th,positive,0.833,배차·대기,2026-06-05 09:24:42.911098+00
1306,google_play,Grab,mobility_superapp,SEA,5,ยุทธนา ผกาสิทธิ์,2026-06-03,น้ำจิ้มอร่อยมากครับ,th,positive,0.8108,기타,2026-06-05 09:24:42.911098+00
1307,google_play,Grab,mobility_superapp,SEA,5,รัชนีกร แก้วเขียว,2026-06-03,บริการดี,th,positive,0.5659,서비스,2026-06-05 09:24:42.911098+00
1308,google_play,Grab,mobility_superapp,SEA,5,It City,2026-06-03,สั่งอาหารได้เลยครับเพราะว่ามีเเต่อาหารดีๆๆ และโปรโมชั่นอีกดีๆอีกเพียบ ชอบมากครับ พ่อผมสั่งเรื่อยๆ หิวเมื่อไหร่ก็สั่งได้ตลอดเวลา ชอบครับ หิวเมื่อไหร่ก็สั่งได้เลย พนักงานส่งก็ สุภาพดี ตรงตรงเวลา เกย์เลยครับแนะนำ,th,positive,0.7729,기타,2026-06-05 09:24:42.911098+00
1309,google_play,Grab,mobility_superapp,SEA,5,Sathit Bamrungchit,2026-06-03,เป็นแอปฯที่ใช้งานง่ายสะดวกคล่องตัวมากเลยครับ,th,positive,0.8331,기타,2026-06-05 09:24:42.911098+00
1310,google_play,Grab,mobility_superapp,SEA,5,Varaporn Pilaikul,2026-06-02,แอพพลิเคชั่นมีปัญหายกเลิกการรับส่งไรเดอร์ไม่ได้ เป็นกับโทรศัพท์หรือแอพพลิเคชั่นไม่แน่ใจค่ะ ขอบคุณไรเดอร์ที่แนะนำ กลัวลูกค้าเสียเครดิต,th,negative,0.7094,기타,2026-06-05 09:24:42.911098+00
1311,google_play,Grab,mobility_superapp,SEA,5,Wanrada Kaewpet,2026-06-02,น้องคนขับแก๊ปน่ารักมากนิสัยดี พูดจา ไพเราะ สุภาพ เรียบร้อย,th,positive,0.7562,기타,2026-06-05 09:24:42.911098+00
1312,google_play,Grab,mobility_superapp,SEA,5,พิมลรัตน์ ละเอียด,2026-06-02,บริการดีค่ะ,th,positive,0.7668,서비스,2026-06-05 09:24:42.911098+00
1313,google_play,Grab,mobility_superapp,SEA,5,ampun prommit,2026-06-02,คิดถึงกันหลายวันแล้วไม่ได้สั่ง หิวข้าวแต่สั่งขนมเส้นไม่แปลกเนอะ มักไผ๋มักมัน ลำแต้ๆจ้าว ได้นักตวย 👍👍❤️❤️/ขอบคุณจ้าว,th,positive,0.6788,기타,2026-06-05 09:24:42.911098+00
1394,google_play,Grab,mobility_superapp,SEA,5,Nattaporn Chansri,2026-05-27,ดีๆสดวก,th,negative,0.5045,기타,2026-06-05 09:24:42.911098+00
1314,google_play,Grab,mobility_superapp,SEA,1,You're Tooyui,2026-06-02,คือคนขับให้กดยกเลิก แต่คือต้องมาเสียเงินค่าธรรมเนียม คือบ้าป่ะ แอปโสกังจัด,th,negative,0.8728,결제,2026-06-05 09:24:42.911098+00
1315,google_play,Grab,mobility_superapp,SEA,5,ศิริวรรณ เเซ่ด่าน,2026-06-02,อาหารอร่อยราดหน้าผักนุ่มดี,th,positive,0.7593,기타,2026-06-05 09:24:42.911098+00
1316,google_play,Grab,mobility_superapp,SEA,5,ชาญชัย รอบคอบ,2026-06-02,สะดวก ดี,th,positive,0.6631,기타,2026-06-05 09:24:42.911098+00
1317,google_play,Grab,mobility_superapp,SEA,1,Tak,2026-06-02,อยากให้ดูแมพง่ายกว่านี้,th,neutral,0.4603,기타,2026-06-05 09:24:42.911098+00
1318,google_play,Grab,mobility_superapp,SEA,5,prawith789,2026-06-02,บริการดีมีมารยาทและรวดเร็ว,th,positive,0.6653,서비스,2026-06-05 09:24:42.911098+00
1319,google_play,Grab,mobility_superapp,SEA,5,กรรณทิมา พริ้งบุญเจริญ,2026-06-02,ก็โอเคนะคะ,th,positive,0.5284,기타,2026-06-05 09:24:42.911098+00
1320,google_play,Grab,mobility_superapp,SEA,2,p m,2026-06-02,เรียกรถStandarg Car ทีไร ได้แต่รถแท็กซี่ ตลอด,th,neutral,0.6063,배차·대기,2026-06-05 09:24:42.911098+00
1321,google_play,Grab,mobility_superapp,SEA,5,Baanvip Banban,2026-06-02,goog,so,neutral,0.3824,기타,2026-06-05 09:24:42.911098+00
1322,google_play,Grab,mobility_superapp,SEA,1,Yakkaran Usg,2026-06-02,ห่วย.,th,negative,0.8519,기타,2026-06-05 09:24:42.911098+00
1383,google_play,Grab,mobility_superapp,SEA,5,ปราณี กุนตง,2026-05-28,ดีชอบ,th,positive,0.6071,기타,2026-06-05 09:24:42.911098+00
1384,google_play,Grab,mobility_superapp,SEA,1,Minikitty,2026-05-28,คัดไรเดอร์บ้างนะคะ กดรับงานมั่วๆรอออเดอร์สองชั่วโมง โทรหาบอกอยู่ไกลฝนตกไปไม่ได้ น่าเกลียดมากค่ะ ระบบก็บังคับรอเกินจนเกิน ชม.ถึงจะกดยกเลิกได้ เอาเปรียบมาก,th,negative,0.9045,기타,2026-06-05 09:24:42.911098+00
1385,google_play,Grab,mobility_superapp,SEA,5,suradech vangdee,2026-05-28,เธอดูสุภาพเรียบร้อยครับ,th,positive,0.6027,기타,2026-06-05 09:24:42.911098+00
1386,google_play,Grab,mobility_superapp,SEA,5,เอกชาติ เสถียรธรรมมณี,2026-05-28,มีส่วนลดและการบริการที่รวดเร็วดีมีอาหารให้เลือกหลากหลาย,th,positive,0.5618,서비스,2026-06-05 09:24:42.911098+00
1387,google_play,Grab,mobility_superapp,SEA,2,วาสนา ทุมพล,2026-05-27,อาหาร,th,neutral,0.4151,기타,2026-06-05 09:24:42.911098+00
1388,google_play,Grab,mobility_superapp,SEA,5,Anna,2026-05-27,ใช่งานง่ายดีค่ะ,th,positive,0.7438,기타,2026-06-05 09:24:42.911098+00
1390,google_play,Grab,mobility_superapp,SEA,1,Wassana 159,2026-05-27,แย่ค่ะ เข้าใจระบบกั้นวงเงินสำรองจ่าย แต่ทำไมเวลาโดนยกเลิกออเดอร์หรือราคาสินค้าไม่เท่าในบิล ถึงคืนเงินยากมากๆ เคยเลิกใช้ไปช่วงนึงเพราะตัดบัตรแล้วต้องคืนเงินค่าของที่ลบออกก็ติดต่อไม่ได้มีแต่บอทคุย พอมารอบนี้เห็นว่ามีโค๊ดน่าสนใจลองสั่งก็โดนยกเลิกออเดอร์แล้วก็ยังหาทางเอาเงินคืนไม่ได้เลย ยิ่งพัฒนายิ่งแย่ค่ะ,th,negative,0.8788,결제,2026-06-05 09:24:42.911098+00
1391,google_play,Grab,mobility_superapp,SEA,1,Kiewkoii Nicha,2026-05-27,ส่งช้า,th,negative,0.4927,기타,2026-06-05 09:24:42.911098+00
1392,google_play,Grab,mobility_superapp,SEA,1,ฐานิกา จําปาทอง,2026-05-27,กากมาก พอจะสั่งของใช้โค้ดส่วนลด สั่งไม่ได้ ขึ้นว่าผิดพลาด ทั้งๆที่ก่อนหน้า ไม่ถึง3นาทียังกดเลือกของอยู่เลย เหมือนไม่อยากให้ใช้โค้ด แล้วจะมีมาทำไมโค้ดส่วนลด กากกก,th,negative,0.8804,기타,2026-06-05 09:24:42.911098+00
1393,google_play,Grab,mobility_superapp,SEA,1,Jutha &&&,2026-05-27,เรียกรถในแอป มีรถ แต่ไม่รับลูกค้ารอเป็นชม แล้ว,th,neutral,0.4855,배차·대기,2026-06-05 09:24:42.911098+00
1609,google_play,Grab,mobility_superapp,SEA,5,Kitipod Kunapermsiri,2026-05-07,เเอปดีมากครับ,th,positive,0.8275,기타,2026-06-05 09:24:42.911098+00
1610,google_play,Grab,mobility_superapp,SEA,4,Pondpond Channel,2026-05-07,ใช้งานได้ดีในเบื้องต้น มีส่วนลดให้ใช้คุ้มราคา ยังไม่แนใจให้ 4 ก่อน ขอดูระยะยาว,th,positive,0.4622,요금,2026-06-05 09:24:42.911098+00
1611,google_play,Grab,mobility_superapp,SEA,5,จามจุรี แก้วสว่าง,2026-05-07,⭐⭐⭐⭐⭐,unknown,positive,0.5085,기타,2026-06-05 09:24:42.911098+00
1612,google_play,Grab,mobility_superapp,SEA,5,Nantnnij,2026-05-07,ยอดเยี่ยม,th,neutral,0.4107,기타,2026-06-05 09:24:42.911098+00
1613,google_play,Grab,mobility_superapp,SEA,4,Nanyaminhtet Nanyaminhtet,2026-05-07,👍 👌,unknown,positive,0.5787,기타,2026-06-05 09:24:42.911098+00
1614,google_play,Grab,mobility_superapp,SEA,5,sopon mahajaroen,2026-05-06,ระบบขาด สรุปยอดเงินที่ต้องชำระ เมื่อถึงจุดหมาย..ทำให้เกิดความผิดพลาด ถ้าระบบคงราคาตลอดการเดินทางจะดี,th,negative,0.7805,결제,2026-06-05 09:24:42.911098+00
1899,google_play,Grab,mobility_superapp,SEA,1,Hildo jr Casalan,2026-06-02,bakit lagging passkeys tapos set up feedback naman,tl,negative,0.652,기타,2026-06-05 09:24:42.911098+00
1900,google_play,Grab,mobility_superapp,SEA,1,13_Dwinda Insyirah Iftikhairunnisa',2026-06-02,"Rute saya diputar2 oleh aplikasi, tarif lebih mahal, lebih jauh, dilewatin jalan sepi, CS MALAH NYAMBUNG KE CHATBOT, GA MEMBANTU SMAA SEKALI. PADAHAL BIASANYA RUTENYA WARAS, PAGI INI DIUBAH DIPUTERIN SENGAJA DIBIKIN JAUH LEWAT JALANAN SEPI.",id,negative,0.8554,기타,2026-06-05 09:24:42.911098+00
1901,google_play,Grab,mobility_superapp,SEA,1,Khab Gy,2026-06-02,"waiting for code,it wont show up!!!",en,negative,0.8072,배차·대기,2026-06-05 09:24:42.911098+00
355,google_play,KOKKOK Move,kokkok,LAO,5,Nubnis,2023-11-17,Gpod,sl,neutral,0.4737,기타,2026-06-05 09:24:42.911098+00
1431,google_play,Grab,mobility_superapp,SEA,1,ronnakit wattanamano,2026-05-24,ห่วย พอจะใช้โค้ดใช้ไม่ได้โดนล็อคไม่ให้ใช้ อีกเครื่องใช้ได้ ห่วยมาก พอใช้ code เสือกไม่รองรับเงินสด ไม่รองรับสแกน ให้ใช้บัตรเครดิตอย่างเดียว,th,negative,0.8436,결제,2026-06-05 09:24:42.911098+00
1432,google_play,Grab,mobility_superapp,SEA,5,พีระพล ไตรภูมิ,2026-05-24,โปรแกรมgrabมีประโยชน์เยอะ90%,th,positive,0.6238,기타,2026-06-05 09:24:42.911098+00
1433,google_play,Grab,mobility_superapp,SEA,1,Nanana Tasanee,2026-05-24,การแจ้งเตือนแย่มากๆ พี่เขามาส่งก็ไม่ขึ้นอะไรปกติเขาโทรมาก็ขึ้นแล้ว เดี๋ยวนี้เฉย??? อาหารก็ไม่ได้รับ อดกินไปจ่ะ,th,negative,0.9036,기타,2026-06-05 09:24:42.911098+00
1434,google_play,Grab,mobility_superapp,SEA,1,Kwang Charoenrungruang,2026-05-24,รถเกิดอุบัติเหตุ ก็ไม่ช่วยอะไรเลย,th,negative,0.7928,배차·대기,2026-06-05 09:24:42.911098+00
1435,google_play,Grab,mobility_superapp,SEA,1,ปริญญา ความหมั่น,2026-05-23,ยุง่ยากไนการเปิดแอพ,th,negative,0.8581,기타,2026-06-05 09:24:42.911098+00
1329,google_play,Grab,mobility_superapp,SEA,5,saranya jaturas,2026-06-01,เป็นร้านแรกที่สั่งแล้วประทับใจอร่อยค่ะ,th,positive,0.882,기타,2026-06-05 09:24:42.911098+00
1330,google_play,Grab,mobility_superapp,SEA,5,Phenprapa Sangaram,2026-06-01,จัดส่งรวดเร็ว,th,neutral,0.5078,기타,2026-06-05 09:24:42.911098+00
1331,google_play,Grab,mobility_superapp,SEA,5,PaSa jeen Channel,2026-06-01,ดีจ่ะ แต่ว่าเรื่องสาขาเนี่ย ขอสาขาอันใกล้ขึ้นมาก่อนได้ จะดีมากนะคะ,th,positive,0.6608,기타,2026-06-05 09:24:42.911098+00
1332,google_play,Grab,mobility_superapp,SEA,5,Vankeaw p,2026-06-01,ขี่ดี ราคาถูก พูดจาดี,th,positive,0.5777,요금,2026-06-05 09:24:42.911098+00
1333,google_play,Grab,mobility_superapp,SEA,5,กฤษฏา กุประดิษฐ์,2026-06-01,อิ่มอร่อยทุกครั้งที่สั่ง,th,positive,0.7666,기타,2026-06-05 09:24:42.911098+00
1334,google_play,Grab,mobility_superapp,SEA,1,Neoru,2026-06-01,ติดต่อยาก มีแต่ bot กวย,th,negative,0.8963,기타,2026-06-05 09:24:42.911098+00
1335,google_play,Grab,mobility_superapp,SEA,5,Tae Supakorn Saiprom,2026-06-01,ดี รวดเร็ว,th,positive,0.6187,기타,2026-06-05 09:24:42.911098+00
1336,google_play,Grab,mobility_superapp,SEA,2,KIK. Gallery,2026-06-01,กดราคาตอนมีโปร พอกดแล้วราคากับไปเหมือนเดิม แล้วแอฟก็รั้นสั่งออเดอร์ให้เองเลย น่าเกลียดมาก ยกเลิกก็ยาก เพราะไรเดอร์กดรับไปแล้ว ไม่มีใครกดยกเลิกให้ได้ ต้องกดเข้าศูนย์นั้นอะไรอีก ไม่ทันการ เพราะร้านก็ทำออเดอร์ไปแล้ว เลยต้องจำใจเอามา ระบบมัดมือชก ตั้งโปรถ้าหมดเวลาก็ไม่ควรรั้นสั่งออเดอร์ให้เลย น่าเกลียดเกิน,th,negative,0.9061,배차·대기,2026-06-05 09:24:42.911098+00
1337,google_play,Grab,mobility_superapp,SEA,5,สมศักดิ์,2026-06-01,ใช้บริการรถแบบนี้เป็นครั้งที่ 4 แล้ว มารับถึงบันไดบ้าน ไม่ต้องไปยืนตากแดดข้างถนน ต่อไปจะใช้บริการแบบนี้ตลอด,th,positive,0.5596,배차·대기,2026-06-05 09:24:42.911098+00
1338,google_play,Grab,mobility_superapp,SEA,1,Laksika Srisawat,2026-06-01,แอปกากๆ กว่าจะได้ไรเดอร์ก็นาน แถมชอบไปดึงคนไกลๆได้ไรเดอร์แล้วก็รอนานอยู่ดี ดูหนังจบเป็นเรื่องๆยังไม่ได้รถกลับบ้านเลย ละอาศัยจังหวะฟ้าฝนเกิน ฝนหยดลงมาสองแหมะราคาก็ดีดขึ้นเปนร้อย ฟ้าร้อง แดดออก รถติด บ้านใครจัดงานบวช ขึ้นค่ารถหมด งง สมัครอันลิมิเต็ดก็ไม่รอด ต่อไปคงต้องซื้อม้ามาควบสัญจรเองแล้วล่ะ,th,negative,0.8422,배차·대기,2026-06-05 09:24:42.911098+00
1339,google_play,Grab,mobility_superapp,SEA,5,jlrat5457 chotawee,2026-06-01,ดีเยี่ยมครับ,th,neutral,0.4319,기타,2026-06-05 09:24:42.911098+00
1340,google_play,Grab,mobility_superapp,SEA,5,Chatchanan Chanthaduang,2026-05-31,หิวที่ไรก็เข้าแอพคับ😁,th,neutral,0.5138,기타,2026-06-05 09:24:42.911098+00
1341,google_play,Grab,mobility_superapp,SEA,5,อัครชิต ทีฆะทิพย์สกุล,2026-05-31,ยอดเยี่ยมมาก พูดจาดี มีน้ำใจ บริการ,th,positive,0.7728,서비스,2026-06-05 09:24:42.911098+00
1342,google_play,Grab,mobility_superapp,SEA,5,Mark Kongkratok,2026-05-31,ดีมากไปคับ,th,positive,0.8505,기타,2026-06-05 09:24:42.911098+00
1344,google_play,Grab,mobility_superapp,SEA,5,บางปะกอก รังสิต2,2026-05-31,โอเครดีค่ะสะดวกสบายดีค่ะ,th,positive,0.8361,기타,2026-06-05 09:24:42.911098+00
1345,google_play,Grab,mobility_superapp,SEA,1,Suttikan Pim,2026-05-31,สั่งอาหารอนาน ติดต่อเจ้าหน้าที่​ยาก ไร้ความรับผิดชอบ ถ้าไม่มีคูปอง ส่วนตัวไม่สั่ง และไม่ใช้แอปเแล้ว,th,negative,0.856,기타,2026-06-05 09:24:42.911098+00
1346,google_play,Grab,mobility_superapp,SEA,1,Nine on the sea Pharmacy,2026-05-31,บริการห่วย,th,negative,0.8967,서비스,2026-06-05 09:24:42.911098+00
1347,google_play,Grab,mobility_superapp,SEA,1,เบญจพรรณฯ.,2026-05-31,สมัครยากแล้วถ้าเคยสมัครแล้วจะเอาเมลเดิมอีก🖕,th,negative,0.6579,기타,2026-06-05 09:24:42.911098+00
1348,google_play,Grab,mobility_superapp,SEA,1,Prathan Sanintha,2026-05-31,อัพเดทแล้วโคตรห่วยแตก ปักหมุดอะไรก็ไม่ได้ เสียกบังคับใช้อังกฤษอีก ลบแม่ง,th,negative,0.91,기타,2026-06-05 09:24:42.911098+00
1349,google_play,Grab,mobility_superapp,SEA,5,วิระพงษ์ นักสอน,2026-05-31,ดีมาก สะดวก ส่งไว,th,positive,0.589,기타,2026-06-05 09:24:42.911098+00
1350,google_play,Grab,mobility_superapp,SEA,1,Inw Za,2026-05-31,ค่าส่งเเพง,th,negative,0.7362,기타,2026-06-05 09:24:42.911098+00
1351,google_play,Grab,mobility_superapp,SEA,5,Nittaya Numrueang,2026-05-30,ผักมีความสด ใหม่ และสินค้าคุณภาพดี,th,positive,0.7241,기타,2026-06-05 09:24:42.911098+00
1352,google_play,Grab,mobility_superapp,SEA,5,me D,2026-05-30,เยี่ยม,th,positive,0.5198,기타,2026-06-05 09:24:42.911098+00
1353,google_play,Grab,mobility_superapp,SEA,5,ธีร์รัฐชา วงศ์ธนกฤติกุล,2026-05-30,สุภาพ และตั้งใจทำงานดีค่ะ ขอให้เรียรเก่งๆสำเร็จ,th,positive,0.8411,기타,2026-06-05 09:24:42.911098+00
1354,google_play,Grab,mobility_superapp,SEA,5,อ๋อมแอ๋ม หมูสเต๊ะ,2026-05-30,ส่งไว ตรงพิกัด,th,neutral,0.8652,기타,2026-06-05 09:24:42.911098+00
1895,google_play,Grab,mobility_superapp,SEA,5,Abigail Mallo,2026-06-02,"Super convenient for ride-hailing and food delivery! The app is user-friendly, and the service is reliable. Highly recommend!",en,positive,0.8898,서비스,2026-06-05 09:24:42.911098+00
1896,google_play,Grab,mobility_superapp,SEA,1,HASSAN ALY OMAR KHAN,2026-06-02,not work...,af,negative,0.6854,기타,2026-06-05 09:24:42.911098+00
1902,google_play,Grab,mobility_superapp,SEA,5,09. Darmawan Wira Putera,2026-06-02,anjay gokil,hr,positive,0.7738,기타,2026-06-05 09:24:42.911098+00
1511,google_play,Grab,mobility_superapp,SEA,1,เพื่อนกินหาง่าย เพื่อนแท้หายาก,2026-05-17,ราคาเอาเปรียบ​ไรเดอร์​ชิบหาย,th,negative,0.9328,요금,2026-06-05 09:24:42.911098+00
605,google_play,LOCA Taxi,kokkok,LAO,2,John Bird,2021-08-16,"I find the fares high compared to other ride hailing services elsewhere. With these prices, this app won't become very popular anytime soon. Then again, taxi services of any kind are a ripoff in Laos.",en,negative,0.9435,요금,2026-06-05 09:24:42.911098+00
606,google_play,LOCA Taxi,kokkok,LAO,5,Arounothay Khoungkhakoune,2021-08-12,"Fast, easy and clean. Never let me down. Love it.",en,positive,0.9011,EV·충전,2026-06-05 09:24:42.911098+00
607,google_play,LOCA Taxi,kokkok,LAO,2,Joe Simai,2021-07-19,I wish the app worked as good as the drivers. I have to keep re installing the app everytime I need to use loca. Uhh,en,negative,0.7507,EV·충전,2026-06-05 09:24:42.911098+00
608,google_play,LOCA Taxi,kokkok,LAO,3,Eddielin Almonte,2021-07-13,"I use it almost everyday since I came to Laos. It makes going around Vientiane easier. When I had a problem, their support was very responsive. Update: they need to fix their app though since the info on location of taxi isn't giving correct data. The app is very slow and freezes a lot of times.",en,negative,0.4955,EV·충전,2026-06-05 09:24:42.911098+00
609,google_play,LOCA Taxi,kokkok,LAO,5,Sayadej Vongsopha,2021-03-28,It doesn't show the user review.,en,neutral,0.4965,EV·충전,2026-06-05 09:24:42.911098+00
1586,google_play,Grab,mobility_superapp,SEA,5,sumontha fai,2026-05-10,คนขับพูดจาดีมาก,th,positive,0.8194,기타,2026-06-05 09:24:42.911098+00
1588,google_play,Grab,mobility_superapp,SEA,5,นยสส นา,2026-05-09,ตรงเวลา พูดจาสุภาพ,th,neutral,0.5729,기타,2026-06-05 09:24:42.911098+00
1589,google_play,Grab,mobility_superapp,SEA,5,ฐิติวัฒน์ พยัคมะเริง,2026-05-09,สะดวกมากครับส่งเร็ว,th,neutral,0.5119,기타,2026-06-05 09:24:42.911098+00
1590,google_play,Grab,mobility_superapp,SEA,2,Gumpa Singpirom,2026-05-09,ระบบต้องเปลี่ยนวิธีชำระเงินทุกรอบ ไม่มีฟิคระบบที่ใช้ประจำไม่ดีเลย,th,negative,0.8542,결제,2026-06-05 09:24:42.911098+00
1591,google_play,Grab,mobility_superapp,SEA,5,สุกัญญา ศรีเที่ยง,2026-05-09,บริการดี เวลาตรงดี,th,positive,0.568,서비스,2026-06-05 09:24:42.911098+00
3002,google_play,Gojek,mobility_superapp,SEA,5,Seven Music,2024-08-09,"Tốt, nhiều dịch vụ tiện dụng",vi,positive,0.7863,기타,2026-06-05 09:24:42.911098+00
3007,google_play,Gojek,mobility_superapp,SEA,5,Xuan Quach,2024-08-07,xuân,vi,neutral,0.3796,기타,2026-06-05 09:24:42.911098+00
1512,google_play,Grab,mobility_superapp,SEA,1,Kimhun Phithornworn,2026-05-17,แอพแย่มากครับ เวลาเจอปัญหาดึกๆติดต่อใครไม่ได้เลย ช่องทางเป็นใบ้หมด ระบบก็ใช่จะดี ไม่มีเจ้าหน้าที่ซัพพอร์ตเลยซักคน ให้คุยแต่กับ AI คือใช้อะไรคิดครับ เลิกใช้ !,th,negative,0.919,기타,2026-06-05 09:24:42.911098+00
1514,google_play,Grab,mobility_superapp,SEA,2,Mydrive555,2026-05-16,คนขับเจอรถติดเจอสถานการณ์เยอะแยะต้องมาเจอลูกค้าที่งี่เง่า เงินชดเชยไม่เข้าแบบฟอร์มก็กรอกยากติดต่อไม่ได้เลย หักค่าคอมค่าบริการสารพัดไปแล้ว แค่จะคืนเงินให้คนขับมันยากมากมายขนาดนี้เลยหรอ,th,negative,0.8559,결제,2026-06-05 09:24:42.911098+00
1355,google_play,Grab,mobility_superapp,SEA,1,jameszaza Z,2026-05-30,ช้ามากขนาดสั่งไปเผื่อเป็นชั่วโมงยังช้าเป็นครึ่งชั่วโมงอุตส่าห์จ่ายค่าส่งเพิ่มเพื่อให้ตรงเวลาแล้วการันตีด้วยนะว่าตรงเวลา กลับได้คำตอบว่าส่งล่าช้าได้แค่ส่วนลดแล้วจะเลือกจ่ายเพิ่มเพื่อให้ตรงเวลาทำไมถ้าอยากได้ส่วนลดคิดบ้าง จะยกเลิกก็ไม่ให้ต้องสั่งเผื่อเวลาสัก 3 ชั่วโมงเลยมั้ง,th,negative,0.5012,기타,2026-06-05 09:24:42.911098+00
1356,google_play,Grab,mobility_superapp,SEA,5,ผีกระ หัง,2026-05-30,sjejek,hr,neutral,0.3806,기타,2026-06-05 09:24:42.911098+00
1357,google_play,Grab,mobility_superapp,SEA,5,Pawida Kongpirat,2026-05-30,ดีมากค่ะ ส่งไว,th,positive,0.844,기타,2026-06-05 09:24:42.911098+00
1358,google_play,Grab,mobility_superapp,SEA,5,อัณศยา ไชยพยวน,2026-05-30,รอบหน้าจะบริการใช้อีกค่ะ,th,neutral,0.6591,서비스,2026-06-05 09:24:42.911098+00
1359,google_play,Grab,mobility_superapp,SEA,5,Titirat C,2026-05-30,ส่งเร็วส่งดีบริการดีค่ะ,th,positive,0.6089,서비스,2026-06-05 09:24:42.911098+00
1360,google_play,Grab,mobility_superapp,SEA,5,กวี สินส่ง,2026-05-30,สั่งของได้รวดเร็วทันใจ,th,neutral,0.568,기타,2026-06-05 09:24:42.911098+00
1361,google_play,Grab,mobility_superapp,SEA,5,รวิวรรณ จําปา,2026-05-30,สุภาพ พูดจาไพเราะค่ะ,th,positive,0.4582,기타,2026-06-05 09:24:42.911098+00
1362,google_play,Grab,mobility_superapp,SEA,5,ไพรวัลย์ พรหมสุขันธ์,2026-05-30,รถสะอาด ขับนิ่มมากๆค่ะ,th,positive,0.8463,배차·대기,2026-06-05 09:24:42.911098+00
1363,google_play,Grab,mobility_superapp,SEA,1,Apinin KEEP MOVING FORWARD,2026-05-30,ห่วยแตก ให้รอ 20 นาที ละกดยกเลิก เจ๊งๆไปเถอะ อย่าให้บริการเลย ให้บริษัทที่มีศักยภาพในการคัดคนดีกว่า,th,negative,0.8783,서비스,2026-06-05 09:24:42.911098+00
1364,google_play,Grab,mobility_superapp,SEA,5,Ja'r Save'MyLife,2026-05-30,เดินทางสะดวก 😁💕✅,th,positive,0.801,기타,2026-06-05 09:24:42.911098+00
1365,google_play,Grab,mobility_superapp,SEA,1,Jeena Jeenarinn,2026-05-30,เป็นลูกค้าGOMO ได้โปร Grab unlimited ใช้ยากชิบหาย โมโหละ ทำไมไม่จดจำรหัสโปร ไม่สั่งละ ใช้ช้อปปี้เหมือนเดิมดีแล้ว โค้ดใช้ง่ายกว่า เพิ่มอัตโนมัติ แก๊ปโคตรห่วยแตก สรุปไม่ได้สั่งอะไรเลย,th,negative,0.7988,기타,2026-06-05 09:24:42.911098+00
1366,google_play,Grab,mobility_superapp,SEA,5,Phonphet,2026-05-29,ใช้ง่าย,th,neutral,0.459,기타,2026-06-05 09:24:42.911098+00
1367,google_play,Grab,mobility_superapp,SEA,1,Chaiwatcharawat Tunsuthawat,2026-05-29,ที่จริงไม่อยากให้คะแนนด้วยซ้ำ อุมาก ยืนรอนานมาก รถมาไม่ถึงสักที พอกดยกเลิก บอกว่ารถมาถึงแล้ว งงนะ ยืนรอ 10 นาที รถจอดอยู่ที่เดิม ทั้งที่รถก็ไม่ได้ติด ยืนอยู่ข้างถนน พยายามมองหารถมองป้ายทะเบียนว่าคันไหน พอกดยกเลิก หลังเงินกุเลย 30 บาท,th,negative,0.7697,결제,2026-06-05 09:24:42.911098+00
1368,google_play,Grab,mobility_superapp,SEA,3,Kamolwan Ausavatavegul,2026-05-29,ราคาแบบว่าเกินไปอัพโหด,th,negative,0.8116,요금,2026-06-05 09:24:42.911098+00
1369,google_play,Grab,mobility_superapp,SEA,5,จารุณี เจ้ากลดี,2026-05-29,ดีคะ,th,positive,0.6186,기타,2026-06-05 09:24:42.911098+00
1395,google_play,Grab,mobility_superapp,SEA,5,Yao Yao pa,2026-05-27,ขับดีมากๆค่ะ,th,positive,0.8576,기타,2026-06-05 09:24:42.911098+00
1396,google_play,Grab,mobility_superapp,SEA,5,แคลช แมวส้ม,2026-05-27,ขับดี รู้เส้นทาง,th,positive,0.5229,기타,2026-06-05 09:24:42.911098+00
1397,google_play,Grab,mobility_superapp,SEA,5,Peera kamsudsang,2026-05-27,เยืยมมากเลย,th,positive,0.4967,기타,2026-06-05 09:24:42.911098+00
1398,google_play,Grab,mobility_superapp,SEA,5,Witsurasuk Pasaleeh,2026-05-27,เยี่ยมมากบริการดี,th,positive,0.8154,서비스,2026-06-05 09:24:42.911098+00
1399,google_play,Grab,mobility_superapp,SEA,1,Piryada Houpunnooy063,2026-05-26,ส่งโครตช้า ปรับปรุงบ้างนะ,th,negative,0.8144,기타,2026-06-05 09:24:42.911098+00
1370,google_play,Grab,mobility_superapp,SEA,1,Ranchida Masuk,2026-05-29,มีศูนย์ดาวไหมไม่อยากให้คะแนนเลยอยากให้ติดลบมากๆห่วยแตกมากเลยเรื่อง appปักอีกทึ่ไปส่งอีกทึ่ทั้งๆที่พยายามปักหมุดให้ตรงแล้วก็ยังอุตส่าห์เลื่อนอีกต้องการให้ลูกค้ากับ rider ทะเลาะกันหรือไงบ้าหรือป่าวเป็นแิปที่ห่วยมากเรื่องมุดสั่ง LINE man ไม่เห็นเป็นแบบนี้เลย ไม่สร้างมุดให้มันดีควรจะพัฒนาเรื่องมุดก่อนจะให้ส่วนลดมากมายไปพัฒนาเรื่องหมุดก่อนเถอะ,th,negative,0.861,기타,2026-06-05 09:24:42.911098+00
1371,google_play,Grab,mobility_superapp,SEA,1,Genius,2026-05-29,เปิดรับงานมาเป็น ช.ม ไม่มีอะไรเข้าเลย,th,neutral,0.4982,기타,2026-06-05 09:24:42.911098+00
1372,google_play,Grab,mobility_superapp,SEA,5,นาย ฐิติพนธ์ ศรีโบราณ,2026-05-29,ดีครับ,th,positive,0.6663,기타,2026-06-05 09:24:42.911098+00
1919,google_play,Grab,mobility_superapp,SEA,5,Ymhaf Ymhaf,2026-06-02,useful,ro,positive,0.38,기타,2026-06-05 09:24:42.911098+00
1373,google_play,Grab,mobility_superapp,SEA,1,TonG TonG,2026-05-29,สมองขยะไฮสวะ,th,negative,0.8954,기타,2026-06-05 09:24:42.911098+00
1374,google_play,Grab,mobility_superapp,SEA,5,เทียนชัย,2026-05-28,บริการดีมากครับไม่แพงมากครับผม,th,positive,0.692,서비스,2026-06-05 09:24:42.911098+00
1375,google_play,Grab,mobility_superapp,SEA,2,sitta wannasathain,2026-05-28,"เรียกรถ นะ พอมี เซฟไบค์ ก้อ ไม่มีรถบ้างล่ะ .., ถ้าแอพอยากเเข่งขันต้องไม่หัก% ไรเดอร์สิ ,., น้ำมันขึ้น เเต่แอพเอารายได้อย่างเดียวก้อ เอาเปรียบเกิน",th,negative,0.6194,배차·대기,2026-06-05 09:24:42.911098+00
1376,google_play,Grab,mobility_superapp,SEA,5,Toommy Ratchaya,2026-05-28,ใช้งานง่าย สะดวก ส่วนลดเยอะ,th,positive,0.6201,기타,2026-06-05 09:24:42.911098+00
1377,google_play,Grab,mobility_superapp,SEA,1,Hello queen,2026-05-28,คือเรียกแกรปเวลาก่อนเรียกรถ3นาทีกดจริงรอ10นาทีคือปัญญาอ่อน เรื่องเดิมๆรอรถ6รอจริง12,th,negative,0.6888,배차·대기,2026-06-05 09:24:42.911098+00
1378,google_play,Grab,mobility_superapp,SEA,4,ธวัชชัย มลศิริ,2026-05-28,อาหารดี แต่ปัญหาอยู่ที่แอพ พิกัดที่ผมสั่งทำไมไม่ตรงกับที่แจ้ง ไปปรากฏที้ไหนก็ไม่รู้ ส่งผิดตลอดจนรู้สึกเบื่อ ตอนสั่งจับสัญญานมือถือไม่ได้หรือ,th,negative,0.8312,기타,2026-06-05 09:24:42.911098+00
1933,google_play,Grab,mobility_superapp,SEA,5,Ermawati PhD,2026-06-02,perjalanan nyaman ga ngebut2,id,positive,0.5316,기타,2026-06-05 09:24:42.911098+00
1934,google_play,Grab,mobility_superapp,SEA,1,Ivan James Freires,2026-06-02,my past order has been nothing but horrible. always delayed delivery no matter if you pay for priority or not. the drivers even deliver my order at the very last even though my location is very near from the restaurant itself. alyaws keeps changing the delivery time so that grab wont be able to compensate late arrivals. im considering switching to food panda,en,negative,0.9451,EV·충전,2026-06-05 09:24:42.911098+00
1935,google_play,Grab,mobility_superapp,SEA,4,Tammy Choosri,2026-06-02,Location stalls quite often. But overall very good,en,positive,0.5434,기타,2026-06-05 09:24:42.911098+00
1936,google_play,Grab,mobility_superapp,SEA,2,Kama Bistari Muhammad,2026-06-02,not everything can be solved via bot. please establish human assistance to attend urgent cases,en,neutral,0.5097,EV·충전,2026-06-05 09:24:42.911098+00
1937,google_play,Grab,mobility_superapp,SEA,5,Angelita Casipit,2026-06-02,great,ro,positive,0.5718,기타,2026-06-05 09:24:42.911098+00
1938,google_play,Grab,mobility_superapp,SEA,5,Md Safiqul,2026-06-02,য়য়৭ি৮ য় আ,bn,neutral,0.5998,기타,2026-06-05 09:24:42.911098+00
1939,google_play,Grab,mobility_superapp,SEA,5,Domenic Gilbolingo,2026-06-02,"Mabilis at walang kuskus balungos po, hehhe",tl,positive,0.6119,기타,2026-06-05 09:24:42.911098+00
1940,google_play,Grab,mobility_superapp,SEA,5,Yuh Kuin Cheong,2026-06-02,8 mins wait but turn up 15 minutes. I'm very disappointed.,en,negative,0.9539,배차·대기,2026-06-05 09:24:42.911098+00
1941,google_play,Grab,mobility_superapp,SEA,5,Raul Jr Biliran,2026-06-02,satisfied ❤️,da,positive,0.6799,기타,2026-06-05 09:24:42.911098+00
1840,google_play,Grab,mobility_superapp,SEA,5,Christobel De Cruz,2026-06-03,Brilliant way to get around a very busy city!,en,positive,0.9033,기타,2026-06-05 09:24:42.911098+00
909,google_play,Grab,mobility_superapp,SEA,1,Nguyên Đỗ Đan,2026-05-31,ko thích,vi,neutral,0.3566,기타,2026-06-05 09:24:42.911098+00
1841,google_play,Grab,mobility_superapp,SEA,1,Jit Lee,2026-06-03,"Terrible Terrible app when ordering food. Never on time, can adjust timing 3 times without allowing cancellation. Food ready for pickup but delivered an hour later. Grab excuse was they grouped orders, but at the expense of customers? Possible to Group orders for a 30 mins delivery, not realistic. Short delivery timing to entice customer to order and after that, beyond our control...cannot cancel and lots of generic excuses when you seek help. Full of bullsxxx!",en,negative,0.9354,EV·충전,2026-06-05 09:24:42.911098+00
1842,google_play,Grab,mobility_superapp,SEA,1,J J,2026-06-03,Apps keep on freezing. I tried to cancel multiple times but the driver still came and charge me the no show fee. The worst apps ever!,en,negative,0.952,EV·충전,2026-06-05 09:24:42.911098+00
1843,google_play,Grab,mobility_superapp,SEA,1,Andrew Barnhart,2026-06-03,"My food took 1.5 hours to be delivered and was cold and hard but Grab refused to refund me, even though I order twice daily through the app and have VIP status. Obviously VIP means nothing to them. They guarantee a refund if the food is late but it's a lie. I'll use the Lineman app whenever I can instead",en,negative,0.9277,EV·충전,2026-06-05 09:24:42.911098+00
1844,google_play,Grab,mobility_superapp,SEA,5,geoff boyd,2026-06-03,excellent 👍,ca,positive,0.7534,기타,2026-06-05 09:24:42.911098+00
1845,google_play,Grab,mobility_superapp,SEA,1,Serafim Sinaga,2026-06-03,order saya sering di cancel gatau kenapa,id,negative,0.8278,기타,2026-06-05 09:24:42.911098+00
1846,google_play,Grab,mobility_superapp,SEA,1,Michael Thomas,2026-06-03,"Scammy company. Ive used grab for years and it used to be pretty good. recently I've had several issues, including inedible food, and grab refuses to refund the full amount paid. I'm done with Grab, totally unacceptable behavior from them. Avoid like the plague.",en,negative,0.9439,EV·충전,2026-06-05 09:24:42.911098+00
1847,google_play,Grab,mobility_superapp,SEA,5,Roger Beins,2026-06-03,truly a 5 ⭐ effort & experience BT,en,positive,0.7203,기타,2026-06-05 09:24:42.911098+00
1848,google_play,Grab,mobility_superapp,SEA,5,Semoga Mendapat BarokaH,2026-06-03,Semoga tetap melayani dengan memuaskan. Sesuai dengan kwalitas yang telah baik selama ini,id,positive,0.7734,기타,2026-06-05 09:24:42.911098+00
1849,google_play,Grab,mobility_superapp,SEA,1,Lim,2026-06-03,"terrible service, often late deliveries. not very accountable for their own, problems would be blamed to either drivers or merchants. lost time from you would never be compensated.",en,negative,0.9541,EV·충전,2026-06-05 09:24:42.911098+00
1850,google_play,Grab,mobility_superapp,SEA,1,nerdwekwek,2026-06-03,banyak iklannya lah pokonya jd mls,id,negative,0.9048,기타,2026-06-05 09:24:42.911098+00
1851,google_play,Grab,mobility_superapp,SEA,3,sitii maulina,2026-06-03,"i have to update the app when i really have to go somewhere, and it took so long. pls gave choice to update it sometime later",en,negative,0.5719,기타,2026-06-05 09:24:42.911098+00
1852,google_play,Grab,mobility_superapp,SEA,3,Cloaktastic,2026-06-03,"Không biết ăn gì, app cứ gợi ý một đống cái na ná nhau",vi,negative,0.5977,기타,2026-06-05 09:24:42.911098+00
1853,google_play,Grab,mobility_superapp,SEA,5,John McLeod,2026-06-03,Giving 5 stars because the customer service experience is elite. Irreplaceable app for southeast Asia.,en,positive,0.8812,서비스,2026-06-05 09:24:42.911098+00
1854,google_play,Grab,mobility_superapp,SEA,5,Feilong Zippofeilong,2026-06-03,Very nice,pl,positive,0.7374,기타,2026-06-05 09:24:42.911098+00
1436,google_play,Grab,mobility_superapp,SEA,5,เปิ้ล สีธงชัย,2026-05-23,ตรงต่อเวลาดีค่ะ,th,positive,0.6993,기타,2026-06-05 09:24:42.911098+00
1437,google_play,Grab,mobility_superapp,SEA,1,บุญญาพร มีมานะ,2026-05-23,แย่มาก อยู่อีกฟากถนน ก็ปักหมุดอีกฟากถนน ไม่มีความเสถียรด้านสถานที่เลย คนขับก็ไม่ยอมมารับ แถมไม่ยกเลิก พอเรายกเลิก ทำไมลูกค้าต้องมาเสีบเงินเอง ในเมื่อคนขับเป็นคนยกเลิก ไม่ยอมมารับ,th,negative,0.9221,결제,2026-06-05 09:24:42.911098+00
1438,google_play,Grab,mobility_superapp,SEA,3,Galaxy Phone,2026-05-23,ร้านนี้ให้ผักสดน้อยมากค่ะ.. ขนาดสั่งไป3ถุงก็ยังให้น้อยยุ.. สั่งไปหลายรอบแล้วสั่งไปกี่ถุงก็ให้ผักเท่าเดิม,th,negative,0.7183,기타,2026-06-05 09:24:42.911098+00
1439,google_play,Grab,mobility_superapp,SEA,5,ying Tamu tami,2026-05-23,ปลอดภัยรวดเร็ว,th,neutral,0.5603,기타,2026-06-05 09:24:42.911098+00
1440,google_play,Grab,mobility_superapp,SEA,5,แวฮามัดสับรี มะมิง,2026-05-23,ดีมากครับ,th,positive,0.7853,기타,2026-06-05 09:24:42.911098+00
1441,google_play,Grab,mobility_superapp,SEA,1,Kittisak Suwanasilp,2026-05-23,ราคามอเตอร์ไซค์ถูกเกินไปเห็นใจคนขับแต่ทางบริษัทหัก30%+++เหมือนไรเดอร์ทำงานให้บริษัทโดยไม่ได้อะไรเลย,th,negative,0.4594,요금,2026-06-05 09:24:42.911098+00
1442,google_play,Grab,mobility_superapp,SEA,3,Dewil “ณ.” Chiang mai,2026-05-22,หการเข้าใช้บริการควรปรับปรุงเข้าใช้ไม่ได้,th,negative,0.7602,서비스,2026-06-05 09:24:42.911098+00
1443,google_play,Grab,mobility_superapp,SEA,4,Phanwarot Pakkalo (Lubpui),2026-05-22,ดีเป็นอย่างบาง,th,positive,0.4739,기타,2026-06-05 09:24:42.911098+00
401,google_play,LOCA Taxi,kokkok,LAO,5,ไช อุด์ม,2020-07-04,The best,en,positive,0.7933,기타,2026-06-05 09:24:42.911098+00
402,google_play,LOCA Taxi,kokkok,LAO,5,ຜູ້ໃຊ້ Google,2019-12-11,ອັດທະຍາໃສດີ,unknown,positive,0.6979,기타,2026-06-05 09:24:42.911098+00
403,google_play,LOCA Taxi,kokkok,LAO,5,ຜູ້ໃຊ້ Google,2019-11-24,Godd,cy,positive,0.4939,기타,2026-06-05 09:24:42.911098+00
404,google_play,LOCA Taxi,kokkok,LAO,1,ຜູ້ໃຊ້ Google,2019-08-06,ສະມັກຄ້າງຄ້າງ,unknown,neutral,0.529,기타,2026-06-05 09:24:42.911098+00
405,google_play,LOCA Taxi,kokkok,LAO,5,ຜູ້ໃຊ້ Google,2019-06-10,ຕັ້ງແຕ່ຮູ້ຈັກບໍລິການ Loca ມາ ສະດວກຫລາຍ,unknown,neutral,0.4052,기타,2026-06-05 09:24:42.911098+00
406,google_play,LOCA Taxi,kokkok,LAO,1,Guang Lilu,2026-05-04,Wasting time,en,negative,0.7955,기타,2026-06-05 09:24:42.911098+00
407,google_play,LOCA Taxi,kokkok,LAO,1,Jack Westwood,2026-05-04,如果你使用的时候绑定了信用卡，那就无法解除了，即使寻找客服也只会得到“已经解除了，请重新登录查看”这种回答。当你遗忘了你绑过这个软件的时候，谁知道他准备用你的卡做什么呢？,zh-cn,negative,0.5236,기타,2026-06-05 09:24:42.911098+00
408,google_play,LOCA Taxi,kokkok,LAO,1,Henrik Nilsson,2026-04-14,rides are very expensive compared to other apps. the the app UX is bad. overall terrible,en,negative,0.9579,요금,2026-06-05 09:24:42.911098+00
409,google_play,LOCA Taxi,kokkok,LAO,5,Upasaka Nyanasami,2026-03-14,QR payment not working today,en,negative,0.7016,결제,2026-06-05 09:24:42.911098+00
410,google_play,LOCA Taxi,kokkok,LAO,2,Mateusz P,2026-03-11,"This is my second time in Laos, I installed Loca application a second time and I have never used it. Taxi in app are more expensive than at the airport, paying QR has some sick commissions. Especially considering that the competition apps to pay QR is much cheaper.",en,negative,0.8827,EV·충전,2026-06-05 09:24:42.911098+00
411,google_play,LOCA Taxi,kokkok,LAO,1,Dirk Strobel,2026-03-04,"jesus,what is that? cannot chose pick up time,cannot chose location....",en,negative,0.75,기타,2026-06-05 09:24:42.911098+00
412,google_play,LOCA Taxi,kokkok,LAO,1,H. Sipahi,2026-03-02,"such a ripoff app. I used it for taxi first from airport to hotel for 15min ride costed 107k, isn't it insane for Laos? Also just to try loca payment with my revolut premium card (means no fx fees), I got something for 60k and ended up paying 71k. The reason is, they're lying about fx rates. They charged 3.33usd although my account can easily convert local currency, why do you do that? Also how do you expect to get more people using your app of you do small scams like this? Totally worthless.",en,negative,0.8868,EV·충전,2026-06-05 09:24:42.911098+00
413,google_play,LOCA Taxi,kokkok,LAO,5,Ping Houangsanasay,2026-02-28,good app and user friendly,en,positive,0.8118,기타,2026-06-05 09:24:42.911098+00
414,google_play,LOCA Taxi,kokkok,LAO,1,Tom Tom,2026-02-15,"No fixed prices for taxi, high fees for loca pay. Deleting account doesn't work.",en,negative,0.783,결제,2026-06-05 09:24:42.911098+00
415,google_play,LOCA Taxi,kokkok,LAO,4,Dmitry Baranov,2026-02-11,"LocaPay is great if you have ""just a bit not enough kip"" while in Laos. however 3% + 5000 kip (the latter part primarily) fee makes it expensive to pay for daily purchases under $15-20, and that's the vast majority of purchases in Laos which can't be paid by card! also while Loca's taxi (good although not the cheapest in Laos) charges me in Kip, LocaPay charges me in USD despite my card not being American, why? all in all, significantly more losses than cash",en,negative,0.4209,EV·충전,2026-06-05 09:24:42.911098+00
525,google_play,LOCA Taxi,kokkok,LAO,1,supersimoss supersimoss,2023-11-17,Can't sign up. Not receiving the OT0 sms,en,negative,0.797,기타,2026-06-05 09:24:42.911098+00
1444,google_play,Grab,mobility_superapp,SEA,1,Tee Klao,2026-05-22,ไม่มีความรับผิดชอบ,th,negative,0.7215,기타,2026-06-05 09:24:42.911098+00
1445,google_play,Grab,mobility_superapp,SEA,5,Ladda Buobangngon,2026-05-22,เมนูทานเล่น อร่อยค่ะ สั่งมาสองอย่างคือดีมาก รอบหน้าจะลองทานเมนูน้ำนะคะ 🙏🤗,th,positive,0.8755,기타,2026-06-05 09:24:42.911098+00
1446,google_play,Grab,mobility_superapp,SEA,1,บัญญวัต,2026-05-22,ช้า,th,neutral,0.5222,기타,2026-06-05 09:24:42.911098+00
1447,google_play,Grab,mobility_superapp,SEA,5,ณัฐพงษ์ ฉิมหนู,2026-05-22,อร่อยรสชาติดีและคุ้มมากค่ะ,th,positive,0.8337,기타,2026-06-05 09:24:42.911098+00
1448,google_play,Grab,mobility_superapp,SEA,5,อัมรึย์ บุญลอย,2026-05-22,รวดเร็วดีค่ะ,th,positive,0.7091,기타,2026-06-05 09:24:42.911098+00
2953,google_play,Gojek,mobility_superapp,SEA,1,TTH Esport TV,2024-08-23,Tụi IT gojek như cc,vi,neutral,0.6564,기타,2026-06-05 09:24:42.911098+00
1449,google_play,Grab,mobility_superapp,SEA,5,Kan kanit,2026-05-22,บริการดีคนขับรถสุภาพเรียบร้อย,th,positive,0.6293,배차·대기,2026-06-05 09:24:42.911098+00
1450,google_play,Grab,mobility_superapp,SEA,5,Meathasith Pongsuchart,2026-05-22,สะดวกมาก ไม่ต้องขับรถออกจากบ้านเอง รายการอาหารค่อนข้างครอบคลุม ส่งใว ติดตามออร์เดอร์ได้สะดวก แจ้งความคืบหน้าตลอด,th,neutral,0.6423,배차·대기,2026-06-05 09:24:42.911098+00
1451,google_play,Grab,mobility_superapp,SEA,5,Hana phrawongkham,2026-05-22,เพิ่งใช้ครั้งแรกประทับใจเลยค่ะ,th,positive,0.8565,기타,2026-06-05 09:24:42.911098+00
1452,google_play,Grab,mobility_superapp,SEA,5,Lady Catźe,2026-05-22,🥰ชอบการบริการที่ดีเยี่ยม👍👍👍,th,positive,0.8695,서비스,2026-06-05 09:24:42.911098+00
1453,google_play,Grab,mobility_superapp,SEA,1,ธนัชพร คุณารยกุล,2026-05-22,โดนคิดค่าบริการที่ไม่ได้ใช้จริงผ่านบัตรเครดิต และไม่ขึ้นรายการในแอพ ตรวจสอบกับธนาคารของบัตรแล้ว แจ้งว่าตัดจาก Grab แต่ไม่สามารติดต่อเจ้าหน้าที่ grab เพื่อตรวจสอบรายการที่ผิดปกติได้,th,negative,0.5188,서비스,2026-06-05 09:24:42.911098+00
1942,google_play,Grab,mobility_superapp,SEA,2,A M,2026-06-02,Are you seriously making people who chooses the Saver option wait more than an hour before the food is delivered to them? Even the pink panda app does not do this bs. Won't be using this app again after this.,en,negative,0.9324,EV·충전,2026-06-05 09:24:42.911098+00
977,google_play,Grab,mobility_superapp,SEA,4,Anh Viet,2026-05-27,Đgể xem đã có ê,vi,neutral,0.4258,기타,2026-06-05 09:24:42.911098+00
997,google_play,Grab,mobility_superapp,SEA,4,Chi Nguyen,2026-05-26,"bỏ số hotline, khách hàng gặp sự cố không biết phải tìm dịch vụ cskh ở đâu trên app. bắt gửi phản hồi qua dạng chat và phải gửi biểu mẫu để xử lý, quá trình xử lý thì chậm. nói chung kém",vi,negative,0.7331,기타,2026-06-05 09:24:42.911098+00
998,google_play,Grab,mobility_superapp,SEA,1,Thuy Do,2026-05-26,chán,vi,negative,0.3878,기타,2026-06-05 09:24:42.911098+00
999,google_play,Grab,mobility_superapp,SEA,1,Funny Tv,2026-05-26,đặt đồ ăn. hủy đơn k lý do. k hỗ trợ,vi,neutral,0.6925,서비스,2026-06-05 09:24:42.911098+00
1000,google_play,Grab,mobility_superapp,SEA,1,Hoàng Lê,2026-05-26,"dịch vụ chán,đặt gần 1 tiếng không bắn tài xế,hủy đơn không được,tổng đài không có,gọi grab thì từ 22h đến sáng thì xử lí kiểu gì",vi,negative,0.8232,배차·대기,2026-06-05 09:24:42.911098+00
1001,google_play,Grab,mobility_superapp,SEA,5,Trung Kỳ,2026-05-26,Rất ok,vi,positive,0.3685,기타,2026-06-05 09:24:42.911098+00
1002,google_play,Grab,mobility_superapp,SEA,1,Dậu Tý,2026-05-26,"tài xế hủy chuyến vô lý, xu dùng đổi mã không hoàn khi bị hủy chuyến do tài xế",vi,negative,0.6066,배차·대기,2026-06-05 09:24:42.911098+00
1003,google_play,Grab,mobility_superapp,SEA,3,denh Yang,2026-05-26,vui 2,fi,neutral,0.4141,기타,2026-06-05 09:24:42.911098+00
1004,google_play,Grab,mobility_superapp,SEA,2,Mui Nang,2026-05-26,"t muốn hỏi là, t có đặt đơn trà sữa nhưng có ngủ quên nửa tiếng do mệt ms đi làm về, t giật mình alo vs ship thì ship bảo đã lấy đơn của t cho ngt trong khi đó chỉ gọi cho t đúng một cuộc và ko hề có tin nhắn nào, lúc đó t còn thấy tội lỗi và có tự nguyện trả tiền đơn cho ship trong khi dell nhận đc đơn, giờ nghĩ lại thì thấy cấn vcl, ai ns t bt là t sai hay ship sai đây hả",vi,negative,0.6704,앱오류,2026-06-05 09:24:42.911098+00
1005,google_play,Grab,mobility_superapp,SEA,5,DRAGON GREEN,2026-05-26,Grap 1 nơi uy tín chất lượng,vi,positive,0.5102,기타,2026-06-05 09:24:42.911098+00
1006,google_play,Grab,mobility_superapp,SEA,1,Tuan Nguyen,2026-05-26,ko có xe,vi,negative,0.6096,기타,2026-06-05 09:24:42.911098+00
1007,google_play,Grab,mobility_superapp,SEA,5,Ut Nguyen,2026-05-25,tốt nhanh lẹ,vi,positive,0.5982,기타,2026-06-05 09:24:42.911098+00
1008,google_play,Grab,mobility_superapp,SEA,1,Hân Nguyễn,2026-05-25,"app khốn nạn, đặt đồ ăn 18h00 mà tự động dời thành 18h30 lm trễ việc",vi,negative,0.9189,기타,2026-06-05 09:24:42.911098+00
1009,google_play,Grab,mobility_superapp,SEA,1,Bình Lương Châu,2026-05-25,định vị giao đồ ăn sai,vi,neutral,0.6254,기타,2026-06-05 09:24:42.911098+00
1010,google_play,Grab,mobility_superapp,SEA,5,Phi lich em Phan,2026-05-25,vui vẻ,vi,positive,0.5703,기타,2026-06-05 09:24:42.911098+00
1011,google_play,Grab,mobility_superapp,SEA,1,Phương Lê,2026-05-25,ý là kịp quét cái mặt ln á xg quét k dc thì vô hiệu quá bực vãi,vi,negative,0.7554,기타,2026-06-05 09:24:42.911098+00
1051,google_play,Grab,mobility_superapp,SEA,1,Phan Huy Hoàng,2026-05-22,"Đề xuất địa chỉ lung tung, quán ở rất xa",vi,neutral,0.527,기타,2026-06-05 09:24:42.911098+00
1943,google_play,Grab,mobility_superapp,SEA,2,A-7A PAJARILLO ANDREA F.,2026-06-02,"I hope this message finds you. We ALWAYS put ""priority"" in our order po yet we ALWAYS received it late po. I'm hoping that this type of arrival will change because we pay extra po",en,positive,0.4933,결제,2026-06-05 09:24:42.911098+00
1944,google_play,Grab,mobility_superapp,SEA,5,Iya,2026-06-02,"fav app tapi icon jemput dan tujuan sering membingungkan pengguna contoh nya orangtua saya, mungkin tanda lokasi jemput dan tujuan bisa diganti dan disesuaikan lagi misal untuk lokasi jemput menggunakan 📍dan tujuan 🏢/🚩",id,negative,0.5212,기타,2026-06-05 09:24:42.911098+00
1945,google_play,Grab,mobility_superapp,SEA,1,achmad bashorudin,2026-06-02,Mitra Grab Car kelakuannya pada kayak monyet sering ngambil order tapi gak dijemput. K O N T O L,id,negative,0.8848,기타,2026-06-05 09:24:42.911098+00
1946,google_play,Grab,mobility_superapp,SEA,5,Rudra Piprotar,2026-06-02,nice,pl,positive,0.4518,기타,2026-06-05 09:24:42.911098+00
1947,google_play,Grab,mobility_superapp,SEA,5,Rajahpad Buo,2026-06-02,Thank you.,en,positive,0.8661,기타,2026-06-05 09:24:42.911098+00
1948,google_play,Grab,mobility_superapp,SEA,3,arisha,2026-06-02,ice latte tawar and pahit,en,neutral,0.4817,기타,2026-06-05 09:24:42.911098+00
2306,google_play,Gojek,mobility_superapp,SEA,2,rickymeiazw,2026-06-04,sering ngelag,tl,negative,0.7518,기타,2026-06-05 09:24:42.911098+00
1949,google_play,Grab,mobility_superapp,SEA,1,Christopher Oropel,2026-06-01,"I waited over an hour to cancel my order because no rider ever picked it up. However, the amount has already been successfully deducted from my account. I thought the funds were just on hold. Why can't this be refunded immediately upon cancellation?",en,negative,0.7875,EV·충전,2026-06-05 09:24:42.911098+00
1950,google_play,Grab,mobility_superapp,SEA,1,Ahmad Riyanto,2026-06-01,gokil programmernya. makin diupdate makin lelet dia buat aplikasi ini,id,positive,0.7643,기타,2026-06-05 09:24:42.911098+00
1951,google_play,Grab,mobility_superapp,SEA,1,Filbert Timothy,2026-06-01,"pengiriman sering delay, padahal ga pakai pilihan saver",id,negative,0.6584,기타,2026-06-05 09:24:42.911098+00
1462,google_play,Grab,mobility_superapp,SEA,5,สมจิตต์ สกุลยั่งยืนเจริญ,2026-05-21,คนขับให่บริการดีเยี่ยม​สุภาพเรียบร้อย​น้ำใจงาม​บุคคลิกเรียบร้อยใหอภัยผู้โดยสารที่ทำไม่ถูกต้องเพราะไม่เข้าใจได้รถเร็วมาก,th,negative,0.459,배차·대기,2026-06-05 09:24:42.911098+00
1463,google_play,Grab,mobility_superapp,SEA,5,สมพร รอดเกี้ยว,2026-05-21,บริการดีเยี่ยม สุภาพ รถใหม่ สะอาดกลัวรถน้องเปื้อนเพราะฝนตก,th,negative,0.459,배차·대기,2026-06-05 09:24:42.911098+00
1058,google_play,Grab,mobility_superapp,SEA,5,Thùy trâm Đặng trần,2026-05-22,dạ tất tốt ạ,vi,positive,0.7388,기타,2026-06-05 09:24:42.911098+00
1464,google_play,Grab,mobility_superapp,SEA,1,Ol One,2026-05-21,ตั้งแอพยังไงครับผมใช้มือถือเครื่อง Samsung Galaxy Z fold7 จะ สมัครเรียกรถแต่แอพให้ผม สมัครเป็นคนขับรถ,th,neutral,0.8047,배차·대기,2026-06-05 09:24:42.911098+00
1465,google_play,Grab,mobility_superapp,SEA,1,Kamisara (For work),2026-05-20,เอไอที่ใว้ถามข้อมูลเเอป เอ๋อมาก,th,negative,0.3714,기타,2026-06-05 09:24:42.911098+00
1467,google_play,Grab,mobility_superapp,SEA,3,ชวนเธอไปกิน Invite her to eat Channel,2026-05-20,พออัปเดทหน้าฟีดไม่พร้อมใช้งาน,th,negative,0.5918,기타,2026-06-05 09:24:42.911098+00
1468,google_play,Grab,mobility_superapp,SEA,3,Kendo Goki,2026-05-20,โฆษณาGrabที่ขึ้นมาในAppอื่นไม่สามารถปิดได้,th,negative,0.5589,배차·대기,2026-06-05 09:24:42.911098+00
1469,google_play,Grab,mobility_superapp,SEA,5,ชื่อจอย แล้วงัย,2026-05-20,รอไม่นาน,th,neutral,0.4148,기타,2026-06-05 09:24:42.911098+00
1470,google_play,Grab,mobility_superapp,SEA,5,jjjujar12,2026-05-20,คือ ดี สะดวก รวดเร็ว,th,positive,0.6496,기타,2026-06-05 09:24:42.911098+00
1471,google_play,Grab,mobility_superapp,SEA,1,Perfect,2026-05-20,ส่งช้ามากรอเป็นชั่วโมง,th,negative,0.758,기타,2026-06-05 09:24:42.911098+00
1472,google_play,Grab,mobility_superapp,SEA,5,Tulaya Yogi,2026-05-20,บริการรวดเร็วดีมากค่ะ👍,th,positive,0.8396,서비스,2026-06-05 09:24:42.911098+00
1473,google_play,Grab,mobility_superapp,SEA,1,ปฐมพงษ์ บุญใสทิพย์ (ตั๋ว),2026-05-20,ประสบการณ์ตรงจากตัวเอง..! ความรับผิดชอบของ app และ rider ห่วย rider ขับรถได้ประมาททำให้ผมเสียสูญเสียทรัพย์สินผมไม่ได้ต้องการให้ใครมารับผิดชอบเรื่องการรักษาพยาบาลของผมผมรักษาตัวเองได้ ใครคิดจะเอ่ยรับผิดชอบโทรศัพท์ผมไหมโทรศัพท์ผมต้องใช้ทำงานคนขับก็ไม่มีปัญญา ด้วยความเข้าใจก็ไม่อยากเอาเรื่องเขาเพราะประสาททางบริษัทก็ไม่ได้ช่วยอะไรเลยหากเปอร์เซ็นต์คนขับซะสูง สวัสดิการนุ่นสวัสดิการนี่รับผิดชอบผู้โดยสารได้แค่เนี้ยห่วยๆ,th,negative,0.6587,배차·대기,2026-06-05 09:24:42.911098+00
1474,google_play,Grab,mobility_superapp,SEA,5,Dungjit Boonmetum,2026-05-19,บริการดีราคาถูกถึงที่หมายโดยปลอดภัยค่ะ,th,positive,0.5988,요금,2026-06-05 09:24:42.911098+00
1475,google_play,Grab,mobility_superapp,SEA,3,mumu,2026-05-19,อยากให้แก้ตรงพอกดสั่งแล้วหาคนขับช้าไม่คนขับเลยรอเป็นชั่วโมง,th,negative,0.6428,기타,2026-06-05 09:24:42.911098+00
1476,google_play,Grab,mobility_superapp,SEA,5,amporn pod,2026-05-19,เริ่ดๆๆๆๆสุภาพขับดี ไม่ฝ่าไฟแดงค่ะ,th,positive,0.8293,기타,2026-06-05 09:24:42.911098+00
1477,google_play,Grab,mobility_superapp,SEA,5,Verasak Lopphungchoo,2026-05-19,ส่งเร็ว,th,neutral,0.4917,기타,2026-06-05 09:24:42.911098+00
1478,google_play,Grab,mobility_superapp,SEA,4,สุกัญญา ผลทิพย์,2026-05-19,ยำเผ็ดไปนะค่ะ,th,negative,0.6404,기타,2026-06-05 09:24:42.911098+00
1479,google_play,Grab,mobility_superapp,SEA,1,Maxxzaa Topmaz,2026-05-19,แอปห่วยเอาไปแค่นี้พอแล้ว จองไว้แต่ไม่มีรถบริการ,th,negative,0.7235,배차·대기,2026-06-05 09:24:42.911098+00
1480,google_play,Grab,mobility_superapp,SEA,2,suriya changlek,2026-05-19,คนรับออเดอร์เมืองโคราชหายากมาก,th,neutral,0.5475,기타,2026-06-05 09:24:42.911098+00
1481,google_play,Grab,mobility_superapp,SEA,5,วรรณภา ฉลอมประโคน,2026-05-19,บริการสุภาพยอดเยี่ยมค่ะ,th,positive,0.8094,서비스,2026-06-05 09:24:42.911098+00
1482,google_play,Grab,mobility_superapp,SEA,5,Jeenna Wurster,2026-05-19,ปลอดภัยสะดวกสะบายไม่ต้องกังวลจะถูกหลอกและการการหารถยากอีกต่อไป,th,neutral,0.4373,배차·대기,2026-06-05 09:24:42.911098+00
1483,google_play,Grab,mobility_superapp,SEA,1,นัน ดาดา,2026-05-19,พนักงานส่งของบริการแย่มาก สั่งหลายรอบก็ชอบมีปัญหาตลอด ที่อยู่เขียนบอกละเอียดชัดเจนก็ไปผิดที่ เบอร์ก็มีแต่ไม่ยอมโทรหา ทำให้ไม่อยากใช้แอป เจอแต่คนบริการแย่ๆ,th,negative,0.9155,서비스,2026-06-05 09:24:42.911098+00
1484,google_play,Grab,mobility_superapp,SEA,5,บังอร สมพิทักษ์,2026-05-19,บริการดีพูดจาดีค่ะ,th,positive,0.6835,서비스,2026-06-05 09:24:42.911098+00
1527,google_play,Grab,mobility_superapp,SEA,1,CR BOILER,2026-05-16,แม่งกดยากชิบผาย...หลอดให้กด ไม่มีจริงหรอ,th,negative,0.9009,기타,2026-06-05 09:24:42.911098+00
1587,google_play,Grab,mobility_superapp,SEA,5,สุพจน์ สีดี,2026-05-09,ใช้ได้ดีครับ,th,positive,0.7124,기타,2026-06-05 09:24:42.911098+00
2913,google_play,Gojek,mobility_superapp,SEA,5,Hen Chi,2024-09-04,Hay,so,neutral,0.4263,기타,2026-06-05 09:24:42.911098+00
1485,google_play,Grab,mobility_superapp,SEA,1,thaiputtanaspring 2018,2026-05-19,สั่งของเลือกส่งแบบรีบส่งจากที่จะได้ของ20นาทีได้เป็นชม.ตลอดเป็นบ่อยมากแทนที่จะได้รับของแล้วไผทำอย่างอื่นกับต้องรอให้เสียเวลาและไม่มีการดูแลอะไรเลยติดต่อไปก็ไม่ได้ของไวขึ้นสักที่จะมีให้แจ้งทำไมไม่น่ากลับมาโหลดเลยเอาจริงผิดหวังมากเสียตังเสียเวลา,th,negative,0.8522,기타,2026-06-05 09:24:42.911098+00
1486,google_play,Grab,mobility_superapp,SEA,5,Sati Samati,2026-05-19,สะดวกรวดเร็วและปรอดภัยดีมากครับ,th,positive,0.7628,기타,2026-06-05 09:24:42.911098+00
1993,google_play,Grab,mobility_superapp,SEA,4,MHK Mohawk,2026-06-01,convenient,es,neutral,0.4509,기타,2026-06-05 09:24:42.911098+00
2958,google_play,Gojek,mobility_superapp,SEA,3,Tai Nguyen,2024-08-22,Tây ninh có chưa ad,vi,neutral,0.7402,기타,2026-06-05 09:24:42.911098+00
2959,google_play,Gojek,mobility_superapp,SEA,1,Smile Love,2024-08-22,Nhiều địa điểm không có tài xế. Tệ. Dẹp cho rồi,vi,negative,0.9297,배차·대기,2026-06-05 09:24:42.911098+00
2960,google_play,Gojek,mobility_superapp,SEA,5,Dai Tam Nguyen,2024-08-21,Tuyệt,vi,negative,0.3592,기타,2026-06-05 09:24:42.911098+00
2961,google_play,Gojek,mobility_superapp,SEA,5,Thiện Tiếp Lê,2024-08-21,nhiệt tình,vi,neutral,0.3968,기타,2026-06-05 09:24:42.911098+00
2962,google_play,Gojek,mobility_superapp,SEA,5,Khoa Nguyen,2024-08-20,Good job,so,positive,0.761,기타,2026-06-05 09:24:42.911098+00
2963,google_play,Gojek,mobility_superapp,SEA,5,Thành Reno,2024-08-20,Đặc xe nhanh đặc thức ăn cũng nhanh mà còn rẻ hơn nữa thật tiện lợi tốt nhất,vi,positive,0.6802,기타,2026-06-05 09:24:42.911098+00
2964,google_play,Gojek,mobility_superapp,SEA,5,Hương,2024-08-20,Thuận tiện nhanh gọn dễ dàng nhưng mắc mỗi tội cập nhật nhiều,vi,neutral,0.5166,기타,2026-06-05 09:24:42.911098+00
2965,google_play,Gojek,mobility_superapp,SEA,5,Hải Trần,2024-08-19,Tieu chuan chat luong ok,vi,neutral,0.4076,기타,2026-06-05 09:24:42.911098+00
2966,google_play,Gojek,mobility_superapp,SEA,5,Tuan Nguyen,2024-08-19,An toàn,vi,neutral,0.445,기타,2026-06-05 09:24:42.911098+00
2967,google_play,Gojek,mobility_superapp,SEA,1,Tây Phạm,2024-08-18,App rất tệ,vi,negative,0.9412,기타,2026-06-05 09:24:42.911098+00
2968,google_play,Gojek,mobility_superapp,SEA,1,vận tải xuyên việt cuộc sống nghề tài,2024-08-18,Ko đặt được xe và đơn hàng .... quá kém,vi,negative,0.8715,기타,2026-06-05 09:24:42.911098+00
2969,google_play,Gojek,mobility_superapp,SEA,1,Lan Nguyen,2024-08-18,Khóa app t đi dit me ngt không đi xe nhờ chuyển tiền gửi phí cũng khóa app con hàng bơm hang,vi,neutral,0.5962,기타,2026-06-05 09:24:42.911098+00
2970,google_play,Gojek,mobility_superapp,SEA,5,Huyen Truong,2024-08-17,Tốt lắm ạ,vi,positive,0.3802,기타,2026-06-05 09:24:42.911098+00
2971,google_play,Gojek,mobility_superapp,SEA,5,Trung Nhất,2024-08-16,"Rất hài lòng, dịch vụ tốt, tài xế thân thiện",vi,positive,0.8659,배차·대기,2026-06-05 09:24:42.911098+00
2972,google_play,Gojek,mobility_superapp,SEA,1,Ngân Thanh,2024-08-16,hủy xe miết đợi mệt vcl ra,vi,negative,0.5086,기타,2026-06-05 09:24:42.911098+00
626,google_play,LOCA Taxi,kokkok,LAO,2,Jakapong Prapanjit,2020-08-25,Should reduce the price for local people,en,neutral,0.5042,요금,2026-06-05 09:24:42.911098+00
627,google_play,LOCA Taxi,kokkok,LAO,5,Paul H,2020-08-20,Great app,en,positive,0.8528,기타,2026-06-05 09:24:42.911098+00
628,google_play,LOCA Taxi,kokkok,LAO,5,SaracondaMD,2020-08-17,Makes traveling easier!,no,positive,0.7812,기타,2026-06-05 09:24:42.911098+00
630,google_play,LOCA Taxi,kokkok,LAO,5,somsamai salithongnith,2020-07-31,You make my single life rides easier! And more safety!,en,positive,0.8876,기타,2026-06-05 09:24:42.911098+00
631,google_play,LOCA Taxi,kokkok,LAO,5,Adam Knight,2020-07-29,Really good app,en,positive,0.8888,기타,2026-06-05 09:24:42.911098+00
660,google_play,LOCA Taxi,kokkok,LAO,4,A Google user,2019-12-20,very good,af,positive,0.7152,기타,2026-06-05 09:24:42.911098+00
2509,google_play,Gojek,mobility_superapp,SEA,5,Muhammad Ludaka Firdaus,2026-05-23,Nice app!!,it,positive,0.8479,기타,2026-06-05 09:24:42.911098+00
2510,google_play,Gojek,mobility_superapp,SEA,1,KawaiiOnigiri 11,2026-05-23,"I recommend other app. such a shame theres no consequence for drivers that deliberately turn their data off in hopes we cancel them. I had to wait 30 minutes, got 2 riders that doesnt want to pick me up. u should investigate how frequent they get cancelled and make a new system!",en,negative,0.947,배차·대기,2026-06-05 09:24:42.911098+00
2511,google_play,Gojek,mobility_superapp,SEA,1,jerahmel daw,2026-05-23,"tolong izinkan pembatalan pesanan di gofood hemat kalo blm dpt driver selama 5 menit, apk apa ini",id,negative,0.7643,배차·대기,2026-06-05 09:24:42.911098+00
2512,google_play,Gojek,mobility_superapp,SEA,1,Azhari Rifqi,2026-05-22,"Buat gofood terutama yg gak bs dicancel dikasih notifikasi dong, jangan jadiin nih aplikasi jelek gara2 fitur sederhana begitu aja gak ada 206 masih aja kocak nih sub apps go food, masa pesen makan jam 6 jam 8 belom dateng jg makanannya..gilirab motong fee aja cepet, giliran pesenan bermasalah ampe ke live agentnya kaga solutif!!",id,negative,0.8344,기타,2026-06-05 09:24:42.911098+00
2513,google_play,Gojek,mobility_superapp,SEA,1,DHP,2026-05-22,"Sudah tiga kali saya dicuekin sama driver mitra kalian, orderan diambil tapi ngga pickup saya sama sekali dan driver anda tidak mau cancel sama sekali dan menunggu saya yg cancel. Kenapa saya harus cancel padahal saya saja dicuekin begitu? yang tidak mau ambil orderan kan mitra anda kenapa saya yg harus cancel?",id,negative,0.8568,배차·대기,2026-06-05 09:24:42.911098+00
2514,google_play,Gojek,mobility_superapp,SEA,1,Aulia Anjelly,2026-05-22,"Sekarang gofood udah mahal banget ongkirnya, udh gamau lagi belanja disini. masa ongkir selalu 20k keatas??! najis bgt mending order di app sebelah.",id,negative,0.9165,기타,2026-06-05 09:24:42.911098+00
2515,google_play,Gojek,mobility_superapp,SEA,1,Rafif Zuhdi,2026-05-22,"opsi pembayaran nya dikit banget, bintang 1 dulu soalnya gak ada shopeepay buat payment nya.",id,negative,0.6512,결제,2026-06-05 09:24:42.911098+00
2516,google_play,Gojek,mobility_superapp,SEA,5,kojak arnowsky,2026-05-22,sangat membantu,id,positive,0.7575,기타,2026-06-05 09:24:42.911098+00
2518,google_play,Gojek,mobility_superapp,SEA,5,Aman Fitrullah,2026-05-22,food experience,en,neutral,0.4174,기타,2026-06-05 09:24:42.911098+00
2519,google_play,Gojek,mobility_superapp,SEA,2,khaira aprilia,2026-05-22,"udah jadi user gojek dari lama, tapi hari ini mutusin buat uninstall karena kesel dan heran kenapa bisa-bisa nya gosendku terpesan 2x??? padahal jelas aku gabuka aplikasi gojek dan gosend yg pertama juga udah selesai order. aku heran tiba-tiba dapet notif kalo aku pesen gosend padahal tidak sama sekali. dan kejadian ini bukan cuma 1x 2x, melainkan udah pernah beberapa kali, pernah suatu hari aku cuma mau CEK HARGA GOJEK dan BELUM BERNIAT UNTUK MEMESAN, tapi malah ENTAH KENAPA langsung terpesan.",id,negative,0.8355,기타,2026-06-05 09:24:42.911098+00
3050,google_play,Gojek,mobility_superapp,SEA,5,The Ghost Pig Channel,2022-07-28,สำหรับคนที่เข้าไม่ได้ คือ เข้าเลิกให้บริการในไทยแล้วนะคับ 😁,th,neutral,0.5914,서비스,2026-06-05 09:24:42.911098+00
3051,google_play,Gojek,mobility_superapp,SEA,1,A’a O'o,2022-07-16,แอพเน่ามาก เข้าระบบไม่ได้,th,negative,0.9217,기타,2026-06-05 09:24:42.911098+00
3054,google_play,Gojek,mobility_superapp,SEA,5,เกรียงศักดิ์ มูลคํานาง,2022-06-26,บริการดีมาก,th,positive,0.6849,서비스,2026-06-05 09:24:42.911098+00
3055,google_play,Gojek,mobility_superapp,SEA,1,khem_1661,2022-06-25,แอพปิดตัวแล้วตั้งแต่31กค2564,th,neutral,0.6077,기타,2026-06-05 09:24:42.911098+00
3056,google_play,Gojek,mobility_superapp,SEA,4,วิทยากร ดอกพุทธ,2022-06-24,.น .,th,neutral,0.4639,기타,2026-06-05 09:24:42.911098+00
3057,google_play,Gojek,mobility_superapp,SEA,1,kololo kaew,2022-06-12,รหัสotpส่งไม่ได้กดจนมือหงิก,th,negative,0.8742,기타,2026-06-05 09:24:42.911098+00
3058,google_play,Gojek,mobility_superapp,SEA,5,ณัฐพล สมทอง,2022-06-10,E qn,ca,neutral,0.5001,기타,2026-06-05 09:24:42.911098+00
3059,google_play,Gojek,mobility_superapp,SEA,4,หญิง จ๋า,2022-06-08,Jhehenu uhhb,de,neutral,0.3591,기타,2026-06-05 09:24:42.911098+00
3060,google_play,Gojek,mobility_superapp,SEA,5,King King,2022-05-31,ไม่มีค่ะ,th,neutral,0.607,기타,2026-06-05 09:24:42.911098+00
3061,google_play,Gojek,mobility_superapp,SEA,5,สว่าง ศรีพา,2022-05-17,เยี่ยมเลยครับ,th,positive,0.764,기타,2026-06-05 09:24:42.911098+00
3062,google_play,Gojek,mobility_superapp,SEA,1,Thana Tunterm,2022-05-09,เข้าระบบยาก อ่อน พัฒนาด่วน ยุ่งยากมาก ไม่พอใจอย่างแรง,th,negative,0.9122,기타,2026-06-05 09:24:42.911098+00
3063,google_play,Gojek,mobility_superapp,SEA,1,Kanthima Chanbun,2022-05-01,สมัครครั้งแรก ไม่มีotpส่งมาสักที รอจนหมดเวลา ออกจากแอพแล้วเข้าใหม่ ทำ10-20รอบ ก็ไม่มีotpส่งมาสักที เป็นอะไรรรรรรรรร!!!,th,negative,0.8356,기타,2026-06-05 09:24:42.911098+00
3064,google_play,Gojek,mobility_superapp,SEA,5,ปรียาภรณ์ รัตนอนุ,2022-04-29,แอพปิดตัวลงไปแล้วครับ,th,negative,0.7743,기타,2026-06-05 09:24:42.911098+00
3065,google_play,Gojek,mobility_superapp,SEA,1,Komsan Muangmoon,2022-04-27,Good day,so,positive,0.7499,기타,2026-06-05 09:24:42.911098+00
3066,google_play,Gojek,mobility_superapp,SEA,5,ประมาณ ซุ่นเซ่ง,2022-04-26,งผฝใ,th,neutral,0.5023,기타,2026-06-05 09:24:42.911098+00
3067,google_play,Gojek,mobility_superapp,SEA,5,Mondam Ch,2022-04-12,เข้าระบบบัญชีเดิมไม่ได้ครับ,th,negative,0.6763,기타,2026-06-05 09:24:42.911098+00
3068,google_play,Gojek,mobility_superapp,SEA,1,วันเพ็ญ อโนดาษ,2022-03-29,ไม่ไหวจริงๆ ให้รอOTPเพื่อ..,th,negative,0.5971,기타,2026-06-05 09:24:42.911098+00
3069,google_play,Gojek,mobility_superapp,SEA,4,Aliex David,2022-03-20,ตอนนี้โกเจคใช้ไม่ได้ที่ไทยนะคะ เทคโอเวอ่ไปแล้วอยุ่ไทยแล้วเจ๊งใช้ได้ที่สิงคโปรมาเล ประเทศอื่นๆคะ แอปนี้ดีมากค่ายริการก็ถูก,th,negative,0.5804,기타,2026-06-05 09:24:42.911098+00
3070,google_play,Gojek,mobility_superapp,SEA,4,ไพวรรณ พาเห็นสอน,2022-03-17,มา่ ผทรใ อ,th,neutral,0.4348,기타,2026-06-05 09:24:42.911098+00
3071,google_play,Gojek,mobility_superapp,SEA,1,Kdkdksjzns Hsusisiskskks,2022-03-17,รอsms 3ชาติละ,th,neutral,0.4584,기타,2026-06-05 09:24:42.911098+00
3072,google_play,Gojek,mobility_superapp,SEA,1,TA e,2022-03-13,รอotp มา3วันแล้ว,th,neutral,0.5185,기타,2026-06-05 09:24:42.911098+00
3073,google_play,Gojek,mobility_superapp,SEA,5,Sano Manjiro,2022-03-10,คนที่บอกกระจอกOTPไม่มาจะบอกว่า เค้ายกเลิกกิจการในไทยไปแล้วครับแค่ตัวแอพยังอยู่เชยๆ,th,negative,0.7754,기타,2026-06-05 09:24:42.911098+00
3141,google_play,Gojek,mobility_superapp,SEA,1,RYZEL,2021-07-15,หน้าหี กดสั่งไม่ได้ ให้กูไปยืนยันตัวตน กว่าจะหาปุ่มเจอ พอเจอก็กดยืนยันตัวตนไม่ได้ แต่เงินที่เติมน่ะเข้าง่ายเชียว ควย,th,negative,0.7653,결제,2026-06-05 09:24:42.911098+00
672,google_play,LOCA Taxi,kokkok,LAO,3,A Google user,2019-10-11,Too expensive,pt,negative,0.7363,요금,2026-06-05 09:24:42.911098+00
2541,google_play,Gojek,mobility_superapp,SEA,1,Miss Clarice,2026-05-21,"I hate it how whenever a driver cancels, it won't automatically find another driver. it's frustrating because I can be waiting for 5 mins then get out of the app and suddenly the driver cancels without any notification stating they cancel.",en,negative,0.9397,EV·충전,2026-06-05 09:24:42.911098+00
2542,google_play,Gojek,mobility_superapp,SEA,1,Camera Nader,2026-05-21,harganya sangat mahal di kota Makassar 🤯😰👎tidak pernah ada harga 5000r😱🤯😰👎👎👎👎 harganya sangat mahal 😰🤯😱😰🤯 di kota Makassar 👎👎👎👎,id,negative,0.8936,기타,2026-06-05 09:24:42.911098+00
2543,google_play,Gojek,mobility_superapp,SEA,5,Jim McCormack,2026-05-21,"I had an issue, it was addressed and resolved here promptly. I have changed my rating. I would only ask Devs check that tickets can be easily raised via the Help Center in app, as I could not find this option",en,negative,0.5184,EV·충전,2026-06-05 09:24:42.911098+00
2544,google_play,Gojek,mobility_superapp,SEA,5,Ferlina Ayukirana Shesha,2026-05-21,"aplikasi ini sangat membantu, saya suka menggunakan nya, dari awal menggunakan aplikasi ini tidak pernah mengecewakan, banyak promo, dan driver nya sangat ramah",id,positive,0.8213,배차·대기,2026-06-05 09:24:42.911098+00
2545,google_play,Gojek,mobility_superapp,SEA,1,BASED,2026-05-21,Just too bad i cant rate you less than a star.,en,negative,0.8648,기타,2026-06-05 09:24:42.911098+00
2766,google_play,Gojek,mobility_superapp,SEA,1,Lợi Trần,2024-09-20,"Tư bản hút máu ko tôn trọng shiper dẹp app là đúng,còn app spf chúc sớm đi theo gojek",vi,negative,0.5598,기타,2026-06-05 09:24:42.911098+00
2767,google_play,Gojek,mobility_superapp,SEA,5,Hồng Ngọc,2024-09-20,nhớ gojek nhìu lắm ạ 😭 cảm ơn vì đồng hành cùng em những lần đi học,vi,positive,0.7229,기타,2026-06-05 09:24:42.911098+00
2768,google_play,Gojek,mobility_superapp,SEA,5,Dược Lam Ngọc,2024-09-20,"Cảm ơn đã đồng hành, những bữa ăn tối vs quán ruột giờ ko còn rồi",vi,positive,0.5113,기타,2026-06-05 09:24:42.911098+00
2769,google_play,Gojek,mobility_superapp,SEA,5,gia mẫn,2024-09-20,💚💚💚,unknown,positive,0.5706,기타,2026-06-05 09:24:42.911098+00
2770,google_play,Gojek,mobility_superapp,SEA,5,Vo Thanh Thuy,2024-09-20,"Tạm biệt gojek về những lần bắt xe giá khuyến mãi, hơi buồn vì ngày cuối k bắt được xe",vi,negative,0.8972,요금,2026-06-05 09:24:42.911098+00
2771,google_play,Gojek,mobility_superapp,SEA,5,Lông cu Black,2024-09-19,Gojek đã là sự lựa chọn đầu tiên khi mình xa nhà để tới HN học Thật là nhiều kỉ niệm với app. Tạm biệt gojek,vi,positive,0.7539,기타,2026-06-05 09:24:42.911098+00
2772,google_play,Gojek,mobility_superapp,SEA,5,Twicce,2024-09-19,mong gojek có thể hoạt động tiếp 😢,vi,negative,0.5601,기타,2026-06-05 09:24:42.911098+00
2773,google_play,Gojek,mobility_superapp,SEA,5,Ngọc Nguyễn Trương Bảo,2024-09-19,Thích,vi,neutral,0.3825,기타,2026-06-05 09:24:42.911098+00
2774,google_play,Gojek,mobility_superapp,SEA,5,Bùi Nam,2024-09-19,Cảm ơn gojek đã đồng hành tại Việt Nam trong suốt năm tháng quá. Tạm biệt,vi,positive,0.8463,기타,2026-06-05 09:24:42.911098+00
2775,google_play,Gojek,mobility_superapp,SEA,5,Thùy Duyên Phạm Thị,2024-09-19,Cảm ơn vì đã đến,vi,positive,0.7669,기타,2026-06-05 09:24:42.911098+00
2776,google_play,Gojek,mobility_superapp,SEA,5,Thành Nguyễn,2024-09-19,Nếu cty mẹ biết cách thuê nhân viên và cách vận hành như grab thì có lẽ đã thành công. Cách qly vận hành quá kém lên cty phải rời bỏ thị trường VN. Đã từng đồng hành vs GoViet và sau là Gojek giờ nó chỉ là kỉ niệm giống như Uber.,vi,negative,0.4179,기타,2026-06-05 09:24:42.911098+00
2777,google_play,Gojek,mobility_superapp,SEA,5,Bảo Bảo,2024-09-19,"Tạm biệt bạn đồng hành của tui, cảm ơn vì những chuyến đi an toàn tận tâm của các bác tài, chúc tất cả mọi người mọi việc suông sẻ. Mãi nhớ về Gojek người bạn đồng hành",vi,positive,0.8454,기타,2026-06-05 09:24:42.911098+00
2778,google_play,Gojek,mobility_superapp,SEA,5,Hoàng Vinh (Lăng Quăng),2024-09-19,Cảm ơn Go Việt nay là Gojek đã gắn bó vs tui từ năm 2019 tới giờ 1 lần nữa Cảm Ơn Gojek,vi,positive,0.8066,기타,2026-06-05 09:24:42.911098+00
2779,google_play,Gojek,mobility_superapp,SEA,5,Nguyễn Nguyễn,2024-09-18,"App đặt đồ ăn ruột của tui, cám ơn rất nhiều.",vi,positive,0.5199,기타,2026-06-05 09:24:42.911098+00
2780,google_play,Gojek,mobility_superapp,SEA,1,phuong pham,2024-09-18,Đã rút khỏi thị trường mà vẫn còn đặt dc là sao.,vi,negative,0.8539,기타,2026-06-05 09:24:42.911098+00
2781,google_play,Gojek,mobility_superapp,SEA,5,Tân Film Photography,2024-09-18,Ok cảm ơn,vi,positive,0.5787,기타,2026-06-05 09:24:42.911098+00
2782,google_play,Gojek,mobility_superapp,SEA,5,Nhi Kim,2024-09-18,Mình hay đi gojek nhất thôi... h phải nói lời chào tạm biệt r... chúc gojek sớm quay lại😢😢😢😢,vi,negative,0.3929,기타,2026-06-05 09:24:42.911098+00
2783,google_play,Gojek,mobility_superapp,SEA,5,Muni Thach,2024-09-18,Cảm ơn gojek cùng đồng hành thời gian qua,vi,positive,0.7741,기타,2026-06-05 09:24:42.911098+00
2784,google_play,Gojek,mobility_superapp,SEA,5,Pham Khoa,2024-09-18,Tạm biệt thanh xuân!,vi,positive,0.8454,기타,2026-06-05 09:24:42.911098+00
2785,google_play,Gojek,mobility_superapp,SEA,5,Mai Huỳnh,2024-09-18,Đây là một trong những dịch vụ vận chuyển tôi tin dùng. Thật sự rất buồn khi Gojek phải rời khỏi Việt Nam. Mong rằng may mắn sẽ đồng hành với sự phát triển của công ty. Mong rằng có thể tái ngộ Gojek nhất trong thời gian ngắn.,vi,negative,0.8158,기타,2026-06-05 09:24:42.911098+00
2786,google_play,Gojek,mobility_superapp,SEA,5,Mika Enquise,2024-09-18,Cảm ơn Gojek đã đồng hành cùng mình. 😭 sẽ nhớ lắm đây.,vi,positive,0.8505,기타,2026-06-05 09:24:42.911098+00
1856,google_play,Grab,mobility_superapp,SEA,5,Aileen T,2026-06-03,great services!,en,positive,0.8625,서비스,2026-06-05 09:24:42.911098+00
1741,google_play,Grab,mobility_superapp,SEA,5,มาหามะอีลแฮม ยูโซะ,2026-04-17,ดีครับใช้งานได้,th,positive,0.6642,기타,2026-06-05 09:24:42.911098+00
1742,google_play,Grab,mobility_superapp,SEA,5,เบญญาพร รัตนบูรณ์,2026-04-17,สุภาพมาก,th,positive,0.4428,기타,2026-06-05 09:24:42.911098+00
1743,google_play,Grab,mobility_superapp,SEA,5,Pisol Tantivorawot (SOL),2026-04-17,ขึ้นอยู่ว่าโชคคุณจะได้ rider แบบไหน,th,neutral,0.7817,기타,2026-06-05 09:24:42.911098+00
1744,google_play,Grab,mobility_superapp,SEA,1,Yutthachai,2026-04-17,จะให้ไรเดอร์รับงานพ่วงทำไม รออาหารนานเป็นชั่วโมง,th,negative,0.7784,기타,2026-06-05 09:24:42.911098+00
1745,google_play,Grab,mobility_superapp,SEA,3,Ranuka Nokanha,2026-04-17,ไม่ต้องให้กรอกอะไรมากมายได้ไหม คือหิวข้าวมาก จะกดสั่งแล้วต้องกรอกนุ้นนี้นั้นอีก คือหิวอะปวดท้องโว้ยยยยยย,th,negative,0.8323,기타,2026-06-05 09:24:42.911098+00
2548,google_play,Gojek,mobility_superapp,SEA,1,Rajee vanan,2026-05-20,need to give 0 very worst.... drivers accepting bookings but never coming to spot not attending calls and not replying to any msgs.... wasted 30 mins due to this.... worst ever.... please learn from grab and comfort really worst ever.... need to raise complaint on this app. never shows notifications always showing network issues try after some time drivers never contact customer on booking confirmation. but they point out fine. how worst? where is the stability of app? I have uninstalled goje.,en,negative,0.9275,EV·충전,2026-06-05 09:24:42.911098+00
2549,google_play,Gojek,mobility_superapp,SEA,1,Bella Swan,2026-05-20,"Saya mesen 1 grab car, tiba tiba saat sampai rumah ada supir grab car yang lain telepon saya menanyakan lokasi saya PADAHAL SAYA GAK MESEN GOCAR LAGI. SAYA CUMA PESAN 1 KALI BUKAN 2 KALI.",id,neutral,0.4819,기타,2026-06-05 09:24:42.911098+00
2551,google_play,Gojek,mobility_superapp,SEA,1,putra mahkota24,2026-05-20,"jangan ngide tambahin biaya parkir yang memang ga ada parkir nya klau memang mau buat ongkos buat driver langsung digabungin buat ke driver saja jgn pandai"" kalian aplikator. Terima kasih A",id,negative,0.5986,배차·대기,2026-06-05 09:24:42.911098+00
2552,google_play,Gojek,mobility_superapp,SEA,1,Suci Rmdhan,2026-05-20,"driver bintang 5 tapi udh nunggu setengah jam gk sampai2, melebihi waktu yg di kasih. dichat gk di bales!!!!!!!",id,negative,0.8004,배차·대기,2026-06-05 09:24:42.911098+00
2553,google_play,Gojek,mobility_superapp,SEA,5,Verry Jaya,2026-05-20,memudahkan hidup walau agak mahal hahahaha,id,positive,0.5544,기타,2026-06-05 09:24:42.911098+00
2554,google_play,Gojek,mobility_superapp,SEA,4,Razif Pramuda,2026-05-20,dont expect your food to be delivered on iftar time during ramadhan. you'll wait 1 hour just to see your order cancelled without anything to eat for iftar. disappointing,en,negative,0.9389,배차·대기,2026-06-05 09:24:42.911098+00
2555,google_play,Gojek,mobility_superapp,SEA,3,T.H. Yap,2026-05-20,"Useful but drivers often cancel last minute so making you loose time. interface not good as map too small, lower section keep trying to occupy full screen (not phone screen issue)",en,negative,0.9031,배차·대기,2026-06-05 09:24:42.911098+00
2559,google_play,Gojek,mobility_superapp,SEA,1,Vasyl Ponyatovskyy,2026-05-19,50 notifications in one day without a possibility to turn off-5 stars,en,negative,0.6638,기타,2026-06-05 09:24:42.911098+00
2560,google_play,Gojek,mobility_superapp,SEA,5,MOTO JET,2026-05-19,memberi makan banyak orang,id,neutral,0.4505,기타,2026-06-05 09:24:42.911098+00
2561,google_play,Gojek,mobility_superapp,SEA,5,Syed Abdul Imran,2026-05-19,gojek give best service......,hr,positive,0.6762,서비스,2026-06-05 09:24:42.911098+00
1624,google_play,Grab,mobility_superapp,SEA,1,Pantakit Malitong (Joseph),2026-05-05,ติดต่อขอความช่วยเหลือจากเจ้าหน้าที่ยากมาก,th,negative,0.7617,기타,2026-06-05 09:24:42.911098+00
1625,google_play,Grab,mobility_superapp,SEA,5,Phimraphat Phianchaichanakit,2026-05-05,ค่าโดยสารถูกใจ,th,neutral,0.4539,배차·대기,2026-06-05 09:24:42.911098+00
1626,google_play,Grab,mobility_superapp,SEA,1,バクトいちご,2026-05-05,การเรียกรถจากระบบนี้ห่วยแตกมากๆจะเรียกรถมีคนขับยกเลิกการเรียกรถไปแล้วสามครั้งต่อวันแถมเรียกยากมากๆแถมยังรอนานอีกด้วยห่วยสุดๆเรียกรถไปทำงานทียืนรอครึ่งชั่วโมงไม่มีไรเดอร์คนไหนกดรับสักคนถ้ากดรับแป๊ปๆก็กดยกเลิกนี่คือมาตรฐานของแกร็ปเหรอห่วยเกินปรับปรุงด้วยนะคะในเรื่องเรียกรถ,th,negative,0.8884,배차·대기,2026-06-05 09:24:42.911098+00
1627,google_play,Grab,mobility_superapp,SEA,1,Char MP,2026-05-05,โคตรห่วย สั่งของไปให้เก็บเงินปลายทาง ร้านโทรมาบอกว่าของไม่ครบจึงตัดรายการนั้นออก ในแอพก็เแจ้งเตือนว่ามีการตัดรายการสินค้าออก แต่ยอดเงินโชว์ในแอพที่ต้องจ่ายไม่อัพเดท ยังต้องจ่ายเงินเท่าเดิม ไรด์เดอร์ก็ไม่ยอมถ้าไม่ได้เงินตามที่แอพโชว์ สรุปเราต้องจ่ายค่าของเต็มราคาทั้งที่ได้ของไม่ครบ แย่มาก,th,negative,0.8916,결제,2026-06-05 09:24:42.911098+00
1628,google_play,Grab,mobility_superapp,SEA,5,Teerawat Prasangsit,2026-05-05,สินค้าคุณภาพดีสมราคา สินค้าตรงปก พนักงานบริการดี เซอร์วิสดี รวมๆแล้ว ถูกใจคับ สั่งอีกแน่นอน,th,positive,0.7708,요금,2026-06-05 09:24:42.911098+00
1629,google_play,Grab,mobility_superapp,SEA,1,พื้นที่สําหรับ ทํางาน,2026-05-04,ลบบัญชีไม่จริง ทำได้แค่ออกจากระบบ,th,neutral,0.5098,기타,2026-06-05 09:24:42.911098+00
1905,google_play,Grab,mobility_superapp,SEA,1,doraemon nobita,2026-06-02,pinaasa lang ako napakatgal ko naghintay dalawang oras na wala pa kayong rider bwusit,tl,negative,0.9137,기타,2026-06-05 09:24:42.911098+00
2562,google_play,Gojek,mobility_superapp,SEA,3,Emilie Tay,2026-05-19,a good alternative to other ride hailing apps,en,positive,0.6275,기타,2026-06-05 09:24:42.911098+00
2563,google_play,Gojek,mobility_superapp,SEA,5,Taufik Ferdi,2026-05-19,"Helpfull App,.. and Big Project for Indonesian Society.. keep up the good work",en,positive,0.8264,기타,2026-06-05 09:24:42.911098+00
2564,google_play,Gojek,mobility_superapp,SEA,1,Bimo Andreas,2026-05-19,aplikasi lemot!,lt,negative,0.9073,기타,2026-06-05 09:24:42.911098+00
2565,google_play,Gojek,mobility_superapp,SEA,1,PSxacC,2026-05-19,"I've been charged 2 times this month for no show. What actually happened is there was no driver for a long wait, so I canceled the order. But was charged the next day for no show. Raise a ticket, the reply is the driver was there and waited for 4 mins. So, they charged me $4 for cancellation fees. Asking for proof but no reply from Gojek. It scams they always use. Avoid using their services.",en,negative,0.8741,EV·충전,2026-06-05 09:24:42.911098+00
2566,google_play,Gojek,mobility_superapp,SEA,1,A Guan,2026-05-19,promo tapi ga di kasih driver.. tlol,sl,negative,0.7597,배차·대기,2026-06-05 09:24:42.911098+00
2567,google_play,Gojek,mobility_superapp,SEA,4,Aria T,2026-05-19,"sistem komplain gojek tidak membantu, komplain masalah gofood sudah memberikan bukti struk yang sah tidak diterima. update: akhirnya komplain saya diterima dg bukti struk",id,negative,0.7014,기타,2026-06-05 09:24:42.911098+00
2568,google_play,Gojek,mobility_superapp,SEA,5,Shadow,2026-05-19,"Gojek has been super reliable for rides and food delivery. It's convenient, affordable, and always gets the job done.",en,positive,0.8765,기타,2026-06-05 09:24:42.911098+00
2572,google_play,Gojek,mobility_superapp,SEA,1,raden praditya,2026-05-18,"drivernya sombong2. gak mau diambil bukannya ngomong di chat malah menghilang atau menjauh. sistemnya juga aneh, kita gak bisa komplain kalo ada driver nakal kayak gini.",id,negative,0.9239,배차·대기,2026-06-05 09:24:42.911098+00
2573,google_play,Gojek,mobility_superapp,SEA,1,Andi Mushawwir Electrical CGK,2026-05-18,"aplikasinya lemot, berat banget buka pencarian gofood.",id,negative,0.8835,기타,2026-06-05 09:24:42.911098+00
2574,google_play,Gojek,mobility_superapp,SEA,2,Ryandika Harditya,2026-05-18,"udah beberapa kali order makanan selalu nunggu 1 jam dan harus cancel, sulit nih kalo rumah gak terlalu jauh sama lokasi resto gaada yang mau pickup karena kecil bid nya. naikin tuh insentif ojol, nyusahin banget udah laper kelamaan nunggu gaada kepastian pusat bantuan pakai A.I gak guna banget gak solutif",id,negative,0.9039,기타,2026-06-05 09:24:42.911098+00
2575,google_play,Gojek,mobility_superapp,SEA,5,Prayer Nugraha,2026-05-18,nice description,fr,positive,0.6184,기타,2026-06-05 09:24:42.911098+00
2576,google_play,Gojek,mobility_superapp,SEA,5,Agita Gita,2026-05-18,"berkat gojek gaperlu susah cari temen buat ngejemput, tinggal klik aplikasi gopay dapet dehh...",id,positive,0.489,결제,2026-06-05 09:24:42.911098+00
2577,google_play,Gojek,mobility_superapp,SEA,1,Aziz Setiawan,2026-05-18,pake yg non hemat aja dikasih driver yg jauh,id,neutral,0.4493,배차·대기,2026-06-05 09:24:42.911098+00
2578,google_play,Gojek,mobility_superapp,SEA,4,Dyokism,2026-05-18,dark mode when twin,en,neutral,0.4772,기타,2026-06-05 09:24:42.911098+00
2579,google_play,Gojek,mobility_superapp,SEA,3,Dhafir Moussa,2026-05-18,"very confusing app, screen crammed with icons. I received an email saying thank you for activating ride insurance, which I didn't. Sometimes grab is cheaper.",en,negative,0.8304,기타,2026-06-05 09:24:42.911098+00
2580,google_play,Gojek,mobility_superapp,SEA,5,Louise Kennedy,2026-05-18,so convenient!,it,positive,0.6735,기타,2026-06-05 09:24:42.911098+00
2654,google_play,Gojek,mobility_superapp,SEA,3,Craig Gan,2026-05-13,"no longer good in Singapore. Promo is minimal. Price is high and some days higher than Grab. Half the time, there's no vehicle at all even after waiting for 5 minutes. When I switch to Grab or other platforms, easier to get one. Gojek needs to try harder or else it will be obsolete in SG soon",en,negative,0.8661,EV·충전,2026-06-05 09:24:42.911098+00
2655,google_play,Gojek,mobility_superapp,SEA,5,Buwung Puwuh,2026-05-13,luarbiasa,id,negative,0.4803,기타,2026-06-05 09:24:42.911098+00
2656,google_play,Gojek,mobility_superapp,SEA,1,Cruz,2026-05-13,titik jemput ga sesuai dan gabisa dipas-in,id,negative,0.8848,기타,2026-06-05 09:24:42.911098+00
2657,google_play,Gojek,mobility_superapp,SEA,1,Syamsul Arifin,2026-05-13,drivernya sering ngediemin orderan yang dia ga mau,id,negative,0.6053,배차·대기,2026-06-05 09:24:42.911098+00
2658,google_play,Gojek,mobility_superapp,SEA,1,Mohamad Yusril,2026-05-13,"I will never use Gojek again, ever again. I had one experience to get impolite driver and I gave review as it was, but the driver threatened me. It's really big concern for me and my family safe. Nowadays gojek is getting worst!",en,negative,0.9518,EV·충전,2026-06-05 09:24:42.911098+00
2736,google_play,Gojek,mobility_superapp,SEA,1,Tuấn Thanh Nguyễn,2025-03-03,Làm app đăng nhập mã OTP xong không gửi cho người dùng. Gây mất thời gian và khó chịu,vi,negative,0.851,기타,2026-06-05 09:24:42.911098+00
1082,google_play,Grab,mobility_superapp,SEA,1,Nguyễn My,2026-05-20,đặt xe 20 phút mà ko có,vi,negative,0.635,기타,2026-06-05 09:24:42.911098+00
2681,google_play,Gojek,mobility_superapp,SEA,1,Augustiny Josia,2026-05-11,"restaurant cannot be searched even if we usually ordered from that place and it is open when I changed the location next to the restaurant search is awful. I don't think it can be worse, this is the worst",en,negative,0.9588,EV·충전,2026-06-05 09:24:42.911098+00
2682,google_play,Gojek,mobility_superapp,SEA,1,David Zacharias,2026-05-11,List untuk resto di gofood bermasapah. saat discroll daftar resto yang ada tidak bisa ganti ke resto yang lainnya.,id,negative,0.829,기타,2026-06-05 09:24:42.911098+00
2683,google_play,Gojek,mobility_superapp,SEA,3,Rosa,2026-05-11,kalo pesenin gift ga keliatan posisi drivernya,id,negative,0.4773,배차·대기,2026-06-05 09:24:42.911098+00
2684,google_play,Gojek,mobility_superapp,SEA,5,Văn Quang Nguyễn,2026-06-02,rất tiện ích,vi,positive,0.7056,기타,2026-06-05 09:24:42.911098+00
2685,google_play,Gojek,mobility_superapp,SEA,1,Minh Nguyễn Hồng,2026-05-03,OTP gửi mãi k đc là sao,vi,negative,0.8132,기타,2026-06-05 09:24:42.911098+00
2686,google_play,Gojek,mobility_superapp,SEA,5,Pii Trang,2026-04-07,mong gojek sớm qlai việt nam,vi,neutral,0.4513,기타,2026-06-05 09:24:42.911098+00
2687,google_play,Gojek,mobility_superapp,SEA,5,Dung Nguyễn,2026-04-01,"gojek mãi đỉnh ship hàng nhanh chuẩn ,không ghép đơn ...đồ ăn giao rất nhanh...mong gojek quay lại.",vi,positive,0.5052,기타,2026-06-05 09:24:42.911098+00
2688,google_play,Gojek,mobility_superapp,SEA,5,Duy Đức,2026-03-31,lạy các cha app người ta dừng hoạt động ở Việt Nam rồi mà vẫn vào đánh ra 1 sao lí do xàm vl,vi,negative,0.7652,기타,2026-06-05 09:24:42.911098+00
2689,google_play,Gojek,mobility_superapp,SEA,2,Nguyễn Thảo,2026-03-21,ứng dụng nhu qq.cài mãi ko đc la sao.điên khùng,vi,negative,0.7353,기타,2026-06-05 09:24:42.911098+00
2690,google_play,Gojek,mobility_superapp,SEA,1,Châu Tiến Hưng,2026-03-12,"Thời gian giao hàng quá gấp áp lực nặng nề lên tài xế, gián tiếp gây nguy hiểm cho những người cùng tham gia giao thông",vi,negative,0.8823,배차·대기,2026-06-05 09:24:42.911098+00
2691,google_play,Gojek,mobility_superapp,SEA,5,Vy Vy,2026-03-03,Lâu không dùng muốn tải lại mà nghe tin Gojek ngừng hoạt động rồi cảm ơn vì đã bên cạnh những năm thanh xuân đại học cả app và shipper đều oke hết tạm biệt,vi,positive,0.6266,기타,2026-06-05 09:24:42.911098+00
2692,google_play,Gojek,mobility_superapp,SEA,5,La Thị Hoài Xuyên,2026-02-07,vẫn mong gojek quay lại😭,vi,negative,0.5412,기타,2026-06-05 09:24:42.911098+00
2693,google_play,Gojek,mobility_superapp,SEA,1,Nguyễn Tiến Anh,2026-02-06,app cc gì lỗi too many requests hoài luôn á trời,vi,negative,0.9023,앱오류,2026-06-05 09:24:42.911098+00
2738,google_play,Gojek,mobility_superapp,SEA,1,Hòu Tớ,2025-02-26,Gì mà tiếng anh ko z,vi,negative,0.5564,기타,2026-06-05 09:24:42.911098+00
2739,google_play,Gojek,mobility_superapp,SEA,1,Hào Nguyễn,2025-02-24,Xoá app dùm,vi,neutral,0.547,기타,2026-06-05 09:24:42.911098+00
2598,google_play,Gojek,mobility_superapp,SEA,5,Aryuu-!!,2026-05-17,"bagus bangettt,soalnya lebih praktis",id,positive,0.8381,기타,2026-06-05 09:24:42.911098+00
2599,google_play,Gojek,mobility_superapp,SEA,1,Yoga Condro,2026-05-17,"daftar resto sudah lama error, cuma terlihat 11 resto di sekitar. Aplikasi makin lama makin buruk",id,negative,0.9177,앱오류,2026-06-05 09:24:42.911098+00
2600,google_play,Gojek,mobility_superapp,SEA,5,Elvin Nuzul,2026-05-17,terbaaaikk,af,positive,0.5301,기타,2026-06-05 09:24:42.911098+00
1748,google_play,Grab,mobility_superapp,SEA,5,มัทนียา คุณประเสริฐ,2026-04-17,สะดวกสบายรวดเร็ว,th,neutral,0.5417,기타,2026-06-05 09:24:42.911098+00
2659,google_play,Gojek,mobility_superapp,SEA,3,Ann Xloth7,2026-05-13,"tolong apk ojek online seluruh indonesia. potongan buat drivernya jgn banyak². akibatnya mereka gak mau narik. Banyak yg mengabaikan pesan penumpang padahal jarak jemputnya dekat, namun berharap agar penumpang membatalkan pesanannya. sementara penumpang sudah menunggu. penumpang serba salah, ditungguin malah jarak drivernya menjauh, seolah tidak mau menjemput penumpang yg jarak jemputnya dekat. sementara biaya gojek comfort dan yg biasa 2x lipat harganya. mengapa seakan jadi beratkan 2 pihak.",id,negative,0.8809,배차·대기,2026-06-05 09:24:42.911098+00
2660,google_play,Gojek,mobility_superapp,SEA,1,Hamzah M. Suryansyah,2026-05-12,"TOLONG SAYA MAU BICARA SAMA CUSTOMER SERVICE, SAYA SUDAH COBA EMAIL, TAPI MALAH LANGSUNG DIARAHKAN KE APLIKASI YANG MANA DI APLIKASI TIDAK BISA BERBICARA BEBAS DENGAN CUSTOMER SERVICE (HANYA BISA REPORT BERDASARKAN TEMPLATE). SAYA SANGAT KECEWA DENGAN SERVICE GOJEK.",en,negative,0.7696,서비스,2026-06-05 09:24:42.911098+00
2661,google_play,Gojek,mobility_superapp,SEA,5,Firly Nor R,2026-05-12,Terima kasih,id,positive,0.6318,기타,2026-06-05 09:24:42.911098+00
2662,google_play,Gojek,mobility_superapp,SEA,1,Max Gong,2026-05-12,login aja butuh KTP bangke,id,negative,0.7257,기타,2026-06-05 09:24:42.911098+00
2663,google_play,Gojek,mobility_superapp,SEA,5,Gabryel H,2026-05-12,"user from the very start, thanks gojek ✨",en,positive,0.8356,기타,2026-06-05 09:24:42.911098+00
2664,google_play,Gojek,mobility_superapp,SEA,1,K M,2026-05-12,"Pelayanan tambah ngaco, sih ngga worth it pakai gojek atau go food.",id,negative,0.9022,기타,2026-06-05 09:24:42.911098+00
2665,google_play,Gojek,mobility_superapp,SEA,3,Ikram Addas,2026-05-12,jelek banget sering ngelag ni app sekarang,id,negative,0.9523,기타,2026-06-05 09:24:42.911098+00
2666,google_play,Gojek,mobility_superapp,SEA,1,Aurelia Michelle Rahardja,2026-05-12,lame app lemot,fr,positive,0.3903,기타,2026-06-05 09:24:42.911098+00
2667,google_play,Gojek,mobility_superapp,SEA,1,Singgih Ario,2026-05-12,"bad experience, pesen go food udah nunggu lama, tau2 di cancel by system, ga ada penjelasan kenapa di cancel nya. go ride juga sering susah dapet, sekali dapet jaraknya jauh",id,negative,0.9185,기타,2026-06-05 09:24:42.911098+00
2668,google_play,Gojek,mobility_superapp,SEA,1,Shine Hye,2026-05-12,"aplikasi lawak, jarak seller ke tempar saya 0.5km, malah disuruh anter tempat lain dulu yang 4km, lawak",id,positive,0.3806,기타,2026-06-05 09:24:42.911098+00
2669,google_play,Gojek,mobility_superapp,SEA,1,Parthi ban,2026-05-12,worst app install not working,af,negative,0.9137,기타,2026-06-05 09:24:42.911098+00
2670,google_play,Gojek,mobility_superapp,SEA,5,timothy christopher,2026-05-12,sangat suka pakai gojek,id,positive,0.4927,기타,2026-06-05 09:24:42.911098+00
2671,google_play,Gojek,mobility_superapp,SEA,5,Alfa Decor,2026-05-12,Sangat Sangat Sangat Membantu...Terimakasih,id,positive,0.8504,기타,2026-06-05 09:24:42.911098+00
2672,google_play,Gojek,mobility_superapp,SEA,5,Danish Affan Ilham,2026-05-12,Mantapppppp,it,positive,0.7147,기타,2026-06-05 09:24:42.911098+00
2673,google_play,Gojek,mobility_superapp,SEA,5,Andre Cassanova,2026-05-12,Good apps...,en,positive,0.7551,기타,2026-06-05 09:24:42.911098+00
2674,google_play,Gojek,mobility_superapp,SEA,5,Ridho Hadisatrio,2026-05-11,Literally the OS for daily life. Indispensable for navigating your trips and needs in a big city like Jakarta.,en,positive,0.4465,기타,2026-06-05 09:24:42.911098+00
2675,google_play,Gojek,mobility_superapp,SEA,1,Dave Pearman,2026-05-11,"The service is getting worse. For instance, now GoCar can only pick you up from a few designated places which is still far from my pick up office. So Gojek doesn't care so much for the customer any longer. I will start using Grab from now on.",en,negative,0.8769,서비스,2026-06-05 09:24:42.911098+00
2676,google_play,Gojek,mobility_superapp,SEA,1,Henz KH,2026-05-11,"For last few days, scrolling Go Food keeps looping the same restaurants. I have cleared cache and data but the problem persist.",en,negative,0.8195,기타,2026-06-05 09:24:42.911098+00
2677,google_play,Gojek,mobility_superapp,SEA,3,Alice Aisya,2026-05-11,"fitur telpon driver sering error, ga masuk notif, chat juga ga masuk push notif, ga ada indikator chat atau telpon masuk, klo customer ga buka chat ga bakal tau ada chat masuk",id,negative,0.7129,앱오류,2026-06-05 09:24:42.911098+00
2678,google_play,Gojek,mobility_superapp,SEA,1,Cintya Chara Berthonnet,2026-05-11,"worst app! download this app, and i think that gojek has a lot of services, not only for ride. everytime i open and open, this app just show me to go ride and ride. there is no main page in this app, how this could be happen?",en,negative,0.9282,EV·충전,2026-06-05 09:24:42.911098+00
2679,google_play,Gojek,mobility_superapp,SEA,5,Beatrice Nathalia,2026-05-11,good👍,so,positive,0.5718,기타,2026-06-05 09:24:42.911098+00
2625,google_play,Gojek,mobility_superapp,SEA,4,Qizan,2026-05-15,"tolong gofood feature search nya dihilangin untuk ulang ulang kasih resto yang sama. kyknya kalau mentok bawah, bakal di recom yg sama seperti di atasnya ya? di puter puter gitu. dulu ingetku gak gini. maaf klo salah, klo ternyata dulu juga begitu.",id,negative,0.6561,기타,2026-06-05 09:24:42.911098+00
2626,google_play,Gojek,mobility_superapp,SEA,1,Nurhayati Anggun Pawestri,2026-05-15,"gojek doesnt have proper cs with A REAL PERSON, all just bots with common choices of problems, of your problems dont exist in the choices they provided you cant be connected to the cs. even the cs in line are just empty bot. no human. cs in the instagram tooo forever to reply. what a pitty.",en,negative,0.9494,EV·충전,2026-06-05 09:24:42.911098+00
2627,google_play,Gojek,mobility_superapp,SEA,1,Ikhsan M,2026-05-15,"Di hp saya voucher gofood ga muncul, UI nya beda sama hp temen saya padahal udah update ga ada yaa voucher kedaluarsa, padahal saya berlangganan gojek plus semua voucher ga muncul sama sekali",id,negative,0.6735,기타,2026-06-05 09:24:42.911098+00
2628,google_play,Gojek,mobility_superapp,SEA,1,HC,2026-05-15,"ridiculous app, always kenna cancelled by driver and no penalty, but customers always get penalty fee for cancelling",en,negative,0.924,배차·대기,2026-06-05 09:24:42.911098+00
2629,google_play,Gojek,mobility_superapp,SEA,3,Irfan Nurhidayat,2026-05-15,kadang fitur gojek hemat nya gabisa dipake,id,negative,0.8079,기타,2026-06-05 09:24:42.911098+00
2630,google_play,Gojek,mobility_superapp,SEA,5,Eka J Wirawan,2026-05-15,local Pride,es,neutral,0.4591,기타,2026-06-05 09:24:42.911098+00
2631,google_play,Gojek,mobility_superapp,SEA,4,Luqman Burhan,2026-05-15,👌👍,unknown,positive,0.591,기타,2026-06-05 09:24:42.911098+00
2632,google_play,Gojek,mobility_superapp,SEA,1,ying zou,2026-05-15,"Very disappointed with the Gojek app. I reported an issue and requested a refund, but nothing was done. It feels unfair that customers cannot get refunds properly just because drivers do not receive complaints or the system fails to handle them correctly. Customer support was not helpful and the whole process was frustrating. Hope Gojek improves its refund policy and support service.",en,negative,0.9599,배차·대기,2026-06-05 09:24:42.911098+00
2633,google_play,Gojek,mobility_superapp,SEA,2,I don't think so,2026-05-14,Driver ogah gerak kalo jam macet,sl,negative,0.756,배차·대기,2026-06-05 09:24:42.911098+00
1749,google_play,Grab,mobility_superapp,SEA,5,Pongsak Pongsak,2026-04-17,เร็วดีครับ,th,positive,0.5611,기타,2026-06-05 09:24:42.911098+00
2634,google_play,Gojek,mobility_superapp,SEA,1,Adhyatmika,2026-05-14,"warung udah jelas kosong delay lama banget, driver udah bilang orangnya ga ada, kok bs statusnya nerima pesanan dan dicancel ga bisa. pas dilaporin katanya masih within time range. apaan. CS chatbot. skrg tambah parah pengantaran reguler bukan hemat bs dobel order. naikin harga caranya jelek gini. kapok.",id,negative,0.924,배차·대기,2026-06-05 09:24:42.911098+00
2635,google_play,Gojek,mobility_superapp,SEA,4,Ganesan Maniam,2026-05-14,"Normally makes booking in a hurry very easy. Better than other platforms. Appreciate the weekly digital promo vouchers, really help me to minimize my costs.",en,positive,0.8372,기타,2026-06-05 09:24:42.911098+00
2636,google_play,Gojek,mobility_superapp,SEA,5,TGP_EndiekDwiAdi (Endiek),2026-05-14,"Yes, Very useful",en,positive,0.8136,기타,2026-06-05 09:24:42.911098+00
2637,google_play,Gojek,mobility_superapp,SEA,1,Kenang Kana,2026-05-14,fitur bantuan di gofood nya sangat tidak berguna,id,negative,0.8874,기타,2026-06-05 09:24:42.911098+00
2638,google_play,Gojek,mobility_superapp,SEA,1,Purwanto,2026-05-14,"percuma aja ada promo murah, kalo di cancel terus sama driver kalian... haha. aplikasi gak jelas, pesen makan udah nunggu 1 jam lebih, masih di cancel, sama driver. payah.",id,negative,0.7556,결제,2026-06-05 09:24:42.911098+00
2639,google_play,Gojek,mobility_superapp,SEA,1,mon jun,2026-05-14,"susah cari driver, sering harus nunggu sejam dari pesen baru dapet driver, terpaksa pindah ke platform lain, semoga segera ada solusi",id,negative,0.7085,배차·대기,2026-06-05 09:24:42.911098+00
2640,google_play,Gojek,mobility_superapp,SEA,1,Bento_ Dragonvlog,2026-05-14,"It's very bad service is not Profesionalism, networking can be lose anytime.",en,negative,0.9308,서비스,2026-06-05 09:24:42.911098+00
2641,google_play,Gojek,mobility_superapp,SEA,1,Zulfa Aginka,2026-05-14,banyakan bug bikin males makenya,id,negative,0.8809,앱오류,2026-06-05 09:24:42.911098+00
2642,google_play,Gojek,mobility_superapp,SEA,5,DN DH Bharata Putra,2026-05-14,"Setelah update beberapa versi, makin pusing make nya, coba di design ulang Gojek, mau pesen Gosend aja skrg nyarinya susah karena dikelompok2in (ga lgs keliatan menunya) pikirin, ga semua org piawai dan punya waktu utk jelajahin aplikasi dan menu2 nya ... user experience yg utama ...",id,negative,0.8169,기타,2026-06-05 09:24:42.911098+00
2643,google_play,Gojek,mobility_superapp,SEA,2,Kelvin Hartanto,2026-05-14,Looping problem when browsing gofood and other services have persisted for months on end,en,negative,0.8094,서비스,2026-06-05 09:24:42.911098+00
2644,google_play,Gojek,mobility_superapp,SEA,1,Reinhard,2026-05-14,"bagian keluhan kenapa harus maksa AI sih? ngebantu sisi lu tapi kagak ngebantu di gua sebagai customer, niat bikin customer service ga si? malah kirim email dipaksa masuk aplikasi, di aplikasi ga bisa ngetik, parah banget! yg plg menyebalkan klo ada mau ubah or nambah notes di resto gabisa chat restonya, ga dosa loh chat resto gituan, selagi si customer gak batalin😭",id,negative,0.9236,서비스,2026-06-05 09:24:42.911098+00
2645,google_play,Gojek,mobility_superapp,SEA,1,Michael Wisan,2026-05-14,"ongkir tinggi, sering telat,",id,negative,0.7407,기타,2026-06-05 09:24:42.911098+00
2646,google_play,Gojek,mobility_superapp,SEA,1,Alfanur Rizal,2026-05-14,"Min, lu gausah sok asik deh di ""Whats New"" , cukup tampilin sesuai standar google play perubahan apa yang lu lakuin di versi terbaru ini. Itu lebih dibutuhin pengguna, buat nentukan mau update apa tidak.",id,neutral,0.5519,기타,2026-06-05 09:24:42.911098+00
2647,google_play,Gojek,mobility_superapp,SEA,1,Teguh Setiadi,2026-05-14,"Saya menggunakan GoJek sangat lama. Sy sgt terbantu utk banyak Hal, kecuali pembayaran QRIS BRI. Sering sy kesulitan saat merchant menggunakan QRIS BRI. Lama Sy tunggu kalau2 ada penyempurnaan agar bisa bayar QRIS BRI. Krn pengalaman kurang nyaman inilah Sy kasih review. Review akan Sy sesuaikan saat aplikasi bisa digunakan pada QRIS BRI.",id,positive,0.544,EV·충전,2026-06-05 09:24:42.911098+00
2648,google_play,Gojek,mobility_superapp,SEA,4,Dien Wong,2026-05-14,"It's still helpful as ever. But consistency, drivers, level of service from the company esp during issue handling, which happened occasionally, is not 5-stars. The other app, Grab, proven to have more consistency, better driver hires, fleet, and customer services.",en,positive,0.4275,EV·충전,2026-06-05 09:24:42.911098+00
2649,google_play,Gojek,mobility_superapp,SEA,1,Ibrahim,2026-05-13,"they need a driver, not customer. hard to cancel, driver is free to cancel order, so much fake rating driver",en,negative,0.7774,배차·대기,2026-06-05 09:24:42.911098+00
2650,google_play,Gojek,mobility_superapp,SEA,2,Alexa,2026-05-13,"VOUCHER GOFOODNYA BANYAKIN PLS????, apaan coba beli pancong 15rb kena ongkir jadi 60 rb, inimah beli ongkir dpt pancong! mikir kids. kikir gaakan buat km kemana mana, malah makin banyak yang gasuka sm app mu, BANYAKIN VOUCHER GRATIS ONGKIRNYA WOU, sumpah yang aq mw cuma itu pls gojek... aku gamau beli makanan murah ongkir gede, apaan coba...",id,negative,0.8222,기타,2026-06-05 09:24:42.911098+00
1683,google_play,Grab,mobility_superapp,SEA,5,Emmy pawinee,2026-04-23,น้องคนขับรถอัธยาสัยดีมากค่ะ พูดจาเพราะบริการดี. น่ารักมากค่ะ,th,positive,0.8136,배차·대기,2026-06-05 09:24:42.911098+00
1908,google_play,Grab,mobility_superapp,SEA,5,Ken Owen,2026-06-02,A great model for the Philippines! Love it!,en,positive,0.9305,기타,2026-06-05 09:24:42.911098+00
2756,google_play,Gojek,mobility_superapp,SEA,5,Tuyet Huynh,2024-09-22,"Gojek đã rút khỏi Việt Nam , cảm ơn bạn đã đồng hành cùng tôi",vi,positive,0.6439,기타,2026-06-05 09:24:42.911098+00
2757,google_play,Gojek,mobility_superapp,SEA,5,Hồng Thảo,2024-09-21,Sẽ nhớ rất nhiều 😭😭,vi,negative,0.7324,기타,2026-06-05 09:24:42.911098+00
2758,google_play,Gojek,mobility_superapp,SEA,5,Thái Minh,2024-09-21,Farewell!!!,cy,positive,0.7377,요금,2026-06-05 09:24:42.911098+00
2759,google_play,Gojek,mobility_superapp,SEA,5,Đình Toàn,2024-09-21,Cảm ơn vì 1 hành trình,vi,positive,0.7889,기타,2026-06-05 09:24:42.911098+00
2760,google_play,Gojek,mobility_superapp,SEA,5,Lưu Hoàng,2024-09-21,Gojek đã luôn là nơi e tin tưởng nhất. Hong cong đc gặp Gojek nữa huhu,vi,positive,0.6579,기타,2026-06-05 09:24:42.911098+00
2761,google_play,Gojek,mobility_superapp,SEA,5,Huỳnh Khang Official,2024-09-21,Tạm biệt Gojek.,vi,positive,0.5611,기타,2026-06-05 09:24:42.911098+00
2762,google_play,Gojek,mobility_superapp,SEA,5,Phát Bùi,2024-09-21,"Nay đặt đồ ăn cho quá trời mã luôn. App số 1, best đặt đồ ăn 2020 :))",vi,positive,0.7803,기타,2026-06-05 09:24:42.911098+00
2763,google_play,Gojek,mobility_superapp,SEA,5,Tran Nguyen,2024-09-21,Cảm ơn Go đã hỗ trợ đưa đón và ship đồ ăn cứu đói mình mấy năm qua. Chồng mình cũng là tài Gojek Nhớ lắm,vi,positive,0.7152,서비스,2026-06-05 09:24:42.911098+00
2764,google_play,Gojek,mobility_superapp,SEA,5,bích nguyễn,2024-09-20,Cảm ơn vì là ứng dụng duy nhất em tin tưởng về mọi mặt nếu đc thì vẫn mong gặp lại,vi,positive,0.8427,기타,2026-06-05 09:24:42.911098+00
2765,google_play,Gojek,mobility_superapp,SEA,5,Re Monster,2024-09-20,Cám ơn Gojek đã đồng hành cùng mình. Tài xế Gojek dễ thương và nhiệt tình lắm.,vi,positive,0.8943,배차·대기,2026-06-05 09:24:42.911098+00
2694,google_play,Gojek,mobility_superapp,SEA,5,Tien Thuy,2026-01-23,"Mình đặt nhầm đơn, đặt đúng 1 lần, hủy 1 lần, sau đó hủy ngay lập tức, shipper chưa hề di chuyển bánh xe lấy hàng. Shipper gọi điện và chửi mình: ""Ủa đặt xong rồi hủy, đặt xong rồi hủy là sao chị?"" - Mình trả lời: ""em mới đặt 1 lần và hủy 1 lần mà anh"" - Ảnh trả lời: ""Má!!!!! Rảnh rỗi quá"" Rồi cúp máy. Mặc dù đây là đơn đầu sau thời gian rất lâu rồi mình mới đặt lại gojeck.",vi,negative,0.5701,기타,2026-06-05 09:24:42.911098+00
2695,google_play,Gojek,mobility_superapp,SEA,5,T Life,2026-01-17,cảm ơn Gojek đã giúp t trong 1time có tiền sinh hoạt,vi,positive,0.6863,기타,2026-06-05 09:24:42.911098+00
2697,google_play,Gojek,mobility_superapp,SEA,5,TIE N L AM,2026-01-05,app đóng cửa ở Việt Nam r mng kh xài được thì cũng đừng đánh giá 1 sao nựa,vi,negative,0.5748,요금,2026-06-05 09:24:42.911098+00
2698,google_play,Gojek,mobility_superapp,SEA,1,Thảo Sơn,2026-01-04,éo vô đc,vi,negative,0.4105,기타,2026-06-05 09:24:42.911098+00
2699,google_play,Gojek,mobility_superapp,SEA,5,Tony Tin,2025-12-19,Tạm biệt Gojek,vi,positive,0.5717,기타,2026-06-05 09:24:42.911098+00
2700,google_play,Gojek,mobility_superapp,SEA,5,Nhu Hoang,2025-11-19,tạm biệt,vi,neutral,0.4542,기타,2026-06-05 09:24:42.911098+00
2701,google_play,Gojek,mobility_superapp,SEA,5,thế hoàng xuân,2025-11-09,k rẻ,vi,negative,0.3646,기타,2026-06-05 09:24:42.911098+00
2702,google_play,Gojek,mobility_superapp,SEA,5,Nam Anh Nguyễn,2025-10-28,"App đã dừng hoạt động rồi, mấy bạn đừng đánh giá tiêu cực nữa",vi,negative,0.6296,요금,2026-06-05 09:24:42.911098+00
2703,google_play,Gojek,mobility_superapp,SEA,5,Hoàng hân Lâm,2025-10-26,"Cảm ơn bạn, đã ủng hộ Gojek, Vui lòng đọc rõ nội dung thông báo trên app Của gojek hiện nay gojek Việt Nam đã ngưng hoạt động kể từ ngày 16/09/2024 mong các bạn có tải app về xem thông báo của Gojek cho rõ để không làm gián đoạn và mất thời gian đi lại công việc của mỗi người, Gojek Việt Nam Đã ngừng tất cả mỗi hoạt động và tất cả dịch vụ ở Việt Nam kể từ ngày 16/09/2024 Xin cảm ơn, và Chúc tất cả khách hàng đã ủng hộ Gojek yêu mến Gojek trong suốt đoạn đường, nhiều sức khỏe, nhiều thành công.",vi,positive,0.6077,요금,2026-06-05 09:24:42.911098+00
2704,google_play,Gojek,mobility_superapp,SEA,5,Trương Ngọc Khánh Vy,2025-10-26,Mình nhớ Gojek 🥹,vi,neutral,0.4925,기타,2026-06-05 09:24:42.911098+00
2705,google_play,Gojek,mobility_superapp,SEA,5,Gia Hân,2025-10-22,"gojek ngừng hoạt động lâu rồi moi người ơi , đừng đánh giá 1 sao nữa tội nghiệp lắm🥹",vi,negative,0.9211,요금,2026-06-05 09:24:42.911098+00
2706,google_play,Gojek,mobility_superapp,SEA,1,Phương Uyên UyenPP,2025-10-18,tạo tài khoản không gửi otp. Mất thời gian.,vi,negative,0.6723,기타,2026-06-05 09:24:42.911098+00
2707,google_play,Gojek,mobility_superapp,SEA,1,Hà Minh Tuấn,2025-09-23,app như cái đb đăng nhập lúc dell nào cũng lỗi,vi,negative,0.857,앱오류,2026-06-05 09:24:42.911098+00
2708,google_play,Gojek,mobility_superapp,SEA,1,Y Thanh,2025-09-19,ko nhận đc mã otp,vi,negative,0.6792,기타,2026-06-05 09:24:42.911098+00
2709,google_play,Gojek,mobility_superapp,SEA,5,Đặng Tuyết Nhung,2025-08-25,cảm ơn ạ.,vi,positive,0.7593,기타,2026-06-05 09:24:42.911098+00
2710,google_play,Gojek,mobility_superapp,SEA,1,Quân Mai,2025-08-23,can't log in,en,negative,0.8122,기타,2026-06-05 09:24:42.911098+00
2711,google_play,Gojek,mobility_superapp,SEA,1,Sung Thị,2025-07-29,"chán thật sự, mình người Việt mà nó không có ngôn ngữ Tiếng việt còn không đăng nhập được nữa, cái thằng tạo ra áp này là người nước nào vậy??",vi,negative,0.9295,기타,2026-06-05 09:24:42.911098+00
2712,google_play,Gojek,mobility_superapp,SEA,1,Email Sex,2025-07-23,không gửi otp :))),vi,neutral,0.4711,기타,2026-06-05 09:24:42.911098+00
2713,google_play,Gojek,mobility_superapp,SEA,5,Tiến Nguyễn,2025-07-07,buồn,vi,negative,0.5413,기타,2026-06-05 09:24:42.911098+00
2714,google_play,Gojek,mobility_superapp,SEA,5,Khoa Trần Minh,2025-06-25,Không áp được 2 mã,vi,neutral,0.5022,기타,2026-06-05 09:24:42.911098+00
2715,google_play,Gojek,mobility_superapp,SEA,1,12a9 Trần Thái Nhân,2025-06-20,đăng kí ko được luôn quá tệ,vi,negative,0.938,기타,2026-06-05 09:24:42.911098+00
2716,google_play,Gojek,mobility_superapp,SEA,5,Phạm Phạm Long,2025-06-13,có mấy thằng ngáo l chắc tối cổ không biết gojeck rút khỏi VIỆT NAM,vi,negative,0.7199,기타,2026-06-05 09:24:42.911098+00
2717,google_play,Gojek,mobility_superapp,SEA,5,Trung Sơn Phan,2025-06-10,Nền tảng tốt nhất mà t từng dùng,vi,positive,0.7756,기타,2026-06-05 09:24:42.911098+00
1855,google_play,Grab,mobility_superapp,SEA,5,Rechelle Perlada,2026-06-03,great apps,sv,positive,0.7896,기타,2026-06-05 09:24:42.911098+00
2718,google_play,Gojek,mobility_superapp,SEA,5,Wanttosleep Daki,2025-05-30,cảm ơn,vi,positive,0.5567,기타,2026-06-05 09:24:42.911098+00
2719,google_play,Gojek,mobility_superapp,SEA,5,Đức Đặng,2025-05-14,Mãi yêu Gojek,hr,positive,0.5801,기타,2026-06-05 09:24:42.911098+00
2720,google_play,Gojek,mobility_superapp,SEA,4,Stt Qt,2025-05-12,Ý là app này dừng rồi mà đúng không sao vẫn để trên của hàng play,vi,negative,0.5341,기타,2026-06-05 09:24:42.911098+00
2721,google_play,Gojek,mobility_superapp,SEA,5,Long Phan,2025-05-02,tạm biệt gojek,vi,negative,0.496,기타,2026-06-05 09:24:42.911098+00
2722,google_play,Gojek,mobility_superapp,SEA,5,Thục Quyên Nguyễn,2025-05-01,"giờ app k còn ở VN nữa nhưng app đã gắn bó với mình thời gian dài,mình thật sự rất thích dùng app này",vi,positive,0.7515,기타,2026-06-05 09:24:42.911098+00
2723,google_play,Gojek,mobility_superapp,SEA,5,Thành Đàm,2025-04-30,tạm biệt. 1 kỉ niệm đẹp,vi,positive,0.914,기타,2026-06-05 09:24:42.911098+00
2724,google_play,Gojek,mobility_superapp,SEA,5,Trong Jame,2025-04-27,tạm biệt Gojek,vi,negative,0.5288,기타,2026-06-05 09:24:42.911098+00
2725,google_play,Gojek,mobility_superapp,SEA,5,Quỳnh Trần,2025-04-26,Quá tốt,vi,positive,0.7311,기타,2026-06-05 09:24:42.911098+00
2726,google_play,Gojek,mobility_superapp,SEA,5,Đặng Nguyễn Anh Nguyên,2025-04-18,trải nghiệm tuyệt vời,vi,positive,0.9243,기타,2026-06-05 09:24:42.911098+00
2727,google_play,Gojek,mobility_superapp,SEA,5,The King Phạm,2025-04-18,Tạm biệt gojek,vi,positive,0.3738,기타,2026-06-05 09:24:42.911098+00
2728,google_play,Gojek,mobility_superapp,SEA,1,Trí Bửu Nguyễn,2025-04-12,ứng dụng quá tệ.,vi,negative,0.9512,기타,2026-06-05 09:24:42.911098+00
2729,google_play,Gojek,mobility_superapp,SEA,1,văn tiến youtube,2025-04-06,"đăng nhập k gửi mã otp mà còn k cho đăng nhập lại số khác, quá tệ",vi,negative,0.8527,기타,2026-06-05 09:24:42.911098+00
2730,google_play,Gojek,mobility_superapp,SEA,1,Khánh Dương Nguyễn Hồ,2025-04-02,Làm ơn đừng có nói là không thể cài đặt gojek nhé!,vi,neutral,0.5064,기타,2026-06-05 09:24:42.911098+00
2731,google_play,Gojek,mobility_superapp,SEA,1,Radio đọc truyện,2025-03-31,"ứng dụng bị hack rồi hay sao ấy, đăng nhập cũg khó",vi,negative,0.8442,기타,2026-06-05 09:24:42.911098+00
3011,google_play,Gojek,mobility_superapp,SEA,1,Pham Huong,2024-08-05,"Mình đặt nhầm món nhưng yêu cầu hủy để đặt lại thì ko được, bấm Cần Trợ Giúp bên Gojek thì trợ giúp như không, kiểu trả lời AI rep sẵn dài lắm tưởng đâu có tâm nhưng thì ra rất hời hợt , rất thất vọng vì đã ủng hộ mấy năm qua",vi,negative,0.7181,기타,2026-06-05 09:24:42.911098+00
3013,google_play,Gojek,mobility_superapp,SEA,3,Teddy,2024-08-05,Khoảng cách nhà hàng đến điểm cần giao có 1.4km mà ship tới 40k quá là đắt,vi,negative,0.6907,기타,2026-06-05 09:24:42.911098+00
3014,google_play,Gojek,mobility_superapp,SEA,1,Ryu Akai Hi No,2024-08-04,"Trưa hôm nay ngày 04/8/2024, mình đi ăn đám cưới ở Cát Đằng Palace. Khi đi mình bắt gojek xe máy thì bạn chạy rất ok. Nhưng khi mình về, mình sợ mưa bắt xe oto, phần mềm đặt trúng xe Toyota Avanza biến số 50E-03842 của bác tài Nguyễn Thiết Hùng thì bác tài điện cho mình nói sao đặt xe mà ý là nơi bác tài tới đón xa quá. Xong mình nói mình sẽ chờ bác tài tới đón xong bác tài tự ý hủy luôn. Mình quá thất vọng về bác tài này mà phản hồi add ko có mục tố bác tài xem thưởng khách.",vi,neutral,0.4682,기타,2026-06-05 09:24:42.911098+00
3016,google_play,Gojek,mobility_superapp,SEA,1,su lee,2024-08-03,Đặt món mỗi 10s lên 1k. 10s sau lên 7k. 10s nữa lại lên tiếp. Ôi vãi. Ăn đc ăn hết mịe đi jek,vi,neutral,0.3824,기타,2026-06-05 09:24:42.911098+00
3017,google_play,Gojek,mobility_superapp,SEA,5,Chanh Le,2024-08-03,Ung dung qua hay,tl,neutral,0.3766,기타,2026-06-05 09:24:42.911098+00
3018,google_play,Gojek,mobility_superapp,SEA,5,Chuẩn Lê,2024-08-03,Tuyệt vời 👍,vi,positive,0.8724,기타,2026-06-05 09:24:42.911098+00
3019,google_play,Gojek,mobility_superapp,SEA,4,Bảo Nam,2024-08-03,"Rẻ, nhanh, gọn",vi,neutral,0.5365,기타,2026-06-05 09:24:42.911098+00
3020,google_play,Gojek,mobility_superapp,SEA,1,Chi Quỳnh,2024-08-03,"đặt xe định vị không di chuyển nhắn tin bác tài hỏi đang đâu không trl xe cứ đứng hoài 1 chỗ, bộ bác tài buồn ngủ nhận cuốc k chạy hả dmm",vi,negative,0.8304,기타,2026-06-05 09:24:42.911098+00
3021,google_play,Gojek,mobility_superapp,SEA,1,Hồng Hạ,2024-08-02,Quảng cáo quá nhiều thấy phiền,vi,negative,0.944,기타,2026-06-05 09:24:42.911098+00
3022,google_play,Gojek,mobility_superapp,SEA,1,Quang Nguyễn Minh,2024-08-01,"Chất lượng tài xế quá thấp. Đặt gần 30p mà vẫn chưa có xe, trong khi hiển thị tài xế rất gần.",vi,negative,0.741,배차·대기,2026-06-05 09:24:42.911098+00
3023,google_play,Gojek,mobility_superapp,SEA,5,Oo Kk,2024-08-01,Tổng đài ơi!cho tôi xin hỏi tôi bị lỗi gì mà tài khoản của tôi bị tạm khóa?mà tôi bị khóa thời gian bao lâu?,vi,neutral,0.4828,앱오류,2026-06-05 09:24:42.911098+00
3024,google_play,Gojek,mobility_superapp,SEA,5,Hiền TRẦN Kim,2024-08-01,TRẦN Kim Hiền,vi,neutral,0.515,기타,2026-06-05 09:24:42.911098+00
3025,google_play,Gojek,mobility_superapp,SEA,1,Azure Dragon,2024-07-31,"Đề nghị cập nhật lại bản đồ, sai địa chỉ tùm lum, vị trí trên bản đồ 1 nơi địa chỉ lại 1 chổ khác, không theo dõi được đơn hàng toàn báo hệ thống bận, cho 1 sao trước nếu ổn sẽ đánh giá lại",vi,negative,0.7572,요금,2026-06-05 09:24:42.911098+00
3026,google_play,Gojek,mobility_superapp,SEA,1,Thọ Trần,2024-07-30,Như ccv,vi,neutral,0.5162,기타,2026-06-05 09:24:42.911098+00
3027,google_play,Gojek,mobility_superapp,SEA,5,minh hang tran ngoc,2024-07-30,Giá ưu đãi tốt hơn các ứng dụng khác,vi,positive,0.5566,요금,2026-06-05 09:24:42.911098+00
3028,google_play,Gojek,mobility_superapp,SEA,4,Tươi Huỳnh,2024-07-29,Má tao đang chơi cho iên đi,vi,neutral,0.4165,기타,2026-06-05 09:24:42.911098+00
3029,google_play,Gojek,mobility_superapp,SEA,5,Sang Hung,2024-07-28,gjskaka,hr,neutral,0.4052,기타,2026-06-05 09:24:42.911098+00
3030,google_play,Gojek,mobility_superapp,SEA,1,Hải Bọ Chét,2024-07-27,Dkm tụi mày bớt QC lại đi,vi,negative,0.6345,기타,2026-06-05 09:24:42.911098+00
3031,google_play,Gojek,mobility_superapp,SEA,1,luom thach,2024-07-27,Gojek giờ làm ăn rất là êm 3 tiếng cho được một đơn 24 ngàn mấy trăm,vi,neutral,0.5305,기타,2026-06-05 09:24:42.911098+00
3032,google_play,Gojek,mobility_superapp,SEA,1,Nhi Châu Thị Hồng,2024-07-27,"Tôi đã thanh toán tiền trên app cho tài xế, nhưng tài xế thấy mẹ t lớn tuổi nên ăn chặn tiền lấy thêm tiền ngoài của mẹ t. Sau đó, t liên hệ với bên CSKH chỉ nhận lại được là chờ tài xế liên hệ lại. Vậy thử hỏi, nếu tài xế có ý định chặn tiền của khách thì có liên hệ lại với khách không. App quá tệ, xử lý quá kém cỏi. Từ nay đừng hòng t đặt thêm bất cứ 1 dịch vụ nào của gojek",vi,negative,0.5862,결제,2026-06-05 09:24:42.911098+00
3033,google_play,Gojek,mobility_superapp,SEA,1,Nhật Nguyễn minh,2024-07-27,Hủy đơn từ 7h tối hôm trước 16h chiều hôm sau vẫn ship App nhu ... 🤬🤬🤬,vi,neutral,0.6043,기타,2026-06-05 09:24:42.911098+00
3034,google_play,Gojek,mobility_superapp,SEA,5,Lukmannulhakeem Hile,2025-08-19,mantp,tl,negative,0.3898,기타,2026-06-05 09:24:42.911098+00
3035,google_play,Gojek,mobility_superapp,SEA,2,NaNa,2024-06-01,"Dịch vụ ổn cho đến ngày hôm nay, tôi muốn hủy đơn hàng vì nhà hàng hết món nhưng bên hỗ trợ xử lý quá chậm khiến cả tài xế và khách hàng khó chịu, tôi mong nhà quản lý sẽ cải thiện điều này",vi,negative,0.7112,배차·대기,2026-06-05 09:24:42.911098+00
3036,google_play,Gojek,mobility_superapp,SEA,5,พลวัตร สงสี,2023-10-20,ขอบคุณครับ,th,positive,0.7243,기타,2026-06-05 09:24:42.911098+00
3037,google_play,Gojek,mobility_superapp,SEA,1,Mbg Mbg,2023-08-22,ฝงฝ บๅๅฟฟฟ ฝววฟวงววกง,th,neutral,0.4688,기타,2026-06-05 09:24:42.911098+00
3038,google_play,Gojek,mobility_superapp,SEA,5,ชาย เกรียน,2023-06-26,เป็นแอปที่ จากไปแบบสุภาพชน เสียดายที่ใม่ค่อยใด้มาขับให้,th,negative,0.8894,기타,2026-06-05 09:24:42.911098+00
2815,google_play,Gojek,mobility_superapp,SEA,5,Tran Van Quoc,2024-09-16,"cảm ơn gojeck, và tạm biệt",vi,positive,0.6283,기타,2026-06-05 09:24:42.911098+00
1515,google_play,Grab,mobility_superapp,SEA,1,thanakritmongkonsin,2026-05-16,คือ แบบว่าสั่งของไปเป็นจำนวน 268 บาท ซึ่งปกติถ้าถึงห้องมันจะปักหมุดที่ปัจจุบันให้อัตโนมัติใช่ไหม แต่คราวนี้คือแอปไปปักหมุดอยู่ที่ที่ไกลมาก จากท่าพระ แอปปักหมุดไปที่สามยอด ซึ่งตัวคนสั่งสั่งอยู่ท่าพระ แอปมันน่าจะ error สรุปก็ไม่ได้ไปเอาของ เพราะอยู่ไกลมาก,th,negative,0.5556,앱오류,2026-06-05 09:24:42.911098+00
2788,google_play,Gojek,mobility_superapp,SEA,5,Hưng Nguyễn,2024-09-17,"Cảm ơn gojek trong suốt thời gian qua đã đồng hành cùng tối, tạm biệt. Tôi hi vọng sẽ có ngày gojek quay lại Việt Nam, tôi sẽ tiếp tục đồng hành với gojek",vi,positive,0.7457,기타,2026-06-05 09:24:42.911098+00
2789,google_play,Gojek,mobility_superapp,SEA,1,Xanh Vuon,2024-09-17,Ngày này củng đã đến,vi,neutral,0.4526,기타,2026-06-05 09:24:42.911098+00
2791,google_play,Gojek,mobility_superapp,SEA,5,Thảo Thanh,2024-09-17,"thật sự rất yêu gojek ❤ tài xế thân thiện số 1, giá cũng rất học sinh. Hy vọng nếu còn duyên gojek lại về vn hoạt động",vi,positive,0.8218,배차·대기,2026-06-05 09:24:42.911098+00
2792,google_play,Gojek,mobility_superapp,SEA,5,Phương Duy,2024-09-17,Cảm ơn Gojek đã đồng hành vs mình trong những thời gian qua,vi,positive,0.7784,기타,2026-06-05 09:24:42.911098+00
2793,google_play,Gojek,mobility_superapp,SEA,5,Phượng Trần,2024-09-17,"k phải nói chứ em đi Gojek từ lúc sv đến lúc đi làm vẫn dùng khi nào mà k bắt đc, lâu là đổi app khác thôi🥰 Cảm ơn Gojek trên mỗi chặng đường đồng hành cùng khách hàng ạ❤❤",vi,positive,0.6475,기타,2026-06-05 09:24:42.911098+00
2794,google_play,Gojek,mobility_superapp,SEA,5,Ngoc Tran,2024-09-17,Từ lúc lên sg đến hiện tại ưu tiên đi xe ôm của mình luôn là gojek giờ hết được bắt gojek đc nữa rồi 🥺,vi,neutral,0.5013,기타,2026-06-05 09:24:42.911098+00
2795,google_play,Gojek,mobility_superapp,SEA,5,Acc,2024-09-17,Cảm ơn Gojek đã đồng hành với mình trong suốt thời gian qua,vi,positive,0.8478,기타,2026-06-05 09:24:42.911098+00
2796,google_play,Gojek,mobility_superapp,SEA,5,Nguyễn Huỳnh Như,2024-09-17,"Tạm biệt Gojek nha, sẽ nhớ lắm ạ !",vi,positive,0.8669,기타,2026-06-05 09:24:42.911098+00
2797,google_play,Gojek,mobility_superapp,SEA,1,Võ Lân,2024-09-17,Đi thì rủ thằng Be bò đi chung luôn cho vui :)) đi mạnh khoẻ nha,vi,positive,0.7672,기타,2026-06-05 09:24:42.911098+00
2798,google_play,Gojek,mobility_superapp,SEA,5,Vo Pham Khanh Hoang,2024-09-17,Tạm Biệt 👋👋 :(,vi,negative,0.9311,기타,2026-06-05 09:24:42.911098+00
2799,google_play,Gojek,mobility_superapp,SEA,5,Chí Lâm Phan,2024-09-17,Cảm ơn và tạm biệt,vi,positive,0.6483,기타,2026-06-05 09:24:42.911098+00
2800,google_play,Gojek,mobility_superapp,SEA,5,Quang Hoàng Anh,2024-09-17,Cảm ơn gojek đã cùng đồng hành cùng mình qua những chặn đường!,vi,positive,0.8414,기타,2026-06-05 09:24:42.911098+00
2846,google_play,Gojek,mobility_superapp,SEA,5,Than Thao Nguyen,2024-09-10,Gojek còn hoạt động ko,vi,negative,0.632,기타,2026-06-05 09:24:42.911098+00
2847,google_play,Gojek,mobility_superapp,SEA,1,nguyễn cao thắng tv,2024-09-10,Đặt đơn 1 tiếng không nhận được dịch vụ chan quá,vi,negative,0.7079,기타,2026-06-05 09:24:42.911098+00
2848,google_play,Gojek,mobility_superapp,SEA,5,Hưng Phạm,2024-09-09,"Thanks, Gojek! Always by my side after school, work, and even late night parties. This feedback should be written sooner 🥲",en,positive,0.8631,EV·충전,2026-06-05 09:24:42.911098+00
2849,google_play,Gojek,mobility_superapp,SEA,5,Thanh Hà,2024-09-09,tạm,vi,neutral,0.414,기타,2026-06-05 09:24:42.911098+00
2850,google_play,Gojek,mobility_superapp,SEA,5,Công Hậu Thái,2024-09-09,Rất buồn khi phải chia tay app,vi,negative,0.8969,기타,2026-06-05 09:24:42.911098+00
2851,google_play,Gojek,mobility_superapp,SEA,5,Minh Thư,2024-09-09,"tài xế siêu dễ thương, nhưng dừng hoạt động rồi😭",vi,negative,0.5268,배차·대기,2026-06-05 09:24:42.911098+00
2852,google_play,Gojek,mobility_superapp,SEA,5,Ngọc Hân Võ,2024-09-08,Dịch vụ tốt nhưng vì không còn hoạt động nữa nên mình xoá app. Rất buồn,vi,negative,0.9169,기타,2026-06-05 09:24:42.911098+00
2853,google_play,Gojek,mobility_superapp,SEA,5,Linh,2024-09-08,"Cảm ơn Gojek đã hành trình cũng mn, mình thích đặt ở Gojek vì nó rẻ và tiện lợi gặp những chú grap dễ thương, nhưng 30/9 Gojek sẽ không còn ở VN nữa đó là điều đáng buồn cảm ơn Gojek nhé!",vi,positive,0.6435,기타,2026-06-05 09:24:42.911098+00
2854,google_play,Gojek,mobility_superapp,SEA,5,Việt Hoàng,2024-09-08,"Tạm biệt gojek đã là một phần kỷ niệm thời sinh viên của mình! Với những hôm lười nấu cơm, rồi săn voucher từng trưa ☺️ camonvidaden!",vi,positive,0.7834,기타,2026-06-05 09:24:42.911098+00
2855,google_play,Gojek,mobility_superapp,SEA,5,Gia Bảo Phạm,2024-09-08,Rất hay,vi,positive,0.4865,기타,2026-06-05 09:24:42.911098+00
2856,google_play,Gojek,mobility_superapp,SEA,5,Thư Minh,2024-09-08,"cũng bùn ghê, phải tạm biệt GOJKER rồi app đặt đồ guột, cũng mấy năm từ ngày đầu sài app không có gì tệ cả toàn những điều tuyệt vời, những anh chị chở di hay giao đồ ăn đều dthw và tuyệt vời",vi,positive,0.6343,기타,2026-06-05 09:24:42.911098+00
2857,google_play,Gojek,mobility_superapp,SEA,5,quốc tuấn phạm,2024-09-08,Tiếc quá....vì phải dừng hoạt động ở Việt Nam,vi,negative,0.942,기타,2026-06-05 09:24:42.911098+00
2858,google_play,Gojek,mobility_superapp,SEA,5,Phú Trần,2024-09-07,Cảm ơn vì đã gặp bạn từ 2022❤,vi,positive,0.9031,기타,2026-06-05 09:24:42.911098+00
2859,google_play,Gojek,mobility_superapp,SEA,1,Thành Thái Lê,2024-09-07,Goodbye,da,negative,0.3742,기타,2026-06-05 09:24:42.911098+00
2860,google_play,Gojek,mobility_superapp,SEA,5,Nguyễn Hứa,2024-09-07,Kỉ niệm còn mãi với Gojek.,vi,neutral,0.5218,기타,2026-06-05 09:24:42.911098+00
2861,google_play,Gojek,mobility_superapp,SEA,5,Cường Mạnh,2024-09-07,"Nghe tin Gojek sắp dừng hơi buồn, vì Go là 1 trong những app mà tuii hay đặt giá thành rẻ hợp lí 🥹❤️",vi,negative,0.5599,요금,2026-06-05 09:24:42.911098+00
2862,google_play,Gojek,mobility_superapp,SEA,5,Khánhh Ngọcc,2024-09-07,gojek đừng đi mà😭😭😭😭😭 em dùng gojek quài lun ó tài xế dth lại còn nhiệt tình nữa app nhiều mã giảm giá nhất luôn mà sắp kh còn ai cứu đói em nữa rồi huhuhuuhu,vi,negative,0.6018,배차·대기,2026-06-05 09:24:42.911098+00
1516,google_play,Grab,mobility_superapp,SEA,1,เหน่ง นะเเจ๊,2026-05-16,คนส่งอาหารได้โลล่ะ 6.8 บาทหรือน้อยกว่านั้น วินเเถวต่างจังหวัดยังได้โลละ10,th,neutral,0.5844,기타,2026-06-05 09:24:42.911098+00
1517,google_play,Grab,mobility_superapp,SEA,5,Bella food,2026-05-16,good very nice,en,positive,0.7686,기타,2026-06-05 09:24:42.911098+00
1518,google_play,Grab,mobility_superapp,SEA,4,Manutsanun Chantarawongsakul,2026-05-16,ไม่ชอบที่ตัดเงินในบัตรก่อน กว่าจะคืน ก็ยาก,th,negative,0.7424,결제,2026-06-05 09:24:42.911098+00
1519,google_play,Grab,mobility_superapp,SEA,5,saree sweet,2026-05-16,บริการดีมากค่ะ ไม่ต้องรอนาน ขับไม่เร็วปลอดภัยค่ะ,th,positive,0.6967,서비스,2026-06-05 09:24:42.911098+00
1520,google_play,Grab,mobility_superapp,SEA,5,ชิษณุพงศ์ แคล้วโยธา,2026-05-16,สุดใจครับ,th,negative,0.5122,기타,2026-06-05 09:24:42.911098+00
1523,google_play,Grab,mobility_superapp,SEA,1,เกลแอนด์ เกรส,2026-05-16,เรียกรถอยากมาก เคยถามไรเดอร์ทำไมถึงไม่ค่อยมีคนรับ ไรเดอร์บอกว่าค่ารอบถูกวิ่งให้ไม่ไหว สำหรับผม ผมว่ามันถูกจริง ราคาก็ควรสมเหตุสมผลบ้าง ถูกเกินไปไรเดอร์ก็ยกเลิก ต้องรอรถนานขึ้น ผมเลยให้ทิปไรเดอร์ตลอด บางทีก็สงสารคนขับมาก,th,negative,0.8077,배차·대기,2026-06-05 09:24:42.911098+00
1524,google_play,Grab,mobility_superapp,SEA,5,Nueng Nueng,2026-05-16,สะดวกสบาย,th,neutral,0.4031,기타,2026-06-05 09:24:42.911098+00
1529,google_play,Grab,mobility_superapp,SEA,5,Mr. kowit Promtong,2026-05-15,💯,unknown,neutral,0.5123,기타,2026-06-05 09:24:42.911098+00
1530,google_play,Grab,mobility_superapp,SEA,4,เบญญาพร,2026-05-15,มันมีการใช้AIในแอปมันดูไม่น่าใช้เลยอยากให้เปลี่ยนหน่อยนะคะและก็บ้างร้านก็รูปAI,th,negative,0.7921,기타,2026-06-05 09:24:42.911098+00
1531,google_play,Grab,mobility_superapp,SEA,1,Polson Panichdee,2026-05-15,แย่ๆๆ Lineman กัย Shopee ดีกว่าเยอะ,th,negative,0.8996,기타,2026-06-05 09:24:42.911098+00
1716,google_play,Grab,mobility_superapp,SEA,1,Porunsa Wiwasuk,2026-04-19,เข้าใจว่าเป็นวันไหลของพัทยา แต่คือรออาหารมา2-3ชั่วโมงแล้ว เหลืออีกแค่2-3นาทีข้าวจะมาส่งแต่แอปกับแจ้งว่าคนขับไม่สะดวกจะรับเป็นเงินสดไห้เปลียนการชำระเงินไหม่พอเข้าไปเช็คคือถ้าเปลี่ยนวิธีชำระเงินเราไม่ได้ได้ของเลยแต่ต้องกลับไปรอใหม่คือยังไงมายังไงมันก็ได้เงินอยู่แล้วไมแล้วที่ทนหิวมา2จะ3ชั่วโมงคืออะไรคือมันยกเลิกออเดอร์ได้ง่ายๆอย่างงี้เลยหรอทั้งๆอีกแค่3นาทีก็ส่งออเดอร์เสร็จ,th,negative,0.7267,결제,2026-06-05 09:24:42.911098+00
1720,google_play,Grab,mobility_superapp,SEA,5,สุรศักดิ์ มะโนรา,2026-04-19,เเยี่ยมม,th,positive,0.397,기타,2026-06-05 09:24:42.911098+00
1721,google_play,Grab,mobility_superapp,SEA,4,สุนันทา มากแสน,2026-04-19,ดีๆๆๆๆๆ,th,positive,0.8265,기타,2026-06-05 09:24:42.911098+00
1722,google_play,Grab,mobility_superapp,SEA,1,ไสว อาดแกล้ว,2026-04-19,เสียเวลา หาคนขับก็ไม่ได้ รอเกิย2ชั่วโมง,th,negative,0.7981,기타,2026-06-05 09:24:42.911098+00
1723,google_play,Grab,mobility_superapp,SEA,5,Gun Mik,2026-04-19,เพิ่งใช้บริการกับGrab ครั้งแรก 18/4/69 ดีมากสะดวกในด้านบริการตอบโจทย์ได้ดี,th,positive,0.727,서비스,2026-06-05 09:24:42.911098+00
1724,google_play,Grab,mobility_superapp,SEA,1,Nittaya suraneeyalapha,2026-04-19,ทำไมกดสั่งอาหารไม่ได้เลยคะ พอสั่งไปแล้ว จะสั่งซื้อ ขึ้นบอกว่าตรวจสอบที่อยุ่ ยืนยันที่อยุ่ ยืนยันแล้วแต่ก็สั่งไม่ได้เลย.เปนอีกละ,th,negative,0.783,기타,2026-06-05 09:24:42.911098+00
1725,google_play,Grab,mobility_superapp,SEA,1,ณฐาภัค สุริฉาย,2026-04-19,จ่ายเงินสดไม่มีคนรับมาส่งเลย รอนานมาก,th,negative,0.6672,결제,2026-06-05 09:24:42.911098+00
1726,google_play,Grab,mobility_superapp,SEA,5,นัฐพล พูลบัว,2026-04-19,การบริการไรเดอร๋คนนี้บริการเยี่ยมมาก,th,positive,0.7933,서비스,2026-06-05 09:24:42.911098+00
1728,google_play,Grab,mobility_superapp,SEA,5,พระมหาอัครวัฒน์ ยติกโร (อั้ม),2026-04-19,like it,sq,positive,0.4471,기타,2026-06-05 09:24:42.911098+00
1729,google_play,Grab,mobility_superapp,SEA,5,Kanny Jin,2026-04-19,สะดวกทุกอย่าง ใช้ตลอด,th,neutral,0.5128,기타,2026-06-05 09:24:42.911098+00
1730,google_play,Grab,mobility_superapp,SEA,5,Nungruthai Sanphakorn,2026-04-18,รถมาตรงเวลา สะอาด คนขับสุภาพ,th,positive,0.5318,배차·대기,2026-06-05 09:24:42.911098+00
1731,google_play,Grab,mobility_superapp,SEA,5,รัตน์ มาก,2026-04-18,พนักงานสุภาพดีค่ะ,th,positive,0.7619,기타,2026-06-05 09:24:42.911098+00
1732,google_play,Grab,mobility_superapp,SEA,5,Phetvisit P,2026-04-18,บริการดีมีเพื่อนคุย,th,positive,0.6642,서비스,2026-06-05 09:24:42.911098+00
1733,google_play,Grab,mobility_superapp,SEA,5,พิณทิพย์ เลือกผล,2026-04-18,ประทับใจกับการเรียกใช้งานบริการครั้งเเรก,th,positive,0.8887,서비스,2026-06-05 09:24:42.911098+00
1734,google_play,Grab,mobility_superapp,SEA,2,Snickers Takky,2026-04-18,น่าเบื่อมาก จ่ายเงินค่าส่งเพิ่มเพื่อให้ส่งไวขึ้นแต่ทุกครั้ง ช้ากว่าเดิมอีก เหมือนเอาเปรียบผู้บริโภค driver ก็รับงานซ้อนทีหลายออเดอร์,th,negative,0.8724,결제,2026-06-05 09:24:42.911098+00
1735,google_play,Grab,mobility_superapp,SEA,5,ผดุง,2026-04-18,บริการดีตรงเวลา พูดจาดีมีมารยาท,th,positive,0.5375,서비스,2026-06-05 09:24:42.911098+00
1736,google_play,Grab,mobility_superapp,SEA,5,Lurtrat Rungunyamanee,2026-04-18,กาแฟ + ชิโอะปัง รสชาติ ok เลย แพคมาดี,th,positive,0.7425,기타,2026-06-05 09:24:42.911098+00
1737,google_play,Grab,mobility_superapp,SEA,5,Ongdang Lungon,2026-04-18,ส่งเร็วทันใจ,th,neutral,0.5783,기타,2026-06-05 09:24:42.911098+00
1738,google_play,Grab,mobility_superapp,SEA,5,นาเบลล์ บ้านไร่,2026-04-18,แอฟนี้เป็นแอฟที่ดีเลยคับชอบๆคับ,th,positive,0.8812,기타,2026-06-05 09:24:42.911098+00
1762,google_play,Grab,mobility_superapp,SEA,5,Kaew Boon,2026-04-16,ส่งตรงเวลา,th,neutral,0.8166,기타,2026-06-05 09:24:42.911098+00
1540,google_play,Grab,mobility_superapp,SEA,1,โชคอนันต์ จันทร์คูณ,2026-05-14,ทุกคนระวังแอปนี้ด้วยนะหลังๆเริ่ม18มงกุฎแล้ว นี้สั่งข้าวให้มาส่งที่บ้านนี้แต่กับไปส่งบ้านคนอื่น แถม กดกลิ้งบ้านคนอื่นอีกแล้วพวกแก๊ปมาด่านี้กันเต็มเลยทั้งที่นี้บอกระเอียดว่าส่งที่ไหนอยู่ๆไปบ้านคนอื่นคือบ้านตรงข้ามเห็นเกือบทุกครั้งจนต้องลบแอปแล้วเพราะพวกแก็ปจะทำร้ายนี้ ระวัง!!!,th,negative,0.8975,기타,2026-06-05 09:24:42.911098+00
1541,google_play,Grab,mobility_superapp,SEA,4,นางสาววิไล มหาเดชะกุล,2026-05-14,พนง.น่ารักมาก,th,positive,0.8161,기타,2026-06-05 09:24:42.911098+00
1542,google_play,Grab,mobility_superapp,SEA,5,Suda Tubruay,2026-05-14,ที่ใช้บริการดีมากค่ะ,th,positive,0.8045,서비스,2026-06-05 09:24:42.911098+00
1543,google_play,Grab,mobility_superapp,SEA,5,Phach Sanun,2026-05-14,ง่ายและสะดวกดี,th,positive,0.599,기타,2026-06-05 09:24:42.911098+00
1544,google_play,Grab,mobility_superapp,SEA,1,bai toey,2026-05-14,ห่วยแตก ระบบแม้งไม่ดีโทรยังไงไม่แจ้งเตือน คนขับก็กวน,th,negative,0.9364,기타,2026-06-05 09:24:42.911098+00
1545,google_play,Grab,mobility_superapp,SEA,5,แก้วสวรรค์ ว่องไว,2026-05-14,ดีมากคะ,th,positive,0.7838,기타,2026-06-05 09:24:42.911098+00
1546,google_play,Grab,mobility_superapp,SEA,1,Kanitsorn Cheranon,2026-05-14,เป็นแอพที่เลวมาก กดยกเลิกการเรียกรถไปแล้วเพราะไม่มีคนรับ ผ่านไปเกือบครึ่งชม.จู่ๆอจ้งเตืินว่สคนขับใกล้ถึงแล้ว กูเดินทางเองจนจะถึงที่หมายละ กูก็ต้องกดยกเลิกใหม่ ละก็มาหักตังกูค่ายกเลิก กูกดไปตั้งแต่แรกแล้วค่ะ ละเป็นแบบนี้มี3-4ครั้งแล้ว วันนี้ทนไม่ไหวละ,th,negative,0.8744,배차·대기,2026-06-05 09:24:42.911098+00
1547,google_play,Grab,mobility_superapp,SEA,5,Sompong Nivaspongvanich,2026-05-14,จัดส่งเร็ว อาหารอร่อย,th,positive,0.5383,기타,2026-06-05 09:24:42.911098+00
1548,google_play,Grab,mobility_superapp,SEA,1,Ionery East,2026-05-14,เป็นหลายครั้งเลยที่กดยกเลิกเรียกรถไปแล้ว กดยืนยันการยกเลิกก็แล้ว แต่แอพชอบเรียกคนขับมาให้ใหม่ มันเสียเวลาไรเดอร์นะคะ,th,negative,0.8071,배차·대기,2026-06-05 09:24:42.911098+00
1549,google_play,Grab,mobility_superapp,SEA,1,Natthachai Nopakaew,2026-05-14,ผมเปิดโทรศัพท์มาเช็คตามเวลาที่แอปประมาณไว้แต่ไรเดอร์ claim อาหารไปแล้ว ไม่รู้ว่าไรเดอร์ไม่โทรมาหรือโทรไม่ติด แต่ผมเปิดแจ้งเตือนทุกอย่างแล้วนะ ไม่มีโทรศัพท์ขึ้นมาสักสายเลย วันนี้ขอเลิกใช้งานละ,th,negative,0.6632,기타,2026-06-05 09:24:42.911098+00
1550,google_play,Grab,mobility_superapp,SEA,1,อารี,2026-05-13,แอปอื่นเขาดีดรถเถื่อน ที่ไม่ใช่รถแท็กซี่ ที่ไม่ใช่ รย 18 ออกหมดแล้ว แต่ของแกลบ ยังให้เปิดระบบให้รถเถื่อนวิ่งอยู่เต็มไปหมด แกลบควรเปิดระบบให้รถที่ถูกต้องเท่านั้น,th,negative,0.7964,배차·대기,2026-06-05 09:24:42.911098+00
2594,google_play,Gojek,mobility_superapp,SEA,5,Rizki Herucakra,2026-05-17,Masih belum tergantikan aplikasi ini,id,neutral,0.4,기타,2026-06-05 09:24:42.911098+00
1551,google_play,Grab,mobility_superapp,SEA,5,Supattra Prasongchai,2026-05-13,ไม่ผิดหวัง ตรงเวลา พนักงานนิสัยดี,th,positive,0.6727,기타,2026-06-05 09:24:42.911098+00
1552,google_play,Grab,mobility_superapp,SEA,5,Aa Aa,2026-05-13,ประสบการณ์ของผมก็คือ ขับแก๊ปมานาน ประมาณเกือบ ก็โอเคครับขอบคุณมาก,th,positive,0.7084,기타,2026-06-05 09:24:42.911098+00
1553,google_play,Grab,mobility_superapp,SEA,5,pitong nongtim,2026-05-13,อร่อย สะอาด สมราคามากค่ะ,th,positive,0.8202,요금,2026-06-05 09:24:42.911098+00
1554,google_play,Grab,mobility_superapp,SEA,5,Arparat S,2026-05-13,สะดวก ปลอดภัย,th,neutral,0.506,기타,2026-06-05 09:24:42.911098+00
1555,google_play,Grab,mobility_superapp,SEA,5,Hlaing Saing,2026-05-13,ใช้ดีมากๆ,th,positive,0.6869,기타,2026-06-05 09:24:42.911098+00
1556,google_play,Grab,mobility_superapp,SEA,5,กบแท็กซี่ สุพล ชมจันทร์,2026-05-13,ประหยัดสุดๆๆๆๆๆเลยถูกกว่ามิตเตอร์,th,positive,0.7253,기타,2026-06-05 09:24:42.911098+00
1557,google_play,Grab,mobility_superapp,SEA,5,Anan Suchatrakun,2026-05-13,สะดวกสบาย ในการเดินทางและสั่งอาหาร,th,positive,0.5657,기타,2026-06-05 09:24:42.911098+00
1558,google_play,Grab,mobility_superapp,SEA,5,Tueanjai Insa,2026-05-13,บริการดีมากค่ะ,th,positive,0.8252,서비스,2026-06-05 09:24:42.911098+00
1559,google_play,Grab,mobility_superapp,SEA,5,Sutarinee Sutarinee,2026-05-13,อร่อยมากคะรสชาติจัดจ้านถูกใจคะ,th,positive,0.8552,기타,2026-06-05 09:24:42.911098+00
1560,google_play,Grab,mobility_superapp,SEA,5,สุภกฤต ดอนกันหา,2026-05-13,สะดวกและดีมากครับ,th,positive,0.8044,기타,2026-06-05 09:24:42.911098+00
1561,google_play,Grab,mobility_superapp,SEA,5,o jang,2026-05-13,ใช้ดีสะดวกปลอดภัย,th,positive,0.5638,기타,2026-06-05 09:24:42.911098+00
1562,google_play,Grab,mobility_superapp,SEA,1,กรานต์ นี่,2026-05-13,เติมเงินเข้าช้ามาก รู้ไหมเวลาคนรีบมันลำบาก จะเข้าช้าอะไรนักหนา,th,negative,0.8111,결제,2026-06-05 09:24:42.911098+00
1903,google_play,Grab,mobility_superapp,SEA,1,Joonas Tenhunen,2026-06-02,big hug..cant use. askingvrepeatedly setbup bla nla,en,negative,0.798,기타,2026-06-05 09:24:42.911098+00
1572,google_play,Grab,mobility_superapp,SEA,5,Suporn Duanglert,2026-05-11,สั่งอาหารทุกครั้ง เจอพนักงานบริการดีทุกครั้งค่ะ,th,positive,0.742,서비스,2026-06-05 09:24:42.911098+00
1573,google_play,Grab,mobility_superapp,SEA,5,อารีนันท์ อัครพูนอนันท์,2026-05-11,ดีมากสะดวกมาก,th,positive,0.7339,기타,2026-06-05 09:24:42.911098+00
1574,google_play,Grab,mobility_superapp,SEA,1,King Kong,2026-05-11,แย่รออาหารตั้งนานโดนยกเลิกชดเชยแค่ส่วนลด15??,th,negative,0.8778,기타,2026-06-05 09:24:42.911098+00
1575,google_play,Grab,mobility_superapp,SEA,2,Injustice,2026-05-11,ติดต่อพนักงานยากขึ้นอาหารส่งไม่ตรงเวลา พัฒนาแบบไหน,th,negative,0.8775,기타,2026-06-05 09:24:42.911098+00
1576,google_play,Grab,mobility_superapp,SEA,1,REMA107z,2026-05-11,แมพแอพกากมากไรเดอร์ส่งผิดบ้านไปแล้วไม่รู้กี่รอบ ทั้งที่ก็ปักหมุดบ้านตัวเองแต่ดันขึ้นที่อยู่ของข้างบ้าน ทีไลน์แมนยังไม่เห็นส่งผิดเลย,th,negative,0.8357,기타,2026-06-05 09:24:42.911098+00
1577,google_play,Grab,mobility_superapp,SEA,5,ภัทรินทร์ ศรีกระทุม,2026-05-11,รู้สึกปลอดภัย,th,positive,0.6762,기타,2026-06-05 09:24:42.911098+00
1630,google_play,Grab,mobility_superapp,SEA,1,Nontarit Mianlamai,2026-05-04,บริหารให้ความช่วยเหลือแย่มาก เคยเกิดปัญหาเรื่องการสั่งอาหาร และการเดินทาง ไม่สามารถติดต่อเจ้าหน้าที่ได้ ให้คุยแต่กับบอท ai ซึ่งแก้ปัญหาอะไรให้ไม่ได้เลย โมโหมาก ห่วยแบบนี้ตั้งใจแน่วแน่ลยว่าจะไม่ใช้บริการแอปนี้อีก ขอเลือกไปใช้แอปอื่นแทน,th,negative,0.9162,배차·대기,2026-06-05 09:24:42.911098+00
1631,google_play,Grab,mobility_superapp,SEA,5,Nan Nan,2026-05-04,สดวกทันใจน่ารักชอบขอบคุณนะทั่มอบความสดวกาบายปลอดภัยอีกด้วย,th,positive,0.8314,기타,2026-06-05 09:24:42.911098+00
1632,google_play,Grab,mobility_superapp,SEA,5,Porntip Watchara,2026-05-04,พูดจาสุภาพ,th,neutral,0.474,기타,2026-06-05 09:24:42.911098+00
1633,google_play,Grab,mobility_superapp,SEA,2,Techin Jisikum,2026-05-03,แอปแย่นะครับ ปักหมุดอีกที่ แต่ของลงอีกที่ ช่วยปรับปรุงด้วยครับ,th,negative,0.8887,기타,2026-06-05 09:24:42.911098+00
1634,google_play,Grab,mobility_superapp,SEA,5,Smpan Prapan,2026-05-03,ดีมาก ดีมากๆ,th,positive,0.8815,기타,2026-06-05 09:24:42.911098+00
1635,google_play,Grab,mobility_superapp,SEA,1,Muluminous Luminosity,2026-05-03,ชอบยกเลิกเอง,th,negative,0.3973,기타,2026-06-05 09:24:42.911098+00
1636,google_play,Grab,mobility_superapp,SEA,5,NEW TV,2026-05-03,ผมอยากให้แอปพลิเคชั่นgrabมีระบบ ให้คนขับถ่ายรูปปิดงานทุกครั้ง ให้เห็นหน้าชัดๆ เพื่อที่จะไม่เป็นการนำบัญชีของคนอื่นมาใช้,th,neutral,0.594,기타,2026-06-05 09:24:42.911098+00
1953,google_play,Grab,mobility_superapp,SEA,1,Joshua Reyes,2026-06-01,Apparently some grab riders give passengers who tips low ratings to increase the chance that they be the one to get said passenger's bookings. wow. smh.,en,negative,0.7434,기타,2026-06-05 09:24:42.911098+00
1954,google_play,Grab,mobility_superapp,SEA,1,abd maskur,2026-06-01,"layanan Grab Maret jelek. aplikasi ga kelas, dimana layanan pusat aduan..",id,negative,0.9305,기타,2026-06-05 09:24:42.911098+00
1955,google_play,Grab,mobility_superapp,SEA,1,jusab manek,2026-06-01,worst app,en,negative,0.9084,기타,2026-06-05 09:24:42.911098+00
1956,google_play,Grab,mobility_superapp,SEA,1,Azri Azam,2026-06-01,"order makanan 2jam tak sampai, too slowww",id,negative,0.837,기타,2026-06-05 09:24:42.911098+00
1592,google_play,Grab,mobility_superapp,SEA,1,Uzumaki YUJI,2026-05-09,เรียกรถได้ห่วยแตกมากก จ่ายเงินเยอะกว่าปกติ แต่ชอบเรียกรถที่อยู่ไกลออกไปตลอดดด วางแผนเสียหมด หลายรอบเกิ้นนน เหมือนระบบมีปัญหาอะ,th,negative,0.8659,결제,2026-06-05 09:24:42.911098+00
1593,google_play,Grab,mobility_superapp,SEA,4,Botan p_p,2026-05-09,บางทีก็แพงเกิน,th,negative,0.7183,기타,2026-06-05 09:24:42.911098+00
1594,google_play,Grab,mobility_superapp,SEA,5,Anna Jorng,2026-05-09,สะดวก ปลอดภัยคะ,th,neutral,0.6132,기타,2026-06-05 09:24:42.911098+00
1595,google_play,Grab,mobility_superapp,SEA,5,Pongpun Jamparat,2026-05-09,ระบบดี แต่อยู่ที่ว่าได้คนขับแบบไหน,th,neutral,0.6101,기타,2026-06-05 09:24:42.911098+00
1596,google_play,Grab,mobility_superapp,SEA,5,chocolet Saelim,2026-05-09,ดีเกิ้น,th,positive,0.5181,기타,2026-06-05 09:24:42.911098+00
1597,google_play,Grab,mobility_superapp,SEA,5,วิทวัส พรหมพูล,2026-05-09,ชอบมากค่ะ บริการดี จัดส่งเร็ว ทุกอย่างราบรื่นหมดเลย ชอบๆ,th,positive,0.8296,서비스,2026-06-05 09:24:42.911098+00
1598,google_play,Grab,mobility_superapp,SEA,1,Thanawat Thuymat,2026-05-08,โคตรห่วยรอมาจะเป็นชั่วโมงละยังหาคนขับไม่ได้เลย,th,negative,0.8722,기타,2026-06-05 09:24:42.911098+00
1803,google_play,Grab,mobility_superapp,SEA,5,Adam Moorthy,2026-06-04,"Grab – ⭐⭐⭐⭐⭐ Grab is a reliable app for transportation, food delivery, and other services. The booking process is smooth, and the app offers convenience, safety, and great customer support.",en,positive,0.8068,서비스,2026-06-05 09:24:42.911098+00
1804,google_play,Grab,mobility_superapp,SEA,3,Mila Catudio,2026-06-04,Car is okay. Your food delivery is not okay anymore - this week all I encounter are new drivers who do not read delivery instructions and are not familiar with the place. I have to get up from my online work multiple times and answer driver calls asking for location. Very incovenient given your delivery fee is expensive! Where are your experienced delivery drivers?,en,negative,0.9469,배차·대기,2026-06-05 09:24:42.911098+00
1805,google_play,Grab,mobility_superapp,SEA,1,Daniel Lind,2026-06-04,"A very unintuitive app. Even after registering, figuring out where to order food vs. order a ride is very hard to figure out. Please get some designers!",en,negative,0.9398,EV·충전,2026-06-05 09:24:42.911098+00
1807,google_play,Grab,mobility_superapp,SEA,1,Sayyid Adhim,2026-06-04,"no fix time of arrival, they just change if they want to delay and pretend its on time. every booking can easily get cancelled by driver and you even have to wait for 1 hour",en,negative,0.842,EV·충전,2026-06-05 09:24:42.911098+00
1808,google_play,Grab,mobility_superapp,SEA,1,x.o.,2026-06-04,priority no longer priority. waiting 40 minutes for multiple delivery pickups despite selecting priority and paying for it. disrespectful and dishonest service.,en,negative,0.9499,결제,2026-06-05 09:24:42.911098+00
1809,google_play,Grab,mobility_superapp,SEA,5,rahmat tambi,2026-06-04,well mannered driver,da,positive,0.6599,배차·대기,2026-06-05 09:24:42.911098+00
1810,google_play,Grab,mobility_superapp,SEA,5,Badiuzzaman Zaman,2026-06-04,terbaik,id,positive,0.3875,기타,2026-06-05 09:24:42.911098+00
1811,google_play,Grab,mobility_superapp,SEA,1,Brian Chester,2026-06-04,"Each single time the apps being updated, it takes a long time to open up tge apps. This time.... IT TOOK 15 MINUTES, i open at 11:27am to 11:42am to successful open up, restart apps and even restart phone, after several times it closed up the apps and restart again.... TERRIBLE APPS UPDATE",en,negative,0.8342,EV·충전,2026-06-05 09:24:42.911098+00
1812,google_play,Grab,mobility_superapp,SEA,1,Joseph O'Brien,2026-06-04,App is full of spam and garbage and there's no way to curate the list by blocking restaurants. Can't find actual food to eat because its full of 200 coffee shops and they removed the categories to search by.,en,negative,0.9402,기타,2026-06-05 09:24:42.911098+00
1813,google_play,Grab,mobility_superapp,SEA,1,Chong John,2026-06-04,this app Soo bad because I login with my phone number and grab sent pin to my old email but my old email is gone because I restart my phone because lagging.. can't even use other number phone can't even login.. can you update you grab that can change email?? old grab better than new grab.. Soo bad .,en,negative,0.8458,EV·충전,2026-06-05 09:24:42.911098+00
1814,google_play,Grab,mobility_superapp,SEA,3,Ernz Cabanting,2026-06-04,can't book a ride. maybe a bug?,en,negative,0.8123,앱오류,2026-06-05 09:24:42.911098+00
1815,google_play,Grab,mobility_superapp,SEA,5,Cheri,2026-06-04,exceptional driver 👌,fr,positive,0.7061,배차·대기,2026-06-05 09:24:42.911098+00
1816,google_play,Grab,mobility_superapp,SEA,1,Mike Actoy,2026-06-04,"goods, 1 star lang Muna",tl,positive,0.5385,기타,2026-06-05 09:24:42.911098+00
1817,google_play,Grab,mobility_superapp,SEA,5,Valrey VR Lecaroz,2026-06-04,😎,unknown,neutral,0.4602,기타,2026-06-05 09:24:42.911098+00
1818,google_play,Grab,mobility_superapp,SEA,5,Baby parrot 123,2026-06-04,grate trip,sq,positive,0.5791,기타,2026-06-05 09:24:42.911098+00
1819,google_play,Grab,mobility_superapp,SEA,1,48_Caesario Egy Perdana_ RSJPDHK,2026-06-04,always miss 1 alley or street for pin location,en,negative,0.5896,기타,2026-06-05 09:24:42.911098+00
1820,google_play,Grab,mobility_superapp,SEA,1,Kurniawan Awan,2026-06-04,titik penjemputan selalu tidak pas dengan alamat sehingga menyusahkan banyak pengemudi,id,negative,0.8834,기타,2026-06-05 09:24:42.911098+00
1821,google_play,Grab,mobility_superapp,SEA,1,MouseKnight,2026-06-04,Grab food support refunded only 1 of the order that was wrong. Tried chatting thru the support but response is just auto probably AI at this point. Horrible experience.,en,negative,0.9384,서비스,2026-06-05 09:24:42.911098+00
1822,google_play,Grab,mobility_superapp,SEA,2,Arinnalmas,2026-06-04,No need to force user put security pin if your app have error. I can't log in to my account because it force me to put security pin and when I creat security pin it's show error. Change it no need to force.,en,negative,0.6417,앱오류,2026-06-05 09:24:42.911098+00
1823,google_play,Grab,mobility_superapp,SEA,1,wilson bethlehem,2026-06-04,"pls stop the face recoginition for reload money. we need privacy, our data has been collected alot by u all. still want our face? plus ur grab car service also lousy, all driver keep on rejecting me for 15min.",en,negative,0.8945,배차·대기,2026-06-05 09:24:42.911098+00
1957,google_play,Grab,mobility_superapp,SEA,2,Callsign:Rekyu,2026-06-01,"this will be what I'm using when I'm going to travel to manila. but on the main menu screen there's no booking selection. what I can only select is Hotels, bills etc. like I can't see the booking option when I will get to need it when I'm there and I'm confused too.",en,negative,0.5025,기타,2026-06-05 09:24:42.911098+00
1615,google_play,Grab,mobility_superapp,SEA,5,Alisa Johan,2026-05-06,"เพิ่มโน๊ตตัวใหญ่ให้ไรเดอร์เห็นได้มั้ยคะ สั่งอาหารตังก็จ่ายแล้ว เขียนโน๊ตไว้ว่าวางไว้ที่ชั้นได้เลยค่ะ ไรเดอร์โทรเราไม่ได้ยิน ผ่านไป30นาทีคิดว่าไรเดอร์คงวางไว้เดินลงไปเอาโดนไรเดอร์ด่า ""ให้ไรเดอร์รอนานขนาดนี้ระวังโดนไรเดอร์กดคอมเพลน"" เอ้าก็โน๊ตไว้แล้วตังก็จ่ายแล้ว โดนด่าฟรีเลยเรา",th,negative,0.5812,기타,2026-06-05 09:24:42.911098+00
1616,google_play,Grab,mobility_superapp,SEA,1,Thitirat H,2026-05-06,ชอบขึ้นออเดอร์ซ้อน ช้ามากก บางทีรออาหารเกือบ2ชั่วโมง,th,negative,0.7358,기타,2026-06-05 09:24:42.911098+00
1710,google_play,Grab,mobility_superapp,SEA,3,dodo,2026-04-20,กดยกเลิกไปแล้วยังหารถต่อเสียค่าธรรมเนียมอีก,th,negative,0.7942,배차·대기,2026-06-05 09:24:42.911098+00
1764,google_play,Grab,mobility_superapp,SEA,2,กิ๊ก Oni,2026-04-16,อัฟเดทแล้ววุ่นวาย,th,negative,0.8175,기타,2026-06-05 09:24:42.911098+00
1617,google_play,Grab,mobility_superapp,SEA,1,เอกวัฒน์ พิมพ์สวรรค์,2026-05-06,ในส่วนของ Grab Food ฟังชั่นไม่ได้เรื่อง - เคยหมุดเออเร่อ ไปที่อื่นทั้งที่ตั้งโลเคชั่นไว้แล้ว ก็ต้องเดินไปรับ - ระบบรับอาหารเอง ก็ควรมีให้ยกเลิกได้ ไม่ใช่กดปุ้บอนุมัติปั้บ แล้วก็ตัวแจ้งฟังชั่นรับเองก็ไม่ได้ชัดเจณ ติดต่อพนักงาน ก็จะรับเรืองฟี้ดแบคไปให้ระบบ ขอบคุณมาก แต่จะให้เดินทางให้ไปรับถ้ามีรถคงไม่ใช้แกร็บหรอกตอบแบบไม่ได้เห็นหัวลูกค้า ให้ใช้ Grab Express ไปรับอ้อ มีแต่ได้กับได้ แอพทำนาบนหลังคนทำมาหากิน และก็ผู้บริโภคชาร์ทก็ไม่ใช่ถูกๆ แต่แทบไม่รับผิดชอบอะไร ส่วน Grab Car หลังไปก็แพงบรมๆ,th,negative,0.6896,배차·대기,2026-06-05 09:24:42.911098+00
1618,google_play,Grab,mobility_superapp,SEA,5,jinda treerakasemsri,2026-05-06,พนักงานบริการดีมาก😀,th,positive,0.8237,서비스,2026-06-05 09:24:42.911098+00
1619,google_play,Grab,mobility_superapp,SEA,5,Anuchai Raksalert,2026-05-06,สั่งผิดจะกดยกเลิกคำสั่งซื้อแล้วสั่งใหม่ไม่ได้ครับงงครับ,th,negative,0.7342,기타,2026-06-05 09:24:42.911098+00
1620,google_play,Grab,mobility_superapp,SEA,1,Triangle,2026-05-06,เป็นแอปที่ขอช้อนแต่ไม่เคยได้ช้อนเลยสักร้านเดียว แบบนี้จะมีช่องให้ระบุว่าขอช้อนไว้ทำไม ถ้าทุกครั้งมันจะขอไม่ได้,th,negative,0.537,기타,2026-06-05 09:24:42.911098+00
1621,google_play,Grab,mobility_superapp,SEA,1,Thassanai Sutthivanich,2026-05-06,โจรเยอะ ไม่คัดประวัติคนทำงาน,th,negative,0.7354,기타,2026-06-05 09:24:42.911098+00
1622,google_play,Grab,mobility_superapp,SEA,3,Manyatikan,2026-05-06,ไม่กดรับงานสักคน,th,neutral,0.4683,기타,2026-06-05 09:24:42.911098+00
1623,google_play,Grab,mobility_superapp,SEA,1,IZE Life Channel,2026-05-05,1 ดาวเพียงพอแล้วสำหรับแอปนี้ รวมถึงคนขับด้วย ถ้านั่ง 10รอบ เจอบริการ​ดี แค่2คน นอกนั้นแย่หมด,th,negative,0.4361,서비스,2026-06-05 09:24:42.911098+00
1684,google_play,Grab,mobility_superapp,SEA,1,Francis Varin,2026-04-23,grab bike กดยกเลิกรายการ ก่อนมีไรเดอร์รับงาน แต่รายการไม่ถูกยกเลิก ทั้งที่กดยืนยันแล้ว เกิดเหตุการณ์นี้ครั้งที่สอง พอเลยครับ,th,negative,0.6278,기타,2026-06-05 09:24:42.911098+00
1685,google_play,Grab,mobility_superapp,SEA,1,psychesassy gone,2026-04-23,ไม่มีของ ไม่อัพเดทอะไรเลย ทั้งที่ไม่มีของ อต่ถ้าซื้อไม่ถึงยอดบังคับหักเงินค่าขนส่งขนาดเล็กอีก ร้านไท่โคกับแอพดีๆ มาหักเงินลูกค้าอีก ความผิดลูกค้าเธอที่ของแต่แอพไม่อัพเดทนะ น่ารำคาญ,th,negative,0.9253,결제,2026-06-05 09:24:42.911098+00
1686,google_play,Grab,mobility_superapp,SEA,1,Chanisara J.,2026-04-23,ไม่ขึ้นทางด่วนกดตรงไหนบอกด้วย พอเรียกแล้วบังคับขึ้นทางด่วนตลอด,th,neutral,0.4941,기타,2026-06-05 09:24:42.911098+00
1687,google_play,Grab,mobility_superapp,SEA,5,Navajarat Jaemjaengchaiy,2026-04-23,ได้กินของอร่อยถูกค่ะ,th,positive,0.8328,기타,2026-06-05 09:24:42.911098+00
1688,google_play,Grab,mobility_superapp,SEA,1,[Konhibana ],2026-04-22,สั่งดีๆมาตลอด มารอบนี้อยู่ๆหมุดเลื่อนขึ้นไปไกลลิบ คนขับก็ไม่ชำนาญทางมาส่งไม่ได้ เพราะทางมันไกล คนละทางเลย ผมไม่รู้จะจัดการยังไงก็เลยต้องให้เค้าตัดยอดเลย ของก็ไม่ได้ ตังก็เสียฟรี เพราะแค่หมุดเพี้ยนจากที่เคยตั้งค่าไว้ ทั้งที่ปกติมันก็ใช้หมุดที่ตั้งไว้มาตลอด กลับไปแก้ระบบให้มันเสถียรเถอะครับ เสียความรู้สึกหมด,th,negative,0.8995,기타,2026-06-05 09:24:42.911098+00
1958,google_play,Grab,mobility_superapp,SEA,1,Noli Razon,2026-06-01,useless customer service,en,negative,0.9231,서비스,2026-06-05 09:24:42.911098+00
1637,google_play,Grab,mobility_superapp,SEA,1,กานต์ งัยล่ะ,2026-05-02,ให้แอปแก้ไขเรื่องหาคนขับหน่อยคับ รอรถนานมาก เกิน10นาที ขึ้นในระบบไม่มีคนขับ เวลาได้คนขับ ก่อนคนขับกดรับ ให้สามารถทักหาหรือโทรคุยในแชทได้ในเวลาเร่งด่วน ขอแบบได้ยินเสียงชัด เพราะเวลาฝนตกหนักๆฟ้าร้อง ไม่สามารถโทรหาคนขับหรือกดอะไรในแอปได้เลย สัญญาณขึ้น1ขีด จะยืนยันจุดรับส่งกับปลายทางที่จะลงให้ชัดเจน เพื่อยืนยันความผิดพลาด พอกดรับให้มีรายละเอียดบอกหน่อย จะได้อ่านทั้งผู้โดยสารกับคนขับ บางคนใช้เรียกรถครั้งแรกแล้วแอปทำไรช้า พอคนขับใจร้อนมาแถมโดนด่าทั้งที่ไม่ทำไรผิดยิ่งฝนตกก็ยิ่งเสียอารมณ์กว่ารถจะมารับ,th,neutral,0.4682,배차·대기,2026-06-05 09:24:42.911098+00
1638,google_play,Grab,mobility_superapp,SEA,1,Mand Puy,2026-05-02,บ้าบอ มาก !! ค่าบริการ 33 บาท เเต่เราจ่ายเงินสด ไป40 บาทให้ทริปคนขับด้วย พอ ไลเดอร์ กดจบงาน บอกเรา มียอดค้างชำระ. พอติดต่อศูนย์ ความช่วยเหลือ หรือโทร เบอร์สำนักงานใหญ่. ติดต่อไม่ได้เลย โทรไปกี่สาย ส่ง mail ไปไม่รู้เท่าไหร่ ก็ไม่เคยได้รับการแก้ไขปัญหา สรุป ฉันมียอดค้าง ในระบบ เฉย ทุเรศ ที่สุด,th,negative,0.8615,결제,2026-06-05 09:24:42.911098+00
1639,google_play,Grab,mobility_superapp,SEA,3,สมศิลา ดิ่งสมุทร,2026-05-02,ปักหมุดไม่เคยตรงกับจุดรอเลย แถมยังเพิ่มสถานที่ที่ต้องการไม่ได้อีกด้วย คนขับก็ชอบ ปฏิเสธงานประจำ กว่าจะได้รถที่มารับส่ง รอนาน,th,negative,0.7556,배차·대기,2026-06-05 09:24:42.911098+00
1640,google_play,Grab,mobility_superapp,SEA,2,โย ฆราวาสตื่นธรรม,2026-05-01,ทำไมในร้านไม่มี KFC หรอ,th,negative,0.658,기타,2026-06-05 09:24:42.911098+00
1641,google_play,Grab,mobility_superapp,SEA,4,Rattanakom,2026-05-01,เพี่งใช้แอปครั่งแรก,th,neutral,0.5544,기타,2026-06-05 09:24:42.911098+00
1642,google_play,Grab,mobility_superapp,SEA,1,Naeem Maslre,2026-05-01,งงมาก 2-3 วันมานี้ grab เรียกมอเตอร์ไซค์ยากมาก รอจนท้อ สรุปจบที่ LINE man มาไวราคาดี โปรโมชั่นเยอะด้วย,th,negative,0.6715,요금,2026-06-05 09:24:42.911098+00
1643,google_play,Grab,mobility_superapp,SEA,1,Sonday Manday,2026-05-01,เรียกรถมอเตอร์ไซค์ไม่ได้เลย แปลกมากปกติแป๊บเดียวก็มาแล้ว เรียกรถ app อื่น ง่ายแถมราคาถูกกว่า,th,neutral,0.5024,배차·대기,2026-06-05 09:24:42.911098+00
1644,google_play,Grab,mobility_superapp,SEA,1,Ok ok,2026-04-30,อัปเดทโครตช้า,th,negative,0.8399,기타,2026-06-05 09:24:42.911098+00
1645,google_play,Grab,mobility_superapp,SEA,5,Chawala On-wan,2026-04-30,ใช้งานง่ายค่ะ,th,positive,0.5722,기타,2026-06-05 09:24:42.911098+00
1646,google_play,Grab,mobility_superapp,SEA,3,Wansiri,2026-04-30,เลิกโยนงานพ่วงมาให้ได้ป่ะคนเรารีบไม่เหมือนกันนะ,th,negative,0.654,기타,2026-06-05 09:24:42.911098+00
1647,google_play,Grab,mobility_superapp,SEA,1,ซ่อนกาย ในเงาจันทร์,2026-04-30,ไมมีประโยชน์สั่งอะไรก้อนอกพื้นที่ตลอดทั้งที่ดูในแมสแค่6นาทีถึงหมุดหาวยมาก,th,negative,0.7323,기타,2026-06-05 09:24:42.911098+00
1648,google_play,Grab,mobility_superapp,SEA,1,Melon Pan,2026-04-30,ดีอยู่ ใช้ไม่ได้ยากอะไรเท่าไร ใช้คูปองยากจริง ยังไม่ทันใช้ บอกใช้ไปแล้ว (แค่สั่งของเพิ่ม),th,neutral,0.4649,기타,2026-06-05 09:24:42.911098+00
1649,google_play,Grab,mobility_superapp,SEA,1,Wanatsanan Karapakdee,2026-04-30,ได้วงเงินPaylater มาได้ 1 วัน วันถัดมาลดยอดลงไปครึ่งนึง วัดถัดไปวงเงินไม่เหลือเลย แล้วจะให้ทำไมตั้งแต่แรก,th,neutral,0.4748,결제,2026-06-05 09:24:42.911098+00
1650,google_play,Grab,mobility_superapp,SEA,1,Wichpthetell,2026-04-29,ห่วยค่ะ ค่าบริการก็สูง ส่วนลดก็แทบไม่มี พอบางทางที่ไปค่าโดยสารถูกหน่อยคนขับก็ไม่รับงานกัน แอปก็ดึงเวลาเรียกรถโครตนาน,th,negative,0.8983,배차·대기,2026-06-05 09:24:42.911098+00
1651,google_play,Grab,mobility_superapp,SEA,1,สุธี สุกดาว,2026-04-29,ผูกบัตรแล้วหักเงินบอกจะคืนไม่ยอมคืน,th,negative,0.5638,결제,2026-06-05 09:24:42.911098+00
1652,google_play,Grab,mobility_superapp,SEA,1,Natchapol,2026-04-29,ปรับปรุงหน่อยนะครับ เวลากดเรียกรถแล้วจะยกเลิก มันชอบเรียกใหม่ให้เองครับ บางทีก็ไม่รู้ตัว กว่าจะรู้คนขับก็มาแล้ว,th,negative,0.6314,배차·대기,2026-06-05 09:24:42.911098+00
1653,google_play,Grab,mobility_superapp,SEA,2,WI NN,2026-04-29,ศูนย์ช่วยเหลือแย่มากๆ เหมือนเล่นเกมปริศนา แต่การส่งอะไรใดๆพอดีอยู่,th,negative,0.8922,기타,2026-06-05 09:24:42.911098+00
1654,google_play,Grab,mobility_superapp,SEA,2,surachai 332,2026-04-29,หารถให้ช้าและคนขับชอบปัดงานทำให้เสียเวลามาก,th,negative,0.8536,배차·대기,2026-06-05 09:24:42.911098+00
1655,google_play,Grab,mobility_superapp,SEA,1,NATNICHA SODABAN,2026-04-29,ขออนุญาติบ่นนะคะ จะกดยกเลิกก็กดไม่ไ ด้ยังไงก็ไม่มีไรเด้อรับ ไม่เข้าใจ งงมาก ในเมื่อไม่มีไรเดอร์ร้บก็สมควรให้ยกเลิกได้สิคะ ทำไมคะ แค่กดยกเลิกก็ไม่ได้เหรอยกเลิกยากมากเหรอ?,th,negative,0.8672,기타,2026-06-05 09:24:42.911098+00
1656,google_play,Grab,mobility_superapp,SEA,2,Manayapha P,2026-04-29,ตอนนี้เวลานี้แอพค้างค่ะ กดยกเลิกเรียกรถไม่ได้,th,negative,0.6749,배차·대기,2026-06-05 09:24:42.911098+00
1657,google_play,Grab,mobility_superapp,SEA,3,wanitcha,2026-04-29,บัคไรก่อนคนกลับบ้านไม่ได้,th,negative,0.888,기타,2026-06-05 09:24:42.911098+00
1658,google_play,Grab,mobility_superapp,SEA,1,ภัณฑิลา ภาดี,2026-04-29,เป็น app ที่แย่มาก ไม่มีแอดมินคอยประสานงานเบอร์โทรไม่มีให้คุยแต่กับคอมพิวเตอร์ตอบอะไรก็ไม่รู้เรื่อง หักเงินจากบัตรเครดิตไปบอกว่า 2-3 วันจะคืนก็ไม่คืน หลายรอบแล้วด้วยพยายามติดต่อทุกทางทำไม่ได้เบอร์โทรอยู่ใน google ก็เป็นเบอร์โทรอัตโนมัติ โทรเข้าเบอร์อุบัติเหตุเพื่อที่จะได้คุยก็ไม่ได้คุยโทรจนเงินหมดเฉยๆ แย่มากห่วยมาก,th,negative,0.8794,결제,2026-06-05 09:24:42.911098+00
1659,google_play,Grab,mobility_superapp,SEA,5,ทฤฒมน แตงอ่อน,2026-04-28,สะดวกสบายในการสั่งซื้อ,th,neutral,0.5048,기타,2026-06-05 09:24:42.911098+00
1660,google_play,Grab,mobility_superapp,SEA,1,สรนันท์ เภรี,2026-04-28,หารถยากมากครับ,th,negative,0.7772,배차·대기,2026-06-05 09:24:42.911098+00
1661,google_play,Grab,mobility_superapp,SEA,3,Mega ผู้ชิปมาร์คแบม.,2026-04-28,อะไรอ่ะกดยกเลิกหลายครั้งโดนห้ามสั่งอีกเลยหรอ มันรอนานเกินไปก็ต้องยกเลิกสิ 😮‍💨😮‍💨,th,negative,0.6998,기타,2026-06-05 09:24:42.911098+00
1662,google_play,Grab,mobility_superapp,SEA,4,Bangben's MeeDee,2026-04-28,ใช้งานได้ดี,th,positive,0.4956,기타,2026-06-05 09:24:42.911098+00
1959,google_play,Grab,mobility_superapp,SEA,5,wahyu kuntoro,2026-06-01,mudah penggunaannya,id,positive,0.438,기타,2026-06-05 09:24:42.911098+00
1960,google_play,Grab,mobility_superapp,SEA,5,soso soso,2026-06-01,tank you Abang,id,positive,0.584,기타,2026-06-05 09:24:42.911098+00
2211,google_play,Grab,mobility_superapp,SEA,5,Tony Taylor,2026-05-28,"Excellent recent experience in Angeles City, Philippines. A big thanks to the driver for taking all my luggage 🧳",en,positive,0.8973,배차·대기,2026-06-05 09:24:42.911098+00
2954,google_play,Gojek,mobility_superapp,SEA,1,Hải Nguyễn,2024-08-23,App như cc đặt xe lâu VC ra,vi,neutral,0.4619,기타,2026-06-05 09:24:42.911098+00
1663,google_play,Grab,mobility_superapp,SEA,3,ploy songseeroj,2026-04-28,อยากให้มีแนวทางจัดการ สำหรับคนขับ ที่กดรับงานดองไว้ ผ่านไป 5 นาที ไม่เห็นรถขยับ แชทถามอ่านแล้วไม่ตอบ ผ่านไป 10 นาที โทรถามไม่รับสาย ผ่านไปเกือบ 20 นาที อยู่ๆก็ยกเลิกงาน แบบนี้มันเสียเวลาลูกค้ามาก ถ้ายังไม่พร้อมจะวิ่งงาน ก็ไม่ควรกดรับงานดองไว้แบบนี้ ส่วนใหญ่จะชอบเป็นแบบนี้ตอนเรียกรถไปทำงานตอนเช้าๆ นำไปแก้ไขหน่อยนะครับ,th,negative,0.7548,배차·대기,2026-06-05 09:24:42.911098+00
1664,google_play,Grab,mobility_superapp,SEA,5,Siriluck Fungtammasarn,2026-04-28,แก๊ปสะดวก,th,neutral,0.6561,기타,2026-06-05 09:24:42.911098+00
1665,google_play,Grab,mobility_superapp,SEA,4,RINDO Senpai,2026-04-28,สั่งอาหารมาส่งตามเวลาแต่เวลาเดินทางคนรับไม่มีบางคนรับแต่ไม่มาเสียเวลาการทำงาน,th,neutral,0.5588,기타,2026-06-05 09:24:42.911098+00
1666,google_play,Grab,mobility_superapp,SEA,1,พี่สําเนียง K,2026-04-28,ไอ้พวกที่เอารถกะบะมาวิ่งรับงานถ้าคุณไม่พร้อมให้บริการก็อย่าออกมาวิ่งครับเขาใจล่ะหารายได้เสริมแล้วเอากระบะคันใหญ่ๆมารับซอยคนก็เยอะจะมาโทษลูกค้าว่าทำไมไม่เรียกแบบพีเมียมแบบvipไปบงบอกถึงสันดารต่ำตามคุณภาพ,th,negative,0.8332,배차·대기,2026-06-05 09:24:42.911098+00
1906,google_play,Grab,mobility_superapp,SEA,5,Paul Bernstein,2026-06-02,as a foreigner in Indonesia Grab is an excellent service for food when I don't want to get on a scooter at night. I get to eat great food from great local restaurants with a no- hassle delivery.,en,positive,0.7331,서비스,2026-06-05 09:24:42.911098+00
1907,google_play,Grab,mobility_superapp,SEA,3,Che Rui Chew,2026-06-02,The latest grocery list feature is really helpful. Kudos to the team Update: Many payment options were taken away to force users into either using GX Bank or get charged extra cc fees,en,positive,0.6965,EV·충전,2026-06-05 09:24:42.911098+00
1667,google_play,Grab,mobility_superapp,SEA,3,Gasipat Lhwc,2026-04-28,Grabควรที่จะจัดการระบบการค้นหาร้านค้าให้ดีกว่านี้ ไม่ใช่กดค้นหาร้านโรตีแล้วมีร้านสเต็กแทรกเข้ามาแถมอยู่บนสุดอีก ทั้งๆ ที่ค้นหาร้านโรตีแท้ๆ ควรแยกร้านอาหารในหมวดนั้น ๆ ขึ้นมาก่อน ไม่ใช่เอาร้านสเต็กที่ไหนไม่รู้แค่มีเมนูโรตีพ่วงมาไม่กี่เมนู แล้วจะเอาขึ้นท็อปบนสุดในหมวดค้นหาร้านโรตี พอสั่งโรตีจิ้มแกงไปรสชาติก็ห่วยแตก เอาโรตีแช่แข็งมาทำชัดๆ แถมราคาแพงอีกต่างหาก ทำให้ลูกค้าสับสนนึกว่าเป็นโรตีเจ้าอร่อย ควรแยกประเภทอาหารที่ตรงกับหมวดความต้องการของลูกค้าจริงๆ ให้ขึ้นก่อน,th,negative,0.6043,요금,2026-06-05 09:24:42.911098+00
1668,google_play,Grab,mobility_superapp,SEA,1,สามารถ เนระโต,2026-04-27,ไม่ดีต่อระบบกับคนขับไม่เป็นธรรมแค่คนขับคะแนนดาวเฉลี่ยต่ำก็บล็อกบัญชีไม่ให้เขาขับแล้ว,th,negative,0.9164,기타,2026-06-05 09:24:42.911098+00
1669,google_play,Grab,mobility_superapp,SEA,5,คุณโสภา,2026-04-27,ดีมากก,th,positive,0.8105,기타,2026-06-05 09:24:42.911098+00
1670,google_play,Grab,mobility_superapp,SEA,2,L Phhd,2026-04-27,คือกดเรียกรถนานมากไม่มีคนรับเลย อารมณ์เสียมาก กดเรียกเกือบครึ่งชั่วโมง,th,negative,0.8826,배차·대기,2026-06-05 09:24:42.911098+00
1711,google_play,Grab,mobility_superapp,SEA,4,Ffนักเลง.สุา Ffนักเลง.สุรา,2026-04-20,รถอาจจะมาช้าแต่คนขับสุภาพรถสะอาด,th,neutral,0.4903,배차·대기,2026-06-05 09:24:42.911098+00
1712,google_play,Grab,mobility_superapp,SEA,5,วิทย คณิต,2026-04-20,หารถได้เร็ว ได้คนขับสุภาพ ใจดี มีน้ำใจ,th,positive,0.4884,배차·대기,2026-06-05 09:24:42.911098+00
1671,google_play,Grab,mobility_superapp,SEA,1,Jakkapun SongSamer,2026-04-27,เป็น application ที่ระบบปฏิบัติการห่วยแตกที่สุด กดยกเลิกก่อนที่คนขับจะรับงานแต่ไปๆมาคนขับยังรับงานได้แล้วพอเรากดยกเลิกก็มาเรียกเก็บ 10 บาทกับเราในครั้งหน้าถ้าเราเรียกหมด แล้วเหตุการณ์แบบนี้ไม่ได้เป็นแค่ครั้งสองครั้งนับเป็นบ่อยมากไม่เคยแก้ปัญหาที่ตัวระบบเลยผู้พัฒนาแอบทำอะไรอยู่ผมจะทำให้ app ออกมาห่วยแตกขนาดนี้,th,negative,0.8889,기타,2026-06-05 09:24:42.911098+00
1672,google_play,Grab,mobility_superapp,SEA,1,ปวีณ์ธิดา ไชยเสนา,2026-04-27,ชอบมีปัญญาเวลาชำระเงินเงินก็ถูกหักไปแล้วยังขึ้นค้างชำระอยู่เลยนอกนั้นดีหมด,th,positive,0.3868,결제,2026-06-05 09:24:42.911098+00
1673,google_play,Grab,mobility_superapp,SEA,1,John kick of On TV,2026-04-27,ใช้งานยากฉิบหาย,th,negative,0.9106,기타,2026-06-05 09:24:42.911098+00
1674,google_play,Grab,mobility_superapp,SEA,1,Arpika Techa,2026-04-26,ไม่มีแอคชั่นไปถึงร้านค้าที่ต้องรอนานเลย ไรเดอร์ต้องรออาหาร ลูกค้าก็ต้องนานไปอีก,th,negative,0.56,기타,2026-06-05 09:24:42.911098+00
1675,google_play,Grab,mobility_superapp,SEA,5,Suchawadee Piladang,2026-04-25,ดีค่ะว่ายดี,th,positive,0.7791,기타,2026-06-05 09:24:42.911098+00
1676,google_play,Grab,mobility_superapp,SEA,5,Krisada Boongan,2026-04-25,ใช้เวลาเดินทางใกล้ไกลสะดวกดี,th,positive,0.728,기타,2026-06-05 09:24:42.911098+00
1677,google_play,Grab,mobility_superapp,SEA,1,ภานุพงษ์ ดีหนองยาง,2026-04-25,สั่งน้ำแข็งเพิ่มแล้วไม่แจ้งราคา คืออ่ะไร,th,negative,0.7758,요금,2026-06-05 09:24:42.911098+00
1678,google_play,Grab,mobility_superapp,SEA,5,ธีรภัทร เซ็งเส็ง,2026-04-25,อยากให้ทางแอปช่วยออกกฏอย่าง1ครับเรื่องการส่งอาหารให้ลูกค้า คืออยากให้พนักงานถ่ายรูปอาหารว่าวางไว้ตรงไหนให้หน่อยครับ ผมเป็นเด็กหอแล้วมีหลายออเดอร์งวางไว้ที่เดียวกัน แล้วบ้างร้านไม่มีใบเสร็จให้ว่าอันไหนของลูกค้าคนไหน แล้วที่ผมเจอบ่อยถ่ายรูปมาก็จริงแต่เขาถ่ายแค่รูปตึก,th,neutral,0.5208,기타,2026-06-05 09:24:42.911098+00
1679,google_play,Grab,mobility_superapp,SEA,1,Bell ratchanont,2026-04-24,ห่วยจะติดต่อ support ก็ติดต่อไม่ได้ ติดต่อคนขับก็ไม่ได้ คนขับไม่มาส่งของละปิดงานไป ระบบช่วยไรไม่ได้ ฝั่งนี้ก็รีบติดต่อแล้วก็ไม่ช่วย เป็นระบบที่สนใจผู้ขับไม่สนใจลูกค้าจัดๆ,th,negative,0.8307,서비스,2026-06-05 09:24:42.911098+00
1680,google_play,Grab,mobility_superapp,SEA,3,ธันวา,2026-04-24,ใช้ดี,th,positive,0.4387,기타,2026-06-05 09:24:42.911098+00
1681,google_play,Grab,mobility_superapp,SEA,4,แจ็ค ปืนใหญ่,2026-04-24,ติดต่อยากมากสาขาปากน้ำ สป 11 โมงวันศุกร์ยังไม่เปิด,th,negative,0.7622,기타,2026-06-05 09:24:42.911098+00
1682,google_play,Grab,mobility_superapp,SEA,5,ศศิธร ผุยโพนทัน,2026-04-24,เยื่ยมค่ะ,th,positive,0.5713,기타,2026-06-05 09:24:42.911098+00
1751,google_play,Grab,mobility_superapp,SEA,5,สมนึก เทพยุหะ,2026-04-17,"บริการดีครับ,มีโปรทุกวันจะดีมากครับ",th,positive,0.8071,서비스,2026-06-05 09:24:42.911098+00
1752,google_play,Grab,mobility_superapp,SEA,5,Tanat SK,2026-04-17,ดีมาก​,th,positive,0.5522,기타,2026-06-05 09:24:42.911098+00
1753,google_play,Grab,mobility_superapp,SEA,5,Tera Khotsamore,2026-04-17,สดวกดีไม่แพง,th,neutral,0.4859,기타,2026-06-05 09:24:42.911098+00
1754,google_play,Grab,mobility_superapp,SEA,1,Chadinrat Insang,2026-04-17,ยกเลิกคำสั่งซื้อไม่ได้สักที ระบบแอพกาก,th,negative,0.8947,기타,2026-06-05 09:24:42.911098+00
1755,google_play,Grab,mobility_superapp,SEA,1,อนุวัฒน์ นาสินสร้อย,2026-04-17,ไม่ตรงปกไข่เยี่ยวม้าไม่ทอด,th,negative,0.6552,기타,2026-06-05 09:24:42.911098+00
1756,google_play,Grab,mobility_superapp,SEA,1,Thanakrit Poolperm,2026-04-17,ระบบจ่ายเงินระบบนำทางโครตกาก แทนที่จะให้สแกนจ่ายเลย มารอควายไรจนถึงหน้าบ้านค่อยจ่าย เวลาสั่งกูให้เขาวางเลย ต้องมารอจ่ายเงินหัวควาย เสียเวลาทำงานไรเดอร์ฉิบหาย ซึ่งกูเป็นคนแบบใจเขาใจเรา,th,negative,0.9177,결제,2026-06-05 09:24:42.911098+00
1757,google_play,Grab,mobility_superapp,SEA,2,Si Ri Wan,2026-04-16,เรียกรถไม่คยมีสักทีอีกเจ้านึงเรียกปุปมาเลย,th,negative,0.4964,배차·대기,2026-06-05 09:24:42.911098+00
1758,google_play,Grab,mobility_superapp,SEA,2,Tanart Booncharoen,2026-04-16,เก็บค่าส่งลูกค้าเต็ม ก็ช่วยให้มันถึงคนขับมากกว่า 50 % ด้วย พวกส่งไกลๆ ลูกค้าจ่ายค่าส่งอย่างเยอะแต่ถึงคนขับแค่เจ้าเดียวได้มั้งที่มึงให้คนขับ เจองานพ่วงรอกันท้อ แล้วเพิ่มระบบหลังบ้านสำหรับร้านด้วยตัดการรับออเดอร์อัติโนมัติเมื่อมีเกิน 15 ออเดอร์ ไม่งั้นคนขับมานั่งรอเสียเวลาบางคนต้องยอมกดยกเลิกเพื่อไม่ให้ออเดอร์ลูกค้าคนอื่นเย็นหรือละลาย คนโดนด่าไม่ใช่แอปแต่คือคนขับที่เขาต้องรับหน้าแทน ทั้งที่มันเป็นเพราะระบบจ่ายงาน งานน้ำมึงไม่ควรจ่ายให้เป็นงานพ่วงสามออเดอร์,th,negative,0.7777,기타,2026-06-05 09:24:42.911098+00
1759,google_play,Grab,mobility_superapp,SEA,1,Yatavee Kosem,2026-04-16,คือเรียกคนขับยากมากเลยค่ะ กดมาสิบนาที คนรับมีแค่คนเดียวพอรับก็กดยกเลิกบอกไกลไป ให้เลยแม่ แล้วราคาก็อัพๆๆ แต่ไม่มีคนกดรับ จะทำไปเพื่อไรอ่ะ งงอ่ะแม่ ชั้นรีบใช้แอพนี้เพื่อแก้ไขในการเดินทางแต่ก็ช่วยอะไรไม่ได้เลย ปรับหน่อยก็ดีค่ะ,th,negative,0.7669,요금,2026-06-05 09:24:42.911098+00
1760,google_play,Grab,mobility_superapp,SEA,5,Goson,2026-04-16,อร่อยส่งไวมากครับ,th,positive,0.7274,기타,2026-06-05 09:24:42.911098+00
1763,google_play,Grab,mobility_superapp,SEA,1,Wongsatorn wongwanidjit,2026-04-16,ทำไมค่ารถ 4กม. 97บาท ไม่สมเหตุสมผลเลย,th,negative,0.8855,배차·대기,2026-06-05 09:24:42.911098+00
1761,google_play,Grab,mobility_superapp,SEA,1,WORAWIT MOOUBON,2026-04-16,ปักหมุดหน้าบ้าน คนขับบอกปักหมุดมั่วหลายรอบมาก สั่งของกินก็ไม่ค่อยมีคนกดรับ,th,negative,0.637,기타,2026-06-05 09:24:42.911098+00
2018,google_play,Grab,mobility_superapp,SEA,5,Abdul Hisham,2026-05-31,nice guy 👍,pl,positive,0.8196,기타,2026-06-05 09:24:42.911098+00
2209,google_play,Grab,mobility_superapp,SEA,1,Hdyd Dufu,2026-05-28,would not work with phone number the app made error,en,negative,0.8524,앱오류,2026-06-05 09:24:42.911098+00
1713,google_play,Grab,mobility_superapp,SEA,1,Komnapa Somrit,2026-04-20,เรียกรถตั้งแต่07.40-8.35 ก็ไม่มีคนรับเรียกจนท้อต้องให้คนรู้จักมารับแทน,th,negative,0.762,배차·대기,2026-06-05 09:24:42.911098+00
1765,google_play,Grab,mobility_superapp,SEA,5,mam mam,2026-04-15,พี่คนขับดีมากๆสุภาพราคาน่ารักคะ,th,positive,0.7578,요금,2026-06-05 09:24:42.911098+00
1689,google_play,Grab,mobility_superapp,SEA,5,Sandwich premium Halal,2026-04-21,ชาโก้เชค อร่อยมาก เข้มข้นมากก แยกมาให้2 ถุง ชาเชค 1 ถุง โกโก้ 1 ถุง ซีลมาอย่างดี น้ำแข็งห่อมาอย่างดี ไม่เสียดายเงินเลย มีซ้ำแน่นอน คราวหน้าจะสั่งเลี้ยงที่บริษัทนะคะ,th,positive,0.4909,결제,2026-06-05 09:24:42.911098+00
1690,google_play,Grab,mobility_superapp,SEA,1,theerasak niyomyart,2026-04-21,แอปกระจอกมาก เรียงคิวงานยังไงให้ ส่งเรทครึ่ง ชม.,th,negative,0.5565,기타,2026-06-05 09:24:42.911098+00
1691,google_play,Grab,mobility_superapp,SEA,5,chanon yapiangpluk,2026-04-21,คอมเพลนหน่อยครับ สั่ง KFC ชุด 199 16 ชิ้น ได้อะไรมาก็ไม่รู้มีแต่วิงแซ่บ,th,neutral,0.5161,기타,2026-06-05 09:24:42.911098+00
1692,google_play,Grab,mobility_superapp,SEA,5,พรทิพย์ เด็ดดวง,2026-04-21,อร่อยค่ะ,th,positive,0.6797,기타,2026-06-05 09:24:42.911098+00
1693,google_play,Grab,mobility_superapp,SEA,5,Aung Htoo,2026-04-21,ใช้งานได้ ดีมาก เอาไปเลยคับ 5 ดาว,th,positive,0.8832,기타,2026-06-05 09:24:42.911098+00
1694,google_play,Grab,mobility_superapp,SEA,5,จรุวิทย์ ภักดีศรีทอน,2026-04-21,แอพดี จะโคตรดีถ้าแจกคูปองส่งฟรี,th,positive,0.7384,기타,2026-06-05 09:24:42.911098+00
1695,google_play,Grab,mobility_superapp,SEA,1,Yuei Virunyupa,2026-04-21,สั่งพิซซ่าคอมปานี ในวันที่มีปัญหาเราบอกจะเอาไปคืนที่ร้าน แต่ให้คืนเงินมาเต็มจำนวน แกร็ปบอกเราว่าไม่เป็นไร ทางเราจะตรวจสอบ ลูกค้าไม่ต้องเอาไปคืน วันนั้นเราก็ทิ้งขยะไปในเช้าวันถัดมา แกร็ปส่งมาจะคืนแค่ส่วนนึง อีกเมนูไม่คืน ไก่ที่ร้านโฆษณาคือปีกบน แต่ร้านส่งมาเป็นปักกลางทั้งหมด แถมรสชาติต่างจากปกติที่เคยทาน เราทิ้งไปแล้วบอกให้เราหาหลักฐานมาว่าเราทิ้ง เคยรีวิว5ดาว ใช้บริการส่งด่วนจ่ายเงินเพิ่ม เราไม่เคยมีปัญหาเลย แต่วันนี้ขอเลิกใช้บริการค่ะ,th,negative,0.6932,결제,2026-06-05 09:24:42.911098+00
1696,google_play,Grab,mobility_superapp,SEA,5,Namphueng Jamsri,2026-04-21,ดีมาค่ะ,th,positive,0.7451,기타,2026-06-05 09:24:42.911098+00
1697,google_play,Grab,mobility_superapp,SEA,1,Home,2026-04-21,ห่วยแตก พนักแอดมินทำงานห่วย,th,negative,0.9227,기타,2026-06-05 09:24:42.911098+00
799,google_play,LOCA Taxi,kokkok,LAO,3,alisa thammavong,2020-10-07,ດີພໍປະມານ,unknown,neutral,0.4338,기타,2026-06-05 09:24:42.911098+00
800,google_play,LOCA Taxi,kokkok,LAO,1,name lastname,2020-09-22,"ສະມັກບໍ່ໄດ້,ບໍ່ສົ່ງລະຫັດຢືນຢັນໃຫ້",unknown,negative,0.496,기타,2026-06-05 09:24:42.911098+00
801,google_play,LOCA Taxi,kokkok,LAO,5,neung SUPER,2020-09-12,ໃຊ້ຕະຫລອດ,unknown,neutral,0.5984,기타,2026-06-05 09:24:42.911098+00
802,google_play,LOCA Taxi,kokkok,LAO,4,one piece YAR,2020-08-08,ຢາກໄຫ້ຄິດໄລ່ລາຄາ ຕາມ ແມັດ ຫລື ກິໂລແມັດ ແລະເວລາ ຕອນກາງຄືນຫລືກາງເວັນກັ້ນນະ ຂ້ອຍວ່າມັນຈະສະດວກສະບາຍຜູ້ໃຊ້ແອັບໄດ ລະກະລາຄາພ້ອມ ແພງເກີນ....,unknown,neutral,0.3848,기타,2026-06-05 09:24:42.911098+00
1698,google_play,Grab,mobility_superapp,SEA,5,ชัชชิฌา ชัชชิฌา,2026-04-21,พีคนขับโอเคค่ะดีมาก5ดาวให่ค่ะ,th,positive,0.8376,기타,2026-06-05 09:24:42.911098+00
1699,google_play,Grab,mobility_superapp,SEA,4,ploy ploy,2026-04-21,เรียกรถรอนานมากไรเดอร์ชอบกดยกเลิก,th,negative,0.7605,배차·대기,2026-06-05 09:24:42.911098+00
1700,google_play,Grab,mobility_superapp,SEA,1,BesT Setthawitch,2026-04-21,เลิกใช้หมดละแอพพวกนี้ รออาหารนานเกิน,th,negative,0.8602,기타,2026-06-05 09:24:42.911098+00
1701,google_play,Grab,mobility_superapp,SEA,1,อัครพนธ์ คําใจ,2026-04-21,น้ำเปล่าจืดไป,th,negative,0.8727,기타,2026-06-05 09:24:42.911098+00
1702,google_play,Grab,mobility_superapp,SEA,5,Annuwee Dueramae,2026-04-21,great 👍,ro,positive,0.7519,기타,2026-06-05 09:24:42.911098+00
1802,google_play,Grab,mobility_superapp,SEA,1,NAJ Fabricante,2026-06-04,worst app ever,nl,negative,0.9411,EV·충전,2026-06-05 09:24:42.911098+00
177,google_play,KOKKOK Move,kokkok,LAO,5,Somboun Phonevilay,2025-04-28,ໃຊ້ຄັກ ເອີ້ນລົດງ່າຍ ລາຄາຖືກແຮງ ບໍລິການດີ,unknown,positive,0.5067,기타,2026-06-05 09:24:42.911098+00
178,google_play,KOKKOK Move,kokkok,LAO,1,Peter chittalangsy,2025-04-23,ແອບຫ່ານິຄັນຄຳໜ້ອຍນຶ່ງຄົນຄັບລົດບໍ່ໄດແຖມເລືອກລູກຄ້າ,unknown,neutral,0.4295,기타,2026-06-05 09:24:42.911098+00
179,google_play,KOKKOK Move,kokkok,LAO,2,Yordzaiy Borkhamphaivan,2025-04-20,ເຮົາເອີ້ນລົດແລ້ວແຕ່ຍັງຮັບຄົນຂື້ນມານຳຄືຫຍັງ??(ສະເພາະບາງຄັນ),unknown,negative,0.4751,기타,2026-06-05 09:24:42.911098+00
1703,google_play,Grab,mobility_superapp,SEA,1,Gam P.,2026-04-20,ใช้มาดีตลอดไม่มีปัญหา แต่ตอนนี้ให้ยืนยันตัวตน wallet นี่ก็ทำนานแล้วแต่ยังเติมเงินด้วยแอปธนาคารไม่ได้ซักทีให้แต่ถ่ายรูปยืนยันอยู่ได้ ทั้งที่แอปแกขึ้นว่าฉันยืนยันไปแล้วอะจ้า ปรับปรุงด่วนค่ะ ปี 2568 ชั้นก็ยังเติมผ่านวอลเล็ตไม่ได้ ขอลดเหลือ 1 ดาวนะ โมโหอะ ชั้นเวอริฟายไปหลายรอบแล้วแต่แกไม่ให้ชั้นใช้ฟีเจอร์แกอะ จะบ้า อัปเดตปี 2569 ยังใช้วอลเล็ตไม่ได้เหมือนเดิม เพิ่มเติมคือทำไมไม่มีช่องทางให้ติดต่อกับร้านค้าบ้าง แต่ร้านดันโทรมาได้ซะงั้น นี่เบอร์ยังไม่มีให้ อีกเจ้านึงเค้ามีนะรู้ยัง,th,negative,0.7828,결제,2026-06-05 09:24:42.911098+00
1704,google_play,Grab,mobility_superapp,SEA,5,Pon Ponchanok,2026-04-20,คนขับสุภาพ ขับรถดีค่ะ,th,positive,0.636,배차·대기,2026-06-05 09:24:42.911098+00
1705,google_play,Grab,mobility_superapp,SEA,5,Suphattra Suepmak,2026-04-20,🌟🌟🌟🌟🌟🌟,unknown,positive,0.5432,기타,2026-06-05 09:24:42.911098+00
1706,google_play,Grab,mobility_superapp,SEA,5,รุ่งอรุณ ชนะพจน์,2026-04-20,บริการดีค่ะรวดเร็วทันใจมากค่ะ,th,positive,0.7251,서비스,2026-06-05 09:24:42.911098+00
1707,google_play,Grab,mobility_superapp,SEA,5,อังคณา ปัททุมมี,2026-04-20,ดีมากๆๆ,th,positive,0.8325,기타,2026-06-05 09:24:42.911098+00
1708,google_play,Grab,mobility_superapp,SEA,1,พีระพัฒน์ สนิทเชื้อ,2026-04-20,ตอนนี้เหมือนระบบจะทอดทิ้งผู้พิการทางสายตา เพราะปุ่มหลายปุ่มตอนนี้เหมือนไม่อ่าน ไม่ว่าจะเป็นนายหน้าจบการเดินทางและให้ดาวหรือรายงานพฤติกรรมคนขับใน iPhone ตอนนี้ไม่อ่านเลย หรือหน้ากำลังหารถ ปกติมันจะมีให้เลือกรถประเภทอื่นด้วย แต่อันนี้ล่าสุดหน้านี้ก็ไม่อ่านเหมือนกัน ใครที่เดินทางเช้าๆก็ต้องทนรอรถประเภทเดียวซึ่งบางทีอาจจะรอนานมาก,th,negative,0.6374,배차·대기,2026-06-05 09:24:42.911098+00
1709,google_play,Grab,mobility_superapp,SEA,1,Lung It,2026-04-20,เรียกแล้วยกเลิกลูกค้าเรียกก็กว่าจะมาเสียเวลาสัสไร้ประโยชน์,th,negative,0.9213,기타,2026-06-05 09:24:42.911098+00
1739,google_play,Grab,mobility_superapp,SEA,1,Natchanok Kaewkam,2026-04-18,"เรียกรถแต่ไม่มีคนรับเลยกดยกเลิกไป พอมาดูอีกรอบแอปกลับเรียกรถเองใหม่อีกครั้งแล้วขึ้นข้อความประมาณว่า""เนื่องจากการเรียกรถก่อนหน้าถูกยกเลิกจึงหาคนขับใหม่ให้คุณได้แล้ว"" แล้วมีขึ้นเตือนแค่ตอนคนขับใกล้จะถึง แล้วเราเรียกรถอีกแอปนึงไปแล้วทำคนขับเสียเวลามากๆค่ะ ซึ่งเราเองก็เสียความรู้สึกมากที่เป็นแบบนั้น",th,negative,0.8004,배차·대기,2026-06-05 09:24:42.911098+00
1740,google_play,Grab,mobility_superapp,SEA,1,โรซี่ฮันทิงตัน โฮมสเตย์,2026-04-18,Check out this awesome,en,positive,0.8716,기타,2026-06-05 09:24:42.911098+00
1824,google_play,Grab,mobility_superapp,SEA,5,_prettvy,2026-06-04,yes yes ily grab,tr,positive,0.7535,기타,2026-06-05 09:24:42.911098+00
1825,google_play,Grab,mobility_superapp,SEA,1,Najmi Sazali,2026-06-04,kenapa grab driver suka² off apps...penat tunggu grab pagi²....ambik order grab car pastu ghosting lepas tu makan duit aku....hampeh boto lahh,id,negative,0.7117,배차·대기,2026-06-05 09:24:42.911098+00
1826,google_play,Grab,mobility_superapp,SEA,5,d'Ganu Heritage,2026-06-04,the only apps I will use for ride,en,neutral,0.6147,기타,2026-06-05 09:24:42.911098+00
1827,google_play,Grab,mobility_superapp,SEA,1,K.W. Mah,2026-06-04,the fare is so low for the drivers. the driver gets less than rm 1/km. how are they going to make a decent income?,en,negative,0.8894,배차·대기,2026-06-05 09:24:42.911098+00
1828,google_play,Grab,mobility_superapp,SEA,2,Yukki Monsuta,2026-06-04,"i have issues mostly with food delivery, i never recieve notifications about the driver or delivery arriving and yet i get notifications about promos or useless notifications, which not only i lost my trust to the app, my money is also getting wasted",en,negative,0.9139,EV·충전,2026-06-05 09:24:42.911098+00
1829,google_play,Grab,mobility_superapp,SEA,5,Amirul Riduwan,2026-06-04,fast service,en,neutral,0.4623,서비스,2026-06-05 09:24:42.911098+00
1928,google_play,Grab,mobility_superapp,SEA,5,黑崎一护,2026-06-02,program brubah.. sya pakai ovo tapi tidak ada pilihan lagi.. hanya langsung bayar.. tolong admin segera perbaiki sistem grab-nya.. trims,id,negative,0.5924,기타,2026-06-05 09:24:42.911098+00
1929,google_play,Grab,mobility_superapp,SEA,1,Ysabel Juachon,2026-06-02,Bad Delivery Experience I placed the order at 11:09 AM or even a couple of minutes before that. A driver was found at 11:24 AM. It's 12:31 PM now and the food has yet to arrive... The app says it will arrive at 12:52 PM. Wow... Amazing 😭,en,negative,0.9288,EV·충전,2026-06-05 09:24:42.911098+00
1930,google_play,Grab,mobility_superapp,SEA,1,Peqahhashim,2026-06-02,"why you let driver cancel every last mintueeee ?????? i got no money left stupid, this is so studpid apps ever",en,negative,0.942,EV·충전,2026-06-05 09:24:42.911098+00
1931,google_play,Grab,mobility_superapp,SEA,1,"ชญาภา จันทร์นวล , 66_0295",2026-06-02,เจอแต่คนขับชอบยกเลิกบริการ ไม่รู้เป็นโรคอะไร,th,negative,0.8504,서비스,2026-06-05 09:24:42.911098+00
1932,google_play,Grab,mobility_superapp,SEA,5,Susheel Sharma,2026-06-02,very nice app,en,positive,0.8013,기타,2026-06-05 09:24:42.911098+00
42,google_play,KOKKOK Move,kokkok,LAO,1,Fon Vpc,2023-11-03,😒,unknown,negative,0.6859,기타,2026-06-05 09:24:42.911098+00
45,google_play,KOKKOK Move,kokkok,LAO,5,SwiftKey FlowBen,2023-09-09,Doing,en,neutral,0.5112,기타,2026-06-05 09:24:42.911098+00
2956,google_play,Gojek,mobility_superapp,SEA,1,kiều diễm nguyễn,2024-08-22,Ghét,fr,negative,0.4733,기타,2026-06-05 09:24:42.911098+00
107,google_play,KOKKOK Move,kokkok,LAO,4,M thai Thai,2026-05-01,ມີສິ່ງນີ້ສະດວກຫຼາຍ,unknown,positive,0.3758,기타,2026-06-05 09:24:42.911098+00
108,google_play,KOKKOK Move,kokkok,LAO,1,RaDa Zaiyajuk,2026-04-28,สมัครเข้าใช้งานบ่ได้,th,negative,0.6047,기타,2026-06-05 09:24:42.911098+00
109,google_play,KOKKOK Move,kokkok,LAO,1,Poukkee Inthisane,2026-04-28,ເທື່ອດຽວຮູ້ເລື່ອງ,unknown,neutral,0.5612,기타,2026-06-05 09:24:42.911098+00
110,google_play,KOKKOK Move,kokkok,LAO,1,Lattana Syv,2026-04-23,ເຂົ້າບໍ່ໄດ້ ຫລາຍຮອບແລ້ວ ທັ້ງໃຊ້ເນັດໂຕເອງ ທັ້ງໃຊ້ວາຍຟາຍກະຍັງບບອກວ່າສັນຍານມີບັນຫາຢູ່,unknown,negative,0.4403,기타,2026-06-05 09:24:42.911098+00
111,google_play,KOKKOK Move,kokkok,LAO,1,Yeng Xiong,2026-04-19,"ສາມລໍ້ ບໍ່ຍອມຮັບແຂກ ເຫັນຢູ່ໃນແອບລົດເຕັມພື້ນທີ່ແຕ່ໂຊເຟີບໍກົດຮັບ, ຫາກບໍລິສັດປັບປຸງໄດຊິປັບດາວໃຫ້",unknown,negative,0.4533,기타,2026-06-05 09:24:42.911098+00
113,google_play,KOKKOK Move,kokkok,LAO,1,Sunarat Detyothin,2026-04-16,เรียกยาก,th,negative,0.5021,기타,2026-06-05 09:24:42.911098+00
171,google_play,KOKKOK Move,kokkok,LAO,1,มิน สิดทิเดด,2025-06-04,ກະຈອກເອີ້ນຫນ້ອຍກະບໍ່ມາຮັບຢ້ານໄດ້ຫນ້ອຍເເຮງຕິເງີນຫັນ,unknown,negative,0.4785,기타,2026-06-05 09:24:42.911098+00
172,google_play,KOKKOK Move,kokkok,LAO,1,ຄໍາບາງ ສີບຸນຄູນ,2025-06-01,จักแม่นแอปแม่มันหัยงเอี้นลดเรากะจ่ายเงินตัวเอี้นยากปานเราขอทารสูนโวยๆๆๆๆๆๆ,th,negative,0.8316,결제,2026-06-05 09:24:42.911098+00
173,google_play,KOKKOK Move,kokkok,LAO,1,วิชัย แซ่ล้อ,2025-05-17,ห่วยแตกส่งรหัสยืนยันไปเกินไม่ได้ว้นละสามรอบกูว่ามึงควรปรับปรุงระบบใหม่ด้วยนะ ไม่ได้เรื่องเลย,th,negative,0.8313,기타,2026-06-05 09:24:42.911098+00
174,google_play,KOKKOK Move,kokkok,LAO,5,ปภัชญา อ้อยทอง,2025-05-07,ใช้งานคร้้งแรกก็จะงง​ แล้วรถก็มาจอตรงหน้า​แบบงงๆ​ สะดวกมาก​ ราคาถูกด้วย​ ดีกว่านั่งรถสามล้อรับจ้างท้่งไป​ คิดเงินแพง,th,negative,0.4437,결제,2026-06-05 09:24:42.911098+00
175,google_play,KOKKOK Move,kokkok,LAO,1,Thongsamout Onnasy,2025-04-28,แยหมากๆ,th,negative,0.4543,기타,2026-06-05 09:24:42.911098+00
176,google_play,KOKKOK Move,kokkok,LAO,5,kinnaleth Xayachith,2025-04-28,Good👍👍,so,positive,0.7078,기타,2026-06-05 09:24:42.911098+00
217,google_play,KOKKOK Move,kokkok,LAO,3,kame Seesee,2024-09-21,ະະກ,unknown,neutral,0.49,기타,2026-06-05 09:24:42.911098+00
250,google_play,KOKKOK Move,kokkok,LAO,1,Chan,2024-06-06,เรียกรถไม่เคยว่างสักครั้ง,th,negative,0.4616,배차·대기,2026-06-05 09:24:42.911098+00
251,google_play,KOKKOK Move,kokkok,LAO,2,MP .J,2024-06-04,รถเรียกยากเลย สำหรับการใช้ครั้งแรกถือว่าผิดหวังนิดหน่อย,th,negative,0.917,배차·대기,2026-06-05 09:24:42.911098+00
252,google_play,KOKKOK Move,kokkok,LAO,1,อาคม หันทูม,2024-05-25,เป็น app ที่เรียกรถได้ยากที่สุดที่เคยใช้มา,th,negative,0.7855,배차·대기,2026-06-05 09:24:42.911098+00
253,google_play,KOKKOK Move,kokkok,LAO,1,OPPOAm A16NEW,2024-05-23,ບໍ່ມີຄຸນນະພາບໃຫ້ໄປເອົາເຄື່ອງເເຕ່ວານນີ້ຫາເເຕ່ຕອບໂຄດຄວາຍເເອບນີ້,unknown,negative,0.4198,기타,2026-06-05 09:24:42.911098+00
254,google_play,KOKKOK Move,kokkok,LAO,1,Phaa,2024-05-18,ເອີ້ນລົດບໍ່ເຄີຍໄດ້ຈັກເທື່ອມີເເຕ່ບອກວ່າເເຖວນີ້ບໍ່ມີລົດບໍລິການທັ້ງທີ່ເເນມເຫັນໄປລົດຜ່ານວິ່ວວິ່ວຢູ່ມັນຄືເເນວໃດນໍ້,unknown,negative,0.465,기타,2026-06-05 09:24:42.911098+00
255,google_play,KOKKOK Move,kokkok,LAO,1,Van MLTMC,2024-05-15,ບໍເປັນຕາສະແຕກ.,unknown,negative,0.4588,기타,2026-06-05 09:24:42.911098+00
256,google_play,KOKKOK Move,kokkok,LAO,1,Asd Qwe,2024-05-04,ໄປປັບປຸງມາປ່ຽນເດີເລື່ອງເອີ້ນນີ້ເອີ້ນເປັນ100ເທື່ອກາບໍ່ເຫັນສິໄດ້,unknown,negative,0.4392,기타,2026-06-05 09:24:42.911098+00
257,google_play,KOKKOK Move,kokkok,LAO,1,Tou Bee,2024-05-03,ບໍ່ມີລົດເລີຍເອີ້ນຕັ້ງຫຼາຍເທື່ອ,unknown,neutral,0.4496,기타,2026-06-05 09:24:42.911098+00
258,google_play,KOKKOK Move,kokkok,LAO,1,AW Mobile,2024-04-30,ຫາລົດໂຄດດດົນ,unknown,neutral,0.5472,기타,2026-06-05 09:24:42.911098+00
259,google_play,KOKKOK Move,kokkok,LAO,1,TyNu,2024-04-28,ເອີ້ນລົດ 4 5 ຮອບ ບອກບໍ່ມີລົດຈັກຄັນ ທັ້ງທີ່ຂ້ອຍຢູ່ໃນເມືອງ?,unknown,neutral,0.4474,기타,2026-06-05 09:24:42.911098+00
260,google_play,KOKKOK Move,kokkok,LAO,5,ออย ไชอุดม,2024-04-27,ດີລາຍ,unknown,neutral,0.3908,기타,2026-06-05 09:24:42.911098+00
261,google_play,KOKKOK Move,kokkok,LAO,2,Kone K,2024-04-22,ເອີ້ນລົດໂຄດຢ້າກ,unknown,neutral,0.4977,기타,2026-06-05 09:24:42.911098+00
262,google_play,KOKKOK Move,kokkok,LAO,5,ounheuane manivongsy,2024-04-12,ແອັບກີຫລາຍ,unknown,neutral,0.7371,기타,2026-06-05 09:24:42.911098+00
263,google_play,KOKKOK Move,kokkok,LAO,5,แพงงง,2024-04-12,Good service,en,positive,0.697,서비스,2026-06-05 09:24:42.911098+00
264,google_play,KOKKOK Move,kokkok,LAO,1,Lao Service,2024-04-12,ຂີ້ຫາຍຫຼາຍຄົນໃຫ້ບໍລິການເວົ້າບໍສຸພາບຄວາມອົດທົນຕພສຸດທ່າແນ່ກະບໍໄດ້,unknown,negative,0.4665,기타,2026-06-05 09:24:42.911098+00
395,google_play,LOCA Taxi,kokkok,LAO,5,Por xong,2021-01-19,ດູດ,unknown,neutral,0.476,기타,2026-06-05 09:24:42.911098+00
310,google_play,KOKKOK Move,kokkok,LAO,1,Took Peng LGBTQ Talk,2024-01-10,ເອີ້ນລົດຢາກຕອນ 4 ໂມງ ບໍ່ວ່າຈະເອີ້ນ 3 ລໍ້ ລົດເກງ ລົດ SUV ບໍ່ໄດ້ເລີຍ ເອີ້ນ 1 ຊົ່ວກໍ່ບໍ່ວ່າງ ບໍ່ລິການຢາກວ່າຍາກ ພໍໄດ້ລົດບໍລິສັດອື່ນ ກໍປາກົດວ່າ ເຫັນ ລົດ 3 ລໍ້ ຂອງ kokkok ຢູ່ລໍຖ້າຕາມໂຮງຮຽນຕ່າງ ໆ ຄົນຫນາແຫນ້ນກວ່າຈະມາຮັຍຢູ່ເຮືອນຄົນ ຕໍຈາກນີ້ ຈະໄປໃຊ້ບໍລິການຂອງບໍສິສັດອື່ນ ເພາະດີກວ່າຫລາຍ ຮັບໄວ ແລະ ມາໄວກວ່າ,unknown,neutral,0.3847,기타,2026-06-05 09:24:42.911098+00
311,google_play,KOKKOK Move,kokkok,LAO,1,La Lcc,2024-01-09,ແອັບແທ້ບໍ່ເອີ້ນບໍ່ຄ່ອຍໄດ້ເລີຍ,unknown,negative,0.4945,기타,2026-06-05 09:24:42.911098+00
312,google_play,KOKKOK Move,kokkok,LAO,5,Klnig,2024-01-07,ດີຫຼາຍ ພະນັກງານເວົ້າດີ ເເລະ ມາຮັບໄວ ສົ່ງໄວ ທຶ່ງທີເລີຍ,unknown,neutral,0.3853,기타,2026-06-05 09:24:42.911098+00
313,google_play,KOKKOK Move,kokkok,LAO,4,Sili Phone,2024-01-07,เกือบจะดีแล้วต้องปรับปรุงแอบใหม่,th,positive,0.4554,기타,2026-06-05 09:24:42.911098+00
314,google_play,KOKKOK Move,kokkok,LAO,1,Thinlakone Souchaphon,2024-01-05,ຢ',unknown,neutral,0.471,기타,2026-06-05 09:24:42.911098+00
315,google_play,KOKKOK Move,kokkok,LAO,1,Daopaky VVCH,2024-01-04,ถ้าจะเรียกนานขนาดนี้ผมเดีนเท้าแทนยังดีกว่าครับ,th,negative,0.4281,기타,2026-06-05 09:24:42.911098+00
316,google_play,KOKKOK Move,kokkok,LAO,5,Phoungern Vongkhunthong.01,2024-01-04,👍,unknown,positive,0.5846,기타,2026-06-05 09:24:42.911098+00
317,google_play,KOKKOK Move,kokkok,LAO,4,Sy Vang,2024-01-04,ສີເຫລືອງເອີ້ນງາຍ,unknown,neutral,0.4381,기타,2026-06-05 09:24:42.911098+00
318,google_play,KOKKOK Move,kokkok,LAO,1,Phom Savauh,2023-12-31,เรียกไม้ข้อยด้ายรอนาน,th,negative,0.4336,기타,2026-06-05 09:24:42.911098+00
319,google_play,KOKKOK Move,kokkok,LAO,5,ณัฐพงษ์ - นัท รุ่นที่ 4,2023-12-26,Good transportation in Vientiane,en,positive,0.8189,기타,2026-06-05 09:24:42.911098+00
377,google_play,KOKKOK Move,kokkok,LAO,1,oudom INTHACHAK,2023-10-26,1. ຄົນຂັບມັກແຊ່ເລນຊ້າຍ ແລະ ໃຊ້ມືຖືຂະນະຂັບ 2. ລະບົບຍັງຫລ້າຊ້າຫລາຍໃນເລື່ອງໂປຣແກມແຜນທີ່ 3. ຍັງກະຈາຍໄດ້ບໍ່ທົ່ວເຖິງ,unknown,neutral,0.3893,기타,2026-06-05 09:24:42.911098+00
378,google_play,KOKKOK Move,kokkok,LAO,5,ห่าราก ยูโทเปีย,2023-01-31,ຂະຫຍາຍສາຂາໃຫ້ມັນທົ່ວປະເທດແຂ່ງກັບອະນຸສິດ ຮຸ່ງອະລຸນເລີຍ,unknown,neutral,0.4772,기타,2026-06-05 09:24:42.911098+00
379,google_play,LOCA Taxi,kokkok,LAO,5,Nockyoung Vongsanith,2025-08-21,ສະດວກສະບາຍ,unknown,neutral,0.6067,기타,2026-06-05 09:24:42.911098+00
380,google_play,LOCA Taxi,kokkok,LAO,5,I New,2025-06-30,ການໃຫ້ຂໍ້ມູນຂ່າວສານດ້ານການບໍລິການມີສາລະດີຫລາຍເປັນຕົ້ນແມ່ນການບໍລິການລົດຮັບສົ່ງລູກຄ້າສາມາດເຂົ້າເຖິ່ງແລະຮຽນຮູ້ເສັ້ນທາງໃນຂອບເຂດນະຄອນຫລວງວຽງຈັນໂດຍຜ່ານໂລກາແລະຍັງເປັນທາງເລືອກໃນດ້ານການປະກອບອາຊີບຍັງສາມາດສ້າງລາຍຮັບໃຫ້ຜູ້ທີ່ສົນໃຈໃນດ້ານການບໍລິການ,unknown,positive,0.4248,기타,2026-06-05 09:24:42.911098+00
381,google_play,LOCA Taxi,kokkok,LAO,5,Ounkeo Norseng,2024-07-13,Best application for taxi service at this moment,en,positive,0.7116,서비스,2026-06-05 09:24:42.911098+00
382,google_play,LOCA Taxi,kokkok,LAO,5,Viengthasone,2023-06-19,ໃຊ້ດີຫຼາຍ,unknown,positive,0.4475,기타,2026-06-05 09:24:42.911098+00
383,google_play,LOCA Taxi,kokkok,LAO,5,kou chanthavong,2023-05-12,Ok,af,neutral,0.4545,기타,2026-06-05 09:24:42.911098+00
384,google_play,LOCA Taxi,kokkok,LAO,5,Hathaphone SEETHARKHAM,2023-04-30,ຊ່ວຍໄດ້ດີຫຼາຍ,unknown,positive,0.6754,기타,2026-06-05 09:24:42.911098+00
385,google_play,LOCA Taxi,kokkok,LAO,5,Xieng Soulivong,2023-04-25,ດີສຸດໃນລາວ,unknown,positive,0.5215,기타,2026-06-05 09:24:42.911098+00
386,google_play,LOCA Taxi,kokkok,LAO,4,Soulisack Sati,2022-12-15,ເຂົ້າເຖິງຂໍ້ມູນງ່າຍ ບໍລິການດີ,unknown,positive,0.5436,기타,2026-06-05 09:24:42.911098+00
387,google_play,LOCA Taxi,kokkok,LAO,5,annie phonemany,2022-10-19,ໃຊ້ດີຫລາຍ,unknown,positive,0.424,기타,2026-06-05 09:24:42.911098+00
388,google_play,LOCA Taxi,kokkok,LAO,5,Chanthavivanh KEOVILAYVONG,2022-08-28,ມັນດີ,unknown,neutral,0.3689,기타,2026-06-05 09:24:42.911098+00
389,google_play,LOCA Taxi,kokkok,LAO,5,Mobile P kk,2022-03-19,ດຸມໄມ້ຕະພົດຄົນສີ,unknown,neutral,0.5332,기타,2026-06-05 09:24:42.911098+00
390,google_play,LOCA Taxi,kokkok,LAO,5,Ton Xaynorath,2022-02-08,ຂອບໃຈໂລກາຮັບໃຊ້ແລະບໍລິການດີຕະຫລອດມາ,unknown,positive,0.5199,기타,2026-06-05 09:24:42.911098+00
391,google_play,LOCA Taxi,kokkok,LAO,5,Xuemoua YONGCHUE,2021-12-07,ໄປກັບໂລກ້າປອດໄພມີປະກັນຄຸ້ມຄອງ,unknown,neutral,0.4592,기타,2026-06-05 09:24:42.911098+00
392,google_play,LOCA Taxi,kokkok,LAO,5,Phasouk Sidaphone,2021-09-28,ດີດີ,unknown,neutral,0.3912,기타,2026-06-05 09:24:42.911098+00
522,google_play,LOCA Taxi,kokkok,LAO,1,Joe Jansen,2023-11-24,The app crashes immediately every time I open it.,en,negative,0.8533,EV·충전,2026-06-05 09:24:42.911098+00
424,google_play,LOCA Taxi,kokkok,LAO,1,Tashu gupta,2025-12-03,"fraud company ,never ever use their services",en,negative,0.8429,EV·충전,2026-06-05 09:24:42.911098+00
425,google_play,LOCA Taxi,kokkok,LAO,2,jH Ng,2025-11-12,"the exchange rate if you use ""Scan to Pay"" is approximately 5%, this is on top of LOCA's service fee. just use your credit card (merchants charge 3%) if that option is available.",en,neutral,0.8594,EV·충전,2026-06-05 09:24:42.911098+00
426,google_play,LOCA Taxi,kokkok,LAO,1,Alessandro De Socio,2025-11-10,"The app has many areas that could be improved — the list would be too long. It feels slow and buggy, and the overall user experience is rather poor. Registering a credit card is a nightmare. A message to the developers: please take a look at Grab or Uber for inspiration — if you can make the app even slightly closer to their level, it would already be a big step forward.",en,negative,0.9219,EV·충전,2026-06-05 09:24:42.911098+00
427,google_play,LOCA Taxi,kokkok,LAO,1,Alex Kristian,2025-10-18,can't register. no otp,it,negative,0.809,기타,2026-06-05 09:24:42.911098+00
428,google_play,LOCA Taxi,kokkok,LAO,2,Menh Dimark,2025-10-17,ໃຊ້ງານຍາກ ໂຫຼດຊ້າ ເຂົ້າໃຈຍາກ ເປັນງົງໆ ...,unknown,negative,0.4875,기타,2026-06-05 09:24:42.911098+00
429,google_play,LOCA Taxi,kokkok,LAO,2,Gump,2025-10-13,extremely annoying pop-ups every time you open the app app support indicate that you can't get rid of them,en,negative,0.9328,EV·충전,2026-06-05 09:24:42.911098+00
430,google_play,LOCA Taxi,kokkok,LAO,1,PATTARABHORN “한지수” S.,2025-10-07,"NOT recommended, I was booked in advance to the airport. The status still keep confirmed till the schedule time arrived and then its cancelled.",en,negative,0.8018,기타,2026-06-05 09:24:42.911098+00
431,google_play,LOCA Taxi,kokkok,LAO,3,Din Neo,2025-10-03,This app is not helpful for tourists. Always hang and crash. Very dissapointed.,en,negative,0.9614,앱오류,2026-06-05 09:24:42.911098+00
432,google_play,LOCA Taxi,kokkok,LAO,4,Charles Li,2025-09-25,The UI especially the map icons could be improved. overall it is a functional app.,en,positive,0.8163,기타,2026-06-05 09:24:42.911098+00
487,google_play,LOCA Taxi,kokkok,LAO,1,Tânia Ferreira,2024-10-13,Fees for payment with QR code are astronomical.,en,neutral,0.5943,결제,2026-06-05 09:24:42.911098+00
509,google_play,LOCA Taxi,kokkok,LAO,5,Scietch,2024-04-11,Excellent,ca,positive,0.5349,기타,2026-06-05 09:24:42.911098+00
587,google_play,LOCA Taxi,kokkok,LAO,1,mua peuay,2022-07-30,ราคา สูงเกิน ใช้อินไดรเวอร์ ดีกว่า update : indriver services are as good as loca. Been using them all the time.,en,neutral,0.3787,배차·대기,2026-06-05 09:24:42.911098+00
647,google_play,LOCA Taxi,kokkok,LAO,5,A Google user,2020-02-01,Great for tourists who want to avoid being ripped off in Laos. Used successfully in both Vientiane and Luang Prabang.,en,positive,0.5538,기타,2026-06-05 09:24:42.911098+00
648,google_play,LOCA Taxi,kokkok,LAO,1,A Google user,2020-01-31,Stupid App and bad structure. As it required the user to out referral code but when I put it just keep saying invalid no matter what It put it just didn't approve. Waste of my time!,en,negative,0.9573,기타,2026-06-05 09:24:42.911098+00
649,google_play,LOCA Taxi,kokkok,LAO,4,A Google user,2020-01-29,Its great to have loca available in Vientiane Laos. I support this company to be safety first priority and accuracy to pick up and drop customers location. Please ask drivers and customers to gove honest opinion on how to make this company better and great for future longevity.,en,positive,0.7206,EV·충전,2026-06-05 09:24:42.911098+00
650,google_play,LOCA Taxi,kokkok,LAO,1,A Google user,2020-01-28,"App doesn't work on Xiaomi Black shark 2 Pro, can't press Book Now button.",en,negative,0.7908,기타,2026-06-05 09:24:42.911098+00
712,google_play,LOCA Taxi,kokkok,LAO,5,A Google user,2018-06-29,Very good service.,en,positive,0.8577,서비스,2026-06-05 09:24:42.911098+00
741,google_play,LOCA Taxi,kokkok,LAO,5,Noina,2025-02-17,เร็วและง่ายต่อการเรียกใช้บริการ,th,positive,0.5003,서비스,2026-06-05 09:24:42.911098+00
