id,video_id,author,content,like_count,comment_date,lang_detected,translated_content,sentiment_label,sentiment_score,keyword_category,created_at
41,6rw0NJdxgMs,@iwan5a,Really sad that u will let go eve in near future. Hoping ur adventure with new EV bike. Always exciting to see charging site. Thats make ur video different from others. Have a great time mate 👍,2,2025-04-12 14:48:26+00,en,Really sad that u will let go eve in near future. Hoping ur adventure with new EV bike. Always exciting to see charging site. Thats make ur video different from others. Have a great time mate 👍,negative,0.7956,기타,2026-06-04 05:49:55.671496+00
49,6rw0NJdxgMs,@RonOort1808,She is a tough cookie on the bike and maybe fearless,1,2025-04-13 08:23:58+00,en,She is a tough cookie on the bike and maybe fearless,negative,0.6848,기타,2026-06-04 05:49:55.671496+00
52,6rw0NJdxgMs,@rolfkaiser1469,"Das Deine Motor Lager halten , ist ein Wunder ... jeder Verbrenner wäre lange Schrott , hätte das Öl raus geschmissen und sich binnen KM festgefressen",1,2025-04-12 16:11:48+00,de,"It's a miracle that your engine bearings hold up... every combustion engine would be scrap for a long time, would have thrown out the oil and seized up within km",negative,0.4733,기타,2026-06-04 05:49:55.671496+00
53,6rw0NJdxgMs,@DanSelingerNYC,"Keep it up, Marc! As a Zero SR/S rider in the USA, it's disappointing the brand didn't support you more, but I love what you've done with these videos - sad that you'll likely move back to gas after Eve, but you two had a great run.",10,2025-04-12 16:32:32+00,en,"Keep it up, Marc! As a Zero SR/S rider in the USA, it's disappointing the brand didn't support you more, but I love what you've done with these videos - sad that you'll likely move back to gas after Eve, but you two had a great run.",negative,0.5593,앱오류,2026-06-04 05:49:55.671496+00
57,6rw0NJdxgMs,@Absydes,Franchement tu as du courage de brancher Eve sur des prises qui font peur ! Le réseau ne saute pas des fois ?,0,2025-04-12 15:54:14+00,fr,"Honestly, you have courage to plug Eve into scary sockets!Doesn't the network sometimes jump?",negative,0.9431,UI불편,2026-06-04 05:49:55.671496+00
62,6rw0NJdxgMs,@Semikolons,"Ich vermute, dass das Geräusch vom Lager der Antriebswelle kommt. Wasser Staub, Sand und Matsch haben es wohl zerstört und nun läuft es trocken. Falls es nur das Lager ist, sollte es jeder Mechaniker tauschen können, solange Zero keine Spezialanfertigung des Lagers verwendet.",2,2025-04-12 13:51:15+00,de,"I suspect the noise is coming from the drive shaft bearing.Water, dust, sand and mud have probably destroyed it and now it runs dry.If it's just the bearing, any mechanic should be able to replace it as long as Zero doesn't use a custom bearing.",negative,0.7649,기타,2026-06-04 05:49:55.671496+00
76,6rw0NJdxgMs,@parth6732,I have not missed any of your videos but what happened to the others? There was a disconnect between gulsa coming and others vanishing.,0,2025-04-12 14:27:51+00,en,I have not missed any of your videos but what happened to the others? There was a disconnect between gulsa coming and others vanishing.,negative,0.6615,연결실패,2026-06-04 05:49:55.671496+00
82,6rw0NJdxgMs,@shaungriffin295,"You’re starting to take risks with your riding in the city, be careful both of you!",1,2025-04-12 15:33:51+00,en,"You’re starting to take risks with your riding in the city, be careful both of you!",negative,0.8309,기타,2026-06-04 05:49:55.671496+00
84,6rw0NJdxgMs,@Sprchkn,"I know there are guides to replacing the bearings online, but not sure if they apply to your generation of bile. It would need to be someone pretty competent though as the magnets are relatively dangerous and you have to mark all alignments in the process. It's a shame Zero didn't spend the extra money to make bearing replacement a maintenance item given it's conceivably the most likely failure mode for a hot-running air-cooled ev motor.",0,2025-04-12 16:01:16+00,en,"I know there are guides to replacing the bearings online, but not sure if they apply to your generation of bile. It would need to be someone pretty competent though as the magnets are relatively dangerous and you have to mark all alignments in the process. It's a shame Zero didn't spend the extra money to make bearing replacement a maintenance item given it's conceivably the most likely failure mode for a hot-running air-cooled ev motor.",negative,0.7582,앱오류,2026-06-04 05:49:55.671496+00
95,6rw0NJdxgMs,@petergrunendahl8799,I told you this street is boring. If you go further south-east the streets are a little bit ... less good. Reduce your speed in front of the little bridges.,0,2025-04-12 13:19:36+00,en,I told you this street is boring. If you go further south-east the streets are a little bit ... less good. Reduce your speed in front of the little bridges.,negative,0.9043,충전속도,2026-06-04 05:49:55.671496+00
98,6rw0NJdxgMs,@isas.2752,"If your engine finally fails, what will be your solution!!!! At what price??",0,2025-04-12 19:44:51+00,en,"If your engine finally fails, what will be your solution!!!! At what price??",negative,0.5625,기타,2026-06-04 05:49:55.671496+00
102,6rw0NJdxgMs,@christopher54179,Love the adventure. However riding at twice the speed of other traffic weaving in and out is not a good idea especially in an unfamiliar country. The question is why is every else content to move in an orderly way..  safety I say.,0,2025-04-12 22:12:27+00,en,Love the adventure. However riding at twice the speed of other traffic weaving in and out is not a good idea especially in an unfamiliar country. The question is why is every else content to move in an orderly way..  safety I say.,negative,0.8139,충전속도,2026-06-04 05:49:55.671496+00
103,6rw0NJdxgMs,@thomasschiemann1911,"What's going on, Gulsah is already in Australia and New Zealand, and that's since a couple of weeks? Where the hell are you right now? Are your ""new"" videos that old??",10,2025-04-12 13:14:46+00,en,"What's going on, Gulsah is already in Australia and New Zealand, and that's since a couple of weeks? Where the hell are you right now? Are your ""new"" videos that old??",negative,0.8368,기타,2026-06-04 05:49:55.671496+00
106,6rw0NJdxgMs,@ashiqshajoos378,Why don't u enter thailand? Better infrastructure na ?,1,2025-04-12 18:02:58+00,en,Why don't u enter thailand? Better infrastructure na ?,negative,0.639,기타,2026-06-04 05:49:55.671496+00
107,6rw0NJdxgMs,@Tungsten137,"In Glushas chanel the clips of you an her already posted 5 month ago and I gues she has also maybe amonth due time.
Why are the posts soo old, all tips and hint or infos sent to you are overdue, aren't they?",1,2025-04-12 12:58:33+00,en,"In Glushas chanel the clips of you an her already posted 5 month ago and I gues she has also maybe amonth due time.
Why are the posts soo old, all tips and hint or infos sent to you are overdue, aren't they?",negative,0.6117,기타,2026-06-04 05:49:55.671496+00
109,6rw0NJdxgMs,@sandy-x4v7s,也不知道哪個傢伙教你的中文，你這標題也太離譜了🤣🤣🤣,0,2025-04-13 02:42:20+00,zh-tw,I don’t know who taught you Chinese. Your title is too outrageous🤣🤣🤣,negative,0.5693,기타,2026-06-04 05:49:55.671496+00
110,6rw0NJdxgMs,@blackarmouredbeast1989,1:06 is you are smart. Lao is dangerous.,0,2025-04-20 10:47:18+00,en,1:06 is you are smart. Lao is dangerous.,negative,0.7371,기타,2026-06-04 05:49:55.671496+00
111,6rw0NJdxgMs,@atssasangzz8535,M i the only one who is uninformed about the date errors or is this the old video back from 2024.  Somebody help me inform 😀,0,2025-04-12 15:11:55+00,en,M i the only one who is uninformed about the date errors or is this the old video back from 2024.  Somebody help me inform 😀,negative,0.6695,앱오류,2026-06-04 05:49:55.671496+00
243,Jja5en9n9pw,@mesayonhsuphasawodd7570,Can you talk and exprain about LAOTIAN  people THE  LAND'S owner lost their land for the BUSSINESS WHOM IS WANT TO BIULD ALL KIND OF FACTORY IN LAOS ? MY LAND IS ONE OF THEM WILL BE TAKING !,0,2024-02-26 16:43:45+00,en,Can you talk and exprain about LAOTIAN  people THE  LAND'S owner lost their land for the BUSSINESS WHOM IS WANT TO BIULD ALL KIND OF FACTORY IN LAOS ? MY LAND IS ONE OF THEM WILL BE TAKING !,negative,0.8772,기타,2026-06-04 05:49:55.671496+00
244,Jja5en9n9pw,@sitthab.1780,ไม่กล้าขับไปกลัวโดนตำรวจราวรีดไถ,1,2024-02-26 16:17:36+00,th,Don't dare drive for fear of being extorted by the police.,negative,0.8271,기타,2026-06-04 05:49:55.671496+00
116,6rw0NJdxgMs,@srinivasrasamalla1184,Knew SHE was Good at RIDING but ME SCARED a Little Bit when SHE was Riding in HEAVY TRAFFIC & PUBLIC which may be Worried Me a bit and want to think Her BELOVED ONES ( FAMILY) Even this was a BEAUTIFUL JOURNEY and the Noise making by EVE 💜is LOUD may be because of MUD WATER ( Completely Drouwned ) which may be Entered in ENGINE MOTAR..😒,0,2025-04-12 14:57:29+00,en,Knew SHE was Good at RIDING but ME SCARED a Little Bit when SHE was Riding in HEAVY TRAFFIC & PUBLIC which may be Worried Me a bit and want to think Her BELOVED ONES ( FAMILY) Even this was a BEAUTIFUL JOURNEY and the Noise making by EVE 💜is LOUD may be because of MUD WATER ( Completely Drouwned ) which may be Entered in ENGINE MOTAR..😒,negative,0.6025,기타,2026-06-04 05:49:55.671496+00
117,6rw0NJdxgMs,@maakamakana7007,"if Gulsha rides thru Thai city like that she will have a bad accident, or the police will catch her..",0,2025-04-13 01:03:30+00,en,"if Gulsha rides thru Thai city like that she will have a bad accident, or the police will catch her..",negative,0.874,기타,2026-06-04 05:49:55.671496+00
120,6rw0NJdxgMs,@jak51,nanda nomads,0,2025-04-14 12:22:58+00,pt,nanda nomads,negative,0.3837,기타,2026-06-04 05:49:55.671496+00
216,nOpmGFkntb4,@Kill3rk1,"lol I also hate corriander , I get a gag reflex when ever I taste corriander in food. My mom loves the stuff , she always adds it into the Biryani whenever she cooks.",0,2022-11-14 12:07:55+00,en,"lol I also hate corriander , I get a gag reflex when ever I taste corriander in food. My mom loves the stuff , she always adds it into the Biryani whenever she cooks.",negative,0.6747,기타,2026-06-04 05:49:55.671496+00
149,nOpmGFkntb4,@quoc28mytube,"The AC uses some power as well. So having full AC, the range will probably be affected.",1,2022-12-16 09:55:32+00,en,"The AC uses some power as well. So having full AC, the range will probably be affected.",negative,0.579,기타,2026-06-04 05:49:55.671496+00
262,QyHFDucrp-8,@PuregamersUK,The 7kw pod points which got installed at my local tesco were free for a few months after install so everyone was using them.. then they made them stupidly expensive and I've literally never seen them used again,130,2026-05-06 19:08:01+00,en,The 7kw pod points which got installed at my local tesco were free for a few months after install so everyone was using them.. then they made them stupidly expensive and I've literally never seen them used again,negative,0.8855,기타,2026-06-04 05:49:55.671496+00
231,Jja5en9n9pw,@artslife76,ສຸດຍອດ 👍🏻,1,2024-02-26 17:21:00+00,unknown,Awesome 👍🏻,positive,0.7704,기타,2026-06-04 05:49:55.671496+00
232,Jja5en9n9pw,@KAO7325,❤❤❤ love from Thailand,0,2024-10-29 05:52:07+00,en,❤❤❤ love from Thailand,positive,0.7846,기타,2026-06-04 05:49:55.671496+00
233,Jja5en9n9pw,@องอาจวนจารุโรจน์-ษ3ม,น่าท่องเที่ยวมาก,0,2024-02-26 11:45:02+00,th,Very touristy,positive,0.6246,기타,2026-06-04 05:49:55.671496+00
234,Jja5en9n9pw,@aexayalath1783,เยี่ยมมากเลยค่ะ,1,2024-02-26 10:22:54+00,th,It's great.,positive,0.8733,기타,2026-06-04 05:49:55.671496+00
235,Jja5en9n9pw,@bounthonemaniphone4661,❤❤❤❤👍,2,2024-02-26 10:01:55+00,unknown,❤❤❤❤👍,positive,0.8227,기타,2026-06-04 05:49:55.671496+00
236,Jja5en9n9pw,@poormanfood,Good direction for Laos going all EV like China because Laos don't have oil.,0,2026-02-22 21:15:50+00,en,Good direction for Laos going all EV like China because Laos don't have oil.,positive,0.5108,기타,2026-06-04 05:49:55.671496+00
238,Jja5en9n9pw,@ninalopez5994,👍👍❤️❤️,0,2024-02-27 02:22:37+00,unknown,👍👍❤️❤️,positive,0.8707,기타,2026-06-04 05:49:55.671496+00
477,hArnl8kI7DI,@HanhNguyen-bf6nn,"Xe của các hãng như Tesla, Ford, GM, Honda, Kia, Huyndai...v.v... họ phát mình ra từ con số không có nghĩa là họ tự tìm tòi và phát triển chiếc xe từ A đến Z cũng như được thử nghiệm về độ bền bì, an toàn trong những điều kiện khắc nghiệt nhất trước khi đem ra bán trên thị trường. Xe Vinfast chẳng qua là mùa đồ từ Trung Cộng mang về lắp ráp, gắn nhãn hiệu "" made in VN "" không có thử nghiệm về độ an toàn, bền bỉ mà chỉ dựa vào những thông tin do những nhà sản xuất linh kiện tử Trung Cộng cung cấp, do vậy những chiếc xe Vinfast không thể cạnh tranh được trên thị trường thế giới. Xe Vinfast mang quà Mỹ vài trăm chiếc bán không ai mua vì giá cả cũng mắc, không chứng mình được sự bền bỉ và an toàn, những chiếc xe này đang nằm là liệt trong bài đậu xe hơn cả năm nầy rồi, chúng sẽ xuống cấp rồi sẽ đem bán cho ai .",1,2025-08-10 18:17:20+00,vi,"Cars from companies like Tesla, Ford, GM, Honda, Kia, Hyundai...etc. they invented them from scratch, which means they researched and developed the car themselves from A to Z as well as tested for durability and safety in the harshest conditions before selling it on the market.Vinfast cars are nothing more than products brought from China and assembled, labeled ""made in VN"" without testing for safety or durability, but only relying on information provided by Chinese component manufacturers, so Vinfast cars cannot compete in the world market.Vinfast cars brought a few hundred as gifts to America and no one bought them because they were expensive and could not prove their durability and safety. These cars have been sitting on the parking lot for more than a year now. They will degrade and then they will be sold to someone.",neutral,0.626,기타,2026-06-04 05:49:55.671496+00
217,nOpmGFkntb4,@limcheating1,"Wuling EV is very basic but a adorable car, and its CHEAP, really cheap, the Japanese car maker bought one and open it to see how could it be so cheap, they found out that all components of the EV are ready goods in the market, many of those arent even designed for vehicle use, it is interesting",2,2022-12-09 14:59:07+00,en,"Wuling EV is very basic but a adorable car, and its CHEAP, really cheap, the Japanese car maker bought one and open it to see how could it be so cheap, they found out that all components of the EV are ready goods in the market, many of those arent even designed for vehicle use, it is interesting",negative,0.8371,UI불편,2026-06-04 05:49:55.671496+00
218,nOpmGFkntb4,@richiesd1,"Imagine if all the fleets in the developing world could all be replaced with little electric cars under $10,000. That would solve so many problems.  Pollutions in the cities would go away",2,2022-11-29 03:10:28+00,en,"Imagine if all the fleets in the developing world could all be replaced with little electric cars under $10,000. That would solve so many problems.  Pollutions in the cities would go away",negative,0.4593,기타,2026-06-04 05:49:55.671496+00
251,moNqhkSmNNg,@chrisw502,PTT EV Station Pluz was great until they stopped accepting foreign credit and debit cards.    I don't have a Thai credit card.  Hope they resolve this soon.,1,2026-05-13 07:33:57+00,en,PTT EV Station Pluz was great until they stopped accepting foreign credit and debit cards.    I don't have a Thai credit card.  Hope they resolve this soon.,negative,0.8434,결제오류,2026-06-04 05:49:55.671496+00
253,moNqhkSmNNg,@JürgHölzle,I had problems with Spark. i was never able to charge my BYD Dolphin.,0,2026-02-19 07:26:59+00,en,I had problems with Spark. i was never able to charge my BYD Dolphin.,negative,0.7569,결제오류,2026-06-04 05:49:55.671496+00
255,moNqhkSmNNg,@MoeinEsther,"All PEA chargers are limited because of Cable , the Tip reaches to 73+C and the speed drops.",0,2026-02-19 12:21:53+00,en,"All PEA chargers are limited because of Cable , the Tip reaches to 73+C and the speed drops.",negative,0.5863,결제오류,2026-06-04 05:49:55.671496+00
266,QyHFDucrp-8,@Hiwaymn,"Here in Greece they put them up all over the place.  They were either free, or very low cost.  Once people got socialized to use them, they became pay-as-you-go, and quite expensive.  I can charge up my PHEV TO 80% in about 25 minutes at a fast charger, but it costs 4 times what it costs me at home.  Unless I’m on a trip and have a compelling need to charge, I don’t use the commercial chargers.  I’m sure I’m not unusual.",13,2026-05-07 14:09:31+00,en,"Here in Greece they put them up all over the place.  They were either free, or very low cost.  Once people got socialized to use them, they became pay-as-you-go, and quite expensive.  I can charge up my PHEV TO 80% in about 25 minutes at a fast charger, but it costs 4 times what it costs me at home.  Unless I’m on a trip and have a compelling need to charge, I don’t use the commercial chargers.  I’m sure I’m not unusual.",negative,0.4975,결제오류,2026-06-04 05:49:55.671496+00
267,QyHFDucrp-8,@Fiifty-Pence,"Not to mention you have to ""top up"" your account with a £10 minium on a charger that ive only seen at my local tesco not like everyother ev charger were you plug in tap your card to hold an amount of cash then tap again to be charged the session",16,2026-05-07 06:08:53+00,en,"Not to mention you have to ""top up"" your account with a £10 minium on a charger that ive only seen at my local tesco not like everyother ev charger were you plug in tap your card to hold an amount of cash then tap again to be charged the session",negative,0.4715,결제오류,2026-06-04 05:49:55.671496+00
483,hArnl8kI7DI,@huuthanhcho1822,❤.,0,2025-08-14 07:12:44+00,unknown,❤.,positive,0.4566,기타,2026-06-04 05:49:55.671496+00
264,QyHFDucrp-8,@mapryan,"It's the same answer to the question ""why isn't my house selling?"" 

It's always the price",96,2026-05-09 04:24:21+00,en,"It's the same answer to the question ""why isn't my house selling?"" 

It's always the price",negative,0.508,기타,2026-06-04 05:49:55.671496+00
269,QyHFDucrp-8,@ragdvald,"the 22kw Type 2 charging points  in the supermarket are very useful when we are travelling away from home. Locally however we never use them as compared to our 5p/kwh home charging point, the supermarket ones can be over 10 times that price..  Also 7kw isn’t much use  as the parking times are restricted.",4,2026-05-09 14:44:38+00,en,"the 22kw Type 2 charging points  in the supermarket are very useful when we are travelling away from home. Locally however we never use them as compared to our 5p/kwh home charging point, the supermarket ones can be over 10 times that price..  Also 7kw isn’t much use  as the parking times are restricted.",negative,0.5696,충전속도,2026-06-04 05:49:55.671496+00
274,QyHFDucrp-8,@apiscator444,so many chargers are between 79p - 89p ripoff Britain,132,2026-03-09 20:31:27+00,en,so many chargers are between 79p - 89p ripoff Britain,negative,0.8035,결제오류,2026-06-04 05:49:55.671496+00
278,QyHFDucrp-8,@scubasausage,I'm British but I live mostly in the USA. The UKs charging infrastructure is laughable. I would never buy an EV in the UK. But in the states its very very good. I dont even check to see if there are chargers available at any given destination.,0,2026-06-04 03:36:06+00,en,I'm British but I live mostly in the USA. The UKs charging infrastructure is laughable. I would never buy an EV in the UK. But in the states its very very good. I dont even check to see if there are chargers available at any given destination.,negative,0.858,결제오류,2026-06-04 05:49:55.671496+00
283,QyHFDucrp-8,@adisurd,"Typical supermarket visit is somewhere between 20 and 50 minutes. If somebody wants to charge their car for that much time, it doesn’t make sense that they only add maybe 5 kWh to the battery. These chargers need to be at least 50 kW power maybe even 100 would be nice because then that 20-50 minute supermarket run would also fill your car to a reasonable amount",14,2026-05-07 06:37:29+00,en,"Typical supermarket visit is somewhere between 20 and 50 minutes. If somebody wants to charge their car for that much time, it doesn’t make sense that they only add maybe 5 kWh to the battery. These chargers need to be at least 50 kW power maybe even 100 would be nice because then that 20-50 minute supermarket run would also fill your car to a reasonable amount",negative,0.5403,결제오류,2026-06-04 05:49:55.671496+00
284,QyHFDucrp-8,@karinhart489,We had several small independent markets offering level 1 & level 2 charging for free back in the day.  Or free while you were inside shopping.  Most of those old chargers have either been vandalized or have died @nd are no longer under maintenance contract. Sorry to see those old free chargers die. Not far away from markets there is a small town city hall nearby that has modern up-to-date level 2 chargers for 20¢ per kWh using power off the roof.,0,2026-05-12 04:50:29+00,en,We had several small independent markets offering level 1 & level 2 charging for free back in the day.  Or free while you were inside shopping.  Most of those old chargers have either been vandalized or have died @nd are no longer under maintenance contract. Sorry to see those old free chargers die. Not far away from markets there is a small town city hall nearby that has modern up-to-date level 2 chargers for 20¢ per kWh using power off the roof.,negative,0.9072,결제오류,2026-06-04 05:49:55.671496+00
291,QyHFDucrp-8,@colin1odonnell,"It's not rocket science to match the charger speed to the natural dwell time of the location. Also, its not rocket science that if it costs me 60cents to charge publicly or 9 cents at home, or in other words if public charging is as expensive as diesel why would I do it if I have another option",4,2026-05-07 19:12:58+00,en,"It's not rocket science to match the charger speed to the natural dwell time of the location. Also, its not rocket science that if it costs me 60cents to charge publicly or 9 cents at home, or in other words if public charging is as expensive as diesel why would I do it if I have another option",negative,0.7541,결제오류,2026-06-04 05:49:55.671496+00
299,QyHFDucrp-8,@lisadefries6718,Biggest problem with these chargers is they are 7kw if they 3 times faster even if same price per kw they would get use,3,2026-02-22 19:19:32+00,en,Biggest problem with these chargers is they are 7kw if they 3 times faster even if same price per kw they would get use,negative,0.6992,결제오류,2026-06-04 05:49:55.671496+00
311,QyHFDucrp-8,@comahon2000,In my area you have a choice of 4 pod points in Tescos which are pretty slow and expensive or just around the corner 16 open to all superchargers. Guess which ones are always busy.,1,2026-05-08 06:33:41+00,en,In my area you have a choice of 4 pod points in Tescos which are pretty slow and expensive or just around the corner 16 open to all superchargers. Guess which ones are always busy.,negative,0.7685,결제오류,2026-06-04 05:49:55.671496+00
317,QyHFDucrp-8,@WitchesAndRayGuns,"I use a PodPoint at my local Tesco twice a week (more or less) because charging at home is not really workable right now. When I get home charging sorted out, I won't be doing that. As it is, I just keep the battery topped up, but there is a guy there regularly who seems to be charging his battery to full of these things.",0,2026-05-10 18:18:04+00,en,"I use a PodPoint at my local Tesco twice a week (more or less) because charging at home is not really workable right now. When I get home charging sorted out, I won't be doing that. As it is, I just keep the battery topped up, but there is a guy there regularly who seems to be charging his battery to full of these things.",negative,0.6156,기타,2026-06-04 05:49:55.671496+00
400,hArnl8kI7DI,@WeLovePeacecn,Hộc để đồ yên ngựa như thế là hơi bị sâu và to đấy anh 😂,1,2025-08-06 13:51:02+00,vi,The saddle compartment is a bit deep and big like that 😂,negative,0.7295,기타,2026-06-04 05:49:55.671496+00
498,7Lm-Rpw0Zl0,@AnhTuan010,Xắp tới còn nằm đường dài dài 😂,1,2025-10-12 19:34:37+00,vi,It's going to be a long road ahead 😂,neutral,0.4693,기타,2026-06-04 05:49:55.671496+00
499,7Lm-Rpw0Zl0,@fdffghfgh1692,Xe rất hợp lý trong tầm giá 500,0,2025-10-10 23:12:30+00,vi,The car is very reasonable in the price range of 500,positive,0.705,기타,2026-06-04 05:49:55.671496+00
68,6rw0NJdxgMs,@luvotokeyho,"Hey Marc do marry gulsha, you two are perfect match..",2,2025-04-12 14:37:42+00,en,"Hey Marc do marry gulsha, you two are perfect match..",positive,0.7032,기타,2026-06-04 05:49:55.671496+00
408,hArnl8kI7DI,@kitaswoodworks714,chiếc này mà làm cửa lùa như custin thì thôi rồi luôn. hết nước chấm luôn,0,2025-12-23 14:53:55+00,vi,"If this one were to make a sliding door like a custin, it would be fine.running out of dipping sauce",negative,0.8254,기타,2026-06-04 05:49:55.671496+00
330,QyHFDucrp-8,@wesleyvelroij4837,"I use them: but only this one time, when I purposely booked a hotel ( that turned out to be shitty ) to be around a Tesco charging station. Actually the charging rates, are a bit cheaper than the other public chargers.",0,2026-05-09 15:54:39+00,en,"I use them: but only this one time, when I purposely booked a hotel ( that turned out to be shitty ) to be around a Tesco charging station. Actually the charging rates, are a bit cheaper than the other public chargers.",negative,0.546,결제오류,2026-06-04 05:49:55.671496+00
335,QyHFDucrp-8,@danielyoon3313,"American in California chiming in: I would imagine having every EV owner carry their own charging cable to plug into would go a long way in making these public charging stations last longer. In the States, once a cable or connector breaks, it may take weeks or even months to see it back in operation again. We also have the same problem of these supermarket L2 chargers being way too overpriced. I've seen it go as high as 65c/kWh LMAO. No wonder they're barren.",0,2026-05-12 15:12:41+00,en,"American in California chiming in: I would imagine having every EV owner carry their own charging cable to plug into would go a long way in making these public charging stations last longer. In the States, once a cable or connector breaks, it may take weeks or even months to see it back in operation again. We also have the same problem of these supermarket L2 chargers being way too overpriced. I've seen it go as high as 65c/kWh LMAO. No wonder they're barren.",negative,0.9045,결제오류,2026-06-04 05:49:55.671496+00
339,QyHFDucrp-8,@hogwash1462,"On pod points you Have to bring your own cable, get it out and put it away you also pay a lump sum with the unused amount as credit. It’s too much of a pain for 30 mins at slow rate.",1,2026-05-07 17:41:01+00,en,"On pod points you Have to bring your own cable, get it out and put it away you also pay a lump sum with the unused amount as credit. It’s too much of a pain for 30 mins at slow rate.",negative,0.8993,결제오류,2026-06-04 05:49:55.671496+00
342,QyHFDucrp-8,@PNH750,"The big problem I came across with nearly all Tesco EV Chargers was their position. At most sites the chargers were near the supermarket  entrance and consequently when it rained huge ICE SUVs would use the allocated bays. Also the instructions for use board would state a charge rate of up to 7Kw but half that was more likely. However, it was free power.",0,2026-05-06 09:00:34+00,en,"The big problem I came across with nearly all Tesco EV Chargers was their position. At most sites the chargers were near the supermarket  entrance and consequently when it rained huge ICE SUVs would use the allocated bays. Also the instructions for use board would state a charge rate of up to 7Kw but half that was more likely. However, it was free power.",negative,0.5047,결제오류,2026-06-04 05:49:55.671496+00
348,QyHFDucrp-8,@stevenschmidt,"The only reason I don't is because the ones by supermarkets where I live are super expensive, much more than others that are not by supermarkets.",0,2026-05-09 05:22:49+00,en,"The only reason I don't is because the ones by supermarkets where I live are super expensive, much more than others that are not by supermarkets.",negative,0.8206,기타,2026-06-04 05:49:55.671496+00
353,QyHFDucrp-8,@itzzhybridyani4060,"In Bulgaria they used to be free, even being 7 or 11 kw, but when they got paid with ridiculous prices, people stopped using them...",0,2026-05-09 14:38:43+00,en,"In Bulgaria they used to be free, even being 7 or 11 kw, but when they got paid with ridiculous prices, people stopped using them...",negative,0.7662,기타,2026-06-04 05:49:55.671496+00
354,QyHFDucrp-8,@Oho159,In my country same problem. Slow chargers with outrages prices compared to new chargers in other places,0,2026-05-09 09:04:17+00,en,In my country same problem. Slow chargers with outrages prices compared to new chargers in other places,negative,0.8534,결제오류,2026-06-04 05:49:55.671496+00
355,QyHFDucrp-8,@DimitriLanderloos,"i charge at home - a lot cheaper than what the supermarkets charge. another big barrier for me is honestly that most supermarkets require me to use my own cable, and i just simply cannot be arsed to do that. i have charged at Aldi a few times, because its a tethered charger.",1,2026-05-11 08:00:15+00,en,"i charge at home - a lot cheaper than what the supermarkets charge. another big barrier for me is honestly that most supermarkets require me to use my own cable, and i just simply cannot be arsed to do that. i have charged at Aldi a few times, because its a tethered charger.",negative,0.7118,결제오류,2026-06-04 05:49:55.671496+00
357,QyHFDucrp-8,@rachelblack3816,"American here.  When I bought my EV a year ago, I didn't realize how limited Level-2 charging really was, unless you are charging overnight, at home.  Out on the road, I have little use for 7kW charging, it's just too slow to be of much use over a period of one or 2 hours.",0,2026-05-11 05:32:03+00,en,"American here.  When I bought my EV a year ago, I didn't realize how limited Level-2 charging really was, unless you are charging overnight, at home.  Out on the road, I have little use for 7kW charging, it's just too slow to be of much use over a period of one or 2 hours.",negative,0.8522,충전속도,2026-06-04 05:49:55.671496+00
373,99ZI6yDVOrA,@리더원-i6k,중국차는  겉만멀쩡하지 내구성은 허접합니다,1,2022-03-16 02:51:04+00,ko,"Chinese cars look good on the outside, but their durability is poor.",negative,0.6351,기타,2026-06-04 05:49:55.671496+00
374,99ZI6yDVOrA,@김충식-q1c,"요정님 전기차는 밧데리가생명인데  중국산밧데리는 오래사용 못한다네요
참고하시시길~~....",3,2022-03-15 09:49:16+00,ko,"Fairy, batteries are the lifeblood of an electric car, but Chinese batteries don't last long.
Please note~~....",negative,0.4861,기타,2026-06-04 05:49:55.671496+00
375,99ZI6yDVOrA,@user-aloche19,밧데리 연결부위에  화재가 자주발생함.. 운행중 약간의 요철로인한  리콜자주 되더군요.. 조금 더 지나야 완전무결함. 단 운전을 좋아라 하는 분은  전기차 가 재미없음 .. 수동이 말뚝기어가 재미가 나지요,1,2022-03-15 11:23:21+00,ko,"Fires often occur in the battery connection area. There are frequent recalls due to slight irregularities during driving. It takes a while for it to be completely flawless.However, for those who like driving, electric cars are not fun... manual cars are more fun with peg gears.",negative,0.5042,연결실패,2026-06-04 05:49:55.671496+00
376,D7b1KVmJ0Mk,@BahtiarSPd-f6d,Waduh... ko bisa tdk bayar..,0,2026-05-29 16:07:04+00,so,Wow... how can I not pay...,negative,0.8161,기타,2026-06-04 05:49:55.671496+00
384,D7b1KVmJ0Mk,@sillakesatu,Emng pengusaha atau orang kaya Indonesia maunya malingin ngurasin ngerauk kekayaan Indonesia doang. Battery charging aj kudu pihak luar yg invest. Kaya doang lu diforbes gdein sawit doang minyak mah tetep bae mahal.,0,2026-04-24 09:14:26+00,id,"Indonesian businessmen or wealthy people want to steal the wealth of Indonesia.Battery charging must be done by an outside party that invests.It's like you just diforbes gdein palm oil, it's still expensive.",negative,0.8359,기타,2026-06-04 05:49:55.671496+00
405,hArnl8kI7DI,@vu1804,Ngoại thất thấy ok mà sao nội thất hoàn thiện thấy chưa chỉnh chu cho lắm,1,2025-08-06 14:55:35+00,vi,"The exterior looks ok, but the finished interior doesn't look very neat",negative,0.5575,기타,2026-06-04 05:49:55.671496+00
407,hArnl8kI7DI,@kbnsample-official6003,Khen cho lắm vô ko thấy chê,0,2025-08-06 16:21:17+00,vi,I praise you so much that I don't feel any criticism,negative,0.404,기타,2026-06-04 05:49:55.671496+00
385,D7b1KVmJ0Mk,@_YogiSetiawan,"Si mba nya bilang klo ada yang mau nanya2 ttg SPKL VGreen ini boleh hubungi kita aja, tp sm tribun nya ga dicantumin nmr contactnya. KOCAAK!! 
Miinn gw mau lahan parkir caffe gw dipasangin VGreen ini, gimana caranyaaa?? Ngehubungin siapaaaa??",0,2026-05-17 00:09:08+00,id,"The lady said that if anyone wants to ask questions about SPKL VGreen, they can just contact us, but the contact number for the stands is not included.CRAZY!!
Hey, I want to install VGreen in my cafe's parking lot, how do I do it??Who do you contact?",negative,0.5344,기타,2026-06-04 05:49:55.671496+00
470,hArnl8kI7DI,@XiTrumduccaptrumtumlay,"Quãi thật, xe 600tr-700tr mà nội thất chân vậy, khác gì cái hộp nhựa gắn thêm 1 cái màn hình với 1 mớ nhút bấm và gắn ghế đâu.",5,2025-08-06 14:23:27+00,vi,"Seriously, a car worth 600 million-700 million has such a bare interior, nothing more than a plastic box with a screen attached to it, a bunch of buttons and seats attached.",negative,0.5505,기타,2026-06-04 05:49:55.671496+00
471,hArnl8kI7DI,@dautubdscungDucCuong,Phân tích ko hay. VF cố tình bán xe cao cấp trước là có lí do cả đó. Ko ngu đâu,1,2025-08-07 13:58:17+00,vi,Phân tích ko hay. VF cố tình bán xe cao cấp trước là có lí do cả đó. Ko ngu đâu,negative,0.8596,기타,2026-06-04 05:49:55.671496+00
413,hArnl8kI7DI,@AnhNguyen-vo8ok,Nhìn anh Lê Thượng Tướng mồ hôi lấm tấm trên mặt mà giận cái thời tiết ở Hà Lội thật. Tại sao Hà Lội lại đối xử với người đã vượt qua 2k km như vầy?!!! Tại saoooo...!!!,0,2025-08-06 15:19:15+00,vi,"Looking at Mr. Le Thuong Tuong with sweat pouring down his face, he was really angry at the weather in Ha Loi.Why does Ha Loi treat someone who has traveled 2k km like this?!!!Whyoooo...!!!",negative,0.6409,기타,2026-06-04 05:49:55.671496+00
415,hArnl8kI7DI,@Congduy.nguyen,"Đúng, mua xe này về chạy đc cày tiền nào hết khấu hao đem cân sắt bán phế liệu vẫn lỗ sặc máu 😂",1,2025-08-07 13:28:41+00,vi,"Yes, I bought this car and drove it with no money, no depreciation, weighed it and sold it for scrap, still a bloody loss 😂",negative,0.6644,결제오류,2026-06-04 05:49:55.671496+00
429,hArnl8kI7DI,@aaarchi240,Thế này thì các cụ chạy Innova mạnh dạn xuống tiền đc rồi.,2,2025-08-06 15:15:12+00,vi,"With this, Innova drivers can boldly save money.",negative,0.4075,결제오류,2026-06-04 05:49:55.671496+00
430,hArnl8kI7DI,@Mario-Mari,Thêm cái vô lăng nút bấm thì chi phí 1-2 củ là cùng. Vin ko làm để khách họ chê ko đáng chút nào. Xe 700tr mà ko bằng cọ morning nữa.,3,2025-08-06 15:53:53+00,vi,Adding a button steering wheel costs 1-2 bucks.Vin doesn't do it to make customers think it's not worth it.The car is 700 million but not as good as the Morning Palm.,negative,0.6815,기타,2026-06-04 05:49:55.671496+00
431,hArnl8kI7DI,@chauphong5712,T mà là ông chủ hãng xe khác chắc trầm cảm,0,2025-08-06 15:21:30+00,vi,"If I were the owner of another car company, I'd be depressed",negative,0.7174,기타,2026-06-04 05:49:55.671496+00
432,hArnl8kI7DI,@vyvan9992,"Tui chỉ quAn tâm cục pin, phần mền nó ổn định không chứ giờ nó quá chuối và thiếu an toàn.",1,2025-08-07 00:32:11+00,vi,"I'm only concerned about the battery and software being stable, but now it's too slow and unsafe.",negative,0.826,UI불편,2026-06-04 05:49:55.671496+00
436,hArnl8kI7DI,@Quatangcuocsong5566,Không biết chiếc xe này cứng đến mức nào,0,2025-08-09 04:21:28+00,vi,I wonder how tough this car is,negative,0.4401,기타,2026-06-04 05:49:55.671496+00
437,hArnl8kI7DI,@tuanmaianh6135,"Vẫn chưa hiểu chiến lược của Vin, mẫu này kiểu gì Vin cũng giảm tầm 20,30 triệu trong tương lai, số này thừa trang bị những linh kiện và nút cơ bản trên vô lăng hay cánh cửa. Thực sự những thứ này mua và lắp theo lô nó quá rẻ luôn, Không lẽ Vin muốn để phần này cho các Gara độ xe để được truyền thông miễn phí",0,2025-08-10 15:41:47+00,vi,"Vẫn chưa hiểu chiến lược của Vin, mẫu này kiểu gì Vin cũng giảm tầm 20,30 triệu trong tương lai, số này thừa trang bị những linh kiện và nút cơ bản trên vô lăng hay cánh cửa. Thực sự những thứ này mua và lắp theo lô nó quá rẻ luôn, Không lẽ Vin muốn để phần này cho các Gara độ xe để được truyền thông miễn phí",negative,0.5004,기타,2026-06-04 05:49:55.671496+00
449,hArnl8kI7DI,@nguyenthanvlog3025,Con này mà của nhà toy thì ổng chê còn gớm hơn shit. 750tr ông Tiến àk.? Ông có biết ko.? Ông có biết 750tr cho con xe sx ở vn ntn thì ông nghĩ ntn.? Nói xạo ra đường  cún nó dí nó cắn nhen ông.😂😂😂,1,2025-08-06 16:40:07+00,vi,"If this one belonged to a toy house, he would say it would be worse than shit.750 million, Mr. Tien?Do you know?Do you know what you think about 750 million for a car made in Vietnam?If you lie, the dog will force it to bite you.😂😂😂",negative,0.4531,기타,2026-06-04 05:49:55.671496+00
403,hArnl8kI7DI,@Truongzk,"Đù mé màu vàng nhìn như xe sang luôn, hao hao Lambo :))
Ngoại thất khỏi chê, nội thì không tương xứng thật nhưng muốn thì độ lại lên.",0,2025-08-06 23:10:06+00,vi,"The yellow rims look like a luxury car, similar to a Lambo :))
The exterior is fine, the interior doesn't really match, but if you want, you can upgrade it.",positive,0.4728,기타,2026-06-04 05:49:55.671496+00
404,hArnl8kI7DI,@quyuc2511,Hãy là người tiêu dùng thông minh đừng mất tiền ngu vào những j họ nổ....,0,2025-10-21 10:44:24+00,vi,"Be a smart consumer, don't waste your money on stupid things...",neutral,0.3886,결제오류,2026-06-04 05:49:55.671496+00
259,QyHFDucrp-8,@Payteer,"In France the supermarket ones are either fast chargers or 22kw and at €0.25 or €0.30 per kw. In the UK they're ripping you off, it seems.",767,2026-05-08 18:59:32+00,en,"In France the supermarket ones are either fast chargers or 22kw and at €0.25 or €0.30 per kw. In the UK they're ripping you off, it seems.",negative,0.5859,결제오류,2026-06-04 05:49:55.671496+00
260,QyHFDucrp-8,@RonE_UK,Once upon a time these Pod Point chargers at Tesco were free to use 😢,730,2026-04-30 22:51:11+00,en,Once upon a time these Pod Point chargers at Tesco were free to use 😢,negative,0.7807,결제오류,2026-06-04 05:49:55.671496+00
263,QyHFDucrp-8,@my_carp_life3424,Might have somert to do with the prices are ridiculous expensive,337,2024-12-17 22:53:22+00,en,Might have somert to do with the prices are ridiculous expensive,negative,0.8512,기타,2026-06-04 05:49:55.671496+00
423,hArnl8kI7DI,@toantrantin7719,"Ghế da, nút bấm trên vô lăng nữa là hết ý kiến rồi!",0,2025-08-07 02:44:55+00,vi,"Leather seats, buttons on the steering wheel and that's it!",negative,0.5962,기타,2026-06-04 05:49:55.671496+00
426,hArnl8kI7DI,@chauchauvn,"khách hàng nào cần cái vô lăn như vậy, đó là sự coi thường khách hàng, 700tr đâu có rẽ 😡 sự nuôn chiều tạo ra một sp xúc phạm người mua.",14,2025-08-06 15:35:12+00,vi,"No customer needs a wheel like that, that's a disregard for the customer, 700 million is not cheap 😡 pampering creates a product that offends the buyer.",negative,0.9281,기타,2026-06-04 05:49:55.671496+00
428,hArnl8kI7DI,@Jonhchinaaaa,"Nhìn nội thật lởm thật sự, toàn nhựa với nhựa, mà nhựa nhìn như nhựa chợ tân thành vậy, cái màn hình cho người lái cũng cắt luôn, xe của BYD cùng tầm giá mà nội thất xịn hơn nhiều.",7,2025-08-06 14:19:22+00,vi,"The interior looks really shabby, it's all plastic and plastic, and the plastic looks like plastic from a Tan Thanh market, the driver's screen is also cut off, BYD's car is in the same price range but the interior is much better.",negative,0.5946,기타,2026-06-04 05:49:55.671496+00
434,hArnl8kI7DI,@ChauNguyen-qt7lc,Tên nầy bợ dính v rồi😂,1,2025-08-07 16:24:50+00,vi,This guy is so stupid😂,negative,0.3635,기타,2026-06-04 05:49:55.671496+00
482,hArnl8kI7DI,@Anhhn8,"Vf6,7,8,9...tụi anti còn chê xấu mà,tóm lại ai thích hoặc hợp nhu cầu thì mua thôi,chả ai ép ai như lời bọn chống phá nói cả.",0,2025-08-07 06:42:30+00,vi,"Vf6,7,8,9...the antis still say it's bad, in short, whoever likes it or fits their needs can buy it, no one is forcing anyone like the antis say.",negative,0.7872,기타,2026-06-04 05:49:55.671496+00
489,mrO6g8cX4pM,@KrishnaPradeepPrabhala,Bhai dollar value ke badle indian rupees use karo na usse uski brand value shayad badh jaye. Hume india ko badhana hai foriegn currency nahi..,0,2026-02-20 02:37:41+00,id,"Brother, use Indian Rupees instead of dollar value, otherwise its brand value may increase.We want to promote India, not foreign currency.",negative,0.4345,기타,2026-06-04 05:49:55.671496+00
257,moNqhkSmNNg,@tomcockcroft9394,Tesla charging is the best by far when you are close. 6bht kWh,0,2026-02-20 06:10:20+00,en,Tesla charging is the best by far when you are close. 6bht kWh,positive,0.7496,기타,2026-06-04 05:49:55.671496+00
258,QyHFDucrp-8,@EVCHARGINGBOOTCAMP,New EV charging content is now at @PrimetimeEV - subscribe there for the latest.,19,2026-05-01 16:28:41+00,en,New EV charging content is now at @PrimetimeEV - subscribe there for the latest.,neutral,0.6592,기타,2026-06-04 05:49:55.671496+00
362,-iHoikHRO5Q,@김성진-p3m,영상 잘봤습니다 감사합니다,0,2023-10-15 09:27:49+00,ko,I enjoyed the video. Thank you.,positive,0.9062,기타,2026-06-04 05:49:55.671496+00
422,hArnl8kI7DI,@evxe-e2f,Đù đi đâu 2 người trở lên hay 1 người ok gọi limo green chở tận nơi rộng quá,1,2025-08-06 14:08:39+00,vi,"No matter where 2 or more people go or 1 person is ok, call green limo to take you to the place, it's too big",neutral,0.5592,기타,2026-06-04 05:49:55.671496+00
424,hArnl8kI7DI,@vuluuanh1240,Giá thực đang bán 690tr sau trừ k/m,0,2025-08-07 12:57:55+00,vi,Actual selling price is 690 million after deducting k/m,neutral,0.905,기타,2026-06-04 05:49:55.671496+00
425,hArnl8kI7DI,@minhcanhluong1981,Ăn tiền qc của vin nên phải cố gắng để khen hết mức có thể,1,2025-08-07 12:56:54+00,vi,I eat Vin's qc money so I have to try to praise as much as possible,positive,0.4274,결제오류,2026-06-04 05:49:55.671496+00
237,Jja5en9n9pw,@arissaracym2173,น่าไปคะ ในคลิปที่เห็นน้ำตก ตรงนั้นเรียกว่าอะไรคะ,0,2026-01-20 15:29:02+00,th,It's worth going. In the clip you can see a waterfall.What is that called?,neutral,0.4775,기타,2026-06-04 05:49:55.671496+00
239,Jja5en9n9pw,@johnmongkhounsavath3678,👍👍👍,1,2024-02-26 10:05:50+00,unknown,👍👍👍,positive,0.6167,기타,2026-06-04 05:49:55.671496+00
240,Jja5en9n9pw,@MONH-มนต์.สิงห์บลูส์,🇱🇦❤️🇹🇭🇹🇭🤝🇱🇦,1,2024-02-27 19:41:39+00,unknown,🇱🇦❤️🇹🇭🇹🇭🤝🇱🇦,positive,0.4855,기타,2026-06-04 05:49:55.671496+00
241,Jja5en9n9pw,@LaotravelAlao,ຍິນດີຕ້ອນຮັບເດີ້,0,2024-02-27 02:09:07+00,unknown,Welcome guys,positive,0.4081,기타,2026-06-04 05:49:55.671496+00
242,Jja5en9n9pw,@TeawDA,ต้องซื้อซิมลาวไหมฮะ แอพธนาคารเราใช้ได้ไหมฮะ หรือเราต้องซื้อโรมมิ่งครับ,0,2024-06-08 13:26:18+00,th,Do I have to buy a Lao SIM card?Can we use the banking app?Or do we have to buy roaming?,neutral,0.7574,기타,2026-06-04 05:49:55.671496+00
245,Jja5en9n9pw,@safetypin6157,สบายดี ต้องหาโอกาสไปละ,0,2025-09-23 10:05:13+00,th,I'm fine. I have to find an opportunity.,positive,0.6448,기타,2026-06-04 05:49:55.671496+00
246,Jja5en9n9pw,@AirnoySenethavisouk,👍👍👍,0,2024-02-27 04:32:02+00,unknown,👍👍👍,positive,0.6167,기타,2026-06-04 05:49:55.671496+00
247,moNqhkSmNNg,@internationalsixty1819,New EV owner in Thailand… Yet to make 1st recharge. Thanks for making the comparison.,0,2026-05-27 20:56:45+00,en,New EV owner in Thailand… Yet to make 1st recharge. Thanks for making the comparison.,positive,0.7661,기타,2026-06-04 05:49:55.671496+00
248,moNqhkSmNNg,@JürgHölzle,Thank you very much for your comparison. I mostly charge at home. On longer trips I prefer EV Station because of the infrastructure of the PTT gas stations. I sometimes also use the charging network of BYD. Both now support plug & charge without scanning a QR code.,1,2026-02-19 07:25:22+00,en,Thank you very much for your comparison. I mostly charge at home. On longer trips I prefer EV Station because of the infrastructure of the PTT gas stations. I sometimes also use the charging network of BYD. Both now support plug & charge without scanning a QR code.,positive,0.6166,연결실패,2026-06-04 05:49:55.671496+00
249,moNqhkSmNNg,@IskandarRahmat,"Hi there - the Sealion 7 can indeed get 150kW at 400v chargers. But some chargers advertise 240kW at 800v - thus only 120kW if charging at 400v.

Lastly, the 150kW charging speed is only until roughly 50% battery, then it tapers down slowly to 120kW, then 90kW, 60kw, and 40-50kw at the end.

I enjoy your content as a fellow Sealion 7 owner in Malaysia 😁",1,2026-02-19 06:07:09+00,en,"Hi there - the Sealion 7 can indeed get 150kW at 400v chargers. But some chargers advertise 240kW at 800v - thus only 120kW if charging at 400v.

Lastly, the 150kW charging speed is only until roughly 50% battery, then it tapers down slowly to 120kW, then 90kW, 60kw, and 40-50kw at the end.

I enjoy your content as a fellow Sealion 7 owner in Malaysia 😁",positive,0.4411,충전속도,2026-06-04 05:49:55.671496+00
250,moNqhkSmNNg,@timprivett635,"Good info . 
We use PTT usually . Sometimes slow charging . 
The booking system is excellent but I wish they would penalise the people who dont come back to their car in time .",0,2026-02-20 23:37:14+00,en,"Good info . 
We use PTT usually . Sometimes slow charging . 
The booking system is excellent but I wish they would penalise the people who dont come back to their car in time .",neutral,0.3609,충전속도,2026-06-04 05:49:55.671496+00
306,QyHFDucrp-8,@EarlyRetiredWales,"I charged at a Sainsbury’s last week whilst away on a camping trip.  Fast, worked with Electroverse, big bays - and the benefit of shops/toilet.",4,2026-05-02 19:05:05+00,en,"I charged at a Sainsbury’s last week whilst away on a camping trip.  Fast, worked with Electroverse, big bays - and the benefit of shops/toilet.",positive,0.5749,기타,2026-06-04 05:49:55.671496+00
307,QyHFDucrp-8,@mrcryptozoic817,Think of it as a problem of two unrelated cycle times. The time in the store and the time to charge. They cross. They done run parallel.,0,2026-05-14 02:41:39+00,en,Think of it as a problem of two unrelated cycle times. The time in the store and the time to charge. They cross. They done run parallel.,neutral,0.7764,기타,2026-06-04 05:49:55.671496+00
308,QyHFDucrp-8,@GrooveTasticThang,"A video about supermarket EV chargers, do we need the background music 🤔",5,2026-05-07 12:35:34+00,en,"A video about supermarket EV chargers, do we need the background music 🤔",neutral,0.8771,기타,2026-06-04 05:49:55.671496+00
309,QyHFDucrp-8,@karlatkinson2065,"Used to get DPD vans parking all night to charge up for free.. 
Also the cost is skewed a little as electricity bought commercially is vat at 20% where as at home it is 5%",0,2026-05-12 08:30:22+00,en,"Used to get DPD vans parking all night to charge up for free.. 
Also the cost is skewed a little as electricity bought commercially is vat at 20% where as at home it is 5%",neutral,0.6291,기타,2026-06-04 05:49:55.671496+00
313,QyHFDucrp-8,@pppscooby,"The one local to me usually has cats plugged in to it, but i think they are faster than the usual 7kwh so makes it worthwhile plugging in if you don’t have home charging and are going to be in the shop for a while.",0,2026-05-10 09:41:36+00,en,"The one local to me usually has cats plugged in to it, but i think they are faster than the usual 7kwh so makes it worthwhile plugging in if you don’t have home charging and are going to be in the shop for a while.",neutral,0.5801,기타,2026-06-04 05:49:55.671496+00
230,Jja5en9n9pw,@vanhnasylsm3366,ສະບາຍດີ​👏👍👍,2,2024-02-26 11:00:19+00,unknown,Hello 👏👍👍,positive,0.835,기타,2026-06-04 05:49:55.671496+00
10,cuFkQBe26mM,@k066445569,ยัง... ยัง​... ทริปจบ แต่คลิปยังไม่จบอีก 555+,1,2024-10-07 10:52:47+00,th,Not yet... not yet... the trip is over but the clip isn't over yet haha.,neutral,0.4722,기타,2026-06-04 05:49:55.671496+00
461,hArnl8kI7DI,@peterlim-pf7kj,"xe Vin tốt xấu chưa bàn tới nhưng thấy cách làm ăn kiểu đẹp khoe xấu che, bưng bít thông tin cháy nổ , ko tôn trọng tự do ngôn luận cùa chính khách hàng la ko OK rồi. xe Tesla cũng có cháy nổ nhưng họ ko cấm báo chí đăng ko gỡ bài post trên mạng, vàng thiệt ko sợ lửa",0,2025-08-06 21:29:43+00,vi,"Vin cars are good and bad, we haven't discussed it yet, but seeing the way of doing business in a beautiful way that shows off its ugliness, hides explosive information, and doesn't respect the freedom of speech of its customers is not OK.Tesla cars also have fires, but they don't ban the press from posting or removing posts online, real gold is not afraid of fire",negative,0.5106,기타,2026-06-04 05:49:55.671496+00
463,hArnl8kI7DI,@JonhPriceSAS,"Xe này ra giờ làm trùm phân khúc luôn, mấy chiếc 7 chỗ khác như Xpander, Veloz khóc không ra tiếng.",5,2025-08-06 13:17:58+00,vi,"This car is now the boss of the segment, other 7-seat cars like Xpander and Veloz cry without making a sound.",negative,0.4823,기타,2026-06-04 05:49:55.671496+00
464,hArnl8kI7DI,@toannguyenle7645,"Vinfast h ngáo giá hơn cả toy
Bán con xe cởi truồng 7 chỗ giá 750tr. Ko có 1 cái gì gọi là option hết. Nội thất thua cả xe tải 😢
Trả cọc vội",1,2025-08-06 14:49:23+00,vi,"Vinfast is more expensive than a toy
Selling a 7-seat naked car for 750 million.There is no such thing as an option.The interior is worse than a truck 😢
Pay deposit quickly",negative,0.6968,충전속도,2026-06-04 05:49:55.671496+00
466,hArnl8kI7DI,@aoducohan6217,"Xe này cắt nhiều thứ quá, cốp sau nhỏ quá, giá nốc k có luôn, cảm biến k, adas k, vô lăng trống trơn. Tầm giá 690tr lăn bánh ok.",1,2025-08-06 13:46:27+00,vi,"This car has too many things cut out, the rear trunk is too small, the price is not there, there are no sensors, no adas, the steering wheel is empty.Price range of 690 million is ok.",negative,0.8157,기타,2026-06-04 05:49:55.671496+00
261,QyHFDucrp-8,@jameslovestokyo,"British supermarkets have this back-to-front. My preferred supermarket here in Sweden offers a small number of 7kW chargers for free. It's not fast, but it can add 3-5% each time I do a twice-weekly shop. That's a small gesture that pays for the travel there and back and keeps me coming loyal.",273,2026-05-08 06:13:37+00,en,"British supermarkets have this back-to-front. My preferred supermarket here in Sweden offers a small number of 7kW chargers for free. It's not fast, but it can add 3-5% each time I do a twice-weekly shop. That's a small gesture that pays for the travel there and back and keeps me coming loyal.",positive,0.6833,결제오류,2026-06-04 05:49:55.671496+00
358,-iHoikHRO5Q,@_LuckyLucky,전기차 충전소에 전기차까지 확인 ❤ 불사조님 감사합니다. 진정성에 감동,1,2023-10-15 10:33:53+00,ko,"Checking the electric car charging station for electric cars ❤ Thank you, Phoenix.Impressed by sincerity",positive,0.83,기타,2026-06-04 05:49:55.671496+00
69,6rw0NJdxgMs,@konnnyt,i need your editing bg sounds 😏,0,2025-04-13 05:50:46+00,en,i need your editing bg sounds 😏,neutral,0.5579,기타,2026-06-04 05:49:55.671496+00
406,hArnl8kI7DI,@VlogBayang,Xe 6-700 triệu nhìn vô lăng như xe tải,3,2025-08-06 22:27:41+00,vi,Cars worth 6-700 million look at the steering wheel like a truck,neutral,0.6779,기타,2026-06-04 05:49:55.671496+00
409,hArnl8kI7DI,@toan1507,Nó sẽ có bản gia đình trang bị sịn hơn và giá cao hơn,0,2025-08-06 23:43:56+00,vi,It will have a family version with better equipment and a higher price,neutral,0.537,기타,2026-06-04 05:49:55.671496+00
70,6rw0NJdxgMs,@USUG0,no thief will ever find that airtag! :-P,1,2025-04-12 18:18:01+00,en,no thief will ever find that airtag! :-P,positive,0.4991,기타,2026-06-04 05:49:55.671496+00
22,6rw0NJdxgMs,@superjazzjazz1723,คุญสองคนขับเก่งมากๆ ขอให้เดินทางปลอดภันครับ,0,2025-05-02 02:47:06+00,th,You two are very good drivers.May you travel safely.,positive,0.845,기타,2026-06-04 05:49:55.671496+00
438,hArnl8kI7DI,@minhhan192,200 ma luc manh gap doi xpander va.  Vez lech😂,0,2025-08-10 16:05:49+00,pt,200 powerful magic points for xpander and.Vez lech😂,neutral,0.364,기타,2026-06-04 05:49:55.671496+00
439,hArnl8kI7DI,@AnhtuanNguyen-mw8gp,Quá ngon. ❤,0,2025-08-07 04:51:56+00,vi,So delicious.❤,positive,0.9002,기타,2026-06-04 05:49:55.671496+00
450,hArnl8kI7DI,@Khiemthinhduy,thanks,0,2025-08-08 05:18:42+00,en,thanks,positive,0.4235,기타,2026-06-04 05:49:55.671496+00
451,hArnl8kI7DI,@taio4936,"Free sạc 2 năm chứ làm gì được 3 năm ??
Bỏ hơn 700tr nhận được chiếc xa như đồ chơi, khác gì con VF3 kéo dài đâu",1,2025-08-07 06:21:54+00,vi,"Free charging for 2 years but why 3 years??
Spend more than 700 million to get a remote that looks like a toy, no different from an extended VF3",neutral,0.529,기타,2026-06-04 05:49:55.671496+00
460,hArnl8kI7DI,@toanngominh5834,"Nếu tui là ông Vin tui làm con limo này 150hp + vỏ cỡ veloz avanza, cắt thêm trang bị nữa, bán 650tr luôn cho mấy anti vừa lòng.",0,2025-08-08 08:21:38+00,vi,"If I were Mr. Vin, I would make this limo with 150hp + Veloz avanza-sized shell, cut more equipment, sell it for 650 million to satisfied antis.",neutral,0.4754,UI불편,2026-06-04 05:49:55.671496+00
462,hArnl8kI7DI,@thanhhoangcao9805,"Xe ngon lắm, thằng chủ kênh về kêu họ hàng ra mà hốc cho hết lô xe này 😂",0,2025-08-11 15:09:06+00,vi,"The cars are so good, the channel owner called his relatives to ask for all of these cars 😂",positive,0.6965,기타,2026-06-04 05:49:55.671496+00
24,6rw0NJdxgMs,@phillgeraldton,Another great episode Marc. I have just returned from a second ride in Sri Lanka. Nov I head to Vietnam for my 5th ride which travels into Cambodia. So will get a sneak preview of that country from you. 71 and still travelling.🤟,11,2025-04-12 14:13:33+00,en,Another great episode Marc. I have just returned from a second ride in Sri Lanka. Nov I head to Vietnam for my 5th ride which travels into Cambodia. So will get a sneak preview of that country from you. 71 and still travelling.🤟,positive,0.7814,기타,2026-06-04 05:49:55.671496+00
26,6rw0NJdxgMs,@harriesimon8566,Een prachtige vlog mooie beelden en route we hebben weer genoten van jullie Top 👍👍💏,0,2025-04-13 10:05:50+00,nl,"A beautiful vlog, beautiful images and route, we enjoyed your Top again 👍👍💏",positive,0.9478,기타,2026-06-04 05:49:55.671496+00
27,6rw0NJdxgMs,@MarcelHuguenin,"Hey Marc, you guys were really having fun driving up there. Gulsah is a badass in traffic 🤣",2,2025-04-14 09:46:39+00,en,"Hey Marc, you guys were really having fun driving up there. Gulsah is a badass in traffic 🤣",positive,0.9204,기타,2026-06-04 05:49:55.671496+00
28,6rw0NJdxgMs,@harshamanchikanti4239,Was waiting 🎉🎉🎉,1,2025-04-12 12:39:51+00,sw,Was waiting 🎉🎉🎉,positive,0.8049,기타,2026-06-04 05:49:55.671496+00
467,hArnl8kI7DI,@RumeSportManagement,"Nhiều ông cứ kêu độ thêm, gắn thêm này kia. Độ xong mất cmn bảo hành thì ai chịu?",3,2025-08-06 16:20:03+00,vi,"Many men keep asking for more, adding this and that.Who will pay for it if the warranty is lost?",negative,0.7137,기타,2026-06-04 05:49:55.671496+00
11,cuFkQBe26mM,@purepiero1670,ทำประกันบริษัทไหนครับ แบบกี่วันราคาเท่าไหร่ บริษัทเค้ารับทำรถไฟฟ้า ตปท ด้วยเหรอครับ,1,2024-10-07 08:53:15+00,th,Which company do you insure?How many days and how much does it cost?Does the company also build electric trains abroad?,neutral,0.8625,기타,2026-06-04 05:49:55.671496+00
12,cuFkQBe26mM,@mormafamily706,สอบถามครับ หัวชาร์จ เป็นแบบเดียวกันเลยใช่ไหมครับ หรือ ไม่เหมือนกัน ต้องมีกัวต่อไหมครับ,1,2024-10-06 11:56:37+00,th,"I have a question, are the chargers the same? Or are they different? Do I need to connect them?",neutral,0.8261,기타,2026-06-04 05:49:55.671496+00
23,6rw0NJdxgMs,@UrbanAnalog,Riding in the tropical countryside with a friend is the dream.  Love your content.  This channel has slowly become my favorite.  So good!!!,6,2025-04-12 14:17:48+00,en,Riding in the tropical countryside with a friend is the dream.  Love your content.  This channel has slowly become my favorite.  So good!!!,positive,0.9388,충전속도,2026-06-04 05:49:55.671496+00
29,6rw0NJdxgMs,@brucegerken1063,Great video. Thank you. That's a nice bike she rides and rides it well.,2,2025-04-12 19:20:13+00,en,Great video. Thank you. That's a nice bike she rides and rides it well.,positive,0.9447,기타,2026-06-04 05:49:55.671496+00
30,6rw0NJdxgMs,@npramin5176,Let's go brother ❤,1,2025-04-12 14:41:21+00,en,Let's go brother ❤,positive,0.8747,기타,2026-06-04 05:49:55.671496+00
31,6rw0NJdxgMs,@Bipinchhetri-k6z,It’s outstanding episode my brother love you ❤,2,2025-04-12 17:05:57+00,en,It’s outstanding episode my brother love you ❤,positive,0.929,기타,2026-06-04 05:49:55.671496+00
32,6rw0NJdxgMs,@maikbindemann5218,"Hallo
Vielen Dank für das neue Video. Auch bei uns gibt es Landstriche die nicht so schön sind, ist halt so aber trotzdem Danke, daß Sie Uns mitgenommen haben.
Der Motor klingt aber wirklich wie ""Ein Sack Muscheln"" , daher mein Wunsch für Sie ""Halte durch"". Eine wunderschöne Reise Ihnen beiden noch.",1,2025-04-12 18:27:28+00,de,"Hello
Thank you for the new video.There are also parts of our country that are not so beautiful, that's just the way it is, but thank you for taking us with you.
But the engine really sounds like “a sack of shells”, so my wish for you is “Hold on”.Have a wonderful trip to both of you.",positive,0.8684,기타,2026-06-04 05:49:55.671496+00
33,6rw0NJdxgMs,@geoffreyagabon1124,Ayos Bro... watching from the Philippines,1,2025-04-12 14:17:58+00,en,Ayos Bro... watching from the Philippines,positive,0.5231,기타,2026-06-04 05:49:55.671496+00
34,6rw0NJdxgMs,@davidhampton8752,How lucky are you to be sharing the road with a lovely female rider yet again! She's one aggressive rider. Fun video 😊,0,2025-04-12 22:29:07+00,en,How lucky are you to be sharing the road with a lovely female rider yet again! She's one aggressive rider. Fun video 😊,positive,0.9417,기타,2026-06-04 05:49:55.671496+00
35,6rw0NJdxgMs,@PUTEREAPOPORULUI,Glusha and you = good connection :D,6,2025-04-12 12:50:52+00,en,Glusha and you = good connection :D,positive,0.8826,연결실패,2026-06-04 05:49:55.671496+00
36,6rw0NJdxgMs,@MumBikerMonk,You can put a few drops of oil on the shaft bearing of the motor after every 200 kms that will make your motor smooth again and more range of course hope you see this comment 😅,5,2025-04-12 23:30:30+00,en,You can put a few drops of oil on the shaft bearing of the motor after every 200 kms that will make your motor smooth again and more range of course hope you see this comment 😅,positive,0.6865,기타,2026-06-04 05:49:55.671496+00
37,6rw0NJdxgMs,@TTemobility,"Hey Marc 
You Rock
You rock the
 e-cannonball 2025
😉👍",2,2025-04-12 16:57:44+00,en,"Hey Marc 
You Rock
You rock the
 e-cannonball 2025
😉👍",positive,0.9069,기타,2026-06-04 05:49:55.671496+00
38,6rw0NJdxgMs,@shoaibawan3506,"Stay safe. Ride safe. 
Someone say so good. 
Four wheels move the body; two wheels move the soul❤❤❤love🎉",2,2025-04-12 13:17:12+00,en,"Stay safe. Ride safe. 
Someone say so good. 
Four wheels move the body; two wheels move the soul❤❤❤love🎉",positive,0.8714,기타,2026-06-04 05:49:55.671496+00
39,6rw0NJdxgMs,@MillCreekLn,"Marc , we are with you ... Old is still gold. I understand editing and posting from remote places takes time. And you have to do all alone after long travel eveyday. So keep going on.... Lets know if you need good editing software tools to make your job easier and quick.",0,2025-04-13 00:19:00+00,en,"Marc , we are with you ... Old is still gold. I understand editing and posting from remote places takes time. And you have to do all alone after long travel eveyday. So keep going on.... Lets know if you need good editing software tools to make your job easier and quick.",positive,0.6279,UI불편,2026-06-04 05:49:55.671496+00
40,6rw0NJdxgMs,@samhill3496,All good.  She sure knows how to work traffic.  Heck of a travel partner. Heads up person.   Next time.  Interesting place.,0,2025-04-13 03:41:54+00,en,All good.  She sure knows how to work traffic.  Heck of a travel partner. Heads up person.   Next time.  Interesting place.,positive,0.8604,기타,2026-06-04 05:49:55.671496+00
42,6rw0NJdxgMs,@navmeshsingh,One of the few videos in which no beautiful drone shot & nothing to show much in the video but still stretching eve to its peak is great 👍🏻. And charging eve at 0% is such a relief 😅,0,2025-04-12 19:46:09+00,en,One of the few videos in which no beautiful drone shot & nothing to show much in the video but still stretching eve to its peak is great 👍🏻. And charging eve at 0% is such a relief 😅,positive,0.7799,기타,2026-06-04 05:49:55.671496+00
480,hArnl8kI7DI,@dangtien-l9v,"Giá 749 triệu cho một cái xe ""cởi chuồng"", bảo hành pin 8 năm và sạc free tới 2027. Nhưng pin chai thì không được bảo hành nhé a.
=> Vin đang cố định giá nó cao ngất, lấy lý do có hạ tầng sạc để cố thu hồi càng nhiều tiền càng tốt trong khi vụ đổi xe máy và xe đạp điện tại Hà Nội bị người dân phản ứng.

 Túm lại là cái xe không xứng đáng với tầm giá tại thời điểm hiện tại, ace nào có nhu cầu thì chờ thêm một thời gian để xe tự hạ về giá thực thôi. Chứ giờ cứ nhường cho các công ty con của GF tự mua về chạy dịch vụ đi. Đợt tới thì vf5-6-7 GF thu hồi tái chế lại xả ra một đống, lúc đấy tha hồ xe giá rẻ. Hoặc con limo này có bản hoàn thiện và có các tính năng tốt hơn cho gia đình.",5,2025-08-07 07:10:47+00,vi,"Price 749 million for a ""stripped"" car, 8-year battery warranty and free charging until 2027. But the battery is not warranted.
=> Vin is trying to set its price at a high price, using the excuse of having charging infrastructure to try to recover as much money as possible while the exchange of motorbikes and electric bicycles in Hanoi is being reacted by people.

In short, the car is not worth the price range at the moment. Anyone who needs it should wait a little longer for the car to lower its real price.But for now, let GF's subsidiaries buy and run the service themselves.Next time, the vf5-6-7 GF will collect and recycle and release a bunch of them, at that time there will be plenty of cheap cars.Or this limo has a complete version and has better features for the family.",negative,0.4015,결제오류,2026-06-04 05:49:55.671496+00
478,hArnl8kI7DI,@hahi4681,"Nếu so với M6 thì vin ăn đứt nội cái sạc miễn phí 2 năm và  trạm sạc khắp nơi là ăn 90% rồi chịu khó cày 2 năm là dư tiền hơn con xe rồi, xin thưa tầm gía 700tr con nào qua được nó, byd m6 chỉ ăn được cái nội thất tiện nghi mà cái đó có thể độ dễ dàng còn những thứ cốt lõi khung gầm động cơ pin khung vỏ máy lạnh đều vượt trội hơn đối thủ, giá hiện tại chỉ 690tr sau khi trừ các km bs tỉnh ra bs còn chưa đến 700tr M6 756tr chưa ra giấy tờ, lấy 50tr đi độ ghế da cảm biến, cam, đá cốp… bét nhè. Cái quan trọng nhất là free 2 năm là đủ cày hơn con xe rồi, xe xăng ko đủ tuổii",25,2025-08-06 14:04:00+00,vi,"If compared to the M6, the vin beats the 2-year free charger and charging stations everywhere, it's 90% better, then if you work hard for 2 years, you'll have more money than the car. Please tell me no one can beat it at a price of 700 million. The byd m6 only has a comfortable interior that can be easily customized, and the core things, the chassis, the engine, the battery, the air-conditioning shell, are all superior to the competition, the current price is only 690 million after deducting the miles.When I woke up, the doctor still had less than 700 million. M6 756 million didn't have the papers yet, took 50 million to get leather seats with sensors, orange, trunk kick... no big deal.The most important thing is that 2 years free is enough to plow more than a car, a gasoline car is not old enough",positive,0.4102,결제오류,2026-06-04 05:49:55.671496+00
479,hArnl8kI7DI,@Latone1423,"Kênh này hình như là k nhận tiền của hãng nào. 
+1 uy tín.",1,2025-08-06 14:24:29+00,vi,"This channel doesn't seem to receive money from any company.
+1 reputation.",positive,0.5285,결제오류,2026-06-04 05:49:55.671496+00
43,6rw0NJdxgMs,@michaelenglund,Can tell she is making you happy. You never said city is fun before 😎,1,2025-04-12 18:34:40+00,en,Can tell she is making you happy. You never said city is fun before 😎,positive,0.8495,기타,2026-06-04 05:49:55.671496+00
13,nCMVe_m-PTc,@BJdada,หน้าจะถามรายละเอียดซักหน่อยนะครับว่าคืนทุนไวได้อย่างไร เพราะตู้120kwราคาต่อตู้ก็แพงมาก ไหนจะระบบโครงสร้างอีก  เพราะส่วนตัวก็จะเริ่มทำเหมือนกันแต่มาคิดระยะเวลาคืนทุนที่คาดไว้ปาเข้าไป4-5ปี ยกเว้นมีรถเข้าตลอด24hr ถึงจะคืนทุนได้ไม่ถึงปี,21,2023-03-10 12:48:03+00,th,"The page will ask for some details about how to quickly pay back your investment.Because a 120kw cabinet, the price per cabinet is very expensive.What is the structural system?Because personally, I will start doing the same, but when I think about the expected payback period, it will be 4-5 years.Except there is a car coming in 24 hrs.Even if the investment is returned in less than a year",negative,0.5656,기타,2026-06-04 05:49:55.671496+00
364,-iHoikHRO5Q,@아롬이-v3j,"",3,2023-10-14 07:38:57+00,,,,,기타,2026-06-04 05:49:55.671496+00
14,nCMVe_m-PTc,@KittithatKrasang,ประเทศสารขันธ์ รัฐสนับสนุนเมื่อเงินถึง ค่าน้ำร้อน น้ำชา เยอะกันจริงๆ,2,2023-03-13 03:12:28+00,th,Sarakhan countryThe government supports when the money arrives for hot water and tea. It's really a lot.,neutral,0.4884,기타,2026-06-04 05:49:55.671496+00
15,nCMVe_m-PTc,@WITFITMAN.,แล้วในไทย หล่ะ คืนยัง 😎💥💥💥💥💥,3,2023-03-10 13:34:06+00,th,"And in Thailand, is it night yet? 😎💥💥💥💥💥",neutral,0.5956,기타,2026-06-04 05:49:55.671496+00
16,nCMVe_m-PTc,@AmonpunnapatHome,ชอบตรงที่ว่ารัฐบาลลาวสนันสนุนและออกใบอนุญาตให้ไดง่ายมาก 🤫,3,2023-03-11 08:46:10+00,th,I like that the Lao government supports it and issues licenses very easily 🤫,positive,0.6342,기타,2026-06-04 05:49:55.671496+00
17,nCMVe_m-PTc,@PIHO-PIHO,จากนี้ไปแน่ใจเหรอว่าคนไทยจะไปเที่ยวลาวอีก,1,2023-03-15 19:17:23+00,th,"From now on, are you sure that Thai people will travel to Laos again?",neutral,0.6499,기타,2026-06-04 05:49:55.671496+00
18,nCMVe_m-PTc,@lupas858,คนแรก,1,2023-03-10 12:02:42+00,th,first person,neutral,0.486,기타,2026-06-04 05:49:55.671496+00
19,nCMVe_m-PTc,@กวินทร์_ไรเฟิล,ราคาคุยครับ ปีเดียวคืนทุน,0,2023-08-31 16:10:11+00,th,"Price is negotiable, payback in one year.",neutral,0.7345,기타,2026-06-04 05:49:55.671496+00
481,hArnl8kI7DI,@huuthanhcho1822,👍👍.,0,2025-08-14 16:40:03+00,unknown,👍👍.,positive,0.6036,기타,2026-06-04 05:49:55.671496+00
65,6rw0NJdxgMs,@davidturk6170,"I know this is an older video, but I’m guessing that in real time you’ve resolved the motor issue. Assuming you’re now in Australia or New Zealand, I’m guessing that you replaced the motor. Even though it’s expensive, it’s still cheaper than a new bike. Plus, it holds you over until you get to the US.",1,2025-04-12 13:40:41+00,en,"I know this is an older video, but I’m guessing that in real time you’ve resolved the motor issue. Assuming you’re now in Australia or New Zealand, I’m guessing that you replaced the motor. Even though it’s expensive, it’s still cheaper than a new bike. Plus, it holds you over until you get to the US.",neutral,0.4227,기타,2026-06-04 05:49:55.671496+00
48,6rw0NJdxgMs,@Toyscollector2,"Encore une bien belle vidéo ❤, tu est content de ton support de téléphone sur la côte droit du guidon ?",0,2025-04-12 13:37:24+00,fr,"Another great video ❤, are you happy with your phone holder on the right side of the handlebars?",positive,0.9002,고객서비스,2026-06-04 05:49:55.671496+00
50,6rw0NJdxgMs,@ragbag46,If you in Pakse you must be on the way to the incredible waterfalls. In the south.,1,2025-04-12 13:55:12+00,en,If you in Pakse you must be on the way to the incredible waterfalls. In the south.,neutral,0.3974,기타,2026-06-04 05:49:55.671496+00
402,hArnl8kI7DI,@HeoLangThang123,cho hỏi anh quay bằng gì nét và nhẹ quà ạ,0,2025-08-22 16:55:41+00,vi,May I ask what you used to film it so it was sharp and light?,neutral,0.7495,기타,2026-06-04 05:49:55.671496+00
427,hArnl8kI7DI,@anhkiet3036,chờ qua nay,1,2025-08-06 13:12:20+00,vi,wait until now,neutral,0.5278,기타,2026-06-04 05:49:55.671496+00
51,6rw0NJdxgMs,@muhamadkoi412,"hai Marc, There are many beautiful places in Indonesia, and some of the most famous ones include Bali, Lombok, and East Nusa Tenggara (NTT).

greatings from indonesia 🇵🇱",0,2025-04-13 17:37:58+00,en,"hai Marc, There are many beautiful places in Indonesia, and some of the most famous ones include Bali, Lombok, and East Nusa Tenggara (NTT).

greatings from indonesia 🇵🇱",positive,0.7709,기타,2026-06-04 05:49:55.671496+00
54,6rw0NJdxgMs,@baachaakhan591,"One day near future flying bike available in market, and we produce, manufacture,  sell, and use, what a future thinking😊😊😊",1,2025-04-12 13:49:59+00,en,"One day near future flying bike available in market, and we produce, manufacture,  sell, and use, what a future thinking😊😊😊",positive,0.7885,기타,2026-06-04 05:49:55.671496+00
55,6rw0NJdxgMs,@bibinpunnacka6619,Gulsah Merve Yuksel now in new zealand,0,2025-04-12 23:32:07+00,en,Gulsah Merve Yuksel now in new zealand,neutral,0.7165,기타,2026-06-04 05:49:55.671496+00
56,6rw0NJdxgMs,@jeannette1296,You look much more relaxed riding together with Gulsha. Good to see.,8,2025-04-12 18:20:27+00,en,You look much more relaxed riding together with Gulsha. Good to see.,positive,0.924,기타,2026-06-04 05:49:55.671496+00
58,6rw0NJdxgMs,@ryanabel002,my man is happy,0,2025-04-12 14:14:25+00,tl,my man is happy,positive,0.8863,기타,2026-06-04 05:49:55.671496+00
59,6rw0NJdxgMs,@yorkchris10,"Thailand has been making motorcycles since the 1960's. They even have an e-motorcycle.
NIU:
NIU Thailand, a manufacturer focusing on electric motorcycles. 

Edison Motor Co. is also an e-motorcycle provider.",1,2025-04-12 17:31:26+00,en,"Thailand has been making motorcycles since the 1960's. They even have an e-motorcycle.
NIU:
NIU Thailand, a manufacturer focusing on electric motorcycles. 

Edison Motor Co. is also an e-motorcycle provider.",neutral,0.5998,기타,2026-06-04 05:49:55.671496+00
60,6rw0NJdxgMs,@danderson8463,"She's great, i love her already 😆",0,2025-04-12 22:14:21+00,en,"She's great, i love her already 😆",positive,0.9303,기타,2026-06-04 05:49:55.671496+00
61,6rw0NJdxgMs,@bimalchaulagain2040,Mark has found his soulmate.🎉😅,0,2025-04-13 05:01:21+00,en,Mark has found his soulmate.🎉😅,positive,0.7826,기타,2026-06-04 05:49:55.671496+00
63,6rw0NJdxgMs,@kuthuaspal7614,Saya tunggu vlognya di Indonesia.  Seperti Kristian Hansen dari Denmark.,0,2025-04-12 13:03:32+00,id,I'm waiting for the vlog in Indonesia.Like Kristian Hansen from Denmark.,neutral,0.577,기타,2026-06-04 05:49:55.671496+00
64,6rw0NJdxgMs,@kemai-s8m,那么久还没走出老挝吗？在比较落后的国家骑行确实有挑战，加油！期待你们重返中国骑行的时候。😊,0,2025-04-13 10:30:07+00,zh-cn,"Have you not left Laos for so long?Cycling in a relatively backward country is indeed challenging, come on!I look forward to your return to riding in China.😊",positive,0.5071,기타,2026-06-04 05:49:55.671496+00
74,6rw0NJdxgMs,@daveh1625,"Now subscribed to Gulsah Merve Yuksel - that lady sure can ride through (over/under/pass?) any traffic and only "" 1 point dabs"" without any extra 5 point stops, high speed enduro in total balanced control, great to watch. Even seemed you had to work a little to keep target in contact! Another brilliant video, thanks again.",7,2025-04-12 16:42:00+00,en,"Now subscribed to Gulsah Merve Yuksel - that lady sure can ride through (over/under/pass?) any traffic and only "" 1 point dabs"" without any extra 5 point stops, high speed enduro in total balanced control, great to watch. Even seemed you had to work a little to keep target in contact! Another brilliant video, thanks again.",positive,0.8028,충전속도,2026-06-04 05:49:55.671496+00
78,6rw0NJdxgMs,@maggotalamlestari,"Come to here, Indonesia. Brother.. Indonesia is paradise island 1700island & 3500 ecthic",0,2025-04-13 05:54:11+00,en,"Come to here, Indonesia. Brother.. Indonesia is paradise island 1700island & 3500 ecthic",positive,0.4405,기타,2026-06-04 05:49:55.671496+00
80,6rw0NJdxgMs,@Kushal442,Stay safe 🙏,0,2025-04-12 12:45:17+00,en,Stay safe 🙏,positive,0.5105,기타,2026-06-04 05:49:55.671496+00
81,6rw0NJdxgMs,@brendonpeterlim9w6vx,"I saw that after your ride you would open up an app on your phone to check the ride for the day. It shows the route, elevation etc. Could you share the app name please?",1,2025-04-13 07:15:09+00,en,"I saw that after your ride you would open up an app on your phone to check the ride for the day. It shows the route, elevation etc. Could you share the app name please?",neutral,0.7985,기타,2026-06-04 05:49:55.671496+00
83,6rw0NJdxgMs,@cya2636,Thanks,0,2025-04-12 13:35:46+00,en,Thanks,positive,0.4579,기타,2026-06-04 05:49:55.671496+00
85,6rw0NJdxgMs,@MillCreekLn,Why your mobile phone date and time shows last year ... Time Travelled in your bike ?? 😂😅,0,2025-04-12 14:01:45+00,en,Why your mobile phone date and time shows last year ... Time Travelled in your bike ?? 😂😅,neutral,0.7448,기타,2026-06-04 05:49:55.671496+00
86,6rw0NJdxgMs,@उज्वल-Ujwal,nice couple,0,2025-04-12 16:21:11+00,fr,nice couple,positive,0.735,기타,2026-06-04 05:49:55.671496+00
87,6rw0NJdxgMs,@javierc2726,What you changed the coin cell battery to ?,0,2025-04-14 00:07:43+00,en,What you changed the coin cell battery to ?,neutral,0.7678,기타,2026-06-04 05:49:55.671496+00
88,6rw0NJdxgMs,@mackan67an,Do you use credit card or use cash every new country?,0,2025-04-12 13:51:16+00,en,Do you use credit card or use cash every new country?,neutral,0.8556,결제오류,2026-06-04 05:49:55.671496+00
89,6rw0NJdxgMs,@DeVrijbuyter,"My friend, what’s with the clickbaits? No need to, you’re content is quality and will attract viewers anyways. Also without clickbait titles ❤️",1,2025-04-13 07:37:27+00,en,"My friend, what’s with the clickbaits? No need to, you’re content is quality and will attract viewers anyways. Also without clickbait titles ❤️",positive,0.6257,기타,2026-06-04 05:49:55.671496+00
90,6rw0NJdxgMs,@Jay__Deep,"🇱🇦 Laos trip vibes: same roads, Amazon cafe, coffee time, petrol stop, charging up, let's goo and repeat 😂 I'm confused, is this the same video or a new one?",0,2025-04-13 12:24:47+00,en,"🇱🇦 Laos trip vibes: same roads, Amazon cafe, coffee time, petrol stop, charging up, let's goo and repeat 😂 I'm confused, is this the same video or a new one?",neutral,0.4884,기타,2026-06-04 05:49:55.671496+00
91,6rw0NJdxgMs,@nishanshrestha9205,Wow 😮,0,2025-04-12 12:39:55+00,pl,Wow 😮,positive,0.6724,기타,2026-06-04 05:49:55.671496+00
92,6rw0NJdxgMs,@vj.joseph,La ohffff or LAAA OFF is a better name,0,2026-04-07 11:14:28+00,en,La ohffff or LAAA OFF is a better name,neutral,0.4819,기타,2026-06-04 05:49:55.671496+00
93,6rw0NJdxgMs,@sunsetoriginals7320,Is amazon like Tim Hortons?!,1,2025-04-12 18:10:51+00,hu,Is amazon like Tim Hortons?!,neutral,0.6915,기타,2026-06-04 05:49:55.671496+00
454,hArnl8kI7DI,@Vinh-MN,"Thiệt xoá luôn, khi đồng tiền quá lớn",0,2025-08-07 00:54:29+00,vi,It's really bad to erase it when the money is too big,negative,0.7609,결제오류,2026-06-04 05:49:55.671496+00
455,hArnl8kI7DI,@songlangle5528,lúc đi sạc đi mới thấy cái cảnh.....,1,2025-08-07 04:24:40+00,vi,"When I went to charge, I saw this scene.....",negative,0.3819,기타,2026-06-04 05:49:55.671496+00
493,7Lm-Rpw0Zl0,@HMoon1798,Quả vô lăng ko nút bấm là khó độ nhất...,2,2025-10-07 02:01:15+00,vi,A steering wheel without buttons is the most difficult to customize...,negative,0.8523,기타,2026-06-04 05:49:55.671496+00
452,hArnl8kI7DI,@cuongtang2172,Đầu quá đẹp,0,2025-08-07 15:04:07+00,vi,The head is so beautiful,positive,0.8448,기타,2026-06-04 05:49:55.671496+00
453,hArnl8kI7DI,@DũngTran-h9q,Thật tuyệt,0,2025-08-07 12:38:27+00,vi,Great,positive,0.5643,기타,2026-06-04 05:49:55.671496+00
456,hArnl8kI7DI,@Pig_Cat-2020,Màu vang đẹp,0,2025-08-06 20:58:42+00,vi,Beautiful wine color,positive,0.845,기타,2026-06-04 05:49:55.671496+00
457,hArnl8kI7DI,@trankhai2516,"xe này được cái 7 chổ và sạc miễn phí 3 năm nên sẽ dành cho ai chạy xe dịch6 vụ - taxi , chứ chạy gia đình thì bỏ tiền ra mua xe xăng đẳng cấp hơn nhiều",0,2025-08-07 00:57:39+00,vi,"This car has 7 seats and free charging for 3 years, so it will be for those who drive service vehicles - taxis, but for families, they should spend money to buy a much classier gasoline car.",neutral,0.5277,결제오류,2026-06-04 05:49:55.671496+00
458,hArnl8kI7DI,@lindavietsub,"Từng chạy Vinasun hồi mới lấy bằng, thú thật suốt 1 năm chạy Taxi mình chưa hề dùng tới mấy cái nút bấm trên vô lăng vios ngoài nút còi, nhạc cũng hiếm khi bật vì phải căng lỗ tai nghe âm thanh bên ngoài nên mình nghĩ xe được sản xuất cho các cty vận tải thì họ cần rẻ và làm sao sinh lợi nhiều nhất thôi. Còn mọi người chê thì đó là ý kiến của mn, riêng góc độ tài xế thì mình chỉ quan tâm xe đủ chỗ để nhét 7 khách mà họ ngồi thoải mái không, đủ cốp để chứa đồ không, máy lạnh mát không, cách âm ok không, có hay hư vặt không thôi. Còn để mua về chở gia đình thì đúng như chủ video nói, sẽ chọn con VF7 hoặc bèo lắm con VF5 Plus",32,2025-08-06 15:52:03+00,vi,"I used to drive Vinasun when I first got my license. Honestly, in the 1 year I've been driving a Taxi, I've never used the buttons on the Vios steering wheel other than the horn button. The music is rarely turned on because I have to strain my ears to listen to outside sounds, so I think the car is manufactured for transport companies, so they need to be cheap and make the most profit.As for people criticizing, that's my opinion. From a driver's perspective, I only care about whether the car has enough space to fit 7 passengers comfortably, enough trunk space to store things, whether the air conditioner is cool, whether the soundproofing is ok, whether it's prone to damage or not.As for buying it to take home with the family, as the video owner said, I will choose the VF7 or very rarely the VF5 Plus.",neutral,0.4601,기타,2026-06-04 05:49:55.671496+00
459,hArnl8kI7DI,@phucthinhtranho2910,Mua byd m6 có lí hơn😂😂,2,2025-08-06 14:49:32+00,vi,Buying byd m6 makes more sense😂😂,neutral,0.4726,기타,2026-06-04 05:49:55.671496+00
94,6rw0NJdxgMs,@deadmanschest4322,"Okay, it is time for some real talk! What is your combined fuel economy like?  
I mean kilowatt hours, gallons of gas, and most importantly... *cups of coffee* per 100 kilometers? ;)",0,2025-04-12 14:20:55+00,en,"Okay, it is time for some real talk! What is your combined fuel economy like?  
I mean kilowatt hours, gallons of gas, and most importantly... *cups of coffee* per 100 kilometers? ;)",neutral,0.5998,기타,2026-06-04 05:49:55.671496+00
137,nOpmGFkntb4,@吴见习,五菱is nb in the word,0,2022-12-12 13:44:12+00,en,五菱is nb in the word,neutral,0.7727,기타,2026-06-04 05:49:55.671496+00
125,nOpmGFkntb4,@alanOHALAN,"It is cool to see Laos getting tourism going. It is also a good idea to travel there, safe and affordable, like a typical Asian country.",9,2022-12-11 05:18:41+00,en,"It is cool to see Laos getting tourism going. It is also a good idea to travel there, safe and affordable, like a typical Asian country.",positive,0.9009,기타,2026-06-04 05:49:55.671496+00
126,nOpmGFkntb4,@geoffreytang6827,OMG this little car is so adorable😍😍😍😍,3,2023-04-13 09:42:40+00,en,OMG this little car is so adorable😍😍😍😍,positive,0.8986,기타,2026-06-04 05:49:55.671496+00
127,nOpmGFkntb4,@baybossSKS,"At the time I got to this vid you’re at 271k, great job and great video thank you",0,2026-03-26 10:03:51+00,en,"At the time I got to this vid you’re at 271k, great job and great video thank you",positive,0.8936,기타,2026-06-04 05:49:55.671496+00
128,nOpmGFkntb4,@Skylaflight,"This little car is too cute, I still vote for the sneaky burn out though. Those waterfalls look magical.",11,2022-11-12 12:18:18+00,en,"This little car is too cute, I still vote for the sneaky burn out though. Those waterfalls look magical.",positive,0.8773,기타,2026-06-04 05:49:55.671496+00
197,nOpmGFkntb4,@tekadsaja,"Greetings from Indonesia🇮🇩, I see that kopiko is in Laos too",1,2022-11-25 06:20:09+00,en,"Greetings from Indonesia🇮🇩, I see that kopiko is in Laos too",positive,0.5257,기타,2026-06-04 05:49:55.671496+00
198,nOpmGFkntb4,@AcrossEveryBorder,That's the funkiest little car I've ever seen 😂,22,2022-11-12 12:07:39+00,en,That's the funkiest little car I've ever seen 😂,positive,0.8476,기타,2026-06-04 05:49:55.671496+00
199,nOpmGFkntb4,@juliehawkes1050,Lovely  scenery  there.the little care is cute,1,2022-11-13 14:30:52+00,en,Lovely  scenery  there.the little care is cute,positive,0.8907,기타,2026-06-04 05:49:55.671496+00
200,nOpmGFkntb4,@aektest1688,ขอให้ถึง 100000 subscribe เร็วๆนะครับ👍🙏,1,2022-11-12 13:56:34+00,th,I hope you reach 100000 subscribers quickly.👍🙏,positive,0.7371,기타,2026-06-04 05:49:55.671496+00
201,nOpmGFkntb4,@Gulfcamel,Nice video 📹 👍 👌,3,2022-11-12 11:03:31+00,it,Nice video 📹 👍 👌,positive,0.8209,기타,2026-06-04 05:49:55.671496+00
202,nOpmGFkntb4,@isaacbauman8174,great video,0,2022-12-14 04:40:57+00,da,great video,positive,0.843,기타,2026-06-04 05:49:55.671496+00
203,nOpmGFkntb4,@birdyashiro1226,Omg this is so cute,1,2022-12-03 15:59:31+00,en,Omg this is so cute,positive,0.8999,기타,2026-06-04 05:49:55.671496+00
204,nOpmGFkntb4,@markfellows74,I enjoyed swimming at those waterfalls sooo much. So refreshing. Even received a free foot treatment. Did your feet get nibbled on by the little fish too? 😂,0,2022-11-15 10:15:42+00,en,I enjoyed swimming at those waterfalls sooo much. So refreshing. Even received a free foot treatment. Did your feet get nibbled on by the little fish too? 😂,positive,0.8434,기타,2026-06-04 05:49:55.671496+00
205,nOpmGFkntb4,@wanglao3569,"The price of Wuling mini EV is less than 40,000 CNY in China, equals less than 6000$.",1,2022-12-06 10:42:30+00,en,"The price of Wuling mini EV is less than 40,000 CNY in China, equals less than 6000$.",neutral,0.8575,기타,2026-06-04 05:49:55.671496+00
206,nOpmGFkntb4,@bible362,Have agood time both of u in lao..,0,2022-12-01 00:52:18+00,en,Have agood time both of u in lao..,positive,0.8191,기타,2026-06-04 05:49:55.671496+00
207,nOpmGFkntb4,@pc101034,i drive the same car to work every day. its a lovely car! wouderful production from my hometown.good to know that you are enjoy  drivng it!,2,2022-12-06 03:37:03+00,en,i drive the same car to work every day. its a lovely car! wouderful production from my hometown.good to know that you are enjoy  drivng it!,positive,0.9176,기타,2026-06-04 05:49:55.671496+00
208,nOpmGFkntb4,@harry8201,"That car is amazing, I wish we had that in the uk or even in France. Honestly I would take this car over some American unreliable ford or GM any day.  The Tesla doesn’t count since it’s in the 90k dollars range.",4,2022-12-03 10:01:23+00,en,"That car is amazing, I wish we had that in the uk or even in France. Honestly I would take this car over some American unreliable ford or GM any day.  The Tesla doesn’t count since it’s in the 90k dollars range.",positive,0.7507,기타,2026-06-04 05:49:55.671496+00
209,nOpmGFkntb4,@jatinaveen2815,"When u are in Vientiane go to the Sengdara gym, dplus, tipsy elephant, the new starbucks, soul kitchen and the night market",0,2022-11-13 06:36:36+00,en,"When u are in Vientiane go to the Sengdara gym, dplus, tipsy elephant, the new starbucks, soul kitchen and the night market",neutral,0.5979,기타,2026-06-04 05:49:55.671496+00
210,nOpmGFkntb4,@mimisiviseth,"Try beef salad.  Grill beef medium rare slice it with shallots, lime, mint leaves, red hot pepper (option) peanuts.  It’s very delicious!!",0,2023-03-27 21:22:45+00,en,"Try beef salad.  Grill beef medium rare slice it with shallots, lime, mint leaves, red hot pepper (option) peanuts.  It’s very delicious!!",positive,0.6274,기타,2026-06-04 05:49:55.671496+00
211,nOpmGFkntb4,@zilinglin780,"wuling's slogan ：what people need ,what wuling makes",1,2022-12-12 11:46:03+00,en,"wuling's slogan ：what people need ,what wuling makes",neutral,0.5582,기타,2026-06-04 05:49:55.671496+00
212,nOpmGFkntb4,@_MANASYt,"I'm in China and there's a huge choice of any size electric cars 😎 I'm not sure if I'm ready to make the switch, still driving my sweet Mazda 2! Been to Laos in 2019 😏",2,2022-12-09 10:17:45+00,en,"I'm in China and there's a huge choice of any size electric cars 😎 I'm not sure if I'm ready to make the switch, still driving my sweet Mazda 2! Been to Laos in 2019 😏",positive,0.7685,기타,2026-06-04 05:49:55.671496+00
213,nOpmGFkntb4,@katieodowd4778,The pretty car I ever seen,0,2022-11-17 19:20:54+00,en,The pretty car I ever seen,positive,0.8687,기타,2026-06-04 05:49:55.671496+00
214,nOpmGFkntb4,@jzvr5842,"Such a cute and nice EV! It can seat four people too, China is 30 years ahead in EVs covering everything from mini EVs to ultra high end luxury EVs. The most important thing is they have the world leaders in battery tech with BYD and CATL, compared to brands like Tesla with no battery tech.",1,2022-12-17 14:54:01+00,en,"Such a cute and nice EV! It can seat four people too, China is 30 years ahead in EVs covering everything from mini EVs to ultra high end luxury EVs. The most important thing is they have the world leaders in battery tech with BYD and CATL, compared to brands like Tesla with no battery tech.",positive,0.7949,UI불편,2026-06-04 05:49:55.671496+00
215,nOpmGFkntb4,@yisan0,五菱宏光mini ev，马卡龙版170km续航的最低6100美元左右，普通版120㎞的2800美元，但没有空调,1,2022-11-13 07:19:23+00,zh-cn,"Wuling Hongguang mini ev, the Macaron version with a range of 170km starts at about US$6,100, and the regular version with a range of 120km costs US$2,800, but there is no air conditioning.",neutral,0.773,기타,2026-06-04 05:49:55.671496+00
139,nOpmGFkntb4,@kashyap1991,such a beauty & peaceful place !,8,2022-11-12 11:56:28+00,en,such a beauty & peaceful place !,positive,0.8938,기타,2026-06-04 05:49:55.671496+00
140,nOpmGFkntb4,@stvdmc2011,able to drive about the town on your own is the best....,0,2022-12-06 03:21:42+00,en,able to drive about the town on your own is the best....,positive,0.8552,기타,2026-06-04 05:49:55.671496+00
141,nOpmGFkntb4,@sayhitobobby,Oh my! yassss Dylan!!! Trunks again!!! This is the best Xmas gift ever. I’m happier to see Dylan in water all the time too!!! ❤️❤️😍😘🇹🇭 yasss! 😘,0,2022-12-19 03:58:53+00,en,Oh my! yassss Dylan!!! Trunks again!!! This is the best Xmas gift ever. I’m happier to see Dylan in water all the time too!!! ❤️❤️😍😘🇹🇭 yasss! 😘,positive,0.9416,기타,2026-06-04 05:49:55.671496+00
1,cuFkQBe26mM,@punlatee,แค่เรื่องเอกสารก็ถอดใจแล้ว  พะรุงพะรังมากกกก,2,2024-10-06 14:07:17+00,th,Just the matter of documents makes me feel discouraged.Very bulky.,negative,0.8935,기타,2026-06-04 05:49:55.671496+00
8,cuFkQBe26mM,@Waters-fo6rn,"Is it possible for you to allow captions  to translated to English?
Your videos are great but many English viewers struggle when trying to listen & view comments to read & translate text replies",1,2024-10-06 02:54:08+00,en,"Is it possible for you to allow captions  to translated to English?
Your videos are great but many English viewers struggle when trying to listen & view comments to read & translate text replies",negative,0.6733,기타,2026-06-04 05:49:55.671496+00
505,7Lm-Rpw0Zl0,@congthanhgiong,"Giá vẫn còn cao quá, xe cỡ này chỉ đáng dưới 500",0,2026-02-09 08:09:23+00,vi,"The price is still too high, a car of this size is only worth less than 500",negative,0.8172,기타,2026-06-04 05:49:55.671496+00
2,cuFkQBe26mM,@PSfontstudio,รอดูการชาร์จรถ ถึงหลวงพระบางเลยค่ะ กำลังมีแพลนไปช่วงปีใหม่นี้,1,2024-10-07 13:03:08+00,th,Waiting to see the car chargingArrive at Luang Prabang.There are plans to go during this new year.,positive,0.5197,기타,2026-06-04 05:49:55.671496+00
3,cuFkQBe26mM,@starprojectbyPK,สุดยอดไปเลยค่ะ,1,2024-10-06 04:30:14+00,th,It's really great.,positive,0.8421,기타,2026-06-04 05:49:55.671496+00
4,cuFkQBe26mM,@Krid_J,"กำลังรอดูเลยครับ 
ของผมรุ่น 400 จะตามรอยไปครับ",1,2024-10-06 04:27:36+00,th,"I'm waiting to see.
My 400 model will follow in my footsteps.",positive,0.4771,기타,2026-06-04 05:49:55.671496+00
5,cuFkQBe26mM,@oceanschanel3886,อยากให้ไปภาคใต้ของลาวด้วย รถไฟฟ้า,1,2024-10-09 04:42:44+00,th,I want to go to the southern region of Laos by electric train.,neutral,0.5222,기타,2026-06-04 05:49:55.671496+00
6,cuFkQBe26mM,@Gapky,ว๊าวๆๆ  เดี๋ยวเดือนมกราคมต้องไปสิงคโปร์ด้วยกันแล้วครับ😁😁😁,1,2024-10-06 15:43:36+00,th,"Wow, we'll have to go to Singapore together in January😁😁😁",positive,0.7672,기타,2026-06-04 05:49:55.671496+00
7,cuFkQBe26mM,@iaonman-pu,รวมราคาค่าชาร์จทั้งหมดไปกลับกี่บาทคับ,0,2025-07-01 00:10:28+00,th,How much is the total cost of the roundtrip charge?,neutral,0.8556,기타,2026-06-04 05:49:55.671496+00
9,cuFkQBe26mM,@aeronurse43,อาแตมสะกอน=อากรณ์แสตมป์แหละเนาะ ผวนทำม้าย 555555,0,2024-10-08 01:19:42+00,th,"Atamsakon = Stamp duty, right? I'm a widow. Haha.",neutral,0.5267,기타,2026-06-04 05:49:55.671496+00
502,7Lm-Rpw0Zl0,@QuốcDũngLê-p8u,Mua xe này lợi và đi sướng hơn mấy xe kia nhiều...,1,2026-03-02 06:31:10+00,vi,Buying this car is much more beneficial and fun to drive than other cars...,positive,0.6953,기타,2026-06-04 05:49:55.671496+00
503,7Lm-Rpw0Zl0,@lamvuon7951,"Có tiền mua vf limo,",0,2026-03-18 05:21:04+00,vi,"Have money to buy vf limo,",neutral,0.6268,결제오류,2026-06-04 05:49:55.671496+00
504,7Lm-Rpw0Zl0,@HaiXeCo,Thế nếu hết miễn phí sạc thì sao ae 😅,2,2025-10-05 08:32:52+00,vi,So what if the free charging fee runs out?,neutral,0.5734,기타,2026-06-04 05:49:55.671496+00
506,7Lm-Rpw0Zl0,@bunbohue369,"giờ bắt đổ xăng E10 thì xe điện là chơn ái, mặc dù xăng vẫn tiện hơn nhiều.",0,2026-05-27 17:53:40+00,vi,"Now, if you have to fill up with E10 gasoline, electric cars are the right choice, although gasoline is still much more convenient.",neutral,0.466,기타,2026-06-04 05:49:55.671496+00
142,nOpmGFkntb4,@覃某人,五菱宏光👍，我曾经在老挝四年,0,2022-12-12 12:09:42+00,zh-cn,"Wuling Hongguang👍, I lived in Laos for four years",neutral,0.5255,기타,2026-06-04 05:49:55.671496+00
143,nOpmGFkntb4,@SaereeNon,"I also love Lung Pra Bang, very peaceful, nice weather.",1,2022-11-13 00:52:45+00,en,"I also love Lung Pra Bang, very peaceful, nice weather.",positive,0.8375,기타,2026-06-04 05:49:55.671496+00
144,nOpmGFkntb4,@piggyabroad9500,So awesome that you can say the name so perfectly!!!,1,2022-12-09 16:14:31+00,en,So awesome that you can say the name so perfectly!!!,positive,0.9244,기타,2026-06-04 05:49:55.671496+00
145,nOpmGFkntb4,@colinrenfrew48,"Just found your videos on YouTube, and I’m a big fan. Charming and engaging. Really enjoyable!",0,2023-04-19 22:05:41+00,en,"Just found your videos on YouTube, and I’m a big fan. Charming and engaging. Really enjoyable!",positive,0.9507,기타,2026-06-04 05:49:55.671496+00
146,nOpmGFkntb4,@LiuKun,"lovely video, I really enjoy the passion from your video.",0,2022-12-05 13:26:02+00,en,"lovely video, I really enjoy the passion from your video.",positive,0.9435,기타,2026-06-04 05:49:55.671496+00
147,nOpmGFkntb4,@mchiemy,Yay! You made it to Kuang Si! It's such a beautiful waterfall!,4,2022-11-12 20:08:07+00,en,Yay! You made it to Kuang Si! It's such a beautiful waterfall!,positive,0.9345,기타,2026-06-04 05:49:55.671496+00
148,nOpmGFkntb4,@jeffreyINAus,"oh, this smart car is lovely😊",1,2022-12-14 05:52:03+00,en,"oh, this smart car is lovely😊",positive,0.9335,기타,2026-06-04 05:49:55.671496+00
150,nOpmGFkntb4,@keooudonetouvorachit1375,Mooi landschap!! 😍👍,0,2022-12-04 16:49:30+00,nl,Beautiful scenery!!😍👍,positive,0.9424,기타,2026-06-04 05:49:55.671496+00
151,nOpmGFkntb4,@onisuryaman408,"I would really love if I can have the Wuling Macaroon in my country Indonesia. Wuling just recently entered the EV market in Indonesia, with Wuling AirEV, and it is selling like crazy, or in our local term ""like selling banana fritters"". But it is a bit of a high end market so it is a bit expensive. So I would expect a Macaroon class in the future that is more affordable.",13,2022-12-03 00:17:07+00,en,"I would really love if I can have the Wuling Macaroon in my country Indonesia. Wuling just recently entered the EV market in Indonesia, with Wuling AirEV, and it is selling like crazy, or in our local term ""like selling banana fritters"". But it is a bit of a high end market so it is a bit expensive. So I would expect a Macaroon class in the future that is more affordable.",positive,0.3601,기타,2026-06-04 05:49:55.671496+00
152,nOpmGFkntb4,@leesinnorai1871,Wow  ! So Excited 😆 guys !,1,2022-11-28 12:51:04+00,en,Wow  ! So Excited 😆 guys !,positive,0.8837,기타,2026-06-04 05:49:55.671496+00
163,nOpmGFkntb4,@jansjoukens1720,I did that tour in 2006! Nice to see the changes in Lao! Amazing. Only thing that is still the same is the heat! But you take for granted coz Lao is fantastic! Loved you vlog🥰!,0,2022-12-25 20:14:00+00,en,I did that tour in 2006! Nice to see the changes in Lao! Amazing. Only thing that is still the same is the heat! But you take for granted coz Lao is fantastic! Loved you vlog🥰!,positive,0.9093,기타,2026-06-04 05:49:55.671496+00
164,nOpmGFkntb4,@namitous,Love your smiles 😊,3,2022-11-12 11:51:03+00,fr,Love your smiles 😊,positive,0.9295,기타,2026-06-04 05:49:55.671496+00
165,nOpmGFkntb4,@Greysonsgrandma,That waterfall though 😍,0,2022-11-12 19:11:32+00,en,That waterfall though 😍,positive,0.8396,기타,2026-06-04 05:49:55.671496+00
166,nOpmGFkntb4,@alien0715,Whoa Wuling EV in Laos! ❤️,1,2022-12-08 08:54:32+00,tl,Whoa Wuling EV in Laos! ❤️,positive,0.851,기타,2026-06-04 05:49:55.671496+00
167,nOpmGFkntb4,@russjing,nice car and nice life over-there,2,2022-12-05 06:48:55+00,en,nice car and nice life over-there,positive,0.8392,기타,2026-06-04 05:49:55.671496+00
168,nOpmGFkntb4,@Pppppppxx,Thanks for reviewing LPB. Hope you had a good trip and will come back again one day,2,2022-11-26 03:52:01+00,en,Thanks for reviewing LPB. Hope you had a good trip and will come back again one day,positive,0.901,기타,2026-06-04 05:49:55.671496+00
169,nOpmGFkntb4,@jadeh4560,Wow a lot more people than when I was there in 2016. Really nice waterfall so beautiful I got bit few times by the little fish 😅,1,2022-11-14 13:15:50+00,en,Wow a lot more people than when I was there in 2016. Really nice waterfall so beautiful I got bit few times by the little fish 😅,positive,0.8571,기타,2026-06-04 05:49:55.671496+00
170,nOpmGFkntb4,@alanhu1058,"What a nice video!
Guess you guys really spent quite some time for editing,all clear and neat👍👍👍
Now I have to put Laos on my list😁😁😁",0,2022-12-13 03:08:04+00,en,"What a nice video!
Guess you guys really spent quite some time for editing,all clear and neat👍👍👍
Now I have to put Laos on my list😁😁😁",positive,0.9138,UI불편,2026-06-04 05:49:55.671496+00
171,nOpmGFkntb4,@suebsakphuchamchot5942,สวยงามครับ หลวงพระบาง เที่ยวให้สนุกครับทั้งคู่,0,2022-11-13 05:30:43+00,th,Luang Prabang is beautiful. Have fun traveling to both of you.,positive,0.9128,기타,2026-06-04 05:49:55.671496+00
172,nOpmGFkntb4,@tianlingchen5523,"Welcome to GuanXI,the home of this car.🧡ྀི💛ྀི❤️ྀི",3,2022-11-28 13:47:29+00,en,"Welcome to GuanXI,the home of this car.🧡ྀི💛ྀི❤️ྀི",positive,0.7853,기타,2026-06-04 05:49:55.671496+00
173,nOpmGFkntb4,@hasandurmaz7879,I love your vlogs.. you are both amazing... 🙏🙏🙏Nice greetings from Vienna,1,2022-11-13 12:43:38+00,en,I love your vlogs.. you are both amazing... 🙏🙏🙏Nice greetings from Vienna,positive,0.9065,기타,2026-06-04 05:49:55.671496+00
174,nOpmGFkntb4,@mitnonnarath5745,Thank you for sharing very nice views and beautiful videos,0,2022-11-12 16:31:23+00,en,Thank you for sharing very nice views and beautiful videos,positive,0.9074,기타,2026-06-04 05:49:55.671496+00
175,nOpmGFkntb4,@dougmaclean9752,cute car - thanks for the great video,3,2022-11-12 12:23:16+00,en,cute car - thanks for the great video,positive,0.9317,기타,2026-06-04 05:49:55.671496+00
176,nOpmGFkntb4,@yewbtang1848,"Wow, lovely waterfalls! And a really cute Mikey! 👍 Oh, there was a number plate, with registration number 2PASSPORTS! 🤣",2,2022-11-12 14:42:28+00,en,"Wow, lovely waterfalls! And a really cute Mikey! 👍 Oh, there was a number plate, with registration number 2PASSPORTS! 🤣",positive,0.8525,기타,2026-06-04 05:49:55.671496+00
179,nOpmGFkntb4,@SilkyRonTheRoad,"What a great little ride guys, wish we had known about that sooner... we are leaving on Tuesday! Also, looks like Kuang Si falls has changed so much since we last visited 3 years ago! So sure that you guys will hit the 100k before the end of you year! We believe in you! ✨🙏🏼✨",14,2022-11-12 11:41:40+00,en,"What a great little ride guys, wish we had known about that sooner... we are leaving on Tuesday! Also, looks like Kuang Si falls has changed so much since we last visited 3 years ago! So sure that you guys will hit the 100k before the end of you year! We believe in you! ✨🙏🏼✨",positive,0.9218,기타,2026-06-04 05:49:55.671496+00
180,nOpmGFkntb4,@ZillaZilla100,"Loving the incorporation of the 360 cam.  That spin on the dash was nice. :) I just got the insta I-inch. Hopefully its worth it lol.  Keep up the great vids, love watching you guys!",2,2022-11-12 14:19:22+00,en,"Loving the incorporation of the 360 cam.  That spin on the dash was nice. :) I just got the insta I-inch. Hopefully its worth it lol.  Keep up the great vids, love watching you guys!",positive,0.9364,기타,2026-06-04 05:49:55.671496+00
181,nOpmGFkntb4,@dumbaker987,เป็นทริปที่ประทับใจมากครับ,2,2022-11-12 12:17:22+00,th,It was a very impressive trip.,positive,0.9217,기타,2026-06-04 05:49:55.671496+00
182,nOpmGFkntb4,@caitlinburman1590,you guys are brilliant.,0,2022-11-13 07:07:30+00,fr,you guys are brilliant.,positive,0.9076,기타,2026-06-04 05:49:55.671496+00
183,nOpmGFkntb4,@saifonjitrungroungsuk5391,"At Luang Pra Bang, there is a museum, which is located of Pra Bang.  Pra Bang is a buddha, related to J-Buddha in Thailand like sibling buddha.  Another place that you have to visit is Wat Chieng Thong, Lanna architecture temple. In the morning, there are hundred mongs walk for people offer food, this is a good activity.   At Vien-Tien, there is a temple that J-Buddha used to be there in 200 more years. 
If you go back from Lao from Vien Tien border to Nong Kai province, do not miss to try “Nam-Nuang”,  “ Khai-Ka-Ta” (morning food).",3,2022-11-12 17:37:14+00,en,"At Luang Pra Bang, there is a museum, which is located of Pra Bang.  Pra Bang is a buddha, related to J-Buddha in Thailand like sibling buddha.  Another place that you have to visit is Wat Chieng Thong, Lanna architecture temple. In the morning, there are hundred mongs walk for people offer food, this is a good activity.   At Vien-Tien, there is a temple that J-Buddha used to be there in 200 more years. 
If you go back from Lao from Vien Tien border to Nong Kai province, do not miss to try “Nam-Nuang”,  “ Khai-Ka-Ta” (morning food).",neutral,0.4345,기타,2026-06-04 05:49:55.671496+00
184,nOpmGFkntb4,@Yasin_Affandi,Thanks for sharing this wonderful video n for showing your road trip explorations in Laos.,3,2022-11-12 14:41:55+00,en,Thanks for sharing this wonderful video n for showing your road trip explorations in Laos.,positive,0.886,기타,2026-06-04 05:49:55.671496+00
185,nOpmGFkntb4,@tombosechannel3931,"Hi very nice to travel , Someday I want to go to Luang Prabang once.",0,2022-11-13 02:14:45+00,en,"Hi very nice to travel , Someday I want to go to Luang Prabang once.",positive,0.7424,기타,2026-06-04 05:49:55.671496+00
186,nOpmGFkntb4,@汪炎-q8f,"The slogan of Wuling: We build what people need.
It is AWESOME!",1,2022-12-14 09:17:52+00,en,"The slogan of Wuling: We build what people need.
It is AWESOME!",positive,0.9238,UI불편,2026-06-04 05:49:55.671496+00
188,nOpmGFkntb4,@qqjstorm,"There is a Wuling EV on the left and right of my parking space, like two little bodyguards, so much fun.",1,2022-12-14 18:00:43+00,en,"There is a Wuling EV on the left and right of my parking space, like two little bodyguards, so much fun.",positive,0.7919,기타,2026-06-04 05:49:55.671496+00
189,nOpmGFkntb4,@marsvip,"温暖的地方非常适合电动车，里程缩水比较少。
如果充电方便的话，做为短距离出行非常方便，使用费用也低。
等到充电桩到处普及的时候，做为长途出行的交通工具也很不错。",1,2022-12-13 10:23:27+00,zh-cn,"Warm places are very suitable for electric vehicles, and the mileage shrinkage is relatively small.
If charging is convenient, it is very convenient for short-distance travel and the cost of use is low.
When charging piles become popular everywhere, they will also be very good as a means of transportation for long-distance travel.",positive,0.4689,기타,2026-06-04 05:49:55.671496+00
190,nOpmGFkntb4,@conniefry3321,"Since you both are heading to Vientiane, don't just explore the capital. Top recommend take a little ride to Muang Fang and you both will love the scenery surrounding with mountain and river. Good luck, and love watching you both  from California  🇺🇸",6,2022-11-12 14:13:51+00,en,"Since you both are heading to Vientiane, don't just explore the capital. Top recommend take a little ride to Muang Fang and you both will love the scenery surrounding with mountain and river. Good luck, and love watching you both  from California  🇺🇸",positive,0.8795,기타,2026-06-04 05:49:55.671496+00
191,nOpmGFkntb4,@jiang-26,"I have a same car in China,It's very easy to use：D",4,2022-12-09 14:03:21+00,en,"I have a same car in China,It's very easy to use：D",positive,0.7466,기타,2026-06-04 05:49:55.671496+00
192,nOpmGFkntb4,@Joe_P593,"I just discovered and subscribed to your channel; a lot of fun following your travels.  One thing that would be very helpful is to post the month & year  you shot the video.  It helps us set the context as to weather, tourist crowd pressure and perhaps high season / low season pricing.  Thank you and enjoy your journey!!!",0,2024-07-10 11:56:27+00,en,"I just discovered and subscribed to your channel; a lot of fun following your travels.  One thing that would be very helpful is to post the month & year  you shot the video.  It helps us set the context as to weather, tourist crowd pressure and perhaps high season / low season pricing.  Thank you and enjoy your journey!!!",positive,0.8709,기타,2026-06-04 05:49:55.671496+00
265,QyHFDucrp-8,@NiekNooijens,"Here in the Netherlands, supermarket charging is booming....

But they're 200kW fast chargers...",84,2026-05-07 05:36:16+00,en,"Here in the Netherlands, supermarket charging is booming....

But they're 200kW fast chargers...",neutral,0.6307,기타,2026-06-04 05:49:55.671496+00
312,QyHFDucrp-8,@bcb3009,"In Austria there's a Fast-Charger at every Aldi, always cars there.",0,2026-05-12 00:09:53+00,en,"In Austria there's a Fast-Charger at every Aldi, always cars there.",neutral,0.8053,기타,2026-06-04 05:49:55.671496+00
225,Jja5en9n9pw,@user-uc5ft4gx1n,ສະບາຍດີອ້າຍ Fc ປາກເຊ,3,2024-02-26 10:04:29+00,unknown,Hello brother Fc Pakse,neutral,0.5376,기타,2026-06-04 05:49:55.671496+00
226,Jja5en9n9pw,@leesinnorai1871,We’re so welcome 🙏 all of your around the world can come to visit us  (Laos 🇱🇦),1,2024-02-26 12:07:12+00,en,We’re so welcome 🙏 all of your around the world can come to visit us  (Laos 🇱🇦),positive,0.8193,기타,2026-06-04 05:49:55.671496+00
227,Jja5en9n9pw,@leesinnorai1871,So Awesome and Excited ! YAaaaaaaaaah🇱🇦❤️🇹🇭😄👍🙏,1,2024-02-26 12:04:47+00,so,So Awesome and Excited ! YAaaaaaaaaah🇱🇦❤️🇹🇭😄👍🙏,positive,0.9273,기타,2026-06-04 05:49:55.671496+00
228,Jja5en9n9pw,@souanephinya2634,That's absolutely fantastic.,1,2024-02-27 00:20:53+00,en,That's absolutely fantastic.,positive,0.9414,기타,2026-06-04 05:49:55.671496+00
229,Jja5en9n9pw,@khamthachanthysackd9347,Sabaidee 😃👍,1,2024-02-26 17:20:54+00,so,Sabaidee 😃👍,positive,0.7879,기타,2026-06-04 05:49:55.671496+00
252,moNqhkSmNNg,@Wayne_Kerr2023,"The other thing you didn't do is a review with BYD showroom chargers, they have free waiting rooms with coffee and snacks too.",1,2026-02-19 06:59:10+00,en,"The other thing you didn't do is a review with BYD showroom chargers, they have free waiting rooms with coffee and snacks too.",neutral,0.6984,기타,2026-06-04 05:49:55.671496+00
254,moNqhkSmNNg,@Brainar,"Hi Thank you for sharing my ev journeys your experience, but I wondering if you  still need location where you live and Passport number for elexa, when you register. I went for holidays in Thailand last year and struggle with that.
ev station pluz was my nr one last year worked flowless with a Giac Aion Y 
I went from bkk to Krabi and back with only that CPO🤓",0,2026-02-19 18:08:18+00,en,"Hi Thank you for sharing my ev journeys your experience, but I wondering if you  still need location where you live and Passport number for elexa, when you register. I went for holidays in Thailand last year and struggle with that.
ev station pluz was my nr one last year worked flowless with a Giac Aion Y 
I went from bkk to Krabi and back with only that CPO🤓",neutral,0.3922,충전소위치,2026-06-04 05:49:55.671496+00
256,moNqhkSmNNg,@antiquelampshades,Why my PEA Volta in Thai language 😂 how do you change to English,0,2026-05-09 21:55:52+00,en,Why my PEA Volta in Thai language 😂 how do you change to English,neutral,0.5436,기타,2026-06-04 05:49:55.671496+00
66,6rw0NJdxgMs,@Oldguy-k3t,You could do what ev car owners do. Buy a small gas generator for emergencies.😊,1,2025-04-12 16:04:49+00,en,You could do what ev car owners do. Buy a small gas generator for emergencies.😊,positive,0.5496,기타,2026-06-04 05:49:55.671496+00
67,6rw0NJdxgMs,@roblock2630,Your amazing.,0,2025-04-12 21:49:38+00,sw,Your amazing.,positive,0.8864,기타,2026-06-04 05:49:55.671496+00
326,QyHFDucrp-8,@Zed-Ded,"These used to be free at my supermarket so a lot of people use them.  In fact they're rarely empty.  I think it brings in more business for them because I go there specifically for the free top up while shopping.  After they tore them down, I no longer go there as much since there are better supermarkets.",0,2026-05-09 23:24:02+00,en,"These used to be free at my supermarket so a lot of people use them.  In fact they're rarely empty.  I think it brings in more business for them because I go there specifically for the free top up while shopping.  After they tore them down, I no longer go there as much since there are better supermarkets.",neutral,0.4238,기타,2026-06-04 05:49:55.671496+00
272,QyHFDucrp-8,@chriswalford4161,"All the supermarket chargers I know round here are commercial franchises, not operated by the store chain.
So all the high-current supply cabling (where there is a decent charge rate) was installed at private expense to be recouped from the charge fee.",3,2026-05-08 20:49:46+00,en,"All the supermarket chargers I know round here are commercial franchises, not operated by the store chain.
So all the high-current supply cabling (where there is a decent charge rate) was installed at private expense to be recouped from the charge fee.",neutral,0.6566,기타,2026-06-04 05:49:55.671496+00
273,QyHFDucrp-8,@SeanLXIV,"If you were there for an hour doing your shopping you could put 7kw in, at a cost of £3, but you'd have a pending charge of anywhere from £25 to £50 on your bank account for days",0,2026-06-03 11:51:32+00,en,"If you were there for an hour doing your shopping you could put 7kw in, at a cost of £3, but you'd have a pending charge of anywhere from £25 to £50 on your bank account for days",neutral,0.5757,기타,2026-06-04 05:49:55.671496+00
276,QyHFDucrp-8,@timwoodphoto,"Sainsbury’s have awesome chargers now. 150kw, 72p admittedly, but super easy and you get nectar.",5,2026-04-29 20:23:50+00,en,"Sainsbury’s have awesome chargers now. 150kw, 72p admittedly, but super easy and you get nectar.",positive,0.7818,기타,2026-06-04 05:49:55.671496+00
277,QyHFDucrp-8,@MCSMIK,"I love the fact all Tescos have them. When travelling and staying in Airbnbs etc it’s nice to know that I can get a top up on the pod points. We used 3 of them on our NC500 trip and they were 22kW posts, 11kW charge on my tesla, spending a little while in the supermarket and breakfast at the excellent Tesco cafe, you get a great deal of charge during a time you’d otherwise waste. So they might be empty in some areas, but even around where I live I see cars on there quite frequently",2,2026-05-07 10:10:28+00,en,"I love the fact all Tescos have them. When travelling and staying in Airbnbs etc it’s nice to know that I can get a top up on the pod points. We used 3 of them on our NC500 trip and they were 22kW posts, 11kW charge on my tesla, spending a little while in the supermarket and breakfast at the excellent Tesco cafe, you get a great deal of charge during a time you’d otherwise waste. So they might be empty in some areas, but even around where I live I see cars on there quite frequently",positive,0.511,UI불편,2026-06-04 05:49:55.671496+00
314,QyHFDucrp-8,@SamPhoenix_,"For public chargers they're still pretty good price per Kwh (in comparison to some others). 

For Tesco Podpoints that have rapid chargers I do use them now and again",0,2026-05-11 21:49:20+00,en,"For public chargers they're still pretty good price per Kwh (in comparison to some others). 

For Tesco Podpoints that have rapid chargers I do use them now and again",positive,0.5395,기타,2026-06-04 05:49:55.671496+00
293,QyHFDucrp-8,@banzibarn,"Sainsbury's have the right idea.  Fast charging which will fill your car while you shop, meaning there's no waiting.  Only drawback is that they're still too expensive.",4,2026-05-01 09:03:58+00,en,"Sainsbury's have the right idea.  Fast charging which will fill your car while you shop, meaning there's no waiting.  Only drawback is that they're still too expensive.",positive,0.4975,기타,2026-06-04 05:49:55.671496+00
294,QyHFDucrp-8,@SSN9944,"Usually Germany is running behind in fast developments, but ALDI supermarkets have sometimes 300kW charging for a good price (relative to Germany).",0,2026-05-10 11:36:39+00,en,"Usually Germany is running behind in fast developments, but ALDI supermarkets have sometimes 300kW charging for a good price (relative to Germany).",neutral,0.5294,기타,2026-06-04 05:49:55.671496+00
296,QyHFDucrp-8,@geoff266,"At the Tesco by me they where free and there wasnt a time limit for parking when they where installed, that changed about 3 years ago, they then switched them to pay to charge and put a time limit on but we had then managed to get a home charger install. Was a good stop gap in-between waiting for a home charger being installed.",0,2026-05-08 10:55:05+00,en,"At the Tesco by me they where free and there wasnt a time limit for parking when they where installed, that changed about 3 years ago, they then switched them to pay to charge and put a time limit on but we had then managed to get a home charger install. Was a good stop gap in-between waiting for a home charger being installed.",neutral,0.6895,결제오류,2026-06-04 05:49:55.671496+00
297,QyHFDucrp-8,@Haggisking,"Rapids at supermarkets are amazing when you're staying at somewhere like an Airbnb without charging. Pop in for 45 mins while you grab some shopping for the week and you're sorted for the journey home, we often use the ones at Morrisons in Aberystwyth as it's super convenient when staying on the coast, and almost always enroute :)

You're right about the 7kw ones though, even taking an hour doing a weekly shop, you'll barely get enough charge to cover the round trip!",18,2026-05-06 19:05:45+00,en,"Rapids at supermarkets are amazing when you're staying at somewhere like an Airbnb without charging. Pop in for 45 mins while you grab some shopping for the week and you're sorted for the journey home, we often use the ones at Morrisons in Aberystwyth as it's super convenient when staying on the coast, and almost always enroute :)

You're right about the 7kw ones though, even taking an hour doing a weekly shop, you'll barely get enough charge to cover the round trip!",positive,0.7057,기타,2026-06-04 05:49:55.671496+00
153,nOpmGFkntb4,@sharonleong7120,Great video. Loved it as always too. Thanks.👍👍👍❤️❤️❤️,3,2022-11-12 11:06:20+00,en,Great video. Loved it as always too. Thanks.👍👍👍❤️❤️❤️,positive,0.9518,기타,2026-06-04 05:49:55.671496+00
154,nOpmGFkntb4,@eyeofventure,That’s the cutest little farm. And very economical❤😊,3,2022-11-13 20:51:17+00,en,That’s the cutest little farm. And very economical❤😊,positive,0.9254,기타,2026-06-04 05:49:55.671496+00
155,nOpmGFkntb4,@PaulD-Australia,"Hi Adriana and Dylan. I love Mikey the Macaron, what a cool way to get around. The waterfall was awesome. Thank you. 👍😀",3,2022-11-13 02:05:26+00,en,"Hi Adriana and Dylan. I love Mikey the Macaron, what a cool way to get around. The waterfall was awesome. Thank you. 👍😀",positive,0.9492,기타,2026-06-04 05:49:55.671496+00
156,nOpmGFkntb4,@sno_mouse1235,What an absolutely stunning waterfall.,3,2022-11-12 19:09:47+00,en,What an absolutely stunning waterfall.,positive,0.9171,기타,2026-06-04 05:49:55.671496+00
157,nOpmGFkntb4,@MarkLuis,Just discovered your Bangkok vlogs and I'm hooked! New subscriber here. Keep these high quality travel vids coming please!,4,2022-11-27 14:03:53+00,en,Just discovered your Bangkok vlogs and I'm hooked! New subscriber here. Keep these high quality travel vids coming please!,positive,0.8925,기타,2026-06-04 05:49:55.671496+00
158,nOpmGFkntb4,@drewcorry5056,Absolutely love bananas. Excellent little car. Lunch looked yummy. I can hear the waterfall. Amazing waterfall. I would have gone swimming too;. Such a peaceful and excellent video and excellent job.,2,2022-11-12 20:59:45+00,en,Absolutely love bananas. Excellent little car. Lunch looked yummy. I can hear the waterfall. Amazing waterfall. I would have gone swimming too;. Such a peaceful and excellent video and excellent job.,positive,0.9121,기타,2026-06-04 05:49:55.671496+00
159,nOpmGFkntb4,@marsre141,"You guys are lovely,like you travel videos. 🎉 You should not miss traveling around China",4,2022-12-07 13:12:53+00,en,"You guys are lovely,like you travel videos. 🎉 You should not miss traveling around China",positive,0.9032,기타,2026-06-04 05:49:55.671496+00
160,nOpmGFkntb4,@HamNoytheDutchGuy,"Episode 3 introducing Mikey the Macaron 🚙 💪 sweet little car 😊 and your Laos papaya spot had such a nice view over the rice paddy's 😍 beautifull waterfall, and a great cooldown Dylan 👊
Thanks for sharing and as always Adrian, Dylan and Mikey, C Ya in the next one, cheers 🙌🍻🍹",4,2022-12-03 14:30:27+00,en,"Episode 3 introducing Mikey the Macaron 🚙 💪 sweet little car 😊 and your Laos papaya spot had such a nice view over the rice paddy's 😍 beautifull waterfall, and a great cooldown Dylan 👊
Thanks for sharing and as always Adrian, Dylan and Mikey, C Ya in the next one, cheers 🙌🍻🍹",positive,0.8792,결제오류,2026-06-04 05:49:55.671496+00
161,nOpmGFkntb4,@charlesc.3261,Love to view your travels.,1,2022-11-26 02:01:23+00,en,Love to view your travels.,positive,0.8636,기타,2026-06-04 05:49:55.671496+00
162,nOpmGFkntb4,@aronarounsaphay8495,So cool  and you two so nice  . I'm enjoying to watch and follow you two .. thank you,1,2022-11-22 09:06:38+00,en,So cool  and you two so nice  . I'm enjoying to watch and follow you two .. thank you,positive,0.9055,기타,2026-06-04 05:49:55.671496+00
115,6rw0NJdxgMs,@chr11sf,👍,0,2025-04-12 20:29:33+00,unknown,👍,positive,0.5846,기타,2026-06-04 05:49:55.671496+00
129,nOpmGFkntb4,@jameszhou162,this travel is awesome!  your equipment and editing are flawless.  have a great time in Laos.,16,2022-11-27 04:52:54+00,en,this travel is awesome!  your equipment and editing are flawless.  have a great time in Laos.,positive,0.9407,UI불편,2026-06-04 05:49:55.671496+00
130,nOpmGFkntb4,@ecbrandt1,"I was there in 2005, and back then we could swin in the big waterfall. It was also at the waterfall i tried papaya salad the first time, local spicy stile. I could peele skin of my lips after eating it. Went from Luang Prabang to Xieng Khouang. Really happy that i stumpled on to your channel, so i could ""re-visit"" Luang prabang.",2,2024-01-08 17:54:44+00,en,"I was there in 2005, and back then we could swin in the big waterfall. It was also at the waterfall i tried papaya salad the first time, local spicy stile. I could peele skin of my lips after eating it. Went from Luang Prabang to Xieng Khouang. Really happy that i stumpled on to your channel, so i could ""re-visit"" Luang prabang.",positive,0.5579,결제오류,2026-06-04 05:49:55.671496+00
131,nOpmGFkntb4,@xuanpaigarments,it is a great car :),2,2022-12-06 08:14:06+00,en,it is a great car :),positive,0.9231,기타,2026-06-04 05:49:55.671496+00
132,nOpmGFkntb4,@biochemwang2421,This little adorable car is produced in my city. 😋,4,2022-12-06 08:33:30+00,en,This little adorable car is produced in my city. 😋,positive,0.8325,기타,2026-06-04 05:49:55.671496+00
133,nOpmGFkntb4,@nestleiancastro2525,"Take care always my frnd,both and u..von voyage god bless us..",0,2022-12-06 08:08:02+00,en,"Take care always my frnd,both and u..von voyage god bless us..",positive,0.744,기타,2026-06-04 05:49:55.671496+00
134,nOpmGFkntb4,@arrukkikrina2755,Laos is a country with very beautiful nature.,18,2022-11-13 03:28:34+00,en,Laos is a country with very beautiful nature.,positive,0.9097,기타,2026-06-04 05:49:55.671496+00
135,nOpmGFkntb4,@louismr4775,"the car is called wuiling mini ev, macaron is one of its various versions. I recommend you to the Detian transborder waterfalls between Vietnam and China, it's literally something incomparable.",34,2022-11-29 10:43:28+00,en,"the car is called wuiling mini ev, macaron is one of its various versions. I recommend you to the Detian transborder waterfalls between Vietnam and China, it's literally something incomparable.",positive,0.4316,UI불편,2026-06-04 05:49:55.671496+00
136,nOpmGFkntb4,@narougdetyodthongdee3420,วันนี้ คุณทั้ง2สดใสมากดูออกว่ามีความสุข เมืองหลวงพระบางสวย สงบ น่าไปเยี่ยมชม.,3,2022-11-12 11:34:56+00,th,"Today, you two were very bright and looked happy.Luang Prabang is beautiful, peaceful, and worth visiting.",positive,0.8551,기타,2026-06-04 05:49:55.671496+00
301,QyHFDucrp-8,@southcalder,"I sometimes use them as the wife and I have stacks of free charging credits from PodPoint due to a car purchase. Rarely when I’m in Tesco, because that’s only ever for about 30 minutes and not worth the effort of unfurling the cable, but one of the local Tesco branches is near the railway station and has no parking restrictions, so I’ll sometimes drop it in for a few hours. 

To be honest, I so rarely use public chargers as my car has a 320 mile range and it’s pretty infrequent that I use anywhere near that on a single journey. My home off peak charging is currently 3.5p/kWh, and while that will probably go up to about 9p at the next cap review, it’s still a heck of a lot cheaper than the 70-80p that most charging companies want.",0,2026-05-10 17:13:12+00,en,"I sometimes use them as the wife and I have stacks of free charging credits from PodPoint due to a car purchase. Rarely when I’m in Tesco, because that’s only ever for about 30 minutes and not worth the effort of unfurling the cable, but one of the local Tesco branches is near the railway station and has no parking restrictions, so I’ll sometimes drop it in for a few hours. 

To be honest, I so rarely use public chargers as my car has a 320 mile range and it’s pretty infrequent that I use anywhere near that on a single journey. My home off peak charging is currently 3.5p/kWh, and while that will probably go up to about 9p at the next cap review, it’s still a heck of a lot cheaper than the 70-80p that most charging companies want.",neutral,0.4764,결제오류,2026-06-04 05:49:55.671496+00
287,QyHFDucrp-8,@christopherdwyer9496,Tesco pod points are really expensive and you have to pre buy credit via the app rather than pay for what you use. Just not particularly appealing in general.,3,2024-12-20 06:25:50+00,en,Tesco pod points are really expensive and you have to pre buy credit via the app rather than pay for what you use. Just not particularly appealing in general.,negative,0.912,결제오류,2026-06-04 05:49:55.671496+00
285,QyHFDucrp-8,@ManChickin,"Because alot of people with electric cars are either charging for free through company handouts, or using off peak rates at home for 6p kwh.",136,2024-12-15 21:09:12+00,en,"Because alot of people with electric cars are either charging for free through company handouts, or using off peak rates at home for 6p kwh.",neutral,0.7525,기타,2026-06-04 05:49:55.671496+00
286,QyHFDucrp-8,@gunnarparment5050,"Actually, I had a supermarket that offered free 22 kW charging for customers (in Sweden) and while waiting for an hour I usually shopped for SEK 1000+ corresponding to GBP 100. Now I have a car with bigger battery, and free charging is capped at 7 kW. Now I never charge at the supermarket. (Though, now there are 360 kW DC charging available at the parking, but quite expensive.)",0,2026-05-10 02:45:15+00,en,"Actually, I had a supermarket that offered free 22 kW charging for customers (in Sweden) and while waiting for an hour I usually shopped for SEK 1000+ corresponding to GBP 100. Now I have a car with bigger battery, and free charging is capped at 7 kW. Now I never charge at the supermarket. (Though, now there are 360 kW DC charging available at the parking, but quite expensive.)",neutral,0.6127,고객서비스,2026-06-04 05:49:55.671496+00
288,QyHFDucrp-8,@thomasreedy4751,"200kw charger at my supermarket.  It’s close to the freeway and you can charge to 80% within an hour while you shop.

Convenient if you need it.",0,2026-05-10 14:40:49+00,en,"200kw charger at my supermarket.  It’s close to the freeway and you can charge to 80% within an hour while you shop.

Convenient if you need it.",positive,0.6467,기타,2026-06-04 05:49:55.671496+00
289,QyHFDucrp-8,@TheCrust333,We have Aldi chargers 50kw 0.49€,4,2026-05-07 14:33:19+00,en,We have Aldi chargers 50kw 0.49€,neutral,0.8816,기타,2026-06-04 05:49:55.671496+00
290,QyHFDucrp-8,@hooloovooloo,"The exception being Norfolk. As it's a bit of a charging desert (albeit improving with more recent additions such as Gridserve and Tesla), I frequently use supermarket chargers in the more remote locations.",1,2026-05-11 07:18:26+00,en,"The exception being Norfolk. As it's a bit of a charging desert (albeit improving with more recent additions such as Gridserve and Tesla), I frequently use supermarket chargers in the more remote locations.",neutral,0.6052,충전소위치,2026-06-04 05:49:55.671496+00
359,-iHoikHRO5Q,@user-starlightlove1,앞으로가 더욱 기대되는 엘브이 입니다! 라오스의 경제 성장도 기대되네요ㅎㅎ 불사조님 최고!,1,2023-10-14 12:33:38+00,ko,"This is LV, who is looking forward to the future even more!I’m also looking forward to Laos’ economic growth haha ​​Phoenix is ​​the best!",positive,0.9106,기타,2026-06-04 05:49:55.671496+00
303,QyHFDucrp-8,@johndavis7257,The one near us in Australia has a 22kw unit. We just got our EV and only have a standard power point for the time being so if we have a longer driving day I’ll sometimes pop over to grab groceries and catch it up. At 22kw it can get our Zeekr 7x 15-20% or so while I shop which is usually enough to catch it up so the L1 charger can top the rest up in the next days solar hours. When we get a 7kw charger at home doubt I’ll ever use them again.,0,2026-05-10 02:03:28+00,en,The one near us in Australia has a 22kw unit. We just got our EV and only have a standard power point for the time being so if we have a longer driving day I’ll sometimes pop over to grab groceries and catch it up. At 22kw it can get our Zeekr 7x 15-20% or so while I shop which is usually enough to catch it up so the L1 charger can top the rest up in the next days solar hours. When we get a 7kw charger at home doubt I’ll ever use them again.,neutral,0.5597,기타,2026-06-04 05:49:55.671496+00
304,QyHFDucrp-8,@Trifusion1,"Sainsburys smart charge, that’s what’s happened. 150kW chargers at 68p per kWh with Electroverse. Fill your car while you do your weekly shop. 

68p isn’t super cheap, but it’s at the low end of most rapid chargers, if we exclude Tesla.",5,2026-04-04 14:37:07+00,en,"Sainsburys smart charge, that’s what’s happened. 150kW chargers at 68p per kWh with Electroverse. Fill your car while you do your weekly shop. 

68p isn’t super cheap, but it’s at the low end of most rapid chargers, if we exclude Tesla.",neutral,0.4814,기타,2026-06-04 05:49:55.671496+00
305,QyHFDucrp-8,@TejashPatel-z2r,The supermarkets with successful chatgers near me (Leicester) have 24 hour free parking and the cheaper 7kw chargers. The ones with limited time parking and the ones with faster chargers seem to always been empty. Im guessing the people that can afford an ev for leisure or commuting also have driveways or more convenient options and the people that have them for work find them either too slow for the time they spend there or the same price as going at a service station so its more convenient to charge as you go than front load by going out of your way.,0,2026-05-10 07:05:07+00,en,The supermarkets with successful chatgers near me (Leicester) have 24 hour free parking and the cheaper 7kw chargers. The ones with limited time parking and the ones with faster chargers seem to always been empty. Im guessing the people that can afford an ev for leisure or commuting also have driveways or more convenient options and the people that have them for work find them either too slow for the time they spend there or the same price as going at a service station so its more convenient to charge as you go than front load by going out of your way.,neutral,0.3951,충전속도,2026-06-04 05:49:55.671496+00
310,QyHFDucrp-8,@alankemp1970,"The Tesco pod points in my local town are used regularly, the car park is close to the town centre and people plug in for a couple of hours while shopping and visiting the town centre. I use these type of chargers when out and about on my motorcycle as they are handy for my half hour to an hour food or town visits. Sainsbury’s are rolling out rapid chargers as their own network in their car parks, I’ve used them on my travels.",0,2026-05-14 19:41:04+00,en,"The Tesco pod points in my local town are used regularly, the car park is close to the town centre and people plug in for a couple of hours while shopping and visiting the town centre. I use these type of chargers when out and about on my motorcycle as they are handy for my half hour to an hour food or town visits. Sainsbury’s are rolling out rapid chargers as their own network in their car parks, I’ve used them on my travels.",neutral,0.5956,기타,2026-06-04 05:49:55.671496+00
319,QyHFDucrp-8,@lewissmith8637,"Charged at Sainsbury’s on the weekend, 300kW, 28 spaces, was packed.",0,2026-05-28 20:04:21+00,en,"Charged at Sainsbury’s on the weekend, 300kW, 28 spaces, was packed.",neutral,0.8277,기타,2026-06-04 05:49:55.671496+00
320,QyHFDucrp-8,@jeffcranmer5374,There are some 30A chargers at the local shopping area near me in NC that are free for up to 4 hours.,0,2026-05-11 19:53:48+00,en,There are some 30A chargers at the local shopping area near me in NC that are free for up to 4 hours.,neutral,0.6405,기타,2026-06-04 05:49:55.671496+00
389,hArnl8kI7DI,@gaolutsoctrang4507,"Theo như mình được biết, thì chiếc Limo Green mới này là phiên bản thương mại dành cho chạy dịch vụ, do đó những tính năng cơ bản như điều chỉnh gương 2 bên, điều chỉnh âm thanh ... sẽ được bố trí trên màn hình, thay vì trên vô lăng. Một phiên bản thương mại cao cấp hơn sẽ được cho ra mắt năm tới, dành cho gia đình và cá nhân sử dụng.",7,2025-08-07 00:20:23+00,vi,"As far as I know, this new Green Limo is a commercial version for service operations, so basic features such as adjusting the side mirrors, adjusting the sound... will be arranged on the screen, instead of on the steering wheel.A more advanced commercial version will be released next year, for home and individual use.",neutral,0.5239,기타,2026-06-04 05:49:55.671496+00
390,hArnl8kI7DI,@BachNguyen-d9v,Thích mỗi bạn này rì viu,1,2025-08-06 13:03:26+00,vi,I like each of these guys so much,positive,0.63,기타,2026-06-04 05:49:55.671496+00
391,hArnl8kI7DI,@laklee2319,Mô tả rất thực 👍 và tôi đã mua chiếc xe này,0,2025-12-07 05:07:09+00,vi,The description is very realistic 👍 and I bought this car,positive,0.7289,기타,2026-06-04 05:49:55.671496+00
392,hArnl8kI7DI,@TaiNguyen-xg1jb,Bạn nói rất dể hiểu.,0,2025-08-07 02:09:06+00,vi,You speak very clearly.,positive,0.6734,기타,2026-06-04 05:49:55.671496+00
393,hArnl8kI7DI,@dungngoquoc5622,❤❤❤❤😂😂😂tôi thích những người rìviu như ông anh  ....,0,2025-11-24 08:22:24+00,vi,❤❤❤❤😂😂😂I like friendly people like you....,positive,0.7684,기타,2026-06-04 05:49:55.671496+00
394,hArnl8kI7DI,@quanghiep1198,Làm clip so sánh Vin vs BYD đi pro....,0,2025-08-06 17:27:50+00,vi,Make a clip comparing Vin and BYD pro...,neutral,0.5998,기타,2026-06-04 05:49:55.671496+00
395,hArnl8kI7DI,@heisenberg9790,bản gia đình thêm 100 nữa đầy đủ thì quá ngon. form xe đẹp rộng,1,2025-08-07 02:38:08+00,vi,The full family version costs 100 more and it's so delicious.The car's shape is beautiful and spacious,positive,0.826,기타,2026-06-04 05:49:55.671496+00
396,hArnl8kI7DI,@gold.hunter1806,Chờ bản plus ra xem sẽ được upgrade những gì nha 😊,0,2025-08-07 01:50:13+00,vi,Wait for the plus version to come out to see what upgrades will be available 😊,positive,0.6664,기타,2026-06-04 05:49:55.671496+00
397,hArnl8kI7DI,@vukhai2903,"Theo quan điểm của mình thì việc mấy ông xe xăng hay kêu là t xài xe xăng nó lẹ nó chạy đc liền nhưng mà thật sự thì khách ở đâu liên tục ra trong 24h cho mấy ông chạy :)) 
Trong khi xe điện ko có ám mùi xăng chạy êm ít bị say xe",2,2025-10-23 04:44:26+00,vi,"In my opinion, the guys with gasoline cars often say that I use a gasoline car, it's fast and runs right away, but in reality, where do customers keep coming out for 24 hours for them to drive :))
While electric cars don't smell like gasoline, they run smoothly and rarely cause motion sickness",neutral,0.4751,기타,2026-06-04 05:49:55.671496+00
398,hArnl8kI7DI,@ThanhNguyen-cn5is,Nó có 2 option chạy dịch vụ và gia đình đó anh,0,2025-08-06 23:26:04+00,vi,It has 2 options for running service and family,neutral,0.6975,기타,2026-06-04 05:49:55.671496+00
399,hArnl8kI7DI,@CuongHoang-if3hx,"Theo quan điểm của mình ko có gì là ngon bổ mà rẻ và miễn phí cả! Họ là doanh nghiệp nên là làm ăn phải có lãi, vì thế họ phải tính hết các chi phí ( kể cả miễn phí sạc 2 năm) vào giá rồi. Nên xe chỉ được vậy thôi...ai thấy phù hợp thì mua ko phù hợp thì chuyển qua mua xe khác, tiền của bạn và ko ai bắt bạn phải mua cả!!!",36,2025-08-07 01:24:11+00,vi,"In my opinion, there is nothing delicious and nutritious that is cheap and free!They are a business so they have to make a profit, so they have to include all costs (including free charging for 2 years) in the price.So the car is just that...if you find it suitable, buy it. If it's not suitable then buy another car, it's your money and no one is forcing you to buy it!!!",neutral,0.477,결제오류,2026-06-04 05:49:55.671496+00
295,QyHFDucrp-8,@barriewilliams4526,"The problem being for EV owner is. You can't charge at home, then expect to be able to charge your car easily when doing longer trips. If the charging stations become unviable, they will shut down. Example. My daughter works at a busy garden centre situated on the A51. 2 years ago, they had 4 charging bays installed. When we visited recently, they had been removed and the bays turned back into regular parking bays. When we asked the daughter why, the answer was that they were not making enough money to be viable. Be careful what you wish for....",4,2026-05-08 16:49:52+00,en,"The problem being for EV owner is. You can't charge at home, then expect to be able to charge your car easily when doing longer trips. If the charging stations become unviable, they will shut down. Example. My daughter works at a busy garden centre situated on the A51. 2 years ago, they had 4 charging bays installed. When we visited recently, they had been removed and the bays turned back into regular parking bays. When we asked the daughter why, the answer was that they were not making enough money to be viable. Be careful what you wish for....",negative,0.7356,결제오류,2026-06-04 05:49:55.671496+00
298,QyHFDucrp-8,@BobbeligAanpak,Way too expensive in the Netherlands too. I've never charged at a supermarket lol,0,2026-05-13 17:09:00+00,en,Way too expensive in the Netherlands too. I've never charged at a supermarket lol,negative,0.5636,결제오류,2026-06-04 05:49:55.671496+00
193,nOpmGFkntb4,@tracymcgrady6953,Love your channel name!,0,2022-12-08 09:37:07+00,fr,Love your channel name!,positive,0.9033,기타,2026-06-04 05:49:55.671496+00
194,nOpmGFkntb4,@kristaready8812,You'll be at 200K before you know it. Congrats on 1K. You guys deserve it. 🤗💞,0,2024-04-03 04:16:58+00,en,You'll be at 200K before you know it. Congrats on 1K. You guys deserve it. 🤗💞,positive,0.9323,기타,2026-06-04 05:49:55.671496+00
195,nOpmGFkntb4,@yindu_Weige8888,谢谢拍摄分享🤔,0,2022-12-10 12:29:08+00,ko,Thank you for shooting and sharing🤔,positive,0.4924,기타,2026-06-04 05:49:55.671496+00
196,nOpmGFkntb4,@PM18Alumni,Beautiful Town,2,2022-11-12 11:02:29+00,en,Beautiful Town,positive,0.8433,기타,2026-06-04 05:49:55.671496+00
401,hArnl8kI7DI,@vinhnguyentan8950,"Mình nghĩ là OK ❤.. điều hòa hàng ghế 3, khung gầm treo đa điểm to dài rộng , cứng cáp ,….. những thứ khác thì cần thì nâng cấp thêm ..  . Mua xe lướt tầm 650-700 thì OK ❤",0,2025-08-07 01:47:12+00,vi,"I think it's OK ❤.. 3rd row air conditioner, large, long, wide, sturdy multi-point suspension chassis,... other things need to be upgraded...Buying a car around 650-700 is OK ❤",positive,0.5097,기타,2026-06-04 05:49:55.671496+00
333,QyHFDucrp-8,@AndiJF,"Supermarket chargers here in Australia are usually high-current fast chargers, and they're often all in use. If you're just charging while shopping, 7kW isn't much use.",0,2026-05-08 03:09:01+00,en,"Supermarket chargers here in Australia are usually high-current fast chargers, and they're often all in use. If you're just charging while shopping, 7kW isn't much use.",neutral,0.767,기타,2026-06-04 05:49:55.671496+00
334,QyHFDucrp-8,@geofrancis2001,"sainsburrys used to have the air pump free, that was the sole reason i ever bought fuel from them because i woild need to go there regularaly. once they started charging for the air pump then there was no point in me traveling further to get to the air pump.",0,2026-05-09 09:58:31+00,en,"sainsburrys used to have the air pump free, that was the sole reason i ever bought fuel from them because i woild need to go there regularaly. once they started charging for the air pump then there was no point in me traveling further to get to the air pump.",neutral,0.4076,기타,2026-06-04 05:49:55.671496+00
336,QyHFDucrp-8,@appkazoo5925,Our Tesco 7kW chargers (4 of them) are heavily used. Yesterday when I was at Tesco all 4 were in use,0,2026-05-08 06:33:23+00,en,Our Tesco 7kW chargers (4 of them) are heavily used. Yesterday when I was at Tesco all 4 were in use,neutral,0.6759,기타,2026-06-04 05:49:55.671496+00
337,QyHFDucrp-8,@RWoody1995,"I've been charging my model 3 solely at Tesco for 6 months now, mine has a couple of 75kW chargers which is enough to get it from 20-80% in the time I do my weekly shop (well, if I take my time a bit lol)... The 7kW ones are almost useless, just enough to get from home to Tesco and back again in that same time! it was nice for a topup when they were free but you really need at least 22kW at a supermarket charger, 75kW ideally as that will help a lot of people like me who can't charge at home to have almost the convenience of a home charging user as we can do our commute on just the charging we get from parking up for our weekly shop.",1,2026-05-05 13:25:50+00,en,"I've been charging my model 3 solely at Tesco for 6 months now, mine has a couple of 75kW chargers which is enough to get it from 20-80% in the time I do my weekly shop (well, if I take my time a bit lol)... The 7kW ones are almost useless, just enough to get from home to Tesco and back again in that same time! it was nice for a topup when they were free but you really need at least 22kW at a supermarket charger, 75kW ideally as that will help a lot of people like me who can't charge at home to have almost the convenience of a home charging user as we can do our commute on just the charging we get from parking up for our weekly shop.",neutral,0.3972,기타,2026-06-04 05:49:55.671496+00
323,QyHFDucrp-8,@liftoffandtravel,"Mine at home only does 3.7kw because it's limited by the vehicle 😕 then again it's only a 32kw battery with a 2 litre diesel attached.

I feel the pain 🔋",0,2026-05-29 13:23:48+00,en,"Mine at home only does 3.7kw because it's limited by the vehicle 😕 then again it's only a 32kw battery with a 2 litre diesel attached.

I feel the pain 🔋",negative,0.8924,기타,2026-06-04 05:49:55.671496+00
321,QyHFDucrp-8,@HowardNeil-k5r,"My local Aldi often has cars charging there , probably people visiting the seaside town for weekend and need a charge to get back home",0,2026-05-07 21:14:42+00,en,"My local Aldi often has cars charging there , probably people visiting the seaside town for weekend and need a charge to get back home",neutral,0.7119,기타,2026-06-04 05:49:55.671496+00
322,QyHFDucrp-8,@misteryreviewer1426,I used a pod point when we were on holiday at a park and ride but usually find the nearest supercharger if I need to charge away from home,0,2026-05-07 20:35:35+00,en,I used a pod point when we were on holiday at a park and ride but usually find the nearest supercharger if I need to charge away from home,neutral,0.7709,기타,2026-06-04 05:49:55.671496+00
324,QyHFDucrp-8,@playlist5455,If I was needing charging outside the house regularly I'd like 50kw-100kw chargers at a supermarket. At that rate it's basically would take the same time as I shop. Had free at Electrify America for a while. Their fast 350kw  chargers made it so I could only do a tiny bit of shopping in the time it took to charge.,0,2026-05-10 14:12:00+00,en,If I was needing charging outside the house regularly I'd like 50kw-100kw chargers at a supermarket. At that rate it's basically would take the same time as I shop. Had free at Electrify America for a while. Their fast 350kw  chargers made it so I could only do a tiny bit of shopping in the time it took to charge.,neutral,0.6154,기타,2026-06-04 05:49:55.671496+00
325,QyHFDucrp-8,@GuardianSmurf,Supermarket chargers were handy when I had my first Zoe EV back in 2018. Free charging whilst shopping with a 22kWh model kept me loyal to the supermarket and my battery topped-up. I now don't need to charge so frequently driving a 64kWh BYD Dolphin,0,2026-05-09 06:33:20+00,en,Supermarket chargers were handy when I had my first Zoe EV back in 2018. Free charging whilst shopping with a 22kWh model kept me loyal to the supermarket and my battery topped-up. I now don't need to charge so frequently driving a 64kWh BYD Dolphin,positive,0.7126,기타,2026-06-04 05:49:55.671496+00
327,QyHFDucrp-8,@S9999Frank,In norway the charger at the supermarket is from UnoX and has 150KW. People do use them.,0,2026-05-10 22:35:06+00,en,In norway the charger at the supermarket is from UnoX and has 150KW. People do use them.,neutral,0.8365,기타,2026-06-04 05:49:55.671496+00
507,7Lm-Rpw0Zl0,@nguyenhuutan7514,Mua về chạy taxi dịch vụ kkk,1,2026-01-13 13:01:36+00,vi,Buy and run taxi service kkk,neutral,0.6906,기타,2026-06-04 05:49:55.671496+00
338,QyHFDucrp-8,@m-a-l-3000,"Most charging stations at supermarkets and other retail stores in Germany have at least 150kW or sometimes even 300 or 400kW charging power. With such a charger my EV is filled to 80% within 15 minutes. And they are always in use. Sometimes you have to wait to get a spot even if there are 4 or 6 charging spots on the car park. If the supermarket car park has only 2 spots I don't even try anymore, because they are almost always occupied.",0,2026-05-11 10:09:21+00,en,"Most charging stations at supermarkets and other retail stores in Germany have at least 150kW or sometimes even 300 or 400kW charging power. With such a charger my EV is filled to 80% within 15 minutes. And they are always in use. Sometimes you have to wait to get a spot even if there are 4 or 6 charging spots on the car park. If the supermarket car park has only 2 spots I don't even try anymore, because they are almost always occupied.",neutral,0.5806,기타,2026-06-04 05:49:55.671496+00
500,7Lm-Rpw0Zl0,@hur_rerach,"Thời nào rồi gương bật bằng cơm 
Bố tổ",0,2026-01-15 10:02:35+00,vi,"When did the mirror turn on like rice?
Father",neutral,0.496,기타,2026-06-04 05:49:55.671496+00
344,QyHFDucrp-8,@Tenki65,"I always saw these as ""I didn't lose any range to come to the supermarket"" when they're 3,5/7kW chargers and ""I'll get the charging out of the way"" when they're fast chargers. I wouldn't count on the slow type to charge my car as a primary method (and it seems they're expensive in the UK).",0,2026-05-10 09:11:04+00,en,"I always saw these as ""I didn't lose any range to come to the supermarket"" when they're 3,5/7kW chargers and ""I'll get the charging out of the way"" when they're fast chargers. I wouldn't count on the slow type to charge my car as a primary method (and it seems they're expensive in the UK).",neutral,0.5234,충전속도,2026-06-04 05:49:55.671496+00
345,QyHFDucrp-8,@conquerncam,"I’m surprised those are used much at all, because you can easily charge at home with a relatively low initial cost (maybe $200 USD for an adapter)",0,2026-05-12 20:49:51+00,en,"I’m surprised those are used much at all, because you can easily charge at home with a relatively low initial cost (maybe $200 USD for an adapter)",positive,0.4518,기타,2026-06-04 05:49:55.671496+00
346,QyHFDucrp-8,@ianemery2925,"No one uses 7KW chargers at supermarkets for a full charge; however a 2 hour shop is going to give most EVs 50-60 miles of range, enough for the average commuter with no charger at home.
My local Aldi has 7KW chargers, some are always in use when I visit, and the 50KW charger at a local Lidl is always in use (and often another car waiting).
Of course, Aldi in particular, are cheaper than charging at home during the day.",1,2026-05-07 10:29:25+00,en,"No one uses 7KW chargers at supermarkets for a full charge; however a 2 hour shop is going to give most EVs 50-60 miles of range, enough for the average commuter with no charger at home.
My local Aldi has 7KW chargers, some are always in use when I visit, and the 50KW charger at a local Lidl is always in use (and often another car waiting).
Of course, Aldi in particular, are cheaper than charging at home during the day.",neutral,0.6236,기타,2026-06-04 05:49:55.671496+00
349,QyHFDucrp-8,@oatlegOnYt,"We here in Leon - Spain I live close to various supermarkets with chargers. They are usually in use.

The reason? Some are free, some are cheap (~0,2€/kwh). So people who don't have chargers or anyone in the free chargers do when they have the chance.

If you put expensive chargers with low charging in places of medium to low transit, it will be obviously very low used.

Low power is ok, if they put a low price in exchange.",0,2026-05-12 07:39:30+00,en,"We here in Leon - Spain I live close to various supermarkets with chargers. They are usually in use.

The reason? Some are free, some are cheap (~0,2€/kwh). So people who don't have chargers or anyone in the free chargers do when they have the chance.

If you put expensive chargers with low charging in places of medium to low transit, it will be obviously very low used.

Low power is ok, if they put a low price in exchange.",neutral,0.4991,기타,2026-06-04 05:49:55.671496+00
350,QyHFDucrp-8,@verone3784,"If they'd swap them for ~100kW CCS chargers they'd be in use constantly.

I'm a brit, but I live out in Reykjavík, it's fantastic to be able to CCS rapid charge your car when you're in grabbing groceries. 

The UK is woefully behind when it comes to EV charging infrastructure.",0,2026-05-07 19:47:12+00,en,"If they'd swap them for ~100kW CCS chargers they'd be in use constantly.

I'm a brit, but I live out in Reykjavík, it's fantastic to be able to CCS rapid charge your car when you're in grabbing groceries. 

The UK is woefully behind when it comes to EV charging infrastructure.",positive,0.5651,기타,2026-06-04 05:49:55.671496+00
351,QyHFDucrp-8,@nas4apps,"Our neighborhood supermarket has two 78kWh fast-chargers, a bit pricy but wow! Shop and half full easy. Good deal. In many German supermarkets: charging is solar panel fuel: free (!) (don't know about evening charging ..)",0,2026-05-07 21:04:26+00,en,"Our neighborhood supermarket has two 78kWh fast-chargers, a bit pricy but wow! Shop and half full easy. Good deal. In many German supermarkets: charging is solar panel fuel: free (!) (don't know about evening charging ..)",positive,0.7534,기타,2026-06-04 05:49:55.671496+00
352,QyHFDucrp-8,@Infinitii_A87,"1) high cost per kWh
2) only a max of a few hours allowed in Tesco car park or else you get a fine
3) connection charge just to plug in",0,2026-05-10 18:28:43+00,en,"1) high cost per kWh
2) only a max of a few hours allowed in Tesco car park or else you get a fine
3) connection charge just to plug in",neutral,0.4994,연결실패,2026-06-04 05:49:55.671496+00
368,99ZI6yDVOrA,@당진아이,"윤정님 미안한데요 라우스 1,000,000원 시카 금액이 얼마나 되는지 알 수 있을까 라오스 금액으로 좀 얘기 좀 부탁드리겠습니다",1,2022-04-09 13:26:11+00,ko,"I'm sorry, Yoonjeong. Can you tell me how much the 1,000,000 Won chica in Rausu costs? Please tell me the Laos amount.",neutral,0.5962,기타,2026-06-04 05:49:55.671496+00
370,99ZI6yDVOrA,@철수정-i9w,"지금  전기차를 구매한다...,,???",0,2022-03-16 02:27:19+00,ko,"Buying an electric car now...,,???",neutral,0.7748,기타,2026-06-04 05:49:55.671496+00
371,99ZI6yDVOrA,@youngsamkim2892,중국이 내연 기관차의 기술이 엄청 딸리기에 당연히 전기차로 가는 것이 본인들에게 유리할 것임. 원자재 확보와 많은 기술력이 필요하지 않은 중국 전기차가 동남아 시장에서 대세가 되리라 예상해 봄.,0,2022-03-28 08:17:24+00,ko,"Since China is very lacking in internal combustion engine technology, it would naturally be advantageous for them to go with electric vehicles.It is expected that Chinese electric vehicles, which do not require securing raw materials or much technology, will become mainstream in the Southeast Asian market.",neutral,0.4135,기타,2026-06-04 05:49:55.671496+00
372,99ZI6yDVOrA,@50sTV1,헉 이쁜 누나들은 언제 ㅎ,0,2022-03-15 14:48:02+00,ko,"Wow, when will the pretty sisters come?",positive,0.7814,기타,2026-06-04 05:49:55.671496+00
377,D7b1KVmJ0Mk,@mujiono7006,Boleh minta no WAnya gak mau mengajukan Spklu khusus vinfast,0,2026-02-28 14:23:06+00,id,Can I ask for your WA number? If you don't want to apply for a special Spklu for Vinfast,neutral,0.7212,기타,2026-06-04 05:49:55.671496+00
515,7Lm-Rpw0Zl0,@PhuongNguyen-lk2gq,chiếc này xấu cực 😢,0,2026-02-23 14:59:44+00,vi,This one is so ugly 😢,negative,0.947,기타,2026-06-04 05:49:55.671496+00
516,7Lm-Rpw0Zl0,@minhxnkthuy2236,Em vẫn thắc mắc sao xe điện vin vẫn mắc quá à,0,2026-02-25 13:15:00+00,vi,I still wonder why Vin electric cars are still so expensive,negative,0.8263,기타,2026-06-04 05:49:55.671496+00
517,7Lm-Rpw0Zl0,@SYNTHETIC91,Miễn phí 2 năm sạc đổi lại nội thất cắt hết luôn. Chả ai cho không ai cái gì,2,2025-12-23 01:08:58+00,vi,Free 2 years of charging in exchange for all the interior trim.No one gives anything to anyone,negative,0.5984,기타,2026-06-04 05:49:55.671496+00
510,7Lm-Rpw0Zl0,@buivanthong1989,SẠC MỘT LẦN ĐI 800KM THÌ NGON NHỈ,1,2026-02-04 08:55:11+00,vi,CHARGING ONE TIME FOR 800KM IS DELICIOUS,negative,0.4919,기타,2026-06-04 05:49:55.671496+00
512,7Lm-Rpw0Zl0,@ThuongNguyen-qt3rr,éo có gì mà đắt thế nhỉ,0,2026-02-23 17:27:59+00,vi,Why is it so expensive?,negative,0.7355,기타,2026-06-04 05:49:55.671496+00
513,7Lm-Rpw0Zl0,@SCB194,Coi tốc độ xe ở đâu trời,0,2025-10-03 10:06:34+00,vi,Look at the car's speed,negative,0.7679,기타,2026-06-04 05:49:55.671496+00
514,7Lm-Rpw0Zl0,@QuangDao1982,"Vinno muôn năm, ủng hộ Vinno mua vinfet",1,2025-10-06 11:04:48+00,vi,"Long live Vinno, support Vinno to buy Vinfet",positive,0.6053,기타,2026-06-04 05:49:55.671496+00
518,7Lm-Rpw0Zl0,@kimdungnguyen8829,Được hai chữ Yêu nước và mât …tiền….,1,2025-10-08 00:13:24+00,vi,Gaining the word Patriotism and losing... money...,positive,0.5764,결제오류,2026-06-04 05:49:55.671496+00
519,7Lm-Rpw0Zl0,@Tienhieptrungquoc,"đên reviewer ngta còn nói là nhanh hồi vốn thì đủ hiểu =))) mấy ông Vin dành cho taxi thôi, đi gia đình mua Vin đúng tối như đêm 30 luôn 😂",1,2025-10-17 04:51:30+00,vi,"Even the reviewer also said that it recovers capital quickly, which is enough to understand =))) Vins are only for taxis, go with your family to buy Vins on the night of the 30th 😂",neutral,0.4306,충전속도,2026-06-04 05:49:55.671496+00
520,7Lm-Rpw0Zl0,@HaoDuy-mc9zo,Tưởng miễn phí cả đời tỳ mua chục cái 😂😂,0,2025-10-21 09:20:21+00,vi,"If you think it's free for life, buy a dozen 😂😂",neutral,0.548,기타,2026-06-04 05:49:55.671496+00
71,6rw0NJdxgMs,@Bravo787,dude slowly go and ask her out.. all the best,3,2025-04-12 13:07:13+00,en,dude slowly go and ask her out.. all the best,positive,0.6795,충전속도,2026-06-04 05:49:55.671496+00
72,6rw0NJdxgMs,@rahulghosh0210,Charging frequently mean quick battery decaying,0,2025-04-13 04:35:48+00,en,Charging frequently mean quick battery decaying,neutral,0.5023,UI불편,2026-06-04 05:49:55.671496+00
508,7Lm-Rpw0Zl0,@vanhtonghop6926,E đẹp quá,0,2026-05-04 07:00:40+00,vi,EM is so beautiful,positive,0.7819,기타,2026-06-04 05:49:55.671496+00
509,7Lm-Rpw0Zl0,@crocodilehuynh309,Thêm vô r khỏi bảo hành.,0,2026-04-26 13:09:10+00,vi,Added to the warranty.,neutral,0.4254,기타,2026-06-04 05:49:55.671496+00
511,7Lm-Rpw0Zl0,@KhôngThíchĐặtTên,Từ review điện thoại trở thành review xe luôn 😅,1,2025-10-07 22:45:36+00,vi,From phone review to car review 😅,neutral,0.6135,기타,2026-06-04 05:49:55.671496+00
465,hArnl8kI7DI,@namnguyencong4584,"Ông chủ kênh này không bao giờ chạy vin cứ review kiếm tiền, 
Kênh hãy nói đúng nói thật đi mới lâu. Và hãy biết nhìn nhận đúng và đánh giá đúng người Việt mới đi xa được.
Cứ lấp liếm được free 2 năm sạc…. Để người tiêu dùng nghĩ là được hời đến khi bỏ ra hơn 700tr rồi ngậm bò hòn.
2 năm bạn chạy 100,000km xe xăng hết 160tr 
Bán lại chắc cú là đỡ mất giá
Còn xe điện free 2 năm sạc họ tốn rất nhiều time chứ thấy lời đâu chạy 100,000km bán lại chắc không có tiệm xe cũ nào thu nếu có thu thì chắc còn chưa đến nửa giá.
Vậy ông chủ kênh phân tích giúp tui nên mua xe nào ổn định và kinh tế hơn",1,2025-08-12 15:37:02+00,vi,"The owner of this channel never runs reviews and just reviews to make money.
Channel, please tell the truth, it will take a long time.And only by knowing how to properly recognize and appreciate Vietnamese people can we go far.
Just fill it up and get 2 years of free charging...Let consumers think they're getting a good deal until they spend more than 700 million and then suck it up.
In 2 years, you drive 100,000km, the gasoline car costs 160 million
Selling it again will definitely reduce the loss of value
As for electric cars that are free to charge for 2 years, they take a lot of time, but they don't see any profit. They run 100,000km and sell them, so no used car store will collect them. If they do, it's probably not even half the price.
So, the owner of the analysis channel can help me buy a car that is more stable and economical",neutral,0.4038,결제오류,2026-06-04 05:49:55.671496+00
123,nOpmGFkntb4,@porkypine13,The car is so cute 😍.,10,2022-12-04 06:02:45+00,en,The car is so cute 😍.,positive,0.8969,기타,2026-06-04 05:49:55.671496+00
386,D7b1KVmJ0Mk,@Marni-kl8pr,Ouh mobil ya,0,2026-02-24 12:19:28+00,id,Oh car huh,neutral,0.4203,기타,2026-06-04 05:49:55.671496+00
387,D7b1KVmJ0Mk,@hamzahnasar25,"Saya sdh menjalin kerjasama menyewakan tanah saya di bali dgn vgreen untuk dijadikan charging station, charger sudah nenyala dari bulan maret, tapi sampai sekarang belum terima uang. Saat ditanyakan ke pihak vgreen malah dipingpong. Harap berhati2 untuk menjalin kerjasama dgn perusahaan ini",0,2026-05-16 07:03:18+00,id,"I have entered into a partnership to rent out my land in Bali with vgreen to use as a charging station, the charger has been on since March, but until now I have not received the money.When asked by Vgreen, they were even ping-pong.Please be careful when collaborating with this company",neutral,0.4379,기타,2026-06-04 05:49:55.671496+00
388,hArnl8kI7DI,@TUANTraNGSA,"Thích xem anh Tiến nhất, xem mấy kênh khác review buồn ngủ gần chết, cứ canh xe mới là đợi ổng ra video.",4,2025-08-06 13:07:08+00,vi,I like watching Mr. Tien the most. Watching other channels' reviews makes me almost sleepy. I keep watching for a new car and waiting for him to release a video.,positive,0.3566,기타,2026-06-04 05:49:55.671496+00
468,hArnl8kI7DI,@phimdouyin-vn,"Đúng là media dc tiền có khác,đánh tráo khái niệm trắng trợn,lôi cái free sạc ra để che cái tồi tàn của xe,ý là free sạc tính vào giá xe r đấy hả,chứ không con này chỉ đáng giá 500 thôi đúng không,nếu mà chỉ free mỗi dòng limo thì k ai nói.nhưng đây là free toàn bộ các dòng xe của vf,tại sao các con kia làm ăn chỉn chu dc con này lại làm ăn hời hợt xong lôi free sạc vào bù.hài vãi",1,2025-08-08 06:40:44+00,vi,"It's true that the media for money is different, blatantly swapping the concept, bringing out the free charging to cover up the shabby quality of the car, meaning that the free charging is included in the price of the car, isn't this car only worth 500, right? If it was only free for the limo line, no one would say anything. But this is free for all of vf's car lines, why do the others do business so well, this one does it superficially and then adds free charging to compensate. It's so funny.",neutral,0.4302,결제오류,2026-06-04 05:49:55.671496+00
473,hArnl8kI7DI,@nhmediavlog704,Nói chính xác thì xe điện của vin hơn hẳn Honda,2,2025-08-06 18:20:05+00,vi,"To be exact, Vin's electric car is much better than Honda's",neutral,0.6254,기타,2026-06-04 05:49:55.671496+00
474,hArnl8kI7DI,@mucoan7436,Ai mua vin chắc tự hào lắm... Nhìn ghớm,1,2025-08-12 12:02:14+00,vi,Whoever bought the vin must be very proud... Looks terrible,positive,0.5742,기타,2026-06-04 05:49:55.671496+00
501,7Lm-Rpw0Zl0,@assurancequality1559,❤❤,0,2026-03-17 08:49:45+00,unknown,❤❤,positive,0.63,기타,2026-06-04 05:49:55.671496+00
476,hArnl8kI7DI,@thuynguyenthi130,BYD M6 xe chất như tuson. Xpander... Giá 1.2 tỷ vẫn rẻ.,1,2025-08-06 14:26:21+00,vi,BYD M6 car is as good as a tuson.Xpander... Price of 1.2 billion is still cheap.,positive,0.6506,기타,2026-06-04 05:49:55.671496+00
521,7Lm-Rpw0Zl0,@ĐiệpVũ-b4v,"Mất cả cục cho pin, rồi cào dịch vụ vừa xong, lại chuẩn bị một cục bự thay pin mới... Mà cứ đòi so bì với veloz và xpander, còn chưa kể điện độc quyền vài hôm nữa nó chặt cho bầm dập, thật nực cười.",1,2026-01-27 17:22:39+00,vi,"Lost a whole block for the battery, then just finished the service, prepared a big one to replace the new battery... But you keep asking to compare with the veloz and xpander, not to mention the monopoly power in a few days, it will be so tight that it will be bruised, it's ridiculous.",negative,0.4577,기타,2026-06-04 05:49:55.671496+00
525,7Lm-Rpw0Zl0,@hungluongmisha,Tệ,1,2025-10-30 11:17:52+00,vi,Tệ,negative,0.3624,기타,2026-06-04 05:49:55.671496+00
522,7Lm-Rpw0Zl0,@hungtrans-1,"❤️❤️❤️ VINFAST cars are of very high quality, durable, extremely beautiful and classy, ​​satisfying even the most demanding customers, especially the price is very reasonable./!!!!.",3,2025-10-03 01:41:16+00,en,"❤️❤️❤️ VINFAST cars are of very high quality, durable, extremely beautiful and classy, ​​satisfying even the most demanding customers, especially the price is very reasonable./!!!!.",positive,0.8845,고객서비스,2026-06-04 05:49:55.671496+00
523,7Lm-Rpw0Zl0,@Phongfun,nhìn cái mâm nhựa cho xe hơn nửa tỉ--- y chang đồ chơi luôn,0,2026-04-27 02:13:57+00,vi,nhìn cái mâm nhựa cho xe hơn nửa tỉ--- y chang đồ chơi luôn,neutral,0.4595,기타,2026-06-04 05:49:55.671496+00
524,7Lm-Rpw0Zl0,@khangleminh5115,Mua XPander cho nó lành,12,2025-10-03 07:36:22+00,vi,Buy XPander for it to heal,neutral,0.4733,기타,2026-06-04 05:49:55.671496+00
526,7Lm-Rpw0Zl0,@kht1579,Ko chơi xe điện rác tàu,8,2025-10-02 13:20:42+00,vi,Don't play with trams or trains,neutral,0.7571,기타,2026-06-04 05:49:55.671496+00
527,0TZjJ4OCunU,@kiempham998,Đèn sáng không,0,2026-01-14 05:01:05+00,vi,The light is not on,neutral,0.6348,기타,2026-06-04 05:49:55.671496+00
20,nCMVe_m-PTc,@ArticlesGaming8586,ดีนิประเทศที่ผลิตไฟ้เยอะจนเหลือใช้รัฐบาลเขาน่าส่งเสริมใช้ไฟ้ฟ้าเยอะกว่าน้ำมันแน่นอนอย่างน้อยจะลดการนำเข้าน้ำมันด้วยความดี👍🏻,1,2023-03-20 08:07:31+00,th,"Well, a country that produces a lot of electricity and has a lot left over. Their government should definitely encourage the use of electricity more than oil. At least it will reduce the import of oil as well.👍🏻",positive,0.6514,기타,2026-06-04 05:49:55.671496+00
21,6rw0NJdxgMs,@MarcTravels,"Help out: https://www.paypal.me/marctravels NavigationApp: https://bit.ly/calimotoMAPS  Support: https://www.patreon.com/marctravels ☕️👉🏼 https://ko-fi.com/marctravels

Thanks guys 🤙🏼",4,2025-04-12 12:35:57+00,en,"Help out: https://www.paypal.me/marctravels NavigationApp: https://bit.ly/calimotoMAPS  Support: https://www.patreon.com/marctravels ☕️👉🏼 https://ko-fi.com/marctravels

Thanks guys 🤙🏼",neutral,0.7383,결제오류,2026-06-04 05:49:55.671496+00
25,6rw0NJdxgMs,@9toenelson,"Wow #1: Eve is starting to scream!😮
Wow #2: Gulsah was in a hurry through the city!

Thankfully it all went well and you enjoyed your coffee!

Ride safe.
Ride smart. 
Have fun!",7,2025-04-12 19:06:15+00,en,"Wow #1: Eve is starting to scream!😮
Wow #2: Gulsah was in a hurry through the city!

Thankfully it all went well and you enjoyed your coffee!

Ride safe.
Ride smart. 
Have fun!",positive,0.8753,기타,2026-06-04 05:49:55.671496+00
44,6rw0NJdxgMs,@Andre-py9ry,"In Asia generally car drivers are aware if bikes around them and they do not suddenly switch lanes. Majority of countries in Europe and USA driving like that trough city it will get you in accident. So glad you two had fun and just keep going. I know you are behind with videos but I really dont care, I enjoy every minute watching and hopping one day when my daughter is older to do similar journey like you. Happy and safe travels Marc!",1,2025-04-12 20:28:09+00,en,"In Asia generally car drivers are aware if bikes around them and they do not suddenly switch lanes. Majority of countries in Europe and USA driving like that trough city it will get you in accident. So glad you two had fun and just keep going. I know you are behind with videos but I really dont care, I enjoy every minute watching and hopping one day when my daughter is older to do similar journey like you. Happy and safe travels Marc!",positive,0.6175,기타,2026-06-04 05:49:55.671496+00
45,6rw0NJdxgMs,@borilapostolov7474,"So this was your day off? I mean no super extras or stress on the road. Gulsah can ride! Swervy or straight -doesn't really matter. Started watching her channel too, because of you. Thanks again!",0,2025-04-12 20:00:09+00,en,"So this was your day off? I mean no super extras or stress on the road. Gulsah can ride! Swervy or straight -doesn't really matter. Started watching her channel too, because of you. Thanks again!",positive,0.7167,기타,2026-06-04 05:49:55.671496+00
46,6rw0NJdxgMs,@ragbag46,"No problem, any where you have electricity, and Laos has plenty, they export it to Thailand. Just plug your charger in to any socket.",4,2025-04-12 18:58:24+00,en,"No problem, any where you have electricity, and Laos has plenty, they export it to Thailand. Just plug your charger in to any socket.",neutral,0.6035,기타,2026-06-04 05:49:55.671496+00
47,6rw0NJdxgMs,@VARUNRV007,You make my day so happy...We will sponsor you a new electric bike with DC Charging,0,2025-04-13 12:25:39+00,en,You make my day so happy...We will sponsor you a new electric bike with DC Charging,positive,0.8741,기타,2026-06-04 05:49:55.671496+00
73,6rw0NJdxgMs,@MOSHAWER55,"Grüße dich, Markus. Ich weiß mittlerweile, dass du fünf Monate alte Videos bearbeitest. Rate mal, woher ich das weiß! lol, was ist mittlerweile aus EVE geworden? Atmet sie noch, oder ist sie hinüber? Übrigens, aufgrund eures Videos von dir und unserer „gemeinsamen“ Freundin habe ich beschlossen, die exakte Route euerer Reise nächstes Jahr mit einem H.Goldwing 1800 nachzumachen.Ich werde aber längere Zeit in meiner Heimat Iran verbringen. Grüße aus Berlin.",0,2025-04-12 13:29:59+00,de,"Greetings, Markus.I now know that you are editing videos that are five months old.Guess how I know this!lol, what happened to EVE now?Is she still breathing or is she dead?By the way, based on your video of you and our “common” friend, I have decided to follow the exact route of your trip next year with an H.Goldwing 1800. But I will be spending a longer time in my home country of Iran.Greetings from Berlin.",positive,0.3847,기타,2026-06-04 05:49:55.671496+00
75,6rw0NJdxgMs,@blackarmouredbeast1989,10.16 is fried rice. Egg inside rice.,0,2025-04-20 11:11:23+00,en,10.16 is fried rice. Egg inside rice.,neutral,0.724,기타,2026-06-04 05:49:55.671496+00
77,6rw0NJdxgMs,@Armandodamiao,"Mark you may want to take the speaker out of the AirTag, if that AirTag is used solely for the bike",0,2025-04-12 13:24:28+00,en,"Mark you may want to take the speaker out of the AirTag, if that AirTag is used solely for the bike",neutral,0.7136,기타,2026-06-04 05:49:55.671496+00
79,6rw0NJdxgMs,@ilovemybmwgs1200,Viel spaß✌️,0,2025-04-12 13:14:48+00,de,Have fun✌️,positive,0.8611,기타,2026-06-04 05:49:55.671496+00
96,6rw0NJdxgMs,@bebeonhisbike,Why won’t Zero support you? Would be good for the company!,1,2025-04-15 13:42:34+00,en,Why won’t Zero support you? Would be good for the company!,positive,0.7114,고객서비스,2026-06-04 05:49:55.671496+00
97,6rw0NJdxgMs,@zzjz8618,pao friend,1,2025-04-12 16:25:29+00,pt,pao friend,neutral,0.4071,기타,2026-06-04 05:49:55.671496+00
99,6rw0NJdxgMs,@daniejacobthomas9381,You must have more time for editing now. 😊It takes less time for your videos to upload now than before😅,1,2025-04-12 12:50:59+00,en,You must have more time for editing now. 😊It takes less time for your videos to upload now than before😅,positive,0.4866,기타,2026-06-04 05:49:55.671496+00
100,6rw0NJdxgMs,@denismustafa4225,❤❤❤❤,0,2025-04-23 05:37:01+00,unknown,❤❤❤❤,positive,0.7268,기타,2026-06-04 05:49:55.671496+00
101,6rw0NJdxgMs,@Bintang275,06:11 iam waiting in indonesia bro...☺,1,2025-04-12 12:53:08+00,en,06:11 iam waiting in indonesia bro...☺,positive,0.4745,기타,2026-06-04 05:49:55.671496+00
104,6rw0NJdxgMs,@GernotTube,If your bike is on zero how many kilometer can you still go?😶‍🌫️,0,2025-04-13 16:53:08+00,en,If your bike is on zero how many kilometer can you still go?😶‍🌫️,neutral,0.6871,기타,2026-06-04 05:49:55.671496+00
105,6rw0NJdxgMs,@ludomailly4657,Merci !,1,2025-04-13 18:40:13+00,it,Merci !,positive,0.8508,기타,2026-06-04 05:49:55.671496+00
108,6rw0NJdxgMs,@flexywing,The girl can ride😊,0,2025-04-12 15:10:41+00,en,The girl can ride😊,positive,0.8374,기타,2026-06-04 05:49:55.671496+00
112,6rw0NJdxgMs,@Robert-rn9jl,I just asking my friend. Asking her to be in relationship with you. 😅 You deserve little more than adventure with motorcycle. Blessing 🎉,3,2025-04-12 12:57:55+00,en,I just asking my friend. Asking her to be in relationship with you. 😅 You deserve little more than adventure with motorcycle. Blessing 🎉,positive,0.8262,기타,2026-06-04 05:49:55.671496+00
113,6rw0NJdxgMs,@Starseed313,Not sure why you bought an electric motorcycle at the beginning with you plan to travel the world,0,2025-04-12 15:11:02+00,en,Not sure why you bought an electric motorcycle at the beginning with you plan to travel the world,neutral,0.6383,기타,2026-06-04 05:49:55.671496+00
114,6rw0NJdxgMs,@DonaldDucki8,Are you gonna buy new motorcycle or fix eve,1,2025-04-12 13:32:36+00,en,Are you gonna buy new motorcycle or fix eve,neutral,0.8488,기타,2026-06-04 05:49:55.671496+00
118,6rw0NJdxgMs,@lil-the-tuga,this video is 3 months ago?,0,2025-04-14 08:24:12+00,en,this video is 3 months ago?,neutral,0.778,기타,2026-06-04 05:49:55.671496+00
119,6rw0NJdxgMs,@rajeevp.r3557,Name of her u tube channel?,0,2025-04-12 13:13:40+00,en,Name of her u tube channel?,neutral,0.8106,기타,2026-06-04 05:49:55.671496+00
121,nOpmGFkntb4,@2Passports1Dream,😍 Help us reach 100k - Subscribe so you don't miss a video! 🇱🇦,53,2022-11-12 11:01:26+00,en,😍 Help us reach 100k - Subscribe so you don't miss a video! 🇱🇦,positive,0.6232,기타,2026-06-04 05:49:55.671496+00
122,nOpmGFkntb4,@ubermenschen3636,"I like the Wuling mini EV. It’s affordable, simple, and boxy.",120,2022-11-27 09:44:43+00,en,"I like the Wuling mini EV. It’s affordable, simple, and boxy.",positive,0.8391,기타,2026-06-04 05:49:55.671496+00
124,nOpmGFkntb4,@ericliume,This is Wuling Mini EV from China. It is one of the most popular budget city EVs in China. It is hands down the best fit for minimalists.,33,2022-12-04 06:52:55+00,en,This is Wuling Mini EV from China. It is one of the most popular budget city EVs in China. It is hands down the best fit for minimalists.,positive,0.8322,기타,2026-06-04 05:49:55.671496+00
138,nOpmGFkntb4,@vehicle2kiki724,I like the Wuling mini EV too,1,2022-12-11 23:42:49+00,et,I like the Wuling mini EV too,positive,0.6289,기타,2026-06-04 05:49:55.671496+00
177,nOpmGFkntb4,@tsblade100,"Awesome video! I’m from Vientiane, but currently living in the US.",2,2022-11-12 11:04:35+00,en,"Awesome video! I’m from Vientiane, but currently living in the US.",positive,0.8441,기타,2026-06-04 05:49:55.671496+00
178,nOpmGFkntb4,@bible362,Enjoy drive electric car friend hope people good heart with u both.,0,2022-12-01 03:50:42+00,en,Enjoy drive electric car friend hope people good heart with u both.,positive,0.8394,기타,2026-06-04 05:49:55.671496+00
187,nOpmGFkntb4,@patrickwood2145,nice！😃,1,2022-12-05 21:16:01+00,pl,nice！😃,positive,0.7281,기타,2026-06-04 05:49:55.671496+00
219,nOpmGFkntb4,@บียอน-ล4ง,อย่าลืมแวะมาเที่ยวประเทศไทยนะครับ,0,2022-11-12 15:56:48+00,th,Don't forget to stop by and visit Thailand.,positive,0.5253,기타,2026-06-04 05:49:55.671496+00
220,nOpmGFkntb4,@liuyanpeng2163,"It's quit e cheap in China, roughly 5000-7000 USD.",0,2022-12-01 03:43:46+00,en,"It's quit e cheap in China, roughly 5000-7000 USD.",neutral,0.6924,UI불편,2026-06-04 05:49:55.671496+00
221,Jja5en9n9pw,@MyPhone-fp2nc,สวัสดี​ครับ​อ้ายน้องผมชอบในแนวความของพี่คนที่คิดดีทำดีไม่ว่าจะอยู่ที่ไหนก็มีแต่คนรักขอให้พี่มีความสุข​กับทุกๆการเดินทาง​ของพี่นะครับ​❤❤❤👍,7,2024-02-26 11:18:07+00,th,"Hello, little brother. I like the idea of ​​a person who thinks good and does good. No matter where you are, there are people who love you. May you be happy with every journey you take. ❤❤❤👍",positive,0.8018,기타,2026-06-04 05:49:55.671496+00
222,Jja5en9n9pw,@satitkit4440,กำลังอยากไปตอนนี้มีกี่สถานีแล้วครับ,3,2025-05-31 08:29:41+00,th,I want to go now. How many stations are there?,neutral,0.6249,충전소위치,2026-06-04 05:49:55.671496+00
223,Jja5en9n9pw,@atiis1555,"ชาว สปปลาว ยินดีต้อนรับ 
Welcome to Laos PDR",5,2024-02-26 10:55:50+00,th,"Lao PDR people welcome you.
Welcome to Laos PDR",neutral,0.4881,기타,2026-06-04 05:49:55.671496+00
224,Jja5en9n9pw,@InewInew-p5f,ສະບາຍດີ​ ຂອບໃຈຫຼາຍໆ ທີ່ນຳສະເໜີງານຕ່າງໆທີ່ແຕ່ລະແຂວງຈັດປີທ່ອງທ່ຽວລາວ2024ໃຫ້ທຸກຄົນໄດ້ເຫັນ ແລະ ຮັບຮູ້ ໄທ ລາວ ຮັກກັນຕະຫຼອດໄປ,3,2024-02-26 10:19:44+00,unknown,"Hello, thank you very much for presenting the various events organized by each province in Lao Tourism Year 2024 for everyone to see and recognize Thailand, Laos, love each other forever.",positive,0.503,기타,2026-06-04 05:49:55.671496+00
268,QyHFDucrp-8,@maikellourenssen6389,At my supermarket they are the first parking spaces after the disabeled spaces. I park there and connect it to the charger to be able to park as often the rest of the parking lot is completely full.,7,2026-05-07 07:14:59+00,en,At my supermarket they are the first parking spaces after the disabeled spaces. I park there and connect it to the charger to be able to park as often the rest of the parking lot is completely full.,neutral,0.6118,연결실패,2026-06-04 05:49:55.671496+00
270,QyHFDucrp-8,@hishamg,"I often use the rapid chargers at Sainsbury’s in Hemel Hempstead when I visit my mother. That’s because they are rapid chargers, so by the time I have finished shopping the car is charged. Also I live in Wirral, so my home charger is 200 miles away. That’s the only time I use a Supermarket charger.",7,2026-05-01 14:20:26+00,en,"I often use the rapid chargers at Sainsbury’s in Hemel Hempstead when I visit my mother. That’s because they are rapid chargers, so by the time I have finished shopping the car is charged. Also I live in Wirral, so my home charger is 200 miles away. That’s the only time I use a Supermarket charger.",neutral,0.6961,기타,2026-06-04 05:49:55.671496+00
271,QyHFDucrp-8,@tooflesstesla,"I use these PodPoints at Tescos when I am driving my Hyundai Ioniq. Super convenient while I am on the road and have a couple of hours spare to do something else (like catch up on emails, work, lunch, etc). Destination chargers (7kW) are useful. Some PodPoints are 50kW and they are useful too, again, when I am travelling.  At least PodPoint is cheaper than Fast Chargers like InstaVolt, BP Pulse, etc (can be 85p /kWh).",1,2026-05-16 08:48:37+00,en,"I use these PodPoints at Tescos when I am driving my Hyundai Ioniq. Super convenient while I am on the road and have a couple of hours spare to do something else (like catch up on emails, work, lunch, etc). Destination chargers (7kW) are useful. Some PodPoints are 50kW and they are useful too, again, when I am travelling.  At least PodPoint is cheaper than Fast Chargers like InstaVolt, BP Pulse, etc (can be 85p /kWh).",positive,0.6641,기타,2026-06-04 05:49:55.671496+00
275,QyHFDucrp-8,@matthewashworth4992,"I’m in France and some supermarkets have 22kw free for an hour, they are very popular",0,2026-05-29 06:30:33+00,en,"I’m in France and some supermarkets have 22kw free for an hour, they are very popular",positive,0.7152,기타,2026-06-04 05:49:55.671496+00
279,QyHFDucrp-8,@redwolfexr,"Originally it was ""commercial"" rates for electricity so it as not that much more than charging at home.  Then they all realized they were leaving money on the table and they doubled prices.",11,2026-05-09 18:36:16+00,en,"Originally it was ""commercial"" rates for electricity so it as not that much more than charging at home.  Then they all realized they were leaving money on the table and they doubled prices.",neutral,0.4997,기타,2026-06-04 05:49:55.671496+00
280,QyHFDucrp-8,@nickdanger4173,"In the US, these so called destination charges are a free service at some restaurants, supermarkets, movies, etc.  Some places charge but the cost per kWh is less than a supercharger. The large supermarket where I shop has about 15 superchargers.",0,2026-05-12 03:08:00+00,en,"In the US, these so called destination charges are a free service at some restaurants, supermarkets, movies, etc.  Some places charge but the cost per kWh is less than a supercharger. The large supermarket where I shop has about 15 superchargers.",neutral,0.7697,고객서비스,2026-06-04 05:49:55.671496+00
281,QyHFDucrp-8,@UnstableVoltage,"They used to be free, and you could go and get a few kw/h while you did your shopping. Then DPD decided that they were going to use them to charge up their fleet, often parking in every bay and leaving them overnight, so charges were introduced.",5,2026-05-09 22:08:15+00,en,"They used to be free, and you could go and get a few kw/h while you did your shopping. Then DPD decided that they were going to use them to charge up their fleet, often parking in every bay and leaving them overnight, so charges were introduced.",neutral,0.5644,기타,2026-06-04 05:49:55.671496+00
282,QyHFDucrp-8,@rostislavkaufman8410,"Czechia here. A smaller mall down the street has a bank of regular 11 kW AC at 29p (0.33€) per kWh. Most supermarkets around have 50kW DC, which is, IMO, a completely fine supermarket/McDonald's speed and I'd gladly take more 50kW chargers than fewer faster ones. Large malls often have new 200kW chargers, but 50 kW is, fortunately, ubiquitous.",0,2026-05-12 11:52:04+00,en,"Czechia here. A smaller mall down the street has a bank of regular 11 kW AC at 29p (0.33€) per kWh. Most supermarkets around have 50kW DC, which is, IMO, a completely fine supermarket/McDonald's speed and I'd gladly take more 50kW chargers than fewer faster ones. Large malls often have new 200kW chargers, but 50 kW is, fortunately, ubiquitous.",neutral,0.4189,충전속도,2026-06-04 05:49:55.671496+00
292,QyHFDucrp-8,@txquartz,"Here in the US, most slow chargers are either free or substantially cheaper than fast. Like 20c vs 40c.",0,2026-05-13 00:09:48+00,en,"Here in the US, most slow chargers are either free or substantially cheaper than fast. Like 20c vs 40c.",neutral,0.6859,충전속도,2026-06-04 05:49:55.671496+00
315,QyHFDucrp-8,@johnbee1574,I use them mainly because the bays are bigger and prime parking spot for shopping,0,2026-05-14 07:19:15+00,en,I use them mainly because the bays are bigger and prime parking spot for shopping,positive,0.675,기타,2026-06-04 05:49:55.671496+00
300,QyHFDucrp-8,@MrJamieLennox,PodPoints in supermarkets used to be free. Those chargers used to have a queue during those days,0,2026-05-08 11:21:16+00,en,PodPoints in supermarkets used to be free. Those chargers used to have a queue during those days,neutral,0.7657,기타,2026-06-04 05:49:55.671496+00
302,QyHFDucrp-8,@R6BrawlForItAll,No one uses them because they went from free for 4 years straight to 60p in the span of 2 years,7,2024-12-13 19:42:57+00,en,No one uses them because they went from free for 4 years straight to 60p in the span of 2 years,neutral,0.5477,기타,2026-06-04 05:49:55.671496+00
316,QyHFDucrp-8,@DeLorean4,"I love my supermarket chargers. They cost pennies and I get a decent amount of range back by the time I'm done shopping. I drive an older EV and only have 110v at home, so these little boosts during errands after a day at the office go a long way.",0,2026-05-10 03:23:51+00,en,"I love my supermarket chargers. They cost pennies and I get a decent amount of range back by the time I'm done shopping. I drive an older EV and only have 110v at home, so these little boosts during errands after a day at the office go a long way.",positive,0.7551,기타,2026-06-04 05:49:55.671496+00
318,QyHFDucrp-8,@robertlinder6414,"it is not meant to charge to full, just enough to add some range when shopping. If you are doing a full work shift then it will help for folks without home charging. In the USA, there are chargers I prefer to shop & play where there is a slow charger.",0,2026-05-14 00:34:58+00,en,"it is not meant to charge to full, just enough to add some range when shopping. If you are doing a full work shift then it will help for folks without home charging. In the USA, there are chargers I prefer to shop & play where there is a slow charger.",neutral,0.5138,충전속도,2026-06-04 05:49:55.671496+00
328,QyHFDucrp-8,@nabz0008,"It might that the chargers at some supermarkets offer a lower charging voltage.

The standard voltage is now between 50kw to 175kw. And now 7kw.

My local ASDA offers up to 150kw which is what most electric cars charge at.",0,2026-05-08 08:57:02+00,en,"It might that the chargers at some supermarkets offer a lower charging voltage.

The standard voltage is now between 50kw to 175kw. And now 7kw.

My local ASDA offers up to 150kw which is what most electric cars charge at.",neutral,0.7455,기타,2026-06-04 05:49:55.671496+00
329,QyHFDucrp-8,@markallen6551,"In three years of EV ownership, I’ve only used a public charger 5 times when travelling on holiday.  Always charge at home, my supermarket is 15 miles away - never need to charge.   My local supermarket (Tesco) does often have people charging though.",1,2026-05-05 09:20:28+00,en,"In three years of EV ownership, I’ve only used a public charger 5 times when travelling on holiday.  Always charge at home, my supermarket is 15 miles away - never need to charge.   My local supermarket (Tesco) does often have people charging though.",neutral,0.6262,기타,2026-06-04 05:49:55.671496+00
331,QyHFDucrp-8,@MrBentheretwo,Before I got my house wires up to charge at home I would use the groceries stories charger at night and walk home and  go back early in the morning I also used the dealership complex near by that were free to use,0,2026-05-10 10:03:16+00,en,Before I got my house wires up to charge at home I would use the groceries stories charger at night and walk home and  go back early in the morning I also used the dealership complex near by that were free to use,neutral,0.5907,기타,2026-06-04 05:49:55.671496+00
332,QyHFDucrp-8,@06howea1,"people are always using the ones near me at Aldi, and Sainsburys",0,2026-06-02 00:07:03+00,en,"people are always using the ones near me at Aldi, and Sainsburys",neutral,0.5179,기타,2026-06-04 05:49:55.671496+00
340,QyHFDucrp-8,@peterfroud9335,I have a phev I visit Tesco a few times a week and always plug in. POD point are the cheapest chargers per KWH and it works out cheaper than petrol prices for engine charging.,0,2026-05-05 11:32:18+00,en,I have a phev I visit Tesco a few times a week and always plug in. POD point are the cheapest chargers per KWH and it works out cheaper than petrol prices for engine charging.,positive,0.5936,기타,2026-06-04 05:49:55.671496+00
341,QyHFDucrp-8,@andrewwhite3793,When supermarkets converted their lighting to LED that meant they had spare capacity,0,2026-05-12 08:13:41+00,en,When supermarkets converted their lighting to LED that meant they had spare capacity,neutral,0.591,기타,2026-06-04 05:49:55.671496+00
343,QyHFDucrp-8,@wjlambert,"local supermarket down the street from my home, just installed 20 units on the side of the building. No one uses them.  For me it's because I'm never in in the shop for more than 20 minutes and it's far cheaper to charge at home.  Supermarket rate is $0.65 / kWh, my home rate is $0.10",0,2026-05-12 00:18:11+00,en,"local supermarket down the street from my home, just installed 20 units on the side of the building. No one uses them.  For me it's because I'm never in in the shop for more than 20 minutes and it's far cheaper to charge at home.  Supermarket rate is $0.65 / kWh, my home rate is $0.10",neutral,0.6367,UI불편,2026-06-04 05:49:55.671496+00
347,QyHFDucrp-8,@nroose,I did fast charge at Berkeley Bowl last time I was there.,0,2026-05-12 04:27:36+00,en,I did fast charge at Berkeley Bowl last time I was there.,neutral,0.6664,기타,2026-06-04 05:49:55.671496+00
356,QyHFDucrp-8,@omsi-fanmark,"In Germany, we have quite a lot of supermarkets and discounters offering EV charging and it is the default we (that is my mother and I) use for our two EVs, since most trips are urban and we have to do some shopping anyway. So why not charge during this time? There is a saying in Germany among EV drivers, it translates to: ""If it (the car) stands still, it's most likely charging.""

Most chargers at such markets are DC fast chargers with rates from 50 kW to 150 kW output (sometimes 150 kW shared between two outlets, so 75 kW each), some also offer AC charging at 11 kW or 22 kW, depending on the vehicle's onboard charger. Sometimes, AC charging is offered even cheaper and is popular among customers who only want to top off their battery a little bit, while customers with low SoC use DC fast charging to have their car full at the end of shopping.

Charging price example:
0,29 EUR / kWh AC
0,44-0,47 EUR / kWh DC (50 kW and below, more than 50 kW)
These are prices from LIDL, others are quite similar. For charging without any monthly basic fee, that is quite reasonable.  To get lower prices, you usually need a subscription and have to pay a monthly free to keep it active. That is useful only if you are charging at least three times a month, depending on the subscription model and monthly fee.",0,2026-05-13 00:53:13+00,en,"In Germany, we have quite a lot of supermarkets and discounters offering EV charging and it is the default we (that is my mother and I) use for our two EVs, since most trips are urban and we have to do some shopping anyway. So why not charge during this time? There is a saying in Germany among EV drivers, it translates to: ""If it (the car) stands still, it's most likely charging.""

Most chargers at such markets are DC fast chargers with rates from 50 kW to 150 kW output (sometimes 150 kW shared between two outlets, so 75 kW each), some also offer AC charging at 11 kW or 22 kW, depending on the vehicle's onboard charger. Sometimes, AC charging is offered even cheaper and is popular among customers who only want to top off their battery a little bit, while customers with low SoC use DC fast charging to have their car full at the end of shopping.

Charging price example:
0,29 EUR / kWh AC
0,44-0,47 EUR / kWh DC (50 kW and below, more than 50 kW)
These are prices from LIDL, others are quite similar. For charging without any monthly basic fee, that is quite reasonable.  To get lower prices, you usually need a subscription and have to pay a monthly free to keep it active. That is useful only if you are charging at least three times a month, depending on the subscription model and monthly fee.",neutral,0.5781,결제오류,2026-06-04 05:49:55.671496+00
360,-iHoikHRO5Q,@불사조누나75,불꽃가족들을 위해 발로 뛰시는 우리 불사조님.❤세상에  이런분 없습니다.절대사랑❤,1,2023-10-14 14:16:03+00,ko,Our Phoenix who beats for the fire family.❤ There is no one like this in the world. Absolute love❤,positive,0.8515,기타,2026-06-04 05:49:55.671496+00
361,-iHoikHRO5Q,@불사조와따상,역시 불사조님 👍 👍 👍 역시 엘브이엠씨홀딩스 👍👍👍,1,2023-10-14 09:38:59+00,ko,"As expected, Phoenix 👍 👍 👍 As expected, LVMC Holdings 👍👍👍",positive,0.8114,기타,2026-06-04 05:49:55.671496+00
363,-iHoikHRO5Q,@불사신-k2s,"불사조님 존경합니다 사랑합니다  감사합니다 엘브이 가즈아~~ 엘브이 화이팅입니다 
❤❤❤❤😊",0,2023-10-14 12:59:47+00,ko,"Phoenix, I respect you, I love you, thank you, LV Kazua~~ LV fighting!
❤❤❤❤😊",positive,0.908,기타,2026-06-04 05:49:55.671496+00
365,99ZI6yDVOrA,@천성모-o8e,좋은영상 늘감사요 요정님,1,2022-04-11 21:44:07+00,ko,"Thank you so much for the good video, fairy.",positive,0.9251,기타,2026-06-04 05:49:55.671496+00
366,99ZI6yDVOrA,@박창규-w6j,영상 굳 입니다,1,2022-03-15 10:02:29+00,ko,The video is great,neutral,0.7967,기타,2026-06-04 05:49:55.671496+00
367,99ZI6yDVOrA,@kunmingbear,전기차가 미래다,0,2022-03-17 05:06:37+00,ko,Electric vehicles are the future,positive,0.5559,기타,2026-06-04 05:49:55.671496+00
369,99ZI6yDVOrA,@수영-p5v,"요정님 하고 연락하고 싶은데
어떻하면 될까요..",1,2022-05-24 06:32:07+00,ko,"I want to contact the fairy
What should I do..",neutral,0.6665,기타,2026-06-04 05:49:55.671496+00
381,D7b1KVmJ0Mk,@Marni-kl8pr,Apa ini mksdnya,0,2026-02-24 12:18:49+00,sw,What does this mean?,negative,0.7176,기타,2026-06-04 05:49:55.671496+00
378,D7b1KVmJ0Mk,@jimmiitem1456,"Hi Kak, sy punya toko yg bisa untuk di sewakan lahan di dua tempat yaitu 1 dikarawang toko untuk charging stasion dan 1lagi di pondok gede yg bisa untuk charging stasion bisa untuk beberapa stasion Krn luas kurang lebih 300 m.
Kemana sy bisa hubungi untuk menyewakan",0,2026-03-19 02:45:08+00,id,"Hi Sis, I have a shop that can rent out land in two places, namely 1 in Karawang, a shop for charging stations and another in a big cottage that can be used for charging stations, for several stations because the area is approximately 300 m.
Where can I contact to rent?",neutral,0.7572,기타,2026-06-04 05:49:55.671496+00
379,D7b1KVmJ0Mk,@jaytasmin5670,Mau dipasangin battry swaff mbak nih di bekasi.. 😅,0,2026-04-28 12:49:02+00,id,"Sis, I want to install a battery swaff in Bekasi... 😅",neutral,0.5447,기타,2026-06-04 05:49:55.671496+00
380,D7b1KVmJ0Mk,@BahtiarSPd-f6d,Maaf syarat² Untuk Kontrak apak butuh sertifikat SHM atau AJB dll,0,2026-05-29 16:04:43+00,id,"Sorry, the terms and conditions for the contract require an SHM or AJB certificate, etc",neutral,0.7743,기타,2026-06-04 05:49:55.671496+00
382,D7b1KVmJ0Mk,@Hadi-p3s,Banjarmasin Kalimantan Selatan ka,0,2026-02-24 12:59:18+00,id,"Banjarmasin, South Kalimantan ka",neutral,0.7569,기타,2026-06-04 05:49:55.671496+00
383,D7b1KVmJ0Mk,@WarjokDong,Mana atuh yg bisa di hubungi nya,0,2026-03-21 11:20:50+00,id,Where can I contact him?,neutral,0.5655,기타,2026-06-04 05:49:55.671496+00
469,hArnl8kI7DI,@vietphuong8969,"xem anh review mấy con trong tầm giá 700-800 từ Nhật, Hàn, qua TQ quay về xem video này thấy cái xe chán thật :)))))",0,2026-01-29 06:05:00+00,vi,"Watch him review some cars in the price range of 700-800 from Japan, Korea, go to China, come back and watch this video and find the car really boring :)))))",neutral,0.3376,기타,2026-06-04 05:49:55.671496+00
472,hArnl8kI7DI,@songtu3337,"Nghe bạn Tiến nói đoạn đầu,mà thấy bạn ấy sượng sượng.😁",2,2025-08-06 15:41:38+00,vi,"Listening to Tien say the first part, I saw that he was embarrassed.😁",positive,0.5722,기타,2026-06-04 05:49:55.671496+00
410,hArnl8kI7DI,@thuynguyenthi130,Xe gia đình giá 300tr còn ko lấy. 700tr mua create. Xford.,0,2025-08-06 14:30:52+00,vi,The family car costs 300 million and still doesn't take it.700 million buy create.Xford.,negative,0.5844,기타,2026-06-04 05:49:55.671496+00
414,hArnl8kI7DI,@BaoKhangNguyen-cs7gy,Đau lòng nhất là phần mềm của vin chưa ổn định không an toàn khi đi trên đường,1,2025-08-07 00:34:55+00,vi,The most heartbreaking thing is that Vin's software is not stable and is not safe on the road,negative,0.9021,기타,2026-06-04 05:49:55.671496+00
411,hArnl8kI7DI,@trinhvietanh007,Hấp dẫn đấy nhưng t vừa dk trải nghiệm vf6 không điều hoà giữa trưa nắng nên thôi 😂,1,2025-08-07 14:56:57+00,vi,"It's interesting, but I've just experienced the VF6 without air conditioning in the midday sun, so that's it 😂",neutral,0.3897,기타,2026-06-04 05:49:55.671496+00
412,hArnl8kI7DI,@hungnguyen-cf2wx,độ cái HUD 1 củ là có màn hình hiển thị lên kính lái ngon hơn cái đồng hồ cũ kĩ,0,2025-08-07 08:15:26+00,vi,The original HUD has a better display on the windshield than the old clock,positive,0.514,기타,2026-06-04 05:49:55.671496+00
416,hArnl8kI7DI,@quocphan4525,"Theo quan điểm của mình. Chỉ cần đừng nằm đường, quãng đường đi được ok, công nghệ có thì tốt k có cũng chẳng sao miễn kiếm được nhiều tiền từ chiếc xe và ít chi phí là đủ. Cần gì hơn ở 1 con xe sinh ra để chạy dịch vụ kiếm tiền. Nhưng với giá 7xx thì hơi cao. Tầm này con limo khoảng 650 670 là quá ok cho 1 con xe điện chạy dv",0,2025-08-07 05:15:08+00,vi,"In my opinion.Just don't lie on the road, the mileage is ok, the technology is good or not, it doesn't matter as long as you make a lot of money from the car and have few expenses is enough.What more do you need from a car that was born to run a service to make money?But the price of 7xx is a bit high.This range for a limo is about 650 670, which is too ok for an electric car to run services",neutral,0.4922,결제오류,2026-06-04 05:49:55.671496+00
417,hArnl8kI7DI,@stevenedm9467,"Ăn nhau ở cái treo và khung gầm đó, không chỉ có sạc miễn phí không thôi đâu.",7,2025-08-06 13:43:56+00,vi,"Eating each other in that suspension and chassis, it's not just about free charging.",neutral,0.4539,기타,2026-06-04 05:49:55.671496+00
418,hArnl8kI7DI,@anhbagacsaigon4211,Hông biết có bảo hành cháy nổ pin ko Anh,1,2025-08-08 01:56:45+00,vi,I don't know if there is a warranty for battery explosion or not,neutral,0.6442,기타,2026-06-04 05:49:55.671496+00
419,hArnl8kI7DI,@ThanhPhanQuoc-sp2qm,Tiền sạc đã tính vào giá xe!,0,2025-08-06 16:56:26+00,vi,Charging fee is included in the car price!,neutral,0.8313,결제오류,2026-06-04 05:49:55.671496+00
420,hArnl8kI7DI,@huynhdangan.,cần mua về để chở gia đình nhà người ta. hảo hảo,0,2025-08-16 06:51:19+00,vi,I need to buy it to transport my family.perfect,neutral,0.476,기타,2026-06-04 05:49:55.671496+00
421,hArnl8kI7DI,@TrungMiddle,"Khi nào xe điện còn sạc supercharge từ 0% lên 80% mất từ 30 phút đến 1 tiếng, thì đa số người tiêu dùng còn lựa chọn xe xăng.",1,2025-08-09 12:22:35+00,vi,"As long as electric cars still supercharge from 0% to 80%, which takes 30 minutes to 1 hour, most consumers will still choose gasoline cars.",neutral,0.7368,기타,2026-06-04 05:49:55.671496+00
433,hArnl8kI7DI,@wearedesigners28,"ủa tăng tốc k còn tiếc rít nữa, ngon nha!",0,2025-08-07 02:36:36+00,vi,"I don't regret accelerating anymore, it's delicious!",positive,0.7228,기타,2026-06-04 05:49:55.671496+00
435,hArnl8kI7DI,@aSoi,"so con này với xp, veloz thì kéo tụt hạng nó rồi. nó phải so với innova, outlander. hai con kia giá đều gần tỉ bạc.",0,2025-08-08 04:57:53+00,vi,"Comparing this to xp and veloz, it's downgraded.it must be compared to innova, outlander.The other two cost nearly a billion dollars.",neutral,0.3612,기타,2026-06-04 05:49:55.671496+00
440,hArnl8kI7DI,@lehonganhthao9935,"Cá nhân tôi ko thích xe thuần điện, ko vì xe ko tốt, mà do hạ tầng giao thông ngập úng quá nhiều ở các tp lớn ko phù hợp xe điện. Tôi vẫn thích xe mild-hybric motor điện phụ trợ động cơ đốt trong. Tuy nói xe nhắm tới đối tượng dịch vụ nhưng với giá 700tr mà nội thất nghèo nàn, adas ko có như vậy thì khá cao đối với đa số người dùng",1,2025-08-07 03:18:57+00,vi,"Personally, I don't like pure electric cars, not because the cars are not good, but because the traffic infrastructure is too flooded in big cities that are not suitable for electric cars.I still like mild-hybric cars with electric motors that assist internal combustion engines.Even though the car is said to be aimed at the service audience, with a price of 700 million and a poor interior, which Adas doesn't have like that, it's quite high for most users.",negative,0.7224,기타,2026-06-04 05:49:55.671496+00
442,hArnl8kI7DI,@v2tuanhp90,Xe cày dịch vụ của Vin mà bảo hành có 150kkm thì coi như 2 năm hết bảo hành. Tèo téo teo,1,2025-08-06 15:36:32+00,vi,"If Vin's service tractor has a warranty of 150kkm, it is considered 2 years out of warranty.Teo te te te",negative,0.7208,기타,2026-06-04 05:49:55.671496+00
446,hArnl8kI7DI,@HaiNguyen-kq5qx,"Tui nói giọng Miền Nam không lùa bà con đâu 😂 xe không có gì để chê ... Giờ mà còn xài chụp mâm thì đi thụt lùi với thời đại rồi đó, mình không lạ gì cách làm của vin nhưng mình thấy thất vọng về bạn, dạo này garage ế lắm hay sao mà phải bán mình vậy 😂😂😂",1,2025-08-07 08:03:29+00,vi,"I don't use a Southern accent to attract people 😂 there's nothing to criticize about the car... Now, if you still use rim covers, you're going backwards with the times, I'm not unfamiliar with Vin's way of doing things but I'm disappointed in you, these days the garage is so empty or why do you have to sell me 😂😂😂",negative,0.5564,UI불편,2026-06-04 05:49:55.671496+00
441,hArnl8kI7DI,@gaolutsoctrang4507,"Nhìn chung thì mình thấy chiếc Limo Green này thiết kế đẹp và sang trọng, không gian các hàng ghế, đặc biệt là hàng ghế thứ 3 rất rộng rãi và thoải mái. Các youtubers chạy trải nghiệm thấy rất êm và tay lái nhẹ nhàng, thậm chí lên dốc huyền thoại Ba Vì, một cách dễ dàng mặc dù với 7 người lớn ngồi trong xe.",6,2025-08-07 00:20:35+00,vi,"Nhìn chung thì mình thấy chiếc Limo Green này thiết kế đẹp và sang trọng, không gian các hàng ghế, đặc biệt là hàng ghế thứ 3 rất rộng rãi và thoải mái. Các youtubers chạy trải nghiệm thấy rất êm và tay lái nhẹ nhàng, thậm chí lên dốc huyền thoại Ba Vì, một cách dễ dàng mặc dù với 7 người lớn ngồi trong xe.",positive,0.8515,기타,2026-06-04 05:49:55.671496+00
443,hArnl8kI7DI,@TACOMPUTER,Miệng khen mà mắt cứ láo liêng kiểu như :)))),2,2025-08-07 01:53:51+00,vi,The mouth compliments but the eyes are slyly like :)))),positive,0.6161,기타,2026-06-04 05:49:55.671496+00
444,hArnl8kI7DI,@dinhpham4506,Con này lazang đẹp nhỉ,0,2025-08-20 00:00:25+00,vi,"This one has beautiful wheels, isn't it?",positive,0.5877,기타,2026-06-04 05:49:55.671496+00
445,hArnl8kI7DI,@dangdinh3253,"Vin bắt đầu khai thác đến những yếu tố thực dụng của một chiếc xe giống như những dòng xe nhât, bỏ đi những thứ ko cần thiết để cắt giãm chi phí, tập trung  vô những thứ thật sự cần",3,2025-08-07 05:47:48+00,vi,"Vin began to exploit the practical elements of a car like the most popular cars, eliminating unnecessary things to cut costs, focusing on what is really needed.",neutral,0.4834,기타,2026-06-04 05:49:55.671496+00
447,hArnl8kI7DI,@longtien3499,Theo a giá này lấy stargazer x còn dư 100 mấy triệu đổ xăng ngon hơn không 😂,0,2025-08-07 06:31:30+00,vi,"According to you, at this price, take stargazer x and have 100 million left over for better gas?",neutral,0.6277,기타,2026-06-04 05:49:55.671496+00
448,hArnl8kI7DI,@vanminhkhong1210,"Bạn nói rất đúng, vì người chạy xe dịch vụ cần bỏ vốn ít mau thu hồi vốn .nhanh có lãi  ,vin sạch 2 năm miễn phí . ae chạy xe dịch vụ sẽ mua rất nhiều",5,2025-08-06 16:28:03+00,vi,"You are very right, because service vehicle operators need to invest little capital and quickly recover capital. Quickly make a profit, clean 2 years for free.Anyone who drives a service car will buy a lot",neutral,0.4442,충전속도,2026-06-04 05:49:55.671496+00
484,hArnl8kI7DI,@Zyxelphian,"Tạm biệt Veloz thân nhé,Tạm biệt Xpander nhé,mai anh về với Limo Green",14,2025-08-06 13:30:15+00,vi,"Goodbye dear Veloz, Goodbye Xpander, tomorrow I will return to Limo Green",positive,0.5589,기타,2026-06-04 05:49:55.671496+00
485,hArnl8kI7DI,@NguyenNguyen-rk1qx,"Những người chạy dịch vụ, cày cuốc họ không cần mấy thứ phù phiếm đâu ! Cái họ cần là con xe tiết kiệm, bền bỉ, cày ra nhiều tiền, bán lại được giá. Xe người ta dùng để kiếm tiền chứ ai rảnh đâu mà ngắm nghía nội thất hay trải nghiệm options công nghệ !",4,2025-08-06 14:32:33+00,vi,"People who run services and work do not need frivolous things!What they need is a car that is economical, durable, earns a lot of money, and resells at a good price.People use cars to make money, but no one has free time to look at the interior or experience technology options!",neutral,0.4794,결제오류,2026-06-04 05:49:55.671496+00
475,hArnl8kI7DI,@DaiNguyenDC,"Lưu ý một điều quan trọng, 90% người Việt mua xe chạy taxi là họ gần như chưa từng sở hưu xe hơi riêng, nên việc họ mua không đơn thuần là chạy dịch vụ mà còn cả chở gia đình đi đây đó nữa. Với những người kĩ và khó tính như chủ kênh mà khen xe này tôi cho cũng là nhận tiền review thôi, không sao cả, ai cũng phải sống phải kiếm tiền.",0,2025-08-07 04:41:35+00,vi,"Note one important thing, 90% of Vietnamese people who buy taxis have almost never owned their own car, so what they buy is not simply to run the service but also to transport their family here and there.For careful and fastidious people like the channel owner, if you praise this car, I think it's just a review fee, it's okay, everyone has to live and make money.",neutral,0.5173,결제오류,2026-06-04 05:49:55.671496+00
486,hArnl8kI7DI,@Quangvinh-b5n,Ko thấy trang bị bình chữa cháy nhỉ 😂,1,2025-08-06 14:20:52+00,vi,I don't see a small fire extinguisher 😂,neutral,0.5398,기타,2026-06-04 05:49:55.671496+00
487,hArnl8kI7DI,@apocalic,Nghe mở bài là biết ngậm tiền hơi nhiều 😂😂😂,2,2025-08-08 20:34:59+00,vi,"Listening to the opening song, I know I'm holding on to a lot of money 😂😂😂",neutral,0.4167,결제오류,2026-06-04 05:49:55.671496+00
488,mrO6g8cX4pM,@maniklohar4814,I am waiting for range test❤,2,2026-02-17 14:22:27+00,en,I am waiting for range test❤,positive,0.5558,기타,2026-06-04 05:49:55.671496+00
490,7Lm-Rpw0Zl0,@emancomchua1999,thích chị này đánh giá xe 😊,1,2025-10-06 10:31:20+00,vi,I like this woman's car reviews 😊,positive,0.5877,기타,2026-06-04 05:49:55.671496+00
491,7Lm-Rpw0Zl0,@nguyentuanvan3115,Chạy dịch vụ rất hiệu quả,1,2025-10-28 06:59:46+00,vi,Run the service very efficiently,positive,0.8436,기타,2026-06-04 05:49:55.671496+00
492,7Lm-Rpw0Zl0,@NguyễnNhàn-g6i,"Nói thật chứ nếu nhu cầu chạy nhiều thì lên mua xe điện.
Còn nếu nhu cầu chạy ít thì lên mua xe xăng",4,2026-04-14 10:45:08+00,vi,"Honestly, if you need to drive a lot, buy an electric car.
If your driving needs are low, then buy a gasoline car",neutral,0.6185,기타,2026-06-04 05:49:55.671496+00
494,7Lm-Rpw0Zl0,@hainguyenmafcos7305,Độ 50 triệu nữa thì bao ngon bổ rẻ rồi 😅😅😅,5,2025-11-20 12:48:11+00,vi,Another 50 million will be delicious and nutritious 😅😅😅,positive,0.5983,기타,2026-06-04 05:49:55.671496+00
495,7Lm-Rpw0Zl0,@taivuongngoc7704,ADAS ĐỘ ĐƯỢC KHÔNG?,0,2026-01-05 06:11:20+00,vi,IS ADAS OK?,neutral,0.5487,기타,2026-06-04 05:49:55.671496+00
496,7Lm-Rpw0Zl0,@Dulich--Amthuc,"Xe này chỉ chạy dịch vụ thôi, xe gia đình mua xe điện phí tiền vì ko đi nhiều.",9,2025-10-04 23:58:59+00,vi,This car is only for service purposes. Buying an electric car for the family is a waste of money because it doesn't go much.,neutral,0.6195,결제오류,2026-06-04 05:49:55.671496+00
497,7Lm-Rpw0Zl0,@quyetxeko6800,Có apple carplay và androi auto mà,0,2026-01-21 04:45:57+00,it,There is apple carplay and android auto,neutral,0.7111,기타,2026-06-04 05:49:55.671496+00
