id,video_id,timestamp_start,timestamp_end,content,translated_content,created_at,lang_detected
1388,moNqhkSmNNg,196.239,200.959,"are a lot of buildings, but I found them",,2026-06-04 05:51:47.124748+00,en
1389,moNqhkSmNNg,198,205.239,eventually. And uh thought I'd check,,2026-06-04 05:51:47.124748+00,en
1390,moNqhkSmNNg,200.959,205.239,them out. Look at all this.,,2026-06-04 05:51:47.124748+00,en
1391,moNqhkSmNNg,209.36,214.4,"Now, I can't say that the every pea",,2026-06-04 05:51:47.124748+00,en
1392,moNqhkSmNNg,212.799,216.4,station is going to look like this. This,,2026-06-04 05:51:47.124748+00,en
1393,moNqhkSmNNg,214.4,219.36,"is their flagship, but and they had",,2026-06-04 05:51:47.124748+00,en
1394,moNqhkSmNNg,216.4,222.159,different types of chargers. They had,,2026-06-04 05:51:47.124748+00,en
1395,moNqhkSmNNg,219.36,223.76,some low-speed ones. This is a 120 watt,,2026-06-04 05:51:47.124748+00,en
1396,moNqhkSmNNg,222.159,226.959,charger.,,2026-06-04 05:51:47.124748+00,de
1397,moNqhkSmNNg,223.76,228.56,And I knew that the the app told me that,,2026-06-04 05:51:47.124748+00,en
1398,moNqhkSmNNg,226.959,230.56,there was going to be a high-speed,,2026-06-04 05:51:47.124748+00,en
1399,moNqhkSmNNg,228.56,233.84,"charger at this station. And here it is,",,2026-06-04 05:51:47.124748+00,en
1400,moNqhkSmNNg,230.56,237.68,a 240 kilowatt charger.,,2026-06-04 05:51:47.124748+00,en
1401,moNqhkSmNNg,233.84,241.2,And some other chargers there as well.,,2026-06-04 05:51:47.124748+00,en
1402,moNqhkSmNNg,237.68,243.599,"I noticed they were all made by Zerova,",,2026-06-04 05:51:47.124748+00,en
1403,moNqhkSmNNg,241.2,245.519,which is a Taiwanese uh company,,2026-06-04 05:51:47.124748+00,en
1404,moNqhkSmNNg,243.599,249.68,apparently.,,2026-06-04 05:51:47.124748+00,en
1405,moNqhkSmNNg,245.519,251.76,"So, um anyways, uh I loaded up the app",,2026-06-04 05:51:47.124748+00,en
1406,moNqhkSmNNg,249.68,254.159,and and,,2026-06-04 05:51:47.124748+00,en
1407,moNqhkSmNNg,251.76,256.479,got going on the charging. I I knew that,,2026-06-04 05:51:47.124748+00,en
1408,moNqhkSmNNg,254.159,261.44,the 240 kilowatt charger I wanted to try,,2026-06-04 05:51:47.124748+00,en
1409,moNqhkSmNNg,256.479,264.4,out because I read that the BYD Lion 7,,2026-06-04 05:51:47.124748+00,en
1410,moNqhkSmNNg,261.44,265.84,is limited to 150 kilowatts. So I,,2026-06-04 05:51:47.124748+00,en
1411,moNqhkSmNNg,264.4,270.639,"thought, let's see if that's true or",,2026-06-04 05:51:47.124748+00,en
1412,moNqhkSmNNg,265.84,272.32,"not. So anyways, this is the PA app and",,2026-06-04 05:51:47.124748+00,en
1413,moNqhkSmNNg,270.639,274.479,"it took a little while to load, but once",,2026-06-04 05:51:47.124748+00,en
1414,moNqhkSmNNg,272.32,276.88,"it loaded, boom, you could see all the",,2026-06-04 05:51:47.124748+00,en
1415,moNqhkSmNNg,274.479,278.639,charging stations in the entire country.,,2026-06-04 05:51:47.124748+00,en
1416,moNqhkSmNNg,276.88,281.199,"There's quite a number of them, quite a",,2026-06-04 05:51:47.124748+00,en
1417,moNqhkSmNNg,278.639,283.44,"network there, so that looks good. And",,2026-06-04 05:51:47.124748+00,en
1418,moNqhkSmNNg,281.199,285.6,"like I said, I'm at their flagship",,2026-06-04 05:51:47.124748+00,en
1419,moNqhkSmNNg,283.44,287.548,"charging station, so I don't know if the",,2026-06-04 05:51:47.124748+00,en
1420,moNqhkSmNNg,285.6,290.4,others are going to be this grand.,,2026-06-04 05:51:47.124748+00,en
1421,moNqhkSmNNg,287.548,293.04,[music] And um but there certainly were,,2026-06-04 05:51:47.124748+00,en
1422,moNqhkSmNNg,290.4,295.199,"a lot of them. Uh so, for example, I",,2026-06-04 05:51:47.124748+00,en
1423,moNqhkSmNNg,293.04,297.68,"clicked on this one, which is outside of",,2026-06-04 05:51:47.124748+00,en
1424,moNqhkSmNNg,295.199,300.8,"Bangkok, and it's low-speed chargers",,2026-06-04 05:51:47.124748+00,en
1425,moNqhkSmNNg,297.68,302.639,only. It looks like 50 kilowatt. Maybe,,2026-06-04 05:51:47.124748+00,af
1426,moNqhkSmNNg,300.8,304.639,"there might have been another there, but",,2026-06-04 05:51:47.124748+00,en
1427,moNqhkSmNNg,302.639,306.24,I couldn't scroll down to see more. The,,2026-06-04 05:51:47.124748+00,en
1428,moNqhkSmNNg,304.639,310.56,app was a little bit a little bit,,2026-06-04 05:51:47.124748+00,en
1429,moNqhkSmNNg,306.24,312.56,glitchy. Um tried another one. This one,,2026-06-04 05:51:47.124748+00,en
1430,moNqhkSmNNg,310.56,314.639,"uh was a little closer to Bangkok, but",,2026-06-04 05:51:47.124748+00,en
1431,moNqhkSmNNg,312.56,316.56,uh same story. Uh you're looking at,,2026-06-04 05:51:47.124748+00,en
1432,moNqhkSmNNg,314.639,318.88,there were two chargers there. Both were,,2026-06-04 05:51:47.124748+00,en
1433,moNqhkSmNNg,316.56,322.4,"in use, but I couldn't tell how fast",,2026-06-04 05:51:47.124748+00,en
1434,moNqhkSmNNg,318.88,326.8,"they were. So, the app wouldn't let me",,2026-06-04 05:51:47.124748+00,en
1435,moNqhkSmNNg,322.4,328.4,"scroll down. Don't know why. But, um",,2026-06-04 05:51:47.124748+00,en
1436,moNqhkSmNNg,326.8,331.12,this one worked. I could see that they,,2026-06-04 05:51:47.124748+00,en
1370,moNqhkSmNNg,152,156.239,This is what it looked like. And there,,2026-06-04 05:51:47.124748+00,en
1437,moNqhkSmNNg,328.4,332.88,had a 50 kilowatt charger. The one,,2026-06-04 05:51:47.124748+00,en
1438,moNqhkSmNNg,331.12,335.44,"below, which is that someone's charging",,2026-06-04 05:51:47.124748+00,en
1439,moNqhkSmNNg,332.88,338,"at, it's 83%, but I don't know the size",,2026-06-04 05:51:47.124748+00,en
1440,moNqhkSmNNg,335.44,340.88,of that charger.,,2026-06-04 05:51:47.124748+00,en
1441,moNqhkSmNNg,338,343.12,But on the head office uh location on,,2026-06-04 05:51:47.124748+00,en
1442,moNqhkSmNNg,340.88,344.96,"the app, yes, we could see all their",,2026-06-04 05:51:47.124748+00,en
1443,moNqhkSmNNg,343.12,348.4,chargers and they had every range there.,,2026-06-04 05:51:47.124748+00,en
1444,moNqhkSmNNg,344.96,352.24,They had AC and DC and they had 50,,2026-06-04 05:51:47.124748+00,en
1445,moNqhkSmNNg,348.4,353.919,"kilowatt, they had 120, they had 240s.",,2026-06-04 05:51:47.124748+00,en
1446,moNqhkSmNNg,352.24,356.4,And the way the app works is you you,,2026-06-04 05:51:47.124748+00,en
1447,moNqhkSmNNg,353.919,358.88,have to prepay into the app. So you load,,2026-06-04 05:51:47.124748+00,en
1448,moNqhkSmNNg,356.4,360.96,up with some money and then as you,,2026-06-04 05:51:47.124748+00,en
1449,moNqhkSmNNg,358.88,362.96,charge it just deducts from that. That's,,2026-06-04 05:51:47.124748+00,en
1450,moNqhkSmNNg,360.96,365.84,the only way to to make to make that,,2026-06-04 05:51:47.124748+00,en
1451,moNqhkSmNNg,362.96,368.16,work.,,2026-06-04 05:51:47.124748+00,af
1452,moNqhkSmNNg,365.84,371.28,"So, you can't use a credit card. And",,2026-06-04 05:51:47.124748+00,en
1453,moNqhkSmNNg,368.16,373.52,"yeah, so it's stuck at 150 here. So, I I",,2026-06-04 05:51:47.124748+00,en
1454,moNqhkSmNNg,371.28,375.28,suspect that the car is doing that. But,,2026-06-04 05:51:47.124748+00,en
1455,moNqhkSmNNg,373.52,378.96,"check this out. After a little while, it",,2026-06-04 05:51:47.124748+00,en
1456,moNqhkSmNNg,375.28,381.6,"dropped down to just uh 34 kilowatt. So,",,2026-06-04 05:51:47.124748+00,en
1457,moNqhkSmNNg,378.96,383.84,that's slow. But they did have this nice,,2026-06-04 05:51:47.124748+00,en
1458,moNqhkSmNNg,381.6,387.6,lounge where I could go and hang out air,,2026-06-04 05:51:47.124748+00,en
1459,moNqhkSmNNg,383.84,390.4,"conditioned. So, that's okay.",,2026-06-04 05:51:47.124748+00,en
1460,moNqhkSmNNg,387.6,392.319,"Again, it's the flagship. It's a huge",,2026-06-04 05:51:47.124748+00,en
1461,moNqhkSmNNg,390.4,395.12,complex. I had to walk around quite a,,2026-06-04 05:51:47.124748+00,en
1462,moNqhkSmNNg,392.319,400.44,bit. And eventually I was able to locate,,2026-06-04 05:51:47.124748+00,en
1463,moNqhkSmNNg,395.12,400.44,some some basic amenities. Um,,2026-06-04 05:51:47.124748+00,en
1464,moNqhkSmNNg,400.72,405.52,this fella's wa water in the grass here.,,2026-06-04 05:51:47.124748+00,en
1465,moNqhkSmNNg,403.039,407.36,"Beautiful, beautiful complex. Lots and",,2026-06-04 05:51:47.124748+00,fr
1466,moNqhkSmNNg,405.52,409.039,"lots of buildings it seems. But yeah,",,2026-06-04 05:51:47.124748+00,en
1467,moNqhkSmNNg,407.36,411.44,there were toilets if you if you looked,,2026-06-04 05:51:47.124748+00,en
1468,moNqhkSmNNg,409.039,413.28,hard enough. And around the corner from,,2026-06-04 05:51:47.124748+00,en
1469,moNqhkSmNNg,411.44,416.16,"that, I found a nice little coffee shop",,2026-06-04 05:51:47.124748+00,en
1470,moNqhkSmNNg,413.28,418.96,and I had a nice latte. So So that was,,2026-06-04 05:51:47.124748+00,en
1471,moNqhkSmNNg,416.16,421.199,good.,,2026-06-04 05:51:47.124748+00,so
1472,moNqhkSmNNg,418.96,424.16,Yeah. Here we're at 99%. We're just,,2026-06-04 05:51:47.124748+00,en
1473,moNqhkSmNNg,421.199,427.12,about finished. There we go. We're done.,,2026-06-04 05:51:47.124748+00,en
1474,moNqhkSmNNg,424.16,430.16,"I think I started charging around 35%,",,2026-06-04 05:51:47.124748+00,en
1475,moNqhkSmNNg,427.12,432.8,"maybe 40%, something like that. And so I",,2026-06-04 05:51:47.124748+00,en
1476,moNqhkSmNNg,430.16,434.96,was at the charger for 50 minutes. So,,2026-06-04 05:51:47.124748+00,en
1477,moNqhkSmNNg,432.8,437.28,it's a little bit on the slow side. Not,,2026-06-04 05:51:47.124748+00,en
1478,moNqhkSmNNg,434.96,439.68,so great. You can see the price there,,2026-06-04 05:51:47.124748+00,en
1479,moNqhkSmNNg,437.28,441.52,about seven,,2026-06-04 05:51:47.124748+00,en
1480,moNqhkSmNNg,439.68,444.56,uh bot per kilowatt hour. Number three,,2026-06-04 05:51:47.124748+00,en
1481,moNqhkSmNNg,441.52,446.4,on the list is Spark. Spark chargers.,,2026-06-04 05:51:47.124748+00,en
1482,moNqhkSmNNg,444.56,449.599,They're orange in color and they can,,2026-06-04 05:51:47.124748+00,en
1483,moNqhkSmNNg,446.4,452.56,often be found at these uh green,,2026-06-04 05:51:47.124748+00,en
1484,moNqhkSmNNg,449.599,455.52,Bangchak [music] stations and this one's,,2026-06-04 05:51:47.124748+00,en
1485,moNqhkSmNNg,452.56,457.199,a huge complex that was on route,,2026-06-04 05:51:47.124748+00,en
1486,moNqhkSmNNg,455.52,459.759,Bangchak,,2026-06-04 05:51:47.124748+00,id
1487,moNqhkSmNNg,457.199,463.28,and uh there were six chargers here.,,2026-06-04 05:51:47.124748+00,en
1488,moNqhkSmNNg,459.759,466.16,They were all down as being 240 kilowatt,,2026-06-04 05:51:47.124748+00,en
1489,moNqhkSmNNg,463.28,468.88,chargers again and checking the app,,2026-06-04 05:51:47.124748+00,en
1490,moNqhkSmNNg,466.16,471.759,there. There's quite a few Spark,,2026-06-04 05:51:47.124748+00,en
1491,moNqhkSmNNg,468.88,474.479,chargers around the country and uh again,,2026-06-04 05:51:47.124748+00,en
1492,moNqhkSmNNg,471.759,477.039,you have to prepay into the into the app,,2026-06-04 05:51:47.124748+00,en
1493,moNqhkSmNNg,474.479,478.639,so that you can use the chargers. So,,2026-06-04 05:51:47.124748+00,en
1494,moNqhkSmNNg,477.039,481.039,"once you've done that, you can use a",,2026-06-04 05:51:47.124748+00,fr
1495,moNqhkSmNNg,478.639,485.199,credit card to do that. Uh you're all,,2026-06-04 05:51:47.124748+00,en
1496,moNqhkSmNNg,481.039,487.919,"set to go, but you got to prepay.",,2026-06-04 05:51:47.124748+00,en
1497,moNqhkSmNNg,485.199,489.599,"Yeah, Bank check. Uh a lot of the Spark",,2026-06-04 05:51:47.124748+00,en
1,cuFkQBe26mM,0,3,แ,,2026-06-04 05:51:47.124748+00,th
1498,moNqhkSmNNg,487.919,490.96,"chargers are at Bank Check, but I think",,2026-06-04 05:51:47.124748+00,en
1499,moNqhkSmNNg,489.599,495.28,you can also find them in other,,2026-06-04 05:51:47.124748+00,en
1500,moNqhkSmNNg,490.96,497.84,locations as well. and um basic plugand,,2026-06-04 05:51:47.124748+00,en
2500,hArnl8kI7DI,851.16,855.12,Limo Grein á. Trời hôm trước là chỉ được,,2026-06-04 05:51:47.124748+00,vi
1519,moNqhkSmNNg,544,548.16,at the station. I'm the only one here.,,2026-06-04 05:51:47.124748+00,en
1520,moNqhkSmNNg,545.839,550.399,So I should be getting at least 150,,2026-06-04 05:51:47.124748+00,en
1521,moNqhkSmNNg,548.16,552.24,kilowatt. plugged into a different,,2026-06-04 05:51:47.124748+00,en
1522,moNqhkSmNNg,550.399,554.32,"charger. Moved the car over, charged,",,2026-06-04 05:51:47.124748+00,en
1523,moNqhkSmNNg,552.24,557.36,"tried a different one. Okay, now we're",,2026-06-04 05:51:47.124748+00,en
1524,moNqhkSmNNg,554.32,559.519,getting almost 120 kilowatts. That's,,2026-06-04 05:51:47.124748+00,en
1525,moNqhkSmNNg,557.36,560.8,"what it's supposed to be. So, or close",,2026-06-04 05:51:47.124748+00,en
1526,moNqhkSmNNg,559.519,562.959,"to what it's supposed to be. So, I",,2026-06-04 05:51:47.124748+00,en
1527,moNqhkSmNNg,560.8,565.839,stayed at this one. Let's see how long,,2026-06-04 05:51:47.124748+00,en
1528,moNqhkSmNNg,562.959,568,it takes to get us up to,,2026-06-04 05:51:47.124748+00,en
1529,moNqhkSmNNg,565.839,569.92,100%.,,2026-06-04 05:51:47.124748+00,unknown
1530,moNqhkSmNNg,568,571.76,"But yeah, that's the app was a little",,2026-06-04 05:51:47.124748+00,en
1531,moNqhkSmNNg,569.92,574.08,bit buggy there. I'm not quite sure what,,2026-06-04 05:51:47.124748+00,en
1532,moNqhkSmNNg,571.76,576.64,was happening uh with that first,,2026-06-04 05:51:47.124748+00,en
1533,moNqhkSmNNg,574.08,578.32,"charger. And like I said, I was the only",,2026-06-04 05:51:47.124748+00,en
1534,moNqhkSmNNg,576.64,580.48,"one at the station, so I wasn't sure.",,2026-06-04 05:51:47.124748+00,en
1535,moNqhkSmNNg,578.32,583.6,sharing the charger with anybody else.,,2026-06-04 05:51:47.124748+00,en
1536,moNqhkSmNNg,580.48,586.16,"So, not quite sure what the issue was",,2026-06-04 05:51:47.124748+00,en
1537,moNqhkSmNNg,583.6,587.6,"with that one. But anyways, while it's",,2026-06-04 05:51:47.124748+00,en
1538,moNqhkSmNNg,586.16,591.12,"charging, let's take a look around this",,2026-06-04 05:51:47.124748+00,en
1539,moNqhkSmNNg,587.6,592.64,"complex. It's a huge, huge complex. Um,",,2026-06-04 05:51:47.124748+00,en
1540,moNqhkSmNNg,591.12,595.2,you can kind of get a sense of it here.,,2026-06-04 05:51:47.124748+00,en
1541,moNqhkSmNNg,592.64,599.6,I'm not even halfway down. It's like two,,2026-06-04 05:51:47.124748+00,en
1542,moNqhkSmNNg,595.2,601.12,"football fields. There's lots,",,2026-06-04 05:51:47.124748+00,en
1543,moNqhkSmNNg,599.6,603.12,"well, not lots, there were a few",,2026-06-04 05:51:47.124748+00,en
1544,moNqhkSmNNg,601.12,606.08,restaurants which were just opening up.,,2026-06-04 05:51:47.124748+00,en
1545,moNqhkSmNNg,603.12,609.04,This guy's laughing at me. Uh I was,,2026-06-04 05:51:47.124748+00,en
1546,moNqhkSmNNg,606.08,610.8,"there early in the morning, so they it's",,2026-06-04 05:51:47.124748+00,en
1547,moNqhkSmNNg,609.04,613.2,not even 7:00 a.m. So they haven't,,2026-06-04 05:51:47.124748+00,en
1548,moNqhkSmNNg,610.8,614.959,opened yet. So uh there's not a lot,,2026-06-04 05:51:47.124748+00,en
1549,moNqhkSmNNg,613.2,618.16,there was nothing there for me to to to,,2026-06-04 05:51:47.124748+00,en
1550,moNqhkSmNNg,614.959,619.68,eat or or anything. Um but if I'd come,,2026-06-04 05:51:47.124748+00,en
1551,moNqhkSmNNg,618.16,622.399,"later in the day, I guess there would",,2026-06-04 05:51:47.124748+00,en
1552,moNqhkSmNNg,619.68,624.399,be. But the station is kind of run down,,2026-06-04 05:51:47.124748+00,en
1553,moNqhkSmNNg,622.399,626.72,and beaten up. It's like someone had a,,2026-06-04 05:51:47.124748+00,en
1554,moNqhkSmNNg,624.399,628.32,"really good idea, but I don't know",,2026-06-04 05:51:47.124748+00,en
1555,moNqhkSmNNg,626.72,631.519,what's happened over time. It just kind,,2026-06-04 05:51:47.124748+00,en
1556,moNqhkSmNNg,628.32,635.36,of faded away. 86% now we're down to,,2026-06-04 05:51:47.124748+00,en
1557,moNqhkSmNNg,631.519,637.2,"like 44 kilowatts, 43 kilowatts.",,2026-06-04 05:51:47.124748+00,af
1558,moNqhkSmNNg,635.36,639.68,There is a little big sea mini mart,,2026-06-04 05:51:47.124748+00,en
1559,moNqhkSmNNg,637.2,642.079,where you can get a snack I suppose if,,2026-06-04 05:51:47.124748+00,en
1560,moNqhkSmNNg,639.68,645.76,you if you're desperate,,2026-06-04 05:51:47.124748+00,fr
1561,moNqhkSmNNg,642.079,649.44,but uh there's some kind of theme park,,2026-06-04 05:51:47.124748+00,en
1562,moNqhkSmNNg,645.76,651.04,theme going on here inon coffee uh but,,2026-06-04 05:51:47.124748+00,en
1563,moNqhkSmNNg,649.44,653.6,they weren't open yet but you can see,,2026-06-04 05:51:47.124748+00,en
1564,moNqhkSmNNg,651.04,656.16,they're just getting ready to open there,,2026-06-04 05:51:47.124748+00,en
1565,moNqhkSmNNg,653.6,658.8,but yeah you've got this uh old airplane,,2026-06-04 05:51:47.124748+00,en
1566,moNqhkSmNNg,656.16,662,hanging around and there's like these,,2026-06-04 05:51:47.124748+00,en
1567,moNqhkSmNNg,658.8,664.16,grandiose buildings and places for shops,,2026-06-04 05:51:47.124748+00,en
1568,moNqhkSmNNg,662,667.6,which are empty and this deserted mini,,2026-06-04 05:51:47.124748+00,en
1371,moNqhkSmNNg,153.599,158,"was a restaurant nearby. But yeah, right",,2026-06-04 05:51:47.124748+00,en
1569,moNqhkSmNNg,664.16,669.2,just sitting there in this um kind of,,2026-06-04 05:51:47.124748+00,en
1570,moNqhkSmNNg,667.6,671.519,spooky,,2026-06-04 05:51:47.124748+00,sk
1571,moNqhkSmNNg,669.2,673.36,park. Kind of expect zombies to come,,2026-06-04 05:51:47.124748+00,en
1572,moNqhkSmNNg,671.519,676.48,charging through the bushes in a second.,,2026-06-04 05:51:47.124748+00,en
1573,moNqhkSmNNg,673.36,678.56,"Feels kind of weird. Uh but look, hey,",,2026-06-04 05:51:47.124748+00,en
1574,moNqhkSmNNg,676.48,681.519,they set up a prayer room. Nice touch.,,2026-06-04 05:51:47.124748+00,en
1575,moNqhkSmNNg,678.56,684.32,"So, that's thoughtful. I like that. All",,2026-06-04 05:51:47.124748+00,en
1576,moNqhkSmNNg,681.519,687.2,"right, we're just about done here.",,2026-06-04 05:51:47.124748+00,en
1577,moNqhkSmNNg,684.32,689.68,Getting up to about 96%. We're at almost,,2026-06-04 05:51:47.124748+00,en
1578,moNqhkSmNNg,687.2,691.519,"45 kilowatts. And you know, the charging",,2026-06-04 05:51:47.124748+00,en
1579,moNqhkSmNNg,689.68,694.48,does slow down as you as your battery,,2026-06-04 05:51:47.124748+00,en
1580,moNqhkSmNNg,691.519,697.12,gets full. So we now we made it to 100%,,2026-06-04 05:51:47.124748+00,en
1581,moNqhkSmNNg,694.48,701.6,and uh it's figured out how much money I,,2026-06-04 05:51:47.124748+00,en
2506,hArnl8kI7DI,862.399,865.56,Nhược điểm đó là gì? Nhược điểm của nó,,2026-06-04 05:51:47.124748+00,vi
1582,moNqhkSmNNg,697.12,704.88,have to pay. There's all the details. Uh,,2026-06-04 05:51:47.124748+00,en
1583,moNqhkSmNNg,701.6,706.72,you can see the rate was 7.9,,2026-06-04 05:51:47.124748+00,en
1584,moNqhkSmNNg,704.88,709.2,"uh bot per kilowatt hour. Yeah, that's",,2026-06-04 05:51:47.124748+00,en
1585,moNqhkSmNNg,706.72,711.76,how I feel too. Not a great experience.,,2026-06-04 05:51:47.124748+00,en
1586,moNqhkSmNNg,709.2,713.839,"Alex, Alex Chargers is the number two",,2026-06-04 05:51:47.124748+00,en
1587,moNqhkSmNNg,711.76,716.24,pick out of the five I looked at. And,,2026-06-04 05:51:47.124748+00,en
1588,moNqhkSmNNg,713.839,719.6,you could find Alex chargers at PT,,2026-06-04 05:51:47.124748+00,en
1589,moNqhkSmNNg,716.24,721.6,stations like this one. Also green.,,2026-06-04 05:51:47.124748+00,en
1590,moNqhkSmNNg,719.6,724,"Now, this is kind of a small remote PT",,2026-06-04 05:51:47.124748+00,en
1591,moNqhkSmNNg,721.6,726.16,"station, but on a main road, it's just",,2026-06-04 05:51:47.124748+00,en
1592,moNqhkSmNNg,724,728.56,the two chargers there. They're 150,,2026-06-04 05:51:47.124748+00,en
1593,moNqhkSmNNg,726.16,730.88,kilowatt chargers. And like all,,2026-06-04 05:51:47.124748+00,af
1594,moNqhkSmNNg,728.56,734,"chargers, it's plugandplay. You plug in",,2026-06-04 05:51:47.124748+00,en
1595,moNqhkSmNNg,730.88,736.72,your car and you get out your phone and,,2026-06-04 05:51:47.124748+00,fr
1596,moNqhkSmNNg,734,738.88,uh you look for the QR code on the,,2026-06-04 05:51:47.124748+00,en
1597,moNqhkSmNNg,736.72,741.12,"machine and then you scan that. Here,",,2026-06-04 05:51:47.124748+00,en
1598,moNqhkSmNNg,738.88,743.519,you have to uh have a credit card on,,2026-06-04 05:51:47.124748+00,en
1599,moNqhkSmNNg,741.12,745.519,"file. Once that's done, you you'll be",,2026-06-04 05:51:47.124748+00,en
1600,moNqhkSmNNg,743.519,747.2,able to start charging. But when the,,2026-06-04 05:51:47.124748+00,en
1601,moNqhkSmNNg,745.519,749.44,"charging is done, you can actually",,2026-06-04 05:51:47.124748+00,en
1602,moNqhkSmNNg,747.2,751.839,choose to pay another way through your,,2026-06-04 05:51:47.124748+00,en
1603,moNqhkSmNNg,749.44,754.32,"bank account, but it won't charge unless",,2026-06-04 05:51:47.124748+00,en
1604,moNqhkSmNNg,751.839,756.399,you already have a credit card on file,,2026-06-04 05:51:47.124748+00,en
1605,moNqhkSmNNg,754.32,758.88,as opposed to having a prepaid kind of,,2026-06-04 05:51:47.124748+00,en
1606,moNqhkSmNNg,756.399,761.519,"system. So, anyways, after a little bit",,2026-06-04 05:51:47.124748+00,en
1607,moNqhkSmNNg,758.88,763.839,"of cable checking and and whatnot, uh",,2026-06-04 05:51:47.124748+00,en
1608,moNqhkSmNNg,761.519,765.44,you can hear the charger ramping up and,,2026-06-04 05:51:47.124748+00,en
1609,moNqhkSmNNg,763.839,769.36,"the next thing you know, we're off to",,2026-06-04 05:51:47.124748+00,en
1610,moNqhkSmNNg,765.44,772.72,"the races. And um it's 150 kW charger,",,2026-06-04 05:51:47.124748+00,en
1611,moNqhkSmNNg,769.36,775.2,so I should be able to get 150 kW. And,,2026-06-04 05:51:47.124748+00,en
1612,moNqhkSmNNg,772.72,777.68,"uh right off the bat, even uh we're",,2026-06-04 05:51:47.124748+00,en
1613,moNqhkSmNNg,775.2,781.68,"starting at 40% and right off the bat,",,2026-06-04 05:51:47.124748+00,en
1614,moNqhkSmNNg,777.68,783.92,we're already at uh 145 kilowatt after,,2026-06-04 05:51:47.124748+00,en
1615,moNqhkSmNNg,781.68,787.92,just 49 seconds. So that's pretty decent,,2026-06-04 05:51:47.124748+00,en
1616,moNqhkSmNNg,783.92,791.279,speed. 140 kilowatt here is still not,,2026-06-04 05:51:47.124748+00,af
1617,moNqhkSmNNg,787.92,794.16,too bad. And here's their app. and you,,2026-06-04 05:51:47.124748+00,en
1618,moNqhkSmNNg,791.279,795.92,click on a station and you can see the,,2026-06-04 05:51:47.124748+00,en
1619,moNqhkSmNNg,794.16,797.839,"level of charging they have, its",,2026-06-04 05:51:47.124748+00,en
1620,moNqhkSmNNg,795.92,799.6,location. You can click navigate. All of,,2026-06-04 05:51:47.124748+00,en
1621,moNqhkSmNNg,797.839,801.519,"these apps have that. But this app, you",,2026-06-04 05:51:47.124748+00,en
1622,moNqhkSmNNg,799.6,804.399,can also book the charger in advance.,,2026-06-04 05:51:47.124748+00,en
1623,moNqhkSmNNg,801.519,806.24,"Now, that could be a handy feature. But",,2026-06-04 05:51:47.124748+00,en
1624,moNqhkSmNNg,804.399,808,there's a surprise waiting for me when I,,2026-06-04 05:51:47.124748+00,en
1625,moNqhkSmNNg,806.24,811.04,"went and booked this. I thought, okay,",,2026-06-04 05:51:47.124748+00,en
2,cuFkQBe26mM,10.58,29.28,[เพลง],,2026-06-04 05:51:47.124748+00,th
1626,moNqhkSmNNg,808,813.6,"I'll book it. I'll give it a try. So, I",,2026-06-04 05:51:47.124748+00,en
1627,moNqhkSmNNg,811.04,815.76,chose my charger. I clicked confirm. And,,2026-06-04 05:51:47.124748+00,en
1628,moNqhkSmNNg,813.6,818.32,"next thing I know, I'm on a stopwatch",,2026-06-04 05:51:47.124748+00,en
1629,moNqhkSmNNg,815.76,821.12,and I have 19 minutes and 56 seconds to,,2026-06-04 05:51:47.124748+00,en
1630,moNqhkSmNNg,818.32,824,get there or my booking is cancelled.,,2026-06-04 05:51:47.124748+00,en
1631,moNqhkSmNNg,821.12,825.92,"And not only that, you'll be penalized.",,2026-06-04 05:51:47.124748+00,en
1632,moNqhkSmNNg,824,828.32,"So, whoops, I didn't know about that.",,2026-06-04 05:51:47.124748+00,en
1633,moNqhkSmNNg,825.92,832.399,And I'm not 19 minutes and 47 seconds,,2026-06-04 05:51:47.124748+00,en
1634,moNqhkSmNNg,828.32,834.32,"away. I canled the booking, but it still",,2026-06-04 05:51:47.124748+00,en
1635,moNqhkSmNNg,832.399,836,penalized me. There's a point system in,,2026-06-04 05:51:47.124748+00,en
1636,moNqhkSmNNg,834.32,837.839,"the app, and once you get too many",,2026-06-04 05:51:47.124748+00,en
1637,moNqhkSmNNg,836,839.6,"penalties, I guess you're locked out. I",,2026-06-04 05:51:47.124748+00,en
1638,moNqhkSmNNg,837.839,841.36,"don't know. So, I'm not too thrilled",,2026-06-04 05:51:47.124748+00,en
1639,moNqhkSmNNg,839.6,843.12,about that.,,2026-06-04 05:51:47.124748+00,en
1640,moNqhkSmNNg,841.36,845.36,"But uh yeah, you can see all the charges",,2026-06-04 05:51:47.124748+00,en
1641,moNqhkSmNNg,843.12,847.76,they have around the country. And some,,2026-06-04 05:51:47.124748+00,en
1642,moNqhkSmNNg,845.36,850.88,"places it's walk-in, some places you can",,2026-06-04 05:51:47.124748+00,en
1643,moNqhkSmNNg,847.76,854.079,"book, some places it's both. And even in",,2026-06-04 05:51:47.124748+00,en
1644,moNqhkSmNNg,850.88,856.48,"more remote locations, you still have uh",,2026-06-04 05:51:47.124748+00,fr
1645,moNqhkSmNNg,854.079,860.88,"uh 120 Yeah, this is a these are 120",,2026-06-04 05:51:47.124748+00,en
1646,moNqhkSmNNg,856.48,863.6,kilowatt chargers. And uh also in a,,2026-06-04 05:51:47.124748+00,en
1647,moNqhkSmNNg,860.88,865.199,"remote location, uh you can have some",,2026-06-04 05:51:47.124748+00,en
1648,moNqhkSmNNg,863.6,868.72,"higher speed chargers. This one, I",,2026-06-04 05:51:47.124748+00,en
1649,moNqhkSmNNg,865.199,870.48,"believe, is a 180 kilowatt chargers. So",,2026-06-04 05:51:47.124748+00,en
1650,moNqhkSmNNg,868.72,872.48,pretty decent speed. And then they do,,2026-06-04 05:51:47.124748+00,en
1651,moNqhkSmNNg,870.48,875.68,have a charging hub kind of like the,,2026-06-04 05:51:47.124748+00,en
1652,moNqhkSmNNg,872.48,880.88,Spark deal where you've got six chargers,,2026-06-04 05:51:47.124748+00,en
1653,moNqhkSmNNg,875.68,883.76,and they're uh 240 kW each.,,2026-06-04 05:51:47.124748+00,en
1654,moNqhkSmNNg,880.88,887.04,"Amenities. Yeah, you got your little",,2026-06-04 05:51:47.124748+00,en
1655,moNqhkSmNNg,883.76,891.839,variety store. Couple of random,,2026-06-04 05:51:47.124748+00,en
1656,moNqhkSmNNg,887.04,894.56,rooms. Um some kind of pretty basic,,2026-06-04 05:51:47.124748+00,en
1657,moNqhkSmNNg,891.839,896.48,"bathroom facilities, but they're there.",,2026-06-04 05:51:47.124748+00,en
1658,moNqhkSmNNg,894.56,899.36,"So, all right. If you need to go, you",,2026-06-04 05:51:47.124748+00,en
1659,moNqhkSmNNg,896.48,901.6,need to go. They are there. And the only,,2026-06-04 05:51:47.124748+00,en
1660,moNqhkSmNNg,899.36,903.76,real food option besides getting,,2026-06-04 05:51:47.124748+00,en
1661,moNqhkSmNNg,901.6,906.24,something at the mini mart would be a,,2026-06-04 05:51:47.124748+00,en
1662,moNqhkSmNNg,903.76,908.72,coffee shop. And here you've got puntai,,2026-06-04 05:51:47.124748+00,en
1663,moNqhkSmNNg,906.24,911.92,coffee. And uh they had little desserts,,2026-06-04 05:51:47.124748+00,en
1664,moNqhkSmNNg,908.72,913.839,and croissants. Not too bad. So uh but,,2026-06-04 05:51:47.124748+00,en
1665,moNqhkSmNNg,911.92,915.279,that's basically it. Uh but this,,2026-06-04 05:51:47.124748+00,en
1666,moNqhkSmNNg,913.839,919.279,"station, look at this. They had these",,2026-06-04 05:51:47.124748+00,en
1667,moNqhkSmNNg,915.279,920.88,funky massage chairs. You throw in I,,2026-06-04 05:51:47.124748+00,en
1668,moNqhkSmNNg,919.279,923.6,don't know how much 20 bot or something,,2026-06-04 05:51:47.124748+00,en
1669,moNqhkSmNNg,920.88,926.24,"and you get a massage. Anyways, here we",,2026-06-04 05:51:47.124748+00,en
1670,moNqhkSmNNg,923.6,930.88,are. We're just about done at 26 about,,2026-06-04 05:51:47.124748+00,fr
1671,moNqhkSmNNg,926.24,933.76,27 minutes to go from 40% to 100%. Not,,2026-06-04 05:51:47.124748+00,en
1672,moNqhkSmNNg,930.88,936.8,"bad at all. So, pretty good speed at",,2026-06-04 05:51:47.124748+00,en
1673,moNqhkSmNNg,933.76,939.199,Alexa charging and that's kind of why,,2026-06-04 05:51:47.124748+00,en
1674,moNqhkSmNNg,936.8,940.959,they're number two on my list. Despite,,2026-06-04 05:51:47.124748+00,en
1675,moNqhkSmNNg,939.199,943.12,"the lack of amenities, you got some",,2026-06-04 05:51:47.124748+00,en
1676,moNqhkSmNNg,940.959,944.959,pretty decent speed and they're not that,,2026-06-04 05:51:47.124748+00,en
1677,moNqhkSmNNg,943.12,947.279,popular. They're almost always,,2026-06-04 05:51:47.124748+00,en
1678,moNqhkSmNNg,944.959,948.8,available. You don't have to you don't,,2026-06-04 05:51:47.124748+00,fr
1679,moNqhkSmNNg,947.279,950.8,really need to book them because they're,,2026-06-04 05:51:47.124748+00,en
1680,moNqhkSmNNg,948.8,953.199,I've never seen one where there's where,,2026-06-04 05:51:47.124748+00,en
1681,moNqhkSmNNg,950.8,956.8,they're full yet. Maybe that'll catch,,2026-06-04 05:51:47.124748+00,en
1682,moNqhkSmNNg,953.199,960.16,on. But people save their charging for,,2026-06-04 05:51:47.124748+00,en
1683,moNqhkSmNNg,956.8,964.88,"for the number one choice, which is PTT",,2026-06-04 05:51:47.124748+00,en
1684,moNqhkSmNNg,960.16,967.92,Plus. This is really popular because of,,2026-06-04 05:51:47.124748+00,en
1685,moNqhkSmNNg,964.88,969.839,the amenities. These charging stations,,2026-06-04 05:51:47.124748+00,en
1686,moNqhkSmNNg,967.92,972.72,have everything you could ever imagine,,2026-06-04 05:51:47.124748+00,en
1687,moNqhkSmNNg,969.839,975.36,and think even things you can't imagine.,,2026-06-04 05:51:47.124748+00,en
1688,moNqhkSmNNg,972.72,978.639,That' be like little food stalls and,,2026-06-04 05:51:47.124748+00,en
1689,moNqhkSmNNg,975.36,982.48,little shops. Amazon coffee shop. The,,2026-06-04 05:51:47.124748+00,en
1690,moNqhkSmNNg,978.639,984.56,"bathrooms are pretty good. toys, uh,",,2026-06-04 05:51:47.124748+00,en
1372,moNqhkSmNNg,156.239,160.72,there on the ground it tells you clear,,2026-06-04 05:51:47.124748+00,en
1691,moNqhkSmNNg,982.48,986.24,"restaurants, clothing shops where you",,2026-06-04 05:51:47.124748+00,en
1692,moNqhkSmNNg,984.56,988.8,"can buy clothes, restaurants where you",,2026-06-04 05:51:47.124748+00,en
1693,moNqhkSmNNg,986.24,991.6,"can actually sit down and order, uh, as",,2026-06-04 05:51:47.124748+00,en
1694,moNqhkSmNNg,988.8,994.399,"well as takeaway type, you know, food",,2026-06-04 05:51:47.124748+00,en
1695,moNqhkSmNNg,991.6,997.279,"restaurant, takeaway food stalls like",,2026-06-04 05:51:47.124748+00,en
1696,moNqhkSmNNg,994.399,999.6,you see here. You got your ubiquitous,,2026-06-04 05:51:47.124748+00,fr
1697,moNqhkSmNNg,997.279,1002.48,7-Eleven and then there's your five-star,,2026-06-04 05:51:47.124748+00,en
1698,moNqhkSmNNg,999.6,1005.759,"chicken. And just like the others, it's",,2026-06-04 05:51:47.124748+00,en
1699,moNqhkSmNNg,1002.48,1009.519,"plugandplay. uh unplug the charger, you",,2026-06-04 05:51:47.124748+00,en
1700,moNqhkSmNNg,1005.759,1013.36,"plug it in to your car, scan with the",,2026-06-04 05:51:47.124748+00,en
1701,moNqhkSmNNg,1009.519,1015.199,"app, and off you go. But uh and it it's",,2026-06-04 05:51:47.124748+00,en
1702,moNqhkSmNNg,1013.36,1020.32,pretty reliable. I really haven't had,,2026-06-04 05:51:47.124748+00,en
1703,moNqhkSmNNg,1015.199,1022.8,too many problems with PTT until I had a,,2026-06-04 05:51:47.124748+00,en
1704,moNqhkSmNNg,1020.32,1025.52,"problem. So, I docked them on their",,2026-06-04 05:51:47.124748+00,en
1705,moNqhkSmNNg,1022.8,1028.079,reliability because I pulled into this,,2026-06-04 05:51:47.124748+00,en
1706,moNqhkSmNNg,1025.52,1030.559,PTT on on the long journey. I booked a,,2026-06-04 05:51:47.124748+00,en
1707,moNqhkSmNNg,1028.079,1034.24,charger beforehand and I was down to,,2026-06-04 05:51:47.124748+00,en
1708,moNqhkSmNNg,1030.559,1038.16,about I think uh 7% or so on the day,,2026-06-04 05:51:47.124748+00,en
2507,hArnl8kI7DI,863.959,867.48,đó là nó là xe điện. Ví dụ như các bạn,,2026-06-04 05:51:47.124748+00,vi
1709,moNqhkSmNNg,1034.24,1040.799,"that I did this, plugged the car in and",,2026-06-04 05:51:47.124748+00,en
1710,moNqhkSmNNg,1038.16,1043.36,waited for it to connect and I got this,,2026-06-04 05:51:47.124748+00,en
1711,moNqhkSmNNg,1040.799,1045.919,message. Unable to connect charger to,,2026-06-04 05:51:47.124748+00,en
1712,moNqhkSmNNg,1043.36,1048.96,"the vehicle. So I unplugged, plugged in",,2026-06-04 05:51:47.124748+00,en
1713,moNqhkSmNNg,1045.919,1052.88,"again, same unplugged. I did it num",,2026-06-04 05:51:47.124748+00,id
1714,moNqhkSmNNg,1048.96,1056,numerous times. Couldn't get it to work.,,2026-06-04 05:51:47.124748+00,en
1715,moNqhkSmNNg,1052.88,1058.96,Eventually got on the phone uh to a help,,2026-06-04 05:51:47.124748+00,en
1716,moNqhkSmNNg,1056,1061.52,"desk. went to a different station, same",,2026-06-04 05:51:47.124748+00,en
1717,moNqhkSmNNg,1058.96,1064,problem. They helped me out. They reset,,2026-06-04 05:51:47.124748+00,en
1718,moNqhkSmNNg,1061.52,1066.72,"the charger and I got it working, but it",,2026-06-04 05:51:47.124748+00,en
1719,moNqhkSmNNg,1064,1069.679,was only charging at like 37 kilowatts,,2026-06-04 05:51:47.124748+00,en
1720,moNqhkSmNNg,1066.72,1071.28,and and I I I need faster. It's not,,2026-06-04 05:51:47.124748+00,en
1721,moNqhkSmNNg,1069.679,1073.28,going to make it. I was only one on the,,2026-06-04 05:51:47.124748+00,en
1722,moNqhkSmNNg,1071.28,1076.96,"charger. So, I went to another station,",,2026-06-04 05:51:47.124748+00,en
1723,moNqhkSmNNg,1073.28,1078.799,"got up to speed. Anyways, here's the",,2026-06-04 05:51:47.124748+00,en
1724,moNqhkSmNNg,1076.96,1081.52,overall summary of [music],,2026-06-04 05:51:47.124748+00,en
1725,moNqhkSmNNg,1078.799,1086,what's happening. Uh what I think about,,2026-06-04 05:51:47.124748+00,en
1726,moNqhkSmNNg,1081.52,1088.32,this. I rank PTT as number one. um,,2026-06-04 05:51:47.124748+00,en
1727,moNqhkSmNNg,1086,1090.799,because of the amenities. That's the,,2026-06-04 05:51:47.124748+00,en
1728,moNqhkSmNNg,1088.32,1092.72,biggie for me. Excellent amenities.,,2026-06-04 05:51:47.124748+00,da
1729,moNqhkSmNNg,1090.799,1094.32,Everything else is pretty good. I don't,,2026-06-04 05:51:47.124748+00,en
1730,moNqhkSmNNg,1092.72,1096.16,"like that there's only one way to pay,",,2026-06-04 05:51:47.124748+00,en
1731,moNqhkSmNNg,1094.32,1098.559,"but it is on the credit card, so it's",,2026-06-04 05:51:47.124748+00,en
1732,moNqhkSmNNg,1096.16,1100.559,kind of easy. Um but you can book and,,2026-06-04 05:51:47.124748+00,en
1733,moNqhkSmNNg,1098.559,1103.2,it's a good booking system. You can book,,2026-06-04 05:51:47.124748+00,en
1734,moNqhkSmNNg,1100.559,1106.64,several hours in advance. I like that.,,2026-06-04 05:51:47.124748+00,en
1735,moNqhkSmNNg,1103.2,1109.12,"And they are popular. So, um you know,",,2026-06-04 05:51:47.124748+00,en
1736,moNqhkSmNNg,1106.64,1111.52,"the map is good. Yeah, the amenities are",,2026-06-04 05:51:47.124748+00,en
1737,moNqhkSmNNg,1109.12,1114.32,"great, but I docked them on reliability",,2026-06-04 05:51:47.124748+00,en
1738,moNqhkSmNNg,1111.52,1116.96,and I and uh I docked them on the,,2026-06-04 05:51:47.124748+00,en
1739,moNqhkSmNNg,1114.32,1118.72,pavement because payment because it,,2026-06-04 05:51:47.124748+00,fr
1740,moNqhkSmNNg,1116.96,1121.44,could have been could have been better.,,2026-06-04 05:51:47.124748+00,en
1741,moNqhkSmNNg,1118.72,1123.919,Uh the chargers generally 120 kilowatt,,2026-06-04 05:51:47.124748+00,en
1742,moNqhkSmNNg,1121.44,1126.72,chargers. There are some 180s out there.,,2026-06-04 05:51:47.124748+00,en
1743,moNqhkSmNNg,1123.919,1128.559,They do have in Bangkok apparently a 480,,2026-06-04 05:51:47.124748+00,en
1744,moNqhkSmNNg,1126.72,1130.96,"kilowatt charger. That's pretty cool,",,2026-06-04 05:51:47.124748+00,en
1745,moNqhkSmNNg,1128.559,1132.48,but I mean you got to be driving the,,2026-06-04 05:51:47.124748+00,en
1746,moNqhkSmNNg,1130.96,1136,space shuttle if you want to be able to,,2026-06-04 05:51:47.124748+00,en
1747,moNqhkSmNNg,1132.48,1138.559,"use that. I mean, it's really not",,2026-06-04 05:51:47.124748+00,en
1748,moNqhkSmNNg,1136,1140.32,necessary or needed because most,,2026-06-04 05:51:47.124748+00,en
1749,moNqhkSmNNg,1138.559,1143.2,vehicles can't handle it. My vehicle,,2026-06-04 05:51:47.124748+00,en
1750,moNqhkSmNNg,1140.32,1145.679,"can't handle it, but sure, maybe in a",,2026-06-04 05:51:47.124748+00,en
1751,moNqhkSmNNg,1143.2,1148.16,couple years that'll be the standard.,,2026-06-04 05:51:47.124748+00,en
1752,moNqhkSmNNg,1145.679,1150.96,Alexa was my number two pick. I like the,,2026-06-04 05:51:47.124748+00,en
3,cuFkQBe26mM,31.28,35.179,[เพลง],,2026-06-04 05:51:47.124748+00,th
1753,moNqhkSmNNg,1148.16,1153.039,speed. The speed was excellent and uh,,2026-06-04 05:51:47.124748+00,en
1754,moNqhkSmNNg,1150.96,1154.64,"everything, you know, the price was uh",,2026-06-04 05:51:47.124748+00,en
1755,moNqhkSmNNg,1153.039,1157.76,"was up there, though. A little bit more",,2026-06-04 05:51:47.124748+00,en
1756,moNqhkSmNNg,1154.64,1160.72,"expensive, but reliable, good map. Uh",,2026-06-04 05:51:47.124748+00,en
1757,moNqhkSmNNg,1157.76,1163.039,"the booking, well, I talked them on that",,2026-06-04 05:51:47.124748+00,en
1758,moNqhkSmNNg,1160.72,1164.96,"because they, yes, you can book, but you",,2026-06-04 05:51:47.124748+00,en
1759,moNqhkSmNNg,1163.039,1168.559,"only have 20 minutes, so like what's the",,2026-06-04 05:51:47.124748+00,en
1760,moNqhkSmNNg,1164.96,1170.4,point? Um uh and the amenities are,,2026-06-04 05:51:47.124748+00,en
1761,moNqhkSmNNg,1168.559,1174.32,pretty basic. And then we just go,,2026-06-04 05:51:47.124748+00,en
1762,moNqhkSmNNg,1170.4,1177.36,downhill from there. Spark. Uh I,,2026-06-04 05:51:47.124748+00,en
1763,moNqhkSmNNg,1174.32,1178.799,probably won't use Spark again unless I,,2026-06-04 05:51:47.124748+00,en
1764,moNqhkSmNNg,1177.36,1180.4,really need to. I didn't have a great,,2026-06-04 05:51:47.124748+00,en
1765,moNqhkSmNNg,1178.799,1182.64,experience.,,2026-06-04 05:51:47.124748+00,fr
1766,moNqhkSmNNg,1180.4,1184.24,Maybe it was just bad timing. I was in,,2026-06-04 05:51:47.124748+00,en
1767,moNqhkSmNNg,1182.64,1186,the wrong place at the wrong time. And,,2026-06-04 05:51:47.124748+00,en
1768,moNqhkSmNNg,1184.24,1188.88,so maybe at another station it'll be,,2026-06-04 05:51:47.124748+00,en
1769,moNqhkSmNNg,1186,1191.28,"great. So, uh, we'll see what happens.",,2026-06-04 05:51:47.124748+00,en
1770,moNqhkSmNNg,1188.88,1194.4,"And then PA Volulta, I went to their",,2026-06-04 05:51:47.124748+00,en
1771,moNqhkSmNNg,1191.28,1196.32,flagship and and it was pretty pretty,,2026-06-04 05:51:47.124748+00,en
1772,moNqhkSmNNg,1194.4,1199.2,"great, but I I know just from driving",,2026-06-04 05:51:47.124748+00,en
1773,moNqhkSmNNg,1196.32,1201.2,around that very often these are located,,2026-06-04 05:51:47.124748+00,en
1774,moNqhkSmNNg,1199.2,1202.799,they're not located in any place with,,2026-06-04 05:51:47.124748+00,en
1775,moNqhkSmNNg,1201.2,1205.12,any amenities. It'll be like an,,2026-06-04 05:51:47.124748+00,en
1776,moNqhkSmNNg,1202.799,1207.2,electricity substation somewhere where,,2026-06-04 05:51:47.124748+00,en
1777,moNqhkSmNNg,1205.12,1209.919,they've added a couple of chargers and,,2026-06-04 05:51:47.124748+00,en
1778,moNqhkSmNNg,1207.2,1212.72,"and you know, you you'd think you're",,2026-06-04 05:51:47.124748+00,en
1779,moNqhkSmNNg,1209.919,1214.48,"driving into a restricted area. You So,",,2026-06-04 05:51:47.124748+00,en
1780,moNqhkSmNNg,1212.72,1216.799,it's you wouldn't know that there are,,2026-06-04 05:51:47.124748+00,en
1781,moNqhkSmNNg,1214.48,1218.08,"chargers there, but there are. So, you",,2026-06-04 05:51:47.124748+00,en
1782,moNqhkSmNNg,1216.799,1220.799,"know, good on them for, you know,",,2026-06-04 05:51:47.124748+00,en
1783,moNqhkSmNNg,1218.08,1223.919,reaching out uh to more remote areas and,,2026-06-04 05:51:47.124748+00,en
1784,moNqhkSmNNg,1220.799,1225.76,"making sure the charging network is, you",,2026-06-04 05:51:47.124748+00,en
1785,moNqhkSmNNg,1223.919,1228.24,"know, borderto border in the country.",,2026-06-04 05:51:47.124748+00,en
1786,moNqhkSmNNg,1225.76,1231.84,"So, good on them. And then there's of",,2026-06-04 05:51:47.124748+00,en
1787,moNqhkSmNNg,1228.24,1234.88,"course Elon and Tesla, which I couldn't",,2026-06-04 05:51:47.124748+00,en
1788,moNqhkSmNNg,1231.84,1237.039,"do much with. So, anyways guys, uh I'll",,2026-06-04 05:51:47.124748+00,cy
1789,moNqhkSmNNg,1234.88,1239.84,give you a couple of tips uh what I,,2026-06-04 05:51:47.124748+00,en
1790,moNqhkSmNNg,1237.039,1241.919,think might be a good idea uh for,,2026-06-04 05:51:47.124748+00,en
1791,moNqhkSmNNg,1239.84,1244.96,charging in Thailand if if you happen to,,2026-06-04 05:51:47.124748+00,en
1792,moNqhkSmNNg,1241.919,1247.12,"be in Thailand. And maybe this applies,",,2026-06-04 05:51:47.124748+00,en
1793,moNqhkSmNNg,1244.96,1251.28,"you know, even if you're like outside of",,2026-06-04 05:51:47.124748+00,en
1794,moNqhkSmNNg,1247.12,1254.32,Thailand as well. Maybe um I'd recommend,,2026-06-04 05:51:47.124748+00,en
1795,moNqhkSmNNg,1251.28,1256.88,"that, you know, if if [snorts] uh even",,2026-06-04 05:51:47.124748+00,en
1796,moNqhkSmNNg,1254.32,1258.24,"though I chose PTT as number one, if",,2026-06-04 05:51:47.124748+00,en
1797,moNqhkSmNNg,1256.88,1259.52,you're just interested in charging and,,2026-06-04 05:51:47.124748+00,en
1798,moNqhkSmNNg,1258.24,1261.12,getting out of there as quickly as you,,2026-06-04 05:51:47.124748+00,en
1799,moNqhkSmNNg,1259.52,1264.48,"can, I'd go to the Alex Chargers because",,2026-06-04 05:51:47.124748+00,en
1800,moNqhkSmNNg,1261.12,1266.559,they were definitely speedy and at this,,2026-06-04 05:51:47.124748+00,en
1801,moNqhkSmNNg,1264.48,1268.24,"point in time, they're not that busy. So",,2026-06-04 05:51:47.124748+00,en
1802,moNqhkSmNNg,1266.559,1269.2,you you don't have anybody else there.,,2026-06-04 05:51:47.124748+00,en
1803,moNqhkSmNNg,1268.24,1272,You're probably you're not going to be,,2026-06-04 05:51:47.124748+00,en
1804,moNqhkSmNNg,1269.2,1274.559,sharing the charger with anybody. PTT,,2026-06-04 05:51:47.124748+00,en
1805,moNqhkSmNNg,1272,1276.48,Plus. That'd be my second choice for the,,2026-06-04 05:51:47.124748+00,en
1806,moNqhkSmNNg,1274.559,1278.88,"amenities, but you got to book ahead",,2026-06-04 05:51:47.124748+00,en
1807,moNqhkSmNNg,1276.48,1281.84,because uh every time I've been to a PTT,,2026-06-04 05:51:47.124748+00,en
1808,moNqhkSmNNg,1278.88,1284,"Plus, there's always somebody else",,2026-06-04 05:51:47.124748+00,en
1809,moNqhkSmNNg,1281.84,1287.2,already there and maybe one or two,,2026-06-04 05:51:47.124748+00,en
1810,moNqhkSmNNg,1284,1290,waiting and so I always book ahead so,,2026-06-04 05:51:47.124748+00,en
1811,moNqhkSmNNg,1287.2,1294.32,that uh I don't end up making a a,,2026-06-04 05:51:47.124748+00,en
1812,moNqhkSmNNg,1290,1296.799,45minut stop into a two-hour stop. Um or,,2026-06-04 05:51:47.124748+00,en
1813,moNqhkSmNNg,1294.32,1299.52,use a hub if you find a hub and a lot of,,2026-06-04 05:51:47.124748+00,en
1814,moNqhkSmNNg,1296.799,1303.039,these companies have hubs. Uh we know,,2026-06-04 05:51:47.124748+00,en
1815,moNqhkSmNNg,1299.52,1305.84,that Spark has a hub. Uh we know that U,,2026-06-04 05:51:47.124748+00,en
1816,moNqhkSmNNg,1303.039,1307.679,Alex have a hub. We know that also PTT,,2026-06-04 05:51:47.124748+00,en
1817,moNqhkSmNNg,1305.84,1309.84,"have a hub. And so at a hub, you're",,2026-06-04 05:51:47.124748+00,en
1818,moNqhkSmNNg,1307.679,1312.48,"going to have six or more chargers,",,2026-06-04 05:51:47.124748+00,en
1819,moNqhkSmNNg,1309.84,1314.32,usually higher speed. Uh several of them,,2026-06-04 05:51:47.124748+00,en
1820,moNqhkSmNNg,1312.48,1315.28,are usually set aside as walk-ins. So,,2026-06-04 05:51:47.124748+00,en
1821,moNqhkSmNNg,1314.32,1316.88,you're going to have a good chance of,,2026-06-04 05:51:47.124748+00,en
1822,moNqhkSmNNg,1315.28,1321.36,getting on a charger really quick and a,,2026-06-04 05:51:47.124748+00,en
1823,moNqhkSmNNg,1316.88,1322.96,high-speed charger to boot. So uh if you,,2026-06-04 05:51:47.124748+00,en
1824,moNqhkSmNNg,1321.36,1325.2,"if so that, you know, that's a good tip,",,2026-06-04 05:51:47.124748+00,en
1825,moNqhkSmNNg,1322.96,1327.6,I think. And then just be aware that,,2026-06-04 05:51:47.124748+00,en
1826,moNqhkSmNNg,1325.2,1331.36,just because it says it's 240 kilowatt,,2026-06-04 05:51:47.124748+00,en
1827,moNqhkSmNNg,1327.6,1333.12,"or 360 or 480, that might not really be",,2026-06-04 05:51:47.124748+00,en
1828,moNqhkSmNNg,1331.36,1335.919,the case when you actually plug in and,,2026-06-04 05:51:47.124748+00,en
1829,moNqhkSmNNg,1333.12,1338.799,"start charging. Depends, I think, on the",,2026-06-04 05:51:47.124748+00,en
1830,moNqhkSmNNg,1335.919,1341.84,car you're driving. And probably some,,2026-06-04 05:51:47.124748+00,en
1831,moNqhkSmNNg,1338.799,1343.76,"other factors I'm not aware of. So, uh,",,2026-06-04 05:51:47.124748+00,en
1832,moNqhkSmNNg,1341.84,1345.679,and the last point I'd say is old and,,2026-06-04 05:51:47.124748+00,en
1833,moNqhkSmNNg,1343.76,1348.159,"slow stay away. So, if it's an older",,2026-06-04 05:51:47.124748+00,en
1834,moNqhkSmNNg,1345.679,1349.919,"charger or a slower charger, you know,",,2026-06-04 05:51:47.124748+00,en
1835,moNqhkSmNNg,1348.159,1352.159,you might have some issues. like I had,,2026-06-04 05:51:47.124748+00,en
1836,moNqhkSmNNg,1349.919,1354.32,at that PTT Plus station. That was an,,2026-06-04 05:51:47.124748+00,en
1837,moNqhkSmNNg,1352.159,1356.4,older charger and once I went to a,,2026-06-04 05:51:47.124748+00,en
1838,moNqhkSmNNg,1354.32,1359.12,"newer, faster charger, the the problem",,2026-06-04 05:51:47.124748+00,en
1839,moNqhkSmNNg,1356.4,1360.88,"seemed to go away. That's it, folks. I",,2026-06-04 05:51:47.124748+00,en
1840,moNqhkSmNNg,1359.12,1362.159,hope this was helpful. I'd love to hear,,2026-06-04 05:51:47.124748+00,en
1841,moNqhkSmNNg,1360.88,1363.84,your thoughts. What's it like where,,2026-06-04 05:51:47.124748+00,en
1842,moNqhkSmNNg,1362.159,1366.48,you're living? Have any questions? Let,,2026-06-04 05:51:47.124748+00,fr
1843,moNqhkSmNNg,1363.84,1370.36,me know. And talk to you on the next,,2026-06-04 05:51:47.124748+00,en
1845,1v6_XUd_H5E,0.42,8.33,ขายซากรถไฟฟ้าของทานกับตู้สักโลก้าง่ายๆ,,2026-06-04 05:51:47.124748+00,th
1846,1v6_XUd_H5E,3.66,12.87,บ่หวนนาทีหนึ่งสร้างด้วยแอ็พ loca  EV,,2026-06-04 05:51:47.124748+00,th
1847,1v6_XUd_H5E,8.33,16.44,เลือกสถานีตู้สักที่ทานอยู่เลือกหัวสัก,,2026-06-04 05:51:47.124748+00,th
1848,1v6_XUd_H5E,12.87,18.92,ที่ทานต้องการกด start  chachang แล้ว,,2026-06-04 05:51:47.124748+00,th
1849,1v6_XUd_H5E,16.44,23.22,เปิดหูซากมาเสียบรถได้เลย,,2026-06-04 05:51:47.124748+00,th
1850,1v6_XUd_H5E,18.92,26.1,2 ซากด้วยบัตรโลก้ทีวีกลเรื่องหัวสักที่,,2026-06-04 05:51:47.124748+00,th
1851,1v6_XUd_H5E,23.22,30.9,ท่านต้องการที่ตู้สร้างนำ but  low กีวี,,2026-06-04 05:51:47.124748+00,th
1852,1v6_XUd_H5E,26.1,32.6,ไปแป๊ะที่ตู้คนเลือกพุงทำอิฐชาติ automail,,2026-06-04 05:51:47.124748+00,th
1853,1v6_XUd_H5E,30.9,37.489,agree,,2026-06-04 05:51:47.124748+00,af
1854,1v6_XUd_H5E,32.6,37.489,ทอดห่อสร้างออกมาเสียบซากรถได้เลย,,2026-06-04 05:51:47.124748+00,th
1855,GpgWQSTH2ew,0,6.15,ถ้าเติมเงินเข้าแอปโลก้ากีวีเพื่อสร้างรถ,,2026-06-04 05:51:47.124748+00,th
1856,GpgWQSTH2ew,3,8.94,ไฟฟ้าง่ายๆกดที่ปุ่มเมนูของ App กดเลือก,,2026-06-04 05:51:47.124748+00,th
1857,GpgWQSTH2ew,6.15,11.519,ซื้อรหัสเติมเงินด้วยวันเพศกลเลือก,,2026-06-04 05:51:47.124748+00,th
1858,GpgWQSTH2ew,8.94,14.429,Package จำนวนเงินที่ท่านต้องการซื่อใส่,,2026-06-04 05:51:47.124748+00,th
1859,GpgWQSTH2ew,11.519,17.85,ข้อมูลทานให้ครบถ้วนหลังจากสำหรับเงิน,,2026-06-04 05:51:47.124748+00,th
1860,GpgWQSTH2ew,14.429,20.52,ด้วยวันเพแล้วให้กด Copy รหัสที่ได้ฮับ,,2026-06-04 05:51:47.124748+00,th
1861,GpgWQSTH2ew,17.85,24.21,หลังจากนั้นให้กลับไปที่แอป loca ทีวี,,2026-06-04 05:51:47.124748+00,th
1862,GpgWQSTH2ew,20.52,26.699,โกลด์ทีวี DM  Voucher  Code วางรหัสทาน,,2026-06-04 05:51:47.124748+00,th
1863,GpgWQSTH2ew,24.21,29.609,ที่ได้ฮับหลังจากนั้นกดวีดี้ Voucher,,2026-06-04 05:51:47.124748+00,th
1864,GpgWQSTH2ew,26.699,34.289,เพียงเท่านี่ห้ามก่อสามารถเติมเงินเข้า,,2026-06-04 05:51:47.124748+00,th
1865,GpgWQSTH2ew,29.609,34.289,แอป loca ทีวีได้แล้วอ่ะ,,2026-06-04 05:51:47.124748+00,th
1866,j41GKdcPhMM,0.47,4.45,รับสมัครแบ่งสีโลก้ากีวีง่ายๆเพียง 1,,2026-06-04 05:51:47.124748+00,th
1868,j41GKdcPhMM,4.45,10.9,กด sign  up,,2026-06-04 05:51:47.124748+00,da
1869,j41GKdcPhMM,6.97,15.46,Side อีเมลและตั้งรหัสผ่านของถ่าน,,2026-06-04 05:51:47.124748+00,th
1870,j41GKdcPhMM,10.9,15.46,ลืมข้อมูลส่วนตัวให้ครบถ้วน,,2026-06-04 05:51:47.124748+00,th
1871,j41GKdcPhMM,15.669,20.859,ทานสามารถผู้บัตรเครดิตของฐานก็ปั่น zelo,,2026-06-04 05:51:47.124748+00,th
1872,j41GKdcPhMM,19.31,24.679,กีวีได้,,2026-06-04 05:51:47.124748+00,th
1873,j41GKdcPhMM,20.859,28.099,หรือถ้าหากทานบ่มีบัตรทานสามารถข้ามขั้น,,2026-06-04 05:51:47.124748+00,th
1874,j41GKdcPhMM,24.679,32.63,ตอนนี้ไปก่อนเพียงเท่านี้การสมัครบัญชีโล,,2026-06-04 05:51:47.124748+00,th
1875,j41GKdcPhMM,28.099,32.63,กีวี่ก็สำเร็จแล้วอ่ะ,,2026-06-04 05:51:47.124748+00,th
1876,-iHoikHRO5Q,0,5.359,자 여기는 오토 시티라는 곳입니다,,2026-06-04 05:51:47.124748+00,ko
1877,-iHoikHRO5Q,2.48,8.04,그동안 기사나 자료 매일경제 영상에서,,2026-06-04 05:51:47.124748+00,ko
1878,-iHoikHRO5Q,5.359,10.559,많이 봤죠 전기차 충전소에 이제,,2026-06-04 05:51:47.124748+00,ko
1879,-iHoikHRO5Q,8.04,14.04,전국적으로 확대를 해서 전부 수술을,,2026-06-04 05:51:47.124748+00,ko
1880,-iHoikHRO5Q,10.559,16.08,받고 전기차 충전소 기지 자체 근처를,,2026-06-04 05:51:47.124748+00,ko
1881,-iHoikHRO5Q,14.04,18.88,개발을 하겠다라는 보들을 협업을,,2026-06-04 05:51:47.124748+00,ko
1882,-iHoikHRO5Q,16.08,22.439,하면서 앞으로 라우스 쪽에 전기차가,,2026-06-04 05:51:47.124748+00,ko
1883,-iHoikHRO5Q,18.88,24.56,늘어나게 된다는 시 라오스에서 앞으로,,2026-06-04 05:51:47.124748+00,ko
1884,-iHoikHRO5Q,22.439,27.64,한다 이렇게 보시면 될 거 같고 제,,2026-06-04 05:51:47.124748+00,ko
1885,-iHoikHRO5Q,24.56,33.559,오토시티 안으로 한번 들어가 볼게요,,2026-06-04 05:51:47.124748+00,ko
1886,-iHoikHRO5Q,27.64,36.16,하차 대차 외장 굉장히 많은 차라는,,2026-06-04 05:51:47.124748+00,ko
1887,-iHoikHRO5Q,33.559,38.399,다양한 차들을 판매를 하고 있고 쪽,,2026-06-04 05:51:47.124748+00,ko
1888,-iHoikHRO5Q,36.16,41.28,같은 경우는 서비스 센터라고 써 있죠,,2026-06-04 05:51:47.124748+00,ko
1889,-iHoikHRO5Q,38.399,44.36,메일경제 방송에서 말씀드렸던 대로,,2026-06-04 05:51:47.124748+00,ko
1890,-iHoikHRO5Q,41.28,48.48,lvmc 최대 장점은 라오스 통에,,2026-06-04 05:51:47.124748+00,ko
1891,-iHoikHRO5Q,44.36,48.48,굉장히 많은 AS 매장이 있다는,,2026-06-04 05:51:47.124748+00,ko
1892,-iHoikHRO5Q,49.32,57.249,[음악],,2026-06-04 05:51:47.124748+00,ko
1893,-iHoikHRO5Q,58.16,61.16,거예요,,2026-06-04 05:51:47.124748+00,ko
1894,99ZI6yDVOrA,0,5.16,네리 까 아,,2026-06-04 05:51:47.124748+00,ko
1895,99ZI6yDVOrA,1.49,7.5,니까 아 아 안녕하세요 라오스,,2026-06-04 05:51:47.124748+00,ko
1896,99ZI6yDVOrA,5.16,11.759,예정입니다 네 오늘은 일요일에 가지고,,2026-06-04 05:51:47.124748+00,ko
1897,99ZI6yDVOrA,7.5,14.37,우리 가족끼리 좀 실행도 가고 있어요,,2026-06-04 05:51:47.124748+00,ko
1898,99ZI6yDVOrA,11.759,16.289,어제 제가 여기 오토 쇼 아이템의,,2026-06-04 05:51:47.124748+00,ko
1899,99ZI6yDVOrA,14.37,19.02,오토쇼 않는데,,2026-06-04 05:51:47.124748+00,ko
1900,99ZI6yDVOrA,16.289,21.529,못다 지금 영상들이 너무 많아요,,2026-06-04 05:51:47.124748+00,ko
1901,99ZI6yDVOrA,19.02,23.73,주제를 가지고 이제 해야 되는데 뭐,,2026-06-04 05:51:47.124748+00,ko
1902,99ZI6yDVOrA,21.529,25.47,아가씨들에게 눈이 좀 많이 팔려,,2026-06-04 05:51:47.124748+00,ko
1903,99ZI6yDVOrA,23.73,27.48,가지고 물어 봐야 될 것을 못,,2026-06-04 05:51:47.124748+00,ko
1904,99ZI6yDVOrA,25.47,29.609,물어봤어요 또 안에는 또 음악 프리가,,2026-06-04 05:51:47.124748+00,ko
1905,99ZI6yDVOrA,27.48,31.98,어마어마 하기 때문에 그런 정보들을,,2026-06-04 05:51:47.124748+00,ko
1906,99ZI6yDVOrA,29.609,33.69,제가 알려드리지 못한 점에 대해서,,2026-06-04 05:51:47.124748+00,ko
1907,99ZI6yDVOrA,31.98,36.239,다시한번 방문했습니다,,2026-06-04 05:51:47.124748+00,ko
1908,99ZI6yDVOrA,33.69,38.579,어 이따가 그 이쁜 아가씨들 진짜 이,,2026-06-04 05:51:47.124748+00,ko
1909,99ZI6yDVOrA,36.239,41.219,아이템 몰 같은 경우는요 라오스에,,2026-06-04 05:51:47.124748+00,ko
1910,99ZI6yDVOrA,38.579,43.649,대표적인 쇼핑 얼린 중에 하나입니다,,2026-06-04 05:51:47.124748+00,ko
1911,99ZI6yDVOrA,41.219,44.579,코엑스 같은 저희 장 이라 보시면,,2026-06-04 05:51:47.124748+00,ko
1912,99ZI6yDVOrA,43.649,46.35,되겠습니다,,2026-06-04 05:51:47.124748+00,ko
1913,99ZI6yDVOrA,44.579,48.69,오토쇼 를 포함해 가지고 여러가지,,2026-06-04 05:51:47.124748+00,ko
1914,99ZI6yDVOrA,46.35,49.559,행사들을 쪽에서 대표적으로 많이 하는,,2026-06-04 05:51:47.124748+00,ko
1915,99ZI6yDVOrA,48.69,52.039,곳이죠,,2026-06-04 05:51:47.124748+00,ko
1916,99ZI6yDVOrA,49.559,54.36,어제 라이브 영상은 이쪽에 링크를,,2026-06-04 05:51:47.124748+00,ko
1917,99ZI6yDVOrA,52.039,57.3,클릭하시면 볼수 있구요 후크 라인,,2026-06-04 05:51:47.124748+00,ko
1918,99ZI6yDVOrA,54.36,59.43,중장비 가격도 좀 알아봤습니다,,2026-06-04 05:51:47.124748+00,ko
1919,99ZI6yDVOrA,57.3,61.199,그거 좀 참고하실 분들은 라이브 방문,,2026-06-04 05:51:47.124748+00,ko
1920,99ZI6yDVOrA,59.43,64.53,가시면 은 그리고 오늘 중점을,,2026-06-04 05:51:47.124748+00,ko
1921,99ZI6yDVOrA,61.199,67.11,했거든요 가격 배터리 보즈 라우스,,2026-06-04 05:51:47.124748+00,ko
1922,99ZI6yDVOrA,64.53,69.33,지방의 어디어디 센터가 있는지 검,,2026-06-04 05:51:47.124748+00,ko
1923,99ZI6yDVOrA,67.11,71.52,같은거 이런걸 좀 둥 점 으로 좀,,2026-06-04 05:51:47.124748+00,ko
1924,99ZI6yDVOrA,69.33,73.58,알아볼까 합니다 가격도 중요하지만 은,,2026-06-04 05:51:47.124748+00,ko
1925,99ZI6yDVOrA,71.52,75.6,수리도 중요한 다는거,,2026-06-04 05:51:47.124748+00,ko
1926,99ZI6yDVOrA,73.58,78.21,2022년,,2026-06-04 05:51:47.124748+00,ko
1927,99ZI6yDVOrA,75.6,79.32,트렌드는 아무래도 전기자동차 인 것,,2026-06-04 05:51:47.124748+00,ko
1928,99ZI6yDVOrA,78.21,81.21,같습니다,,2026-06-04 05:51:47.124748+00,ko
1929,99ZI6yDVOrA,79.32,83.64,이 왼쪽 코가,,2026-06-04 05:51:47.124748+00,ko
1930,99ZI6yDVOrA,81.21,86.99,전기자동차 같습니다 우측 와는 뭐,,2026-06-04 05:51:47.124748+00,ko
1931,99ZI6yDVOrA,83.64,86.99,경유와 휘발유 겠죠,,2026-06-04 05:51:47.124748+00,ko
1932,99ZI6yDVOrA,89.48,97.68,아 그나마 1.5,,2026-06-04 05:51:47.124748+00,ko
1933,99ZI6yDVOrA,91.98,100.14,어느 맘엔 i love 가을사랑 4,,2026-06-04 05:51:47.124748+00,sl
1934,99ZI6yDVOrA,97.68,102.39,아 좀 바로의 기로,,2026-06-04 05:51:47.124748+00,ko
1373,moNqhkSmNNg,158,162.8,as day Tesla charging only. It had that,,2026-06-04 05:51:47.124748+00,en
1935,99ZI6yDVOrA,100.14,103.98,텃밭도 팩토리,,2026-06-04 05:51:47.124748+00,ko
1936,99ZI6yDVOrA,102.39,106.62,어떠 셀카,,2026-06-04 05:51:47.124748+00,ko
1937,99ZI6yDVOrA,103.98,107.31,그러다가 폭포 밑을 그랬듯,,2026-06-04 05:51:47.124748+00,ko
1938,99ZI6yDVOrA,106.62,108.93,아,,2026-06-04 05:51:47.124748+00,ko
1939,99ZI6yDVOrA,107.31,111.54,반말 좋군,,2026-06-04 05:51:47.124748+00,ko
1940,99ZI6yDVOrA,108.93,114.54,너 앞에 10 1로 싸워 뭐 한,,2026-06-04 05:51:47.124748+00,ko
1941,99ZI6yDVOrA,111.54,118.74,10키로 까지 갈 수 있다고 하구요,,2026-06-04 05:51:47.124748+00,ko
1942,99ZI6yDVOrA,114.54,122.33,와 아 안쪽은 태블릿 해가지고 어느정,,2026-06-04 05:51:47.124748+00,ko
2508,hArnl8kI7DI,865.56,869.199,đi xe xăng á thì các bạn có thể chở,,2026-06-04 05:51:47.124748+00,vi
2509,hArnl8kI7DI,867.48,870.199,khách rồi xong rồi các bạn đi suốt luôn.,,2026-06-04 05:51:47.124748+00,vi
2510,hArnl8kI7DI,869.199,871.8,Nhưng mà đi xe điện thì các bạn phải,,2026-06-04 05:51:47.124748+00,vi
2511,hArnl8kI7DI,870.199,874.04,dừng chờ sạc. Nếu như các bạn đường quá,,2026-06-04 05:51:47.124748+00,vi
2512,hArnl8kI7DI,871.8,875.48,dài thì nó sẽ là cái yếu tố mà các bạn,,2026-06-04 05:51:47.124748+00,vi
2513,hArnl8kI7DI,874.04,877.199,cần phải tính toán và sắp xếp nếu như,,2026-06-04 05:51:47.124748+00,vi
2514,hArnl8kI7DI,875.48,878.92,mua xe này để làm để trị dịch vụ. Tuy,,2026-06-04 05:51:47.124748+00,vi
2515,hArnl8kI7DI,877.199,881.44,"nhiên, đây sẽ là một cái sự lựa chọn quá",,2026-06-04 05:51:47.124748+00,vi
2516,hArnl8kI7DI,878.92,883.48,tuyệt vời đối với những đơn vị vận tải,,2026-06-04 05:51:47.124748+00,vi
2517,hArnl8kI7DI,881.44,884.88,đối với những người cần một chiếc xe để,,2026-06-04 05:51:47.124748+00,vi
1943,99ZI6yDVOrA,118.74,122.33,테슬라 를 좀 흉내를 낸 네요,,2026-06-04 05:51:47.124748+00,ko
1944,99ZI6yDVOrA,123.3,129.54,중국차 도 괜찮아요 예보 중이 되고,,2026-06-04 05:51:47.124748+00,ko
1945,99ZI6yDVOrA,126.6,132.29,소리가 된다 며 는 이 앞쪽 또,,2026-06-04 05:51:47.124748+00,ko
1946,99ZI6yDVOrA,129.54,132.29,공단이 많고,,2026-06-04 05:51:47.124748+00,ko
1947,99ZI6yDVOrA,138.27,140.58,[음악],,2026-06-04 05:51:47.124748+00,ko
1948,99ZI6yDVOrA,138.58,140.58,으,,2026-06-04 05:51:47.124748+00,ko
1949,99ZI6yDVOrA,140.73,145.68,오늘은 우리 등이 가요 그래서,,2026-06-04 05:51:47.124748+00,ko
1950,99ZI6yDVOrA,143.16,150.75,감시하는 관계로 많이 멋질 것 같아요,,2026-06-04 05:51:47.124748+00,ko
1951,99ZI6yDVOrA,145.68,152.58,아 으 하 벌스 이게 중국에서 굉장히,,2026-06-04 05:51:47.124748+00,ko
1952,99ZI6yDVOrA,150.75,156.35,유명한,,2026-06-04 05:51:47.124748+00,ko
1953,99ZI6yDVOrA,152.58,156.35,인기있는 브랜드로 알고 있습니다,,2026-06-04 05:51:47.124748+00,ko
1954,99ZI6yDVOrA,156.59,160.82,아이가 이제 지상파,,2026-06-04 05:51:47.124748+00,ko
1955,99ZI6yDVOrA,158.599,163.41,여러 이딸라 예,,2026-06-04 05:51:47.124748+00,ko
1956,99ZI6yDVOrA,160.82,166.13,[음악],,2026-06-04 05:51:47.124748+00,ko
1957,99ZI6yDVOrA,163.41,166.13,5554,,2026-06-04 05:51:47.124748+00,unknown
1958,99ZI6yDVOrA,169.5,172.83,내장이 아주 건너 주네요,,2026-06-04 05:51:47.124748+00,ko
1959,99ZI6yDVOrA,171.54,176.78,아,,2026-06-04 05:51:47.124748+00,ko
1960,99ZI6yDVOrA,172.83,180.72,옛날 내 중국 차가 아닙니다 지금은,,2026-06-04 05:51:47.124748+00,ko
1961,99ZI6yDVOrA,176.78,182.99,뭐 상당히 기술력이 많이 올랐어요,,2026-06-04 05:51:47.124748+00,ko
1962,99ZI6yDVOrA,180.72,182.99,아 예,,2026-06-04 05:51:47.124748+00,ko
1963,99ZI6yDVOrA,183.71,187.64,아,,2026-06-04 05:51:47.124748+00,ko
1964,99ZI6yDVOrA,184.58,190.67,서브 허브 해야 개냐 있구나,,2026-06-04 05:51:47.124748+00,ko
1965,99ZI6yDVOrA,187.64,192.59,오늘 주말 해가지고 어제보다는 을,,2026-06-04 05:51:47.124748+00,ko
1966,99ZI6yDVOrA,190.67,194.69,이룰 이고 하니까 좀 더 많이 온갖,,2026-06-04 05:51:47.124748+00,ko
1967,99ZI6yDVOrA,192.59,197.36,합니다,,2026-06-04 05:51:47.124748+00,ko
1968,99ZI6yDVOrA,194.69,199.55,회사 발 디 아 태 터인데 아니 이,,2026-06-04 05:51:47.124748+00,ko
1969,99ZI6yDVOrA,197.36,202.43,링 얼티 뭐,,2026-06-04 05:51:47.124748+00,ko
1970,99ZI6yDVOrA,199.55,205.54,[음악],,2026-06-04 05:51:47.124748+00,ko
1971,99ZI6yDVOrA,202.43,205.54,구급차 되니까,,2026-06-04 05:51:47.124748+00,ko
1972,99ZI6yDVOrA,209.44,214.71,아 이게 별 말은 이 중 1000만,,2026-06-04 05:51:47.124748+00,ko
1973,99ZI6yDVOrA,211.96,214.71,원 하는거 아니야,,2026-06-04 05:51:47.124748+00,ko
1974,99ZI6yDVOrA,216.09,220.709,아 지나치려 완전,,2026-06-04 05:51:47.124748+00,ko
1975,99ZI6yDVOrA,218.879,222.739,독일 잡은 거 같구요,,2026-06-04 05:51:47.124748+00,ko
1976,99ZI6yDVOrA,220.709,222.739,으,,2026-06-04 05:51:47.124748+00,ko
1977,99ZI6yDVOrA,224.56,228.65,[음악],,2026-06-04 05:51:47.124748+00,ko
1978,99ZI6yDVOrA,226.65,228.65,으,,2026-06-04 05:51:47.124748+00,ko
1979,99ZI6yDVOrA,229.05,231.08,5,,2026-06-04 05:51:47.124748+00,unknown
1980,99ZI6yDVOrA,232.76,236.18,4,,2026-06-04 05:51:47.124748+00,unknown
1981,99ZI6yDVOrA,235.32,239.48,이게,,2026-06-04 05:51:47.124748+00,ko
1982,99ZI6yDVOrA,236.18,239.48,전기차 거든요,,2026-06-04 05:51:47.124748+00,ko
1983,99ZI6yDVOrA,240.93,245.209,계약이 된겁니다,,2026-06-04 05:51:47.124748+00,ko
1984,99ZI6yDVOrA,243.03,249.24,총 매우,,2026-06-04 05:51:47.124748+00,ko
1985,99ZI6yDVOrA,245.209,251.54,센 3시 합한 약한 1호 극찬 용어,,2026-06-04 05:51:47.124748+00,ko
1986,99ZI6yDVOrA,249.24,251.54,인데요,,2026-06-04 05:51:47.124748+00,ko
1987,99ZI6yDVOrA,257.079,260.769,아 전기차가 1 육수로 되는 것,,2026-06-04 05:51:47.124748+00,ko
1988,99ZI6yDVOrA,259,262.68,같아요,,2026-06-04 05:51:47.124748+00,ko
1989,99ZI6yDVOrA,260.769,264.68,아,,2026-06-04 05:51:47.124748+00,ko
1990,99ZI6yDVOrA,262.68,264.68,으,,2026-06-04 05:51:47.124748+00,ko
1991,99ZI6yDVOrA,272.85,275.979,[음악],,2026-06-04 05:51:47.124748+00,ko
1992,99ZI6yDVOrA,276.979,279.979,으,,2026-06-04 05:51:47.124748+00,ko
1993,99ZI6yDVOrA,282.47,287.22,으 아,,2026-06-04 05:51:47.124748+00,ko
1994,99ZI6yDVOrA,285.47,289.22,으,,2026-06-04 05:51:47.124748+00,ko
1995,99ZI6yDVOrA,287.22,289.22,으,,2026-06-04 05:51:47.124748+00,ko
1996,99ZI6yDVOrA,290.15,302.68,[음악],,2026-06-04 05:51:47.124748+00,ko
1997,99ZI6yDVOrA,301.37,306.44,아,,2026-06-04 05:51:47.124748+00,ko
1998,99ZI6yDVOrA,302.68,310.25,내 정신 역가 가지고 대화를 못하게,,2026-06-04 05:51:47.124748+00,ko
1999,99ZI6yDVOrA,306.44,313.37,돼요 보니까 옛날부터 뭐 어디나 현,,2026-06-04 05:51:47.124748+00,ko
2000,99ZI6yDVOrA,310.25,315.98,는데 그 유타 이런데는 요 아직까지도,,2026-06-04 05:51:47.124748+00,ko
2518,hArnl8kI7DI,883.48,886.839,chở gia đình nhà người ta. Tại vì chiếc,,2026-06-04 05:51:47.124748+00,vi
2519,hArnl8kI7DI,884.88,888.92,xe này đúng nghĩa là một chiếc xe mua về,,2026-06-04 05:51:47.124748+00,vi
2520,hArnl8kI7DI,886.839,890.36,"để kiếm tiền, mua về để mang tiền về cho",,2026-06-04 05:51:47.124748+00,vi
2521,hArnl8kI7DI,888.92,891.56,vợ và mua về để khiến danh nghiệp của,,2026-06-04 05:51:47.124748+00,vi
2522,hArnl8kI7DI,890.36,892.88,mình thành công. Cảm ơn các bạn đã xem,,2026-06-04 05:51:47.124748+00,vi
2523,hArnl8kI7DI,891.56,897.04,clip này của CV Việt Nam và nhớ,,2026-06-04 05:51:47.124748+00,vi
2524,hArnl8kI7DI,892.88,897.04,subscribe kênh bên dưới nha. Bye bye.,,2026-06-04 05:51:47.124748+00,vi
2525,7Lm-Rpw0Zl0,0.16,4.24,Với giá lăn bánh bằng XBander và VL bản,,2026-06-04 05:51:47.124748+00,vi
2526,7Lm-Rpw0Zl0,2.2,6.64,"cao, chúng ta sẽ được gì và mất gì khi",,2026-06-04 05:51:47.124748+00,vi
2527,7Lm-Rpw0Zl0,4.24,8.88,mua VinFast Limo Green? Được một chiếc,,2026-06-04 05:51:47.124748+00,vi
2528,7Lm-Rpw0Zl0,6.64,10.559,"xe có thiết kế trung tính và hài hòa,",,2026-06-04 05:51:47.124748+00,vi
2529,7Lm-Rpw0Zl0,8.88,12.599,trục cơ sở và chiều dài tổng thể ngang,,2026-06-04 05:51:47.124748+00,vi
2530,7Lm-Rpw0Zl0,10.559,14.48,với Innova Cross được một chiếc xe có,,2026-06-04 05:51:47.124748+00,vi
2004,99ZI6yDVOrA,319.88,325.96,같은 경우는요 전기차를 부족해 지름,,2026-06-04 05:51:47.124748+00,ko
2005,99ZI6yDVOrA,322.76,325.96,길 되고 있네요,,2026-06-04 05:51:47.124748+00,ko
2006,99ZI6yDVOrA,328.11,333.749,그러나 포크 음악의,,2026-06-04 05:51:47.124748+00,ko
2007,99ZI6yDVOrA,331.919,336.439,피앗 된거예요,,2026-06-04 05:51:47.124748+00,ko
2008,99ZI6yDVOrA,333.749,336.439,어도 하자,,2026-06-04 05:51:47.124748+00,ko
2009,99ZI6yDVOrA,337.83,341.36,222 4,,2026-06-04 05:51:47.124748+00,unknown
2010,99ZI6yDVOrA,345.26,348.98,아,,2026-06-04 05:51:47.124748+00,ko
2011,99ZI6yDVOrA,346.98,348.98,으,,2026-06-04 05:51:47.124748+00,ko
2012,99ZI6yDVOrA,349.58,352.58,아,,2026-06-04 05:51:47.124748+00,ko
2013,99ZI6yDVOrA,355.45,357.48,아,,2026-06-04 05:51:47.124748+00,ko
2014,99ZI6yDVOrA,357.669,362.8,와아 진짜 독일차 처럼 만들어야 돼,,2026-06-04 05:51:47.124748+00,ko
2015,99ZI6yDVOrA,360.43,365.68,태산처럼 만들었네,,2026-06-04 05:51:47.124748+00,ko
2016,99ZI6yDVOrA,362.8,368.32,5 마감도 좋아요 2,,2026-06-04 05:51:47.124748+00,ko
2017,99ZI6yDVOrA,365.68,371.62,70 10 함 저 좀 더 비싼 머고,,2026-06-04 05:51:47.124748+00,ko
2018,99ZI6yDVOrA,368.32,374.62,이게 좀 저렴하네요 정말 전기차의,,2026-06-04 05:51:47.124748+00,ko
2019,99ZI6yDVOrA,371.62,377.65,관심이 많은 것 같아요 으 로서 도,,2026-06-04 05:51:47.124748+00,ko
2020,99ZI6yDVOrA,374.62,379.3,지금 휘발유값 이 약 7천 7백원,,2026-06-04 05:51:47.124748+00,ko
2021,99ZI6yDVOrA,377.65,380.83,정도 하거든요,,2026-06-04 05:51:47.124748+00,ko
2022,99ZI6yDVOrA,379.3,384.04,아,,2026-06-04 05:51:47.124748+00,ko
2023,99ZI6yDVOrA,380.83,386.889,약한 3개월 전차 귤 점보다는 1.5,,2026-06-04 05:51:47.124748+00,ko
2024,99ZI6yDVOrA,384.04,389.949,배 정도 9m 졌습니다 마 대한민국,,2026-06-04 05:51:47.124748+00,ko
2025,99ZI6yDVOrA,386.889,392.5,또 지금 10월 값이 없는 알겁니다,,2026-06-04 05:51:47.124748+00,ko
2026,99ZI6yDVOrA,389.949,393.86,점차 이 정지 차 의 그 관심이 많을,,2026-06-04 05:51:47.124748+00,ko
2027,99ZI6yDVOrA,392.5,396.63,꺼라고 생각합니다,,2026-06-04 05:51:47.124748+00,ko
2028,99ZI6yDVOrA,393.86,398.61,[음악],,2026-06-04 05:51:47.124748+00,ko
2029,99ZI6yDVOrA,396.63,401.73,아 저거 또 계약했고 이것도 대학,,2026-06-04 05:51:47.124748+00,ko
2030,99ZI6yDVOrA,398.61,403.38,됐고 쉽 않잖아 경차는 계약된 게,,2026-06-04 05:51:47.124748+00,ko
2031,99ZI6yDVOrA,401.73,405.39,없는데 전기차 만 지금 뭐,,2026-06-04 05:51:47.124748+00,ko
2032,99ZI6yDVOrA,403.38,406.32,어마어마하게 증기압 된 걸 봤어요,,2026-06-04 05:51:47.124748+00,ko
2033,99ZI6yDVOrA,405.39,408.24,제가,,2026-06-04 05:51:47.124748+00,ko
2034,99ZI6yDVOrA,406.32,409.2,그것도 중급 브랜드 4,,2026-06-04 05:51:47.124748+00,ko
2035,99ZI6yDVOrA,408.24,412.47,제가 이제,,2026-06-04 05:51:47.124748+00,ko
2036,99ZI6yDVOrA,409.2,415.46,로 파이프 아 아깐 아,,2026-06-04 05:51:47.124748+00,ko
2037,99ZI6yDVOrA,412.47,415.46,맵피 바하,,2026-06-04 05:51:47.124748+00,ko
2038,99ZI6yDVOrA,416.81,422.18,모터 3p 배터리 빼 피버 해 아 맨,,2026-06-04 05:51:47.124748+00,ko
2039,99ZI6yDVOrA,420.32,423.61,입학금 파인 이어가 의 황금 파이크,,2026-06-04 05:51:47.124748+00,ko
2040,99ZI6yDVOrA,422.18,427.75,가 뭐,,2026-06-04 05:51:47.124748+00,ko
2041,99ZI6yDVOrA,423.61,427.75,아 매매 요,,2026-06-04 05:51:47.124748+00,ko
2042,99ZI6yDVOrA,428.06,431.63,극단,,2026-06-04 05:51:47.124748+00,ko
2043,99ZI6yDVOrA,428.95,434.36,[음악],,2026-06-04 05:51:47.124748+00,ko
2044,99ZI6yDVOrA,431.63,435.98,안에는 욤 대화가 안돼요,,2026-06-04 05:51:47.124748+00,ko
501,cuFkQBe26mM,1885.72,1890.84,ข้ามได้ครับซึ่งผมเองก็ยังติดไฟแนนซ์อยู่,,2026-06-04 05:51:47.124748+00,th
502,cuFkQBe26mM,1888.36,1893.799,ก็สามารถข้ามได้สเต็ปจริงๆมันมีวิธีการ,,2026-06-04 05:51:47.124748+00,th
2045,99ZI6yDVOrA,434.36,437.45,너무 대화가 안될 정도로 시끄러워,,2026-06-04 05:51:47.124748+00,ko
2046,99ZI6yDVOrA,435.98,439.61,가지고,,2026-06-04 05:51:47.124748+00,ko
2047,99ZI6yDVOrA,437.45,440.96,깊숙하게 대하는 못했는데 제작 쩍,,2026-06-04 05:51:47.124748+00,ko
2048,99ZI6yDVOrA,439.61,443.6,으로 전기 자동차에 대해서는 개체,,2026-06-04 05:51:47.124748+00,ko
2049,99ZI6yDVOrA,440.96,446.36,말씀드린다면 은 아직까지는 서비스,,2026-06-04 05:51:47.124748+00,ko
2050,99ZI6yDVOrA,443.6,448.97,센타가 시장이라고 생각합니다 지금,,2026-06-04 05:51:47.124748+00,ko
2051,99ZI6yDVOrA,446.36,452.32,가끔 과거부터 이제 그 테슬라가 이런,,2026-06-04 05:51:47.124748+00,ko
2052,99ZI6yDVOrA,448.97,454.81,것도 있었지만 은 많진 않았어요 4,,2026-06-04 05:51:47.124748+00,ko
2053,99ZI6yDVOrA,452.32,457.97,2022년 오토쇼에 게 아 보니까요,,2026-06-04 05:51:47.124748+00,ko
2054,99ZI6yDVOrA,454.81,460.01,앞으로는 전기차의 대해서,,2026-06-04 05:51:47.124748+00,ko
2055,99ZI6yDVOrA,457.97,462.34,어 많이 사람들이 구매를 할 꺼라,,2026-06-04 05:51:47.124748+00,ko
2056,99ZI6yDVOrA,460.01,462.34,생각합니다,,2026-06-04 05:51:47.124748+00,ko
2057,99ZI6yDVOrA,463.28,469.24,[박수],,2026-06-04 05:51:47.124748+00,ko
2058,99ZI6yDVOrA,466.36,473.77,메뉴 거냐 3만대 바닥 노벨과 먹기,,2026-06-04 05:51:47.124748+00,ko
2059,99ZI6yDVOrA,469.24,476.409,그 괴물 영화 다모 고영하 아니라 잔,,2026-06-04 05:51:47.124748+00,ko
2060,99ZI6yDVOrA,473.77,478.93,오지 않고 뻔 양 1 2 받기 세바,,2026-06-04 05:51:47.124748+00,ko
2061,99ZI6yDVOrA,476.409,481.96,를 흑발 땅 횡재 아이라이너 고온장애,,2026-06-04 05:51:47.124748+00,ko
2062,99ZI6yDVOrA,478.93,484.719,본인의 가자 나쁜 제냐 뭐 얻기 지아,,2026-06-04 05:51:47.124748+00,ko
2063,99ZI6yDVOrA,481.96,488.05,물론 어두우면 중국도,,2026-06-04 05:51:47.124748+00,ko
2064,99ZI6yDVOrA,484.719,489.939,이지 술 여기 상당 항거를 알겠습니다,,2026-06-04 05:51:47.124748+00,ko
2065,99ZI6yDVOrA,488.05,492.069,음 중국 기업들 이렇게 많이 질주,,2026-06-04 05:51:47.124748+00,ko
2066,99ZI6yDVOrA,489.939,495.039,했고요 그거에 대해서 서비스도 뭐,,2026-06-04 05:51:47.124748+00,ko
2067,99ZI6yDVOrA,492.069,497.05,자기네 입장이며 는 뭐 8년간,,2026-06-04 05:51:47.124748+00,ko
2068,99ZI6yDVOrA,495.039,499.15,해준다고 하니까,,2026-06-04 05:51:47.124748+00,ko
2069,99ZI6yDVOrA,497.05,501.189,괜찮은것 같아요 이시니 주행으로 서는,,2026-06-04 05:51:47.124748+00,ko
2070,99ZI6yDVOrA,499.15,503.439,나쁘지 않을 것 같습니다 여러분들과,,2026-06-04 05:51:47.124748+00,ko
2071,99ZI6yDVOrA,501.189,506.439,균형을 나오 덜어줄 때를 가수들 내가,,2026-06-04 05:51:47.124748+00,ko
2072,99ZI6yDVOrA,503.439,509.56,한번 여쭤보고 줄래요 흩어 깟 중국적,,2026-06-04 05:51:47.124748+00,ko
2073,99ZI6yDVOrA,506.439,512.26,음 3 중에서 그 굉 장 선 브랜드가,,2026-06-04 05:51:47.124748+00,ko
2074,99ZI6yDVOrA,509.56,513.55,있더라구요 그거 한 번 더러 어떤거,,2026-06-04 05:51:47.124748+00,ko
2075,99ZI6yDVOrA,512.26,514.929,가도 촬영할 수 있도록 한번,,2026-06-04 05:51:47.124748+00,ko
2077,99ZI6yDVOrA,514.929,549.69,[음악],,2026-06-04 05:51:47.124748+00,ko
2078,hArnl8kI7DI,0,3.159,Trước đây mình không ủng hộ Vin là tại,,2026-06-04 05:51:47.124748+00,vi
2079,hArnl8kI7DI,1.48,4.92,vì Vin bán những cái xe mà họ muốn bán.,,2026-06-04 05:51:47.124748+00,vi
2080,hArnl8kI7DI,3.159,7.08,Chúng ta đang sử dụng điện miễn phí từ,,2026-06-04 05:51:47.124748+00,vi
2081,hArnl8kI7DI,4.92,8.2,Mr. Vượng. Mr Vượng đã tài trợ điện miễn,,2026-06-04 05:51:47.124748+00,vi
2082,hArnl8kI7DI,7.08,11.719,phí cho chúng ta để chúng ta có thể chạy,,2026-06-04 05:51:47.124748+00,vi
2083,hArnl8kI7DI,8.2,13.04,những xe này một cách tiết kiệm nhất.,,2026-06-04 05:51:47.124748+00,vi
2084,hArnl8kI7DI,11.719,15.92,"Hello, xin chào mọi người. Và hôm nay là",,2026-06-04 05:51:47.124748+00,vi
2085,hArnl8kI7DI,13.04,17.439,"cái ngày mà VinFast giao xe Limo Green,",,2026-06-04 05:51:47.124748+00,vi
2086,hArnl8kI7DI,15.92,19.24,một chiếc xe mà mình phải nói một điều,,2026-06-04 05:51:47.124748+00,vi
2087,hArnl8kI7DI,17.439,20.84,đó là trước đây mình không ủng hộ Vin là,,2026-06-04 05:51:47.124748+00,vi
2088,hArnl8kI7DI,19.24,23.32,tại vì Vin bán những cái xe mà họ muốn,,2026-06-04 05:51:47.124748+00,vi
2089,hArnl8kI7DI,20.84,25.16,bán. Nhưng mà kể từ khi Vin quyết định,,2026-06-04 05:51:47.124748+00,vi
2090,hArnl8kI7DI,23.32,27.76,bán chiếc limo Grein làm chiếc limo,,2026-06-04 05:51:47.124748+00,vi
2091,hArnl8kI7DI,25.16,29.8,Grein là mình ủng hộ Vin. Là vì sao? Là,,2026-06-04 05:51:47.124748+00,vi
2092,hArnl8kI7DI,27.76,31.519,vì họ bán những cái xe mà người ta cần.,,2026-06-04 05:51:47.124748+00,vi
2093,hArnl8kI7DI,29.8,33.96,"Bán xe người ta cần thì sẽ bán chạy, bán",,2026-06-04 05:51:47.124748+00,vi
2094,hArnl8kI7DI,31.519,36.96,xe người ta cần thì bán sẽ bán chạy. Và,,2026-06-04 05:51:47.124748+00,vi
2095,hArnl8kI7DI,33.96,38.64,bán chạy thì sao? Thì sẽ tồn tại và tồn,,2026-06-04 05:51:47.124748+00,vi
2096,hArnl8kI7DI,36.96,40.12,tại là điều mà mình mong muốn ở vin,,2026-06-04 05:51:47.124748+00,vi
2097,hArnl8kI7DI,38.64,41.399,nhất. Vâng và sau lưng mình đây là những,,2026-06-04 05:51:47.124748+00,vi
2098,hArnl8kI7DI,40.12,42.76,chiếc limo green chuẩn bị giao đ khách,,2026-06-04 05:51:47.124748+00,vi
2099,hArnl8kI7DI,41.399,44.84,hàng và chúng ta sẽ cùng tìm hiểu những,,2026-06-04 05:51:47.124748+00,vi
2100,hArnl8kI7DI,42.76,46.6,xe này nhá. Vẫn là phong cách thiết kế,,2026-06-04 05:51:47.124748+00,vi
2101,hArnl8kI7DI,44.84,49.48,của Vin khi mà chúng ta sẽ thấy phần đèn,,2026-06-04 05:51:47.124748+00,vi
2102,hArnl8kI7DI,46.6,51.32,trước á là sẽ gồm có hai dải đèn hai bên,,2026-06-04 05:51:47.124748+00,vi
2103,hArnl8kI7DI,49.48,53.48,nha. Cái này là cái đèn nè. Còn chỗ này,,2026-06-04 05:51:47.124748+00,vi
2104,hArnl8kI7DI,51.32,55.28,chỉ là cái cái này chỉ là cái hoa văng,,2026-06-04 05:51:47.124748+00,vi
2105,hArnl8kI7DI,53.48,57.039,thôi để kéo vào trong cái logo chứ không,,2026-06-04 05:51:47.124748+00,vi
2106,hArnl8kI7DI,55.28,60,phải là đèn nha. Đó là khu vực của cái,,2026-06-04 05:51:47.124748+00,vi
2107,hArnl8kI7DI,57.039,63,"đèn đề mi, đèn sáng ban ngày. Hồi xưa á",,2026-06-04 05:51:47.124748+00,vi
2108,hArnl8kI7DI,60,64.519,thì Vin làm xe không sắc xảo bằng bây,,2026-06-04 05:51:47.124748+00,vi
2109,hArnl8kI7DI,63,66.439,giờ đâu. Chúng ta có thể nhìn thấy sự,,2026-06-04 05:51:47.124748+00,vi
2110,hArnl8kI7DI,64.519,68.439,sắc xảo trong việc sản xuất của Vin ở,,2026-06-04 05:51:47.124748+00,vi
2111,hArnl8kI7DI,66.439,70.96,chỗ đó là những cái mối ghép ngay chỗ,,2026-06-04 05:51:47.124748+00,vi
2112,hArnl8kI7DI,68.439,72.88,cái nắp capo đi xuống nó đã đều hơn ngày,,2026-06-04 05:51:47.124748+00,vi
2113,hArnl8kI7DI,70.96,75.08,xưa rất nhiều rồi. Ngay vị trí mối ghép,,2026-06-04 05:51:47.124748+00,vi
2114,hArnl8kI7DI,72.88,76.479,này cũng đều hơn rất nhiều luôn. Các bạn,,2026-06-04 05:51:47.124748+00,vi
2115,hArnl8kI7DI,75.08,79.439,"sẽ thấy nè, nó khớp. Các bạn thấy không?",,2026-06-04 05:51:47.124748+00,vi
2116,hArnl8kI7DI,76.479,81.56,Nó khớp chứ không có bị lồi lõm như là,,2026-06-04 05:51:47.124748+00,vi
2117,hArnl8kI7DI,79.439,83.56,"những cái xe như VF8, VF9 trước đây. Còn",,2026-06-04 05:51:47.124748+00,vi
2118,hArnl8kI7DI,81.56,85.24,"đây là đèn chính, đèn trung tâm nè. Là",,2026-06-04 05:51:47.124748+00,vi
2119,hArnl8kI7DI,83.56,86.84,một cái đèn bi bên trong. Bên dưới này,,2026-06-04 05:51:47.124748+00,vi
2120,hArnl8kI7DI,85.24,88.72,là một cái chi tiết mà mình nghĩ là nếu,,2026-06-04 05:51:47.124748+00,vi
2121,hArnl8kI7DI,86.84,90.2,như được gắn vào bởi một cái đèn sương,,2026-06-04 05:51:47.124748+00,vi
2122,hArnl8kI7DI,88.72,91.24,mù thì sẽ tốt hơn. Nhưng mà trên xe này,,2026-06-04 05:51:47.124748+00,vi
2123,hArnl8kI7DI,90.2,93.2,thì không thấy sự xuất hiện của đèn,,2026-06-04 05:51:47.124748+00,vi
2124,hArnl8kI7DI,91.24,95.119,sương mù. Còn đây là vị trí đáng lẽ là,,2026-06-04 05:51:47.124748+00,vi
2125,hArnl8kI7DI,93.2,97.04,của ADAS nè. Để mình sờ coi. À có cái,,2026-06-04 05:51:47.124748+00,vi
2126,hArnl8kI7DI,95.119,99.799,ADAS phía sau nha mọi người. Đó là chỗ,,2026-06-04 05:51:47.124748+00,vi
2127,hArnl8kI7DI,97.04,101.28,của cái cụm AdAS. Các bạn sẽ thấy là ở,,2026-06-04 05:51:47.124748+00,vi
2128,hArnl8kI7DI,99.799,103.479,đây chúng ta sẽ có một cái góc tới khá,,2026-06-04 05:51:47.124748+00,vi
2129,hArnl8kI7DI,101.28,105.2,lớn để chúng ta có thể vượt những cái,,2026-06-04 05:51:47.124748+00,vi
2130,hArnl8kI7DI,103.479,107.56,khu vực địa hình hoặc là những cái đường,,2026-06-04 05:51:47.124748+00,vi
2131,hArnl8kI7DI,105.2,109.479,xấu dễ dàng hơn hoặc là đơn giản chỉ là,,2026-06-04 05:51:47.124748+00,vi
2132,hArnl8kI7DI,107.56,112.04,để chúng ta có thể leo lên lề hay là,,2026-06-04 05:51:47.124748+00,vi
2133,hArnl8kI7DI,109.479,114.119,những cái gờ nó không bị cạ gầm. Có thể,,2026-06-04 05:51:47.124748+00,vi
2134,hArnl8kI7DI,112.04,116.56,thấy là limo Green là một cái bước đi,,2026-06-04 05:51:47.124748+00,vi
2135,hArnl8kI7DI,114.119,118.159,khá thông minh của Vin ở thời điểm này.,,2026-06-04 05:51:47.124748+00,vi
2136,hArnl8kI7DI,116.56,121.079,Thực ra thì trước đây thì Vin bán chiếc,,2026-06-04 05:51:47.124748+00,vi
2137,hArnl8kI7DI,118.159,122.56,"V8, VF9 và mong muốn cạnh tranh với lại",,2026-06-04 05:51:47.124748+00,vi
2138,hArnl8kI7DI,121.079,124.079,"những cái xe phân khúc cao hơn, thương",,2026-06-04 05:51:47.124748+00,vi
2139,hArnl8kI7DI,122.56,126.119,hiệu cao hơn. Trước đây thì mình thấy là,,2026-06-04 05:51:47.124748+00,vi
2140,hArnl8kI7DI,124.079,128.52,Vin muốn bán VF8 cạnh tranh thậm chí với,,2026-06-04 05:51:47.124748+00,vi
2141,hArnl8kI7DI,126.119,130.479,GLC thì đó là một điều rất vô lý của,,2026-06-04 05:51:47.124748+00,vi
2142,hArnl8kI7DI,128.52,132.84,Vin. Tại sao mà họ một cái thương hiệu,,2026-06-04 05:51:47.124748+00,vi
2143,hArnl8kI7DI,130.479,134.64,mới ra đời mà lại có cái tham vọng lớn,,2026-06-04 05:51:47.124748+00,vi
2144,hArnl8kI7DI,132.84,136.56,như vậy? Và bây giờ họ đã quay về với,,2026-06-04 05:51:47.124748+00,vi
2145,hArnl8kI7DI,134.64,138.68,mặt đất. Quay về mặt đất đó là gì? Bán,,2026-06-04 05:51:47.124748+00,vi
2146,hArnl8kI7DI,136.56,140.2,"xe cho người bình dân, bán xe cho đại đa",,2026-06-04 05:51:47.124748+00,vi
2147,hArnl8kI7DI,138.68,142.08,số người dân cần. Đó là những chiếc xe,,2026-06-04 05:51:47.124748+00,vi
2148,hArnl8kI7DI,140.2,143.68,"bảy chỗ, những xe tiết kiệm, những xe",,2026-06-04 05:51:47.124748+00,vi
2149,hArnl8kI7DI,142.08,145.28,giá rẻ và limo green là một trong những,,2026-06-04 05:51:47.124748+00,vi
2150,hArnl8kI7DI,143.68,147.04,xe như thế. Nếu mà để đánh giá về cái,,2026-06-04 05:51:47.124748+00,vi
2151,hArnl8kI7DI,145.28,148.879,ngoại hình của chiếc limo Green này á,,2026-06-04 05:51:47.124748+00,vi
2152,hArnl8kI7DI,147.04,151.16,thì mình sẽ không nói nó đẹp đâu mà mình,,2026-06-04 05:51:47.124748+00,vi
2153,hArnl8kI7DI,148.879,152.64,nói nó dễ nhìn. Dễ nhìn ở chỗ đó là mọi,,2026-06-04 05:51:47.124748+00,vi
2154,hArnl8kI7DI,151.16,154.44,thiết kế của nó đều đồng thanh đồng thủ,,2026-06-04 05:51:47.124748+00,vi
2155,hArnl8kI7DI,152.64,156.319,và cho mình cảm giác là nó trường xe. Và,,2026-06-04 05:51:47.124748+00,vi
2156,hArnl8kI7DI,154.44,157.879,một điều quan trọng nữa là khi Vin thiết,,2026-06-04 05:51:47.124748+00,vi
2157,hArnl8kI7DI,156.319,160.599,kế chiếc xe này thì mình thấy là cái đầu,,2026-06-04 05:51:47.124748+00,vi
2158,hArnl8kI7DI,157.879,162.2,nó không bị quá tròn như những cái chiếc,,2026-06-04 05:51:47.124748+00,vi
2159,hArnl8kI7DI,160.599,165.879,xe đời cũ. Các bạn để ý là những chiếc,,2026-06-04 05:51:47.124748+00,vi
2160,hArnl8kI7DI,162.2,167.4,"VF8 hoặc là VF5, VF6 thì nó bị tròn.",,2026-06-04 05:51:47.124748+00,vi
2161,hArnl8kI7DI,165.879,168.92,Nhưng mà trên chiếc Limo Grein này họ đã,,2026-06-04 05:51:47.124748+00,vi
2162,hArnl8kI7DI,167.4,170.519,làm thêm cái gờn ngay đây kéo lên nắp,,2026-06-04 05:51:47.124748+00,vi
2163,hArnl8kI7DI,168.92,172.84,capo nè các bạn thấy không? Nhìn từ góc,,2026-06-04 05:51:47.124748+00,vi
2164,hArnl8kI7DI,170.519,174.64,này nè nó sẽ là một cái đường nó hơi có,,2026-06-04 05:51:47.124748+00,vi
2165,hArnl8kI7DI,172.84,176.92,cái điểm nhấn ng chỗ này chứ không phải,,2026-06-04 05:51:47.124748+00,vi
2166,hArnl8kI7DI,174.64,178.239,là một cái đường cong hoàn toàn. Và một,,2026-06-04 05:51:47.124748+00,vi
2167,hArnl8kI7DI,176.92,180.319,cái thiết kế khá thông minh nữa đó là,,2026-06-04 05:51:47.124748+00,vi
2168,hArnl8kI7DI,178.239,183.799,cái dải đèn LED này nó được bao phủ bởi,,2026-06-04 05:51:47.124748+00,vi
2169,hArnl8kI7DI,180.319,185.879,một cái chi tiết màu đen bên ngoài. Để,,2026-06-04 05:51:47.124748+00,vi
2170,hArnl8kI7DI,183.799,187.64,làm gì? để cho cái nguyên một cái khu,,2026-06-04 05:51:47.124748+00,vi
1374,moNqhkSmNNg,160.72,165.12,on all of the four different five,,2026-06-04 05:51:47.124748+00,en
2171,hArnl8kI7DI,185.879,189.2,vực này nó là một cái màu đen khi chúng,,2026-06-04 05:51:47.124748+00,vi
2172,hArnl8kI7DI,187.64,191.12,ta nhìn vào. Và đây là một chi tiết kế,,2026-06-04 05:51:47.124748+00,vi
2173,hArnl8kI7DI,189.2,193.239,khá thông minh và hay ho của Vin khi mà,,2026-06-04 05:51:47.124748+00,vi
2174,hArnl8kI7DI,191.12,194.64,cho chúng ta cái diện mạo của chiếc Limo,,2026-06-04 05:51:47.124748+00,vi
2175,hArnl8kI7DI,193.239,196.08,Grein. Mặc dù là xây rẻ tiền nhưng mà,,2026-06-04 05:51:47.124748+00,vi
2176,hArnl8kI7DI,194.64,197.799,trong nó rất là ngầu ha. Cái đèn bên,,2026-06-04 05:51:47.124748+00,vi
2177,hArnl8kI7DI,196.08,200.64,trong thì các bạn sẽ thấy là cái cụm đèn,,2026-06-04 05:51:47.124748+00,vi
2178,hArnl8kI7DI,197.799,203,này á nó được bao phủ bên ngoài bởi cái,,2026-06-04 05:51:47.124748+00,vi
2179,hArnl8kI7DI,200.64,204.879,lớp mạ màu đen luôn. Và cái lớp mạ màu,,2026-06-04 05:51:47.124748+00,vi
2180,hArnl8kI7DI,203,206.04,đen cũng khiến cho cái đèn này nó chìm,,2026-06-04 05:51:47.124748+00,vi
2181,hArnl8kI7DI,204.879,208.08,vào bên trong cái thiết kế chung của,,2026-06-04 05:51:47.124748+00,vi
2182,hArnl8kI7DI,206.04,210.64,chiếc xe. Kích thước mâm 18 là khá lớn,,2026-06-04 05:51:47.124748+00,vi
2183,hArnl8kI7DI,208.08,212.48,đối với kiểu xe này. Theo mình đó là xe,,2026-06-04 05:51:47.124748+00,vi
2184,hArnl8kI7DI,210.64,214.879,mà phân khúc này thì chỉ nên là mâm 17,,2026-06-04 05:51:47.124748+00,vi
2531,7Lm-Rpw0Zl0,12.599,16.6,"chi phí vận hành rẻ, miễn phí sạc tới",,2026-06-04 05:51:47.124748+00,vi
2185,hArnl8kI7DI,212.48,217.519,thôi. Tại vì mâm 17 á thì giá tiền để mà,,2026-06-04 05:51:47.124748+00,vi
2186,hArnl8kI7DI,214.879,219.48,mua cái bộ lớp xe nó sẽ rẻ tiền hơn là,,2026-06-04 05:51:47.124748+00,vi
2187,hArnl8kI7DI,217.519,221.08,mâm 18. Nhưng mà mâm 18 thì nhìn nó đẹp,,2026-06-04 05:51:47.124748+00,vi
2188,hArnl8kI7DI,219.48,222.879,hơn. Thì nói chung là lựa chọn một trong,,2026-06-04 05:51:47.124748+00,vi
2189,hArnl8kI7DI,221.08,225,hai thôi. Và đây là bộ mâm của Limo,,2026-06-04 05:51:47.124748+00,vi
2190,hArnl8kI7DI,222.879,227.239,Green. Nó không có nhiều sự thay đổi so,,2026-06-04 05:51:47.124748+00,vi
2191,hArnl8kI7DI,225,229.48,với cái bộ mâm mà chúng ta nhìn thấy,,2026-06-04 05:51:47.124748+00,vi
2192,hArnl8kI7DI,227.239,232,trong phiên bản Concept nha. Nó vẫn là,,2026-06-04 05:51:47.124748+00,vi
2193,hArnl8kI7DI,229.48,234.439,một cái bộ mâm sắt bên trong. thâm sắt,,2026-06-04 05:51:47.124748+00,vi
2194,hArnl8kI7DI,232,238.439,này và bên ngoài là một cái tấm ốp và sử,,2026-06-04 05:51:47.124748+00,vi
2195,hArnl8kI7DI,234.439,240.72,dụng bộ vỏ Sailon Azro.,,2026-06-04 05:51:47.124748+00,vi
2196,hArnl8kI7DI,238.439,241.879,Bộ vỏ này mình chưa được sử dụng bao giờ,,2026-06-04 05:51:47.124748+00,vi
2197,hArnl8kI7DI,240.72,245.519,nhưng mà đây là một thương hiệu từ Trung,,2026-06-04 05:51:47.124748+00,vi
2198,hArnl8kI7DI,241.879,248.12,Quốc 235 55 R18. Kích thước mâm khá lớn,,2026-06-04 05:51:47.124748+00,vi
2199,hArnl8kI7DI,245.519,249.959,nếu mà so với lại cái kiểu xe này nó lẽ,,2026-06-04 05:51:47.124748+00,vi
2200,hArnl8kI7DI,248.12,251.2,nó chỉ nên là 17 thôi. Mình sẽ nói rõ,,2026-06-04 05:51:47.124748+00,vi
2201,hArnl8kI7DI,249.959,252.56,hơn về cái kính chiếu hậu này. Các bạn,,2026-06-04 05:51:47.124748+00,vi
2202,hArnl8kI7DI,251.2,255.2,"sẽ thấy nè, đây là cái kính chiếu hậu",,2026-06-04 05:51:47.124748+00,vi
2203,hArnl8kI7DI,252.56,257.16,của chiếc Limo Green. Và cái kính này là,,2026-06-04 05:51:47.124748+00,vi
2204,hArnl8kI7DI,255.2,258.6,cái thiết kế rất đẹp của chiếc Limo,,2026-06-04 05:51:47.124748+00,vi
2205,hArnl8kI7DI,257.16,260.84,Green. Mà mình nghĩ là nếu như rin cái,,2026-06-04 05:51:47.124748+00,vi
2206,hArnl8kI7DI,258.6,263.28,kính này được qua những cái xe khác của,,2026-06-04 05:51:47.124748+00,vi
2207,hArnl8kI7DI,260.84,265.16,VinFast thì tốt biết bao nhiêu. Ví dụ,,2026-06-04 05:51:47.124748+00,vi
2208,hArnl8kI7DI,263.28,266.88,như chiếc VF5. Rồi bây giờ mình sẽ nhìn,,2026-06-04 05:51:47.124748+00,vi
2209,hArnl8kI7DI,265.16,269.96,cái góc này nha. Các bạn sẽ thấy nè. Cái,,2026-06-04 05:51:47.124748+00,vi
2210,hArnl8kI7DI,266.88,271.6,phần cốp sau và cái phần đuôi sau nó là,,2026-06-04 05:51:47.124748+00,vi
2211,hArnl8kI7DI,269.96,273.639,một cái đường thẳng vát từ trên xuống,,2026-06-04 05:51:47.124748+00,vi
2212,hArnl8kI7DI,271.6,275.24,dưới. Thì cái đường thẳng này để làm gì?,,2026-06-04 05:51:47.124748+00,vi
2213,hArnl8kI7DI,273.639,277,để chúng ta cái không gian phía sau nó,,2026-06-04 05:51:47.124748+00,vi
2214,hArnl8kI7DI,275.24,278.96,"rộng rãi hơn, để chúng ta có không gian",,2026-06-04 05:51:47.124748+00,vi
2215,hArnl8kI7DI,277,280.96,phía sau rộng rãi hơn. Tại vì nếu mà,,2026-06-04 05:51:47.124748+00,vi
2216,hArnl8kI7DI,278.96,282.8,thiết kế khác đi thì cái phần đuôi sao,,2026-06-04 05:51:47.124748+00,vi
2217,hArnl8kI7DI,280.96,284.199,"nó sẽ vuốt xuống, có khi nó đẹp hơn",,2026-06-04 05:51:47.124748+00,vi
2218,hArnl8kI7DI,282.8,286.84,nhưng mà lại khiến cho phần đuôi nó,,2026-06-04 05:51:47.124748+00,vi
2219,hArnl8kI7DI,284.199,289.039,không còn tiện dụng nữa. Và các bạn hãy,,2026-06-04 05:51:47.124748+00,vi
2220,hArnl8kI7DI,286.84,290.88,nhìn vào cái trục bánh xe nè đưa lên.,,2026-06-04 05:51:47.124748+00,vi
2221,hArnl8kI7DI,289.039,292,Chụ bánh xe đưa lên so với cái phần phía,,2026-06-04 05:51:47.124748+00,vi
2222,hArnl8kI7DI,290.88,293.68,sau thì chúng ta sẽ thấy nó đưa ra phía,,2026-06-04 05:51:47.124748+00,vi
2223,hArnl8kI7DI,292,295.24,sau rất là nhiều. Để làm gì? Để chúng ta,,2026-06-04 05:51:47.124748+00,vi
2224,hArnl8kI7DI,293.68,298,có được một cái không gian nội thất bên,,2026-06-04 05:51:47.124748+00,vi
2225,hArnl8kI7DI,295.24,299.68,trong với hàng ghế thứ ba nó rộng hơn là,,2026-06-04 05:51:47.124748+00,vi
2226,hArnl8kI7DI,298,301,những cái xe bảy chỗ khác. Tí nữa mình,,2026-06-04 05:51:47.124748+00,vi
1375,moNqhkSmNNg,162.8,169.2,different chargers. Oh well. Thanks,,2026-06-04 05:51:47.124748+00,de
2227,hArnl8kI7DI,299.68,302.28,sẽ bước vào trong nội thất xe để cho các,,2026-06-04 05:51:47.124748+00,vi
2228,hArnl8kI7DI,301,303.68,bạn coi cái nội thất của chiếc xe này nó,,2026-06-04 05:51:47.124748+00,vi
2229,hArnl8kI7DI,302.28,304.96,có rộng hay không nha. Nhưng mà mình cam,,2026-06-04 05:51:47.124748+00,vi
2230,hArnl8kI7DI,303.68,306.32,đan các bạn đó là hàng ghế thứ ba là,,2026-06-04 05:51:47.124748+00,vi
2231,hArnl8kI7DI,304.96,308.28,hàng ghế ngồi rất là rộng rãi của chiếc,,2026-06-04 05:51:47.124748+00,vi
2232,hArnl8kI7DI,306.32,310.12,Limo Green. Chung quý lại chúng ta cần,,2026-06-04 05:51:47.124748+00,vi
2233,hArnl8kI7DI,308.28,311.4,gì ở một chiếc xe bảy chỗ chạy dịch vụ?,,2026-06-04 05:51:47.124748+00,vi
2234,hArnl8kI7DI,310.12,312.88,Nói thiệt với các bạn đó là chiếc Limo,,2026-06-04 05:51:47.124748+00,vi
2235,hArnl8kI7DI,311.4,314.28,Green này là chiếc xe được VinFast làm,,2026-06-04 05:51:47.124748+00,vi
2236,hArnl8kI7DI,312.88,315.56,ra dành cho những người chia dịch vụ là,,2026-06-04 05:51:47.124748+00,vi
2237,hArnl8kI7DI,314.28,317.44,nhiều hơn là những người sử dụng gia,,2026-06-04 05:51:47.124748+00,vi
2238,hArnl8kI7DI,315.56,319.319,đình. Mình đảm bảo luôn tại vì với cái,,2026-06-04 05:51:47.124748+00,vi
2239,hArnl8kI7DI,317.44,320.88,kiểu thiết kế ngoại hình về nội thất của,,2026-06-04 05:51:47.124748+00,vi
2240,hArnl8kI7DI,319.319,322.08,chiếc xe này thì người mua gia đình,,2026-06-04 05:51:47.124748+00,vi
2241,hArnl8kI7DI,320.88,323.4,người ta sẽ chọn một cái sự lựa chọn,,2026-06-04 05:51:47.124748+00,vi
2532,7Lm-Rpw0Zl0,14.48,18.68,giữa năm 202. Bác nào chạy trăm thì,,2026-06-04 05:51:47.124748+00,vi
2242,hArnl8kI7DI,322.08,325.16,khác. Ngay từ đầu chiếc xe này đã được,,2026-06-04 05:51:47.124748+00,vi
2243,hArnl8kI7DI,323.4,327.08,làm ra dành cho dân chạy dịch vụ rồi. Và,,2026-06-04 05:51:47.124748+00,vi
2244,hArnl8kI7DI,325.16,329,mình nói thệ các bạn đó là khi mình được,,2026-06-04 05:51:47.124748+00,vi
2245,hArnl8kI7DI,327.08,330.919,tiếp cận chiếc xe này á thì mình mới,,2026-06-04 05:51:47.124748+00,vi
2246,hArnl8kI7DI,329,332.479,nghiệm lại cuối cùng thì dân chị dịch vụ,,2026-06-04 05:51:47.124748+00,vi
2247,hArnl8kI7DI,330.919,334.919,người ta cần ở một chiếc xe là điều gì.,,2026-06-04 05:51:47.124748+00,vi
2248,hArnl8kI7DI,332.479,336.759,Đó là rộng rãi. Thứ hai là tiết kiệm. À,,2026-06-04 05:51:47.124748+00,vi
2249,hArnl8kI7DI,334.919,338.4,"không, tiết kiệm sẽ là đầu tiên. Thứ hai",,2026-06-04 05:51:47.124748+00,vi
2250,hArnl8kI7DI,336.759,340.08,là rộng rãi. Rộng rãi là để cho chở gia,,2026-06-04 05:51:47.124748+00,vi
2251,hArnl8kI7DI,338.4,341.919,đình nhà người ta có nhiều không gian,,2026-06-04 05:51:47.124748+00,vi
2252,hArnl8kI7DI,340.08,344.039,hơn và được người ta lựa chọn nhiều hơn.,,2026-06-04 05:51:47.124748+00,vi
2253,hArnl8kI7DI,341.919,345.56,Và cái thứ ba nữa là sử dụng tiết kiệm.,,2026-06-04 05:51:47.124748+00,vi
2254,hArnl8kI7DI,344.039,347.4,Thì nói thật các bạn là bây giờ mà mua,,2026-06-04 05:51:47.124748+00,vi
2255,hArnl8kI7DI,345.56,348.28,xe lemogrin này á thì cái việc sử dụng,,2026-06-04 05:51:47.124748+00,vi
2256,hArnl8kI7DI,347.4,350.84,tiết kiệm này chúng ta không phải cần,,2026-06-04 05:51:47.124748+00,vi
2257,hArnl8kI7DI,348.28,352.88,phải bàn tới. Rồi sạc miễn phí 3 năm thì,,2026-06-04 05:51:47.124748+00,vi
2258,hArnl8kI7DI,350.84,354.72,đó là một con số khá nhiều. Nếu như các,,2026-06-04 05:51:47.124748+00,vi
2259,hArnl8kI7DI,352.88,356.199,bạn biết bào thì có thể dư ra rất nhiều,,2026-06-04 05:51:47.124748+00,vi
2260,hArnl8kI7DI,354.72,358.68,tiền bởi vì chúng ta đang được sử dụng,,2026-06-04 05:51:47.124748+00,vi
2261,hArnl8kI7DI,356.199,360.639,điện miễn phí từ Mr Vượng. Peter Vượng,,2026-06-04 05:51:47.124748+00,vi
2262,hArnl8kI7DI,358.68,362.56,đã tài trợ điện miễn phí của chúng ta để,,2026-06-04 05:51:47.124748+00,vi
2263,hArnl8kI7DI,360.639,364,chúng ta có thể chạy những xe này một,,2026-06-04 05:51:47.124748+00,vi
2264,hArnl8kI7DI,362.56,365.6,cách tiết kiệm nhất. Và đây khi chúng ta,,2026-06-04 05:51:47.124748+00,vi
2265,hArnl8kI7DI,364,367.039,nhìn từ phía sau tới của chiếc Limo,,2026-06-04 05:51:47.124748+00,vi
2266,hArnl8kI7DI,365.6,369,Green nó sẽ như thế này. Đây mọi người.,,2026-06-04 05:51:47.124748+00,vi
2267,hArnl8kI7DI,367.039,370.919,Các bạn sẽ thấy là cái đuôi xe của Limo,,2026-06-04 05:51:47.124748+00,vi
2268,hArnl8kI7DI,369,372.24,Green được Vinast thiết kế khá là khéo,,2026-06-04 05:51:47.124748+00,vi
2269,hArnl8kI7DI,370.919,373.88,léo nha. Mình nói thật với mọi người đó,,2026-06-04 05:51:47.124748+00,vi
2270,hArnl8kI7DI,372.24,375.88,là cái thiết kế này cực kỳ khéo léo. Tại,,2026-06-04 05:51:47.124748+00,vi
2271,hArnl8kI7DI,373.88,378.319,vì để mà thiết kế ra cái phần đuôi của,,2026-06-04 05:51:47.124748+00,vi
2272,hArnl8kI7DI,375.88,379.96,một chiếc xe MV bảy chỗ thì rất là khó,,2026-06-04 05:51:47.124748+00,vi
2273,hArnl8kI7DI,378.319,382,khăn. Làm sao cho nó đẹp thì rất là khó,,2026-06-04 05:51:47.124748+00,vi
2274,hArnl8kI7DI,379.96,383.72,khăn. Và mình thấy rõ ràng đó là Win họ,,2026-06-04 05:51:47.124748+00,vi
2275,hArnl8kI7DI,382,385.44,đã thiết kế chiếc xe này có phần đuôi,,2026-06-04 05:51:47.124748+00,vi
2276,hArnl8kI7DI,383.72,386.759,đẹp là một điều rất là khó đối với một,,2026-06-04 05:51:47.124748+00,vi
2277,hArnl8kI7DI,385.44,388.56,chiếc xe bảy chỗ. Ví dụ như các bạn sẽ,,2026-06-04 05:51:47.124748+00,vi
2278,hArnl8kI7DI,386.759,390.4,thấy là chính vì cái dải đèn LED kéo dài,,2026-06-04 05:51:47.124748+00,vi
2279,hArnl8kI7DI,388.56,392.24,từ trái qua phải của Vin đã khiến cho,,2026-06-04 05:51:47.124748+00,vi
2280,hArnl8kI7DI,390.4,394.44,cái phần đuôi của chiếc Limo Green này,,2026-06-04 05:51:47.124748+00,vi
2281,hArnl8kI7DI,392.24,396.039,trông nó hiện đại. Một số xe thì họ chỉ,,2026-06-04 05:51:47.124748+00,vi
2282,hArnl8kI7DI,394.44,397.639,làm hai cái đèn hai bên và khiến cho cái,,2026-06-04 05:51:47.124748+00,vi
2283,hArnl8kI7DI,396.039,400.28,"phần đuôi nó bị tách rời ra, rời rạt",,2026-06-04 05:51:47.124748+00,vi
1376,moNqhkSmNNg,165.12,171.2,Elon. PA Volta number four on the list.,,2026-06-04 05:51:47.124748+00,en
2284,hArnl8kI7DI,397.639,403.24,hơn. Và đây chúng ta sẽ xem cái mối giữa,,2026-06-04 05:51:47.124748+00,vi
2285,hArnl8kI7DI,400.28,404.56,hai cái cánh cửa thì Vin đã làm khéo hơn,,2026-06-04 05:51:47.124748+00,vi
2286,hArnl8kI7DI,403.24,405.96,ngày xưa rất nhiều. Trước đây thì những,,2026-06-04 05:51:47.124748+00,vi
2287,hArnl8kI7DI,404.56,409.039,cái xe khác của Vin á là chúng ta sẽ,,2026-06-04 05:51:47.124748+00,vi
2288,hArnl8kI7DI,405.96,410.88,thấy là nó có một cái gờ lên tại vì mức,,2026-06-04 05:51:47.124748+00,vi
2289,hArnl8kI7DI,409.039,412.16,độ hoàn thiện kém. Nhưng mà bây giờ thì,,2026-06-04 05:51:47.124748+00,vi
2290,hArnl8kI7DI,410.88,414,họ đã hoàn thiện tốt hơn rất là nhiều,,2026-06-04 05:51:47.124748+00,vi
2291,hArnl8kI7DI,412.16,416.199,rồi. Cái xe này thậm chí nó còn không có,,2026-06-04 05:51:47.124748+00,vi
2292,hArnl8kI7DI,414,419.039,cả ket entry nữa các bạn. Đây không có,,2026-06-04 05:51:47.124748+00,vi
2293,hArnl8kI7DI,416.199,421.16,luôn. Và đây là khi mở cái cốp trước ra,,2026-06-04 05:51:47.124748+00,vi
2294,hArnl8kI7DI,419.039,424,thì chúng ta sẽ thấy bên trong là gì?,,2026-06-04 05:51:47.124748+00,vi
2295,hArnl8kI7DI,421.16,425.84,Đây bên trong là bộ Power Distribution,,2026-06-04 05:51:47.124748+00,vi
2297,hArnl8kI7DI,425.84,429.759,>> và có thể nhìn thấu bên dưới luôn là hai,,2026-06-04 05:51:47.124748+00,vi
2298,hArnl8kI7DI,427.919,432.639,cây sườn bên dưới nè. Hơi tiếc khi mà,,2026-06-04 05:51:47.124748+00,vi
2533,7Lm-Rpw0Zl0,16.6,20.359,nhanh và hồi vốn lắm. Hàng ghế ba ngồi,,2026-06-04 05:51:47.124748+00,vi
2299,hArnl8kI7DI,429.759,434.919,chỗ này Vin không làm thành một cái học,,2026-06-04 05:51:47.124748+00,vi
2300,hArnl8kI7DI,432.639,438.199,để đồ. Chỗ này mà làm học để đồ thì quá,,2026-06-04 05:51:47.124748+00,vi
2301,hArnl8kI7DI,434.919,439.599,ngon. Đây là bên trong khoan góp trước.,,2026-06-04 05:51:47.124748+00,vi
2302,hArnl8kI7DI,438.199,441.68,Bản thân mình thấy là cái màu vàng của,,2026-06-04 05:51:47.124748+00,vi
2303,hArnl8kI7DI,439.599,444,chiếc Limo Grein này đẹp nha. Cái màu,,2026-06-04 05:51:47.124748+00,vi
2304,hArnl8kI7DI,441.68,445.599,vàng này lại tôn dáng của chiếc Limoin,,2026-06-04 05:51:47.124748+00,vi
2305,hArnl8kI7DI,444,446.919,hơn là những cái màu khác. Những màu,,2026-06-04 05:51:47.124748+00,vi
2306,hArnl8kI7DI,445.599,449.12,"khác thì nó lại theo thiên hướng, nó",,2026-06-04 05:51:47.124748+00,vi
2307,hArnl8kI7DI,446.919,451.039,ngầu ngầu. Còn chiếc này thì theo thiên,,2026-06-04 05:51:47.124748+00,vi
2308,hArnl8kI7DI,449.12,453.44,hướng nó giống những chiếc xe taxi.,,2026-06-04 05:51:47.124748+00,vi
2309,hArnl8kI7DI,451.039,455.8,Nhưng mà nói thật là cái cách phối màu,,2026-06-04 05:51:47.124748+00,vi
2310,hArnl8kI7DI,453.44,457.28,vàng đen thì luôn là phối màu thông minh,,2026-06-04 05:51:47.124748+00,vi
2311,hArnl8kI7DI,455.8,460.28,và sáng suốt nhất. Cửa đóng chưa xát,,2026-06-04 05:51:47.124748+00,vi
2312,hArnl8kI7DI,457.28,460.28,kìa.,,2026-06-04 05:51:47.124748+00,sw
2313,hArnl8kI7DI,460.36,463.479,Ồ tiếng đóng cửa chắc quá ha mọi người,,2026-06-04 05:51:47.124748+00,vi
2314,hArnl8kI7DI,461.68,466.52,ha. Tiếng đóng cửa rất là chắc nha. Rồi,,2026-06-04 05:51:47.124748+00,vi
2315,hArnl8kI7DI,463.479,467.759,đây limoin bằng xương bằng thịt ở bên,,2026-06-04 05:51:47.124748+00,vi
2316,hArnl8kI7DI,466.52,469.479,ngoài đây nè mọi người. Và các bạn có,,2026-06-04 05:51:47.124748+00,vi
2317,hArnl8kI7DI,467.759,471.759,thể thấy là khi nó nhìn nó chạy từ xa,,2026-06-04 05:51:47.124748+00,vi
2318,hArnl8kI7DI,469.479,474.08,tới nè. Đây nhìn cái dán của chiếc Limo,,2026-06-04 05:51:47.124748+00,vi
2319,hArnl8kI7DI,471.759,475.72,Green này nó trường xe lắm. Vì là một,,2026-06-04 05:51:47.124748+00,vi
2320,hArnl8kI7DI,474.08,477.919,chiếc xe bảy chỗ cho nên trông rất rất,,2026-06-04 05:51:47.124748+00,vi
2321,hArnl8kI7DI,475.72,480.12,là trường xe và bán kính quay đầu nếu mà,,2026-06-04 05:51:47.124748+00,vi
2322,hArnl8kI7DI,477.919,482.8,đánh hết vòng lái bên kia qua đây thì,,2026-06-04 05:51:47.124748+00,vi
2323,hArnl8kI7DI,480.12,486.08,mình nghĩ là nó tầm khoảng,,2026-06-04 05:51:47.124748+00,vi
2324,hArnl8kI7DI,482.8,488.12,ờ đường dư dư một khoảng đường đôi khá,,2026-06-04 05:51:47.124748+00,vi
2325,hArnl8kI7DI,486.08,489.759,nhiều. Bán kính quay đầu chiếc này thì,,2026-06-04 05:51:47.124748+00,vi
2326,hArnl8kI7DI,488.12,491.56,mình nghĩ là cũng khá lớn đó. Đây mình,,2026-06-04 05:51:47.124748+00,vi
2327,hArnl8kI7DI,489.759,493.36,có thể thấy là cái cánh cửa trước sau nó,,2026-06-04 05:51:47.124748+00,vi
2328,hArnl8kI7DI,491.56,495.96,rất là dài nha. Thấy không? Cái cửa giữa,,2026-06-04 05:51:47.124748+00,vi
2329,hArnl8kI7DI,493.36,499.44,nè rất là dài luôn. Và hãy coi cái thao,,2026-06-04 05:51:47.124748+00,vi
2330,hArnl8kI7DI,495.96,502.36,tác để mà mở ghế của chiếc xe Limo Grein,,2026-06-04 05:51:47.124748+00,vi
2331,hArnl8kI7DI,499.44,504.84,này. Nó sẽ gồm một cái lẫy ở trên cái,,2026-06-04 05:51:47.124748+00,vi
2332,hArnl8kI7DI,502.36,506.12,lưng ghế. Đây. Một cái lẫy nè. Anh là,,2026-06-04 05:51:47.124748+00,vi
2333,hArnl8kI7DI,504.84,506.879,taxi sá em à?,,2026-06-04 05:51:47.124748+00,pt
2334,hArnl8kI7DI,506.12,507.159,>> Taxi,,2026-06-04 05:51:47.124748+00,so
2335,hArnl8kI7DI,506.879,508.479,>> à?,,2026-06-04 05:51:47.124748+00,fr
2336,hArnl8kI7DI,507.159,511.919,>> Mình đặt con này đúng màu này luôn.,,2026-06-04 05:51:47.124748+00,vi
2337,hArnl8kI7DI,508.479,513.719,>> Ờ đặt con này đúng màu này luôn. Tí anh,,2026-06-04 05:51:47.124748+00,vi
2338,hArnl8kI7DI,511.919,514.12,có chở em ra sân bay được không?,,2026-06-04 05:51:47.124748+00,vi
2339,hArnl8kI7DI,513.719,516.64,>> Chết.,,2026-06-04 05:51:47.124748+00,vi
2340,hArnl8kI7DI,514.12,518.36,>> Được đúng không? Ok. Hợp lý. Và bây giờ,,2026-06-04 05:51:47.124748+00,vi
2341,hArnl8kI7DI,516.64,520.68,mình coi thử cái cốp của chiếc Limo,,2026-06-04 05:51:47.124748+00,vi
2342,hArnl8kI7DI,518.36,522.24,Green này đi. Đây là cái cốp nè.,,2026-06-04 05:51:47.124748+00,vi
2343,hArnl8kI7DI,520.68,524.36,Ờ cốp này nếu mà ngồi đủ bảy người thì,,2026-06-04 05:51:47.124748+00,vi
2344,hArnl8kI7DI,522.24,526.04,cũng không để được nhiều đâu. Nhưng mà,,2026-06-04 05:51:47.124748+00,vi
2345,hArnl8kI7DI,524.36,528.68,mình thấy vậy là đủ rồi. Đối với một cái,,2026-06-04 05:51:47.124748+00,vi
2346,hArnl8kI7DI,526.04,531.32,xe giá này thì khó mà kiếm được cái điểm,,2026-06-04 05:51:47.124748+00,vi
2347,hArnl8kI7DI,528.68,532.48,gì để chê.,,2026-06-04 05:51:47.124748+00,vi
2348,hArnl8kI7DI,531.32,535.08,Chưa bao giờ mình tham dự một cái sự,,2026-06-04 05:51:47.124748+00,vi
2349,hArnl8kI7DI,532.48,536.839,kiện nào mà để mà đón xe đi về sân bay,,2026-06-04 05:51:47.124748+00,vi
2350,hArnl8kI7DI,535.08,538.76,mà nó đơn giản như vậy là tại vì ở đây,,2026-06-04 05:51:47.124748+00,vi
2351,hArnl8kI7DI,536.839,541.079,toàn các anh em chạy xe dịch vụ họ đến,,2026-06-04 05:51:47.124748+00,vi
2352,hArnl8kI7DI,538.76,542.32,sự kiện của chiếc Limo Green này. Và để,,2026-06-04 05:51:47.124748+00,vi
2353,hArnl8kI7DI,541.079,544.2,khen chiếc xe này á thì chúng ta có rất,,2026-06-04 05:51:47.124748+00,vi
2354,hArnl8kI7DI,542.32,545.76,là nhiều điều để khen. Thứ nhất là nó sẽ,,2026-06-04 05:51:47.124748+00,vi
2355,hArnl8kI7DI,544.2,547.72,giúp tiết kiệm tại vì đây là xe điện.,,2026-06-04 05:51:47.124748+00,vi
2356,hArnl8kI7DI,545.76,549.44,Cái thứ hai nữa là giá trị mua vào rất,,2026-06-04 05:51:47.124748+00,vi
2357,hArnl8kI7DI,547.72,551.959,là thấp 750 triệu. Cái thứ ba nữa là,,2026-06-04 05:51:47.124748+00,vi
2358,hArnl8kI7DI,549.44,553.6,không gian vừa đủ. Cái thứ tư là động cơ,,2026-06-04 05:51:47.124748+00,vi
2359,hArnl8kI7DI,551.959,555.16,quá mậm cho một chiếc xe bảy chỗ. Và một,,2026-06-04 05:51:47.124748+00,vi
2360,hArnl8kI7DI,553.6,556.56,điểm thứ năm cần phải nhắc đến đó là,,2026-06-04 05:51:47.124748+00,vi
2361,hArnl8kI7DI,555.16,558.079,chiếc xe này sử dụng hệ thống treo phía,,2026-06-04 05:51:47.124748+00,vi
2362,hArnl8kI7DI,556.56,560.079,sau đa điểm. Cho nên khi mà ngồi hàng,,2026-06-04 05:51:47.124748+00,vi
2363,hArnl8kI7DI,558.079,562.12,ghế thứ ba chúng ta sẽ không bị sóc,,2026-06-04 05:51:47.124748+00,vi
2364,hArnl8kI7DI,560.079,563.24,nhiều và không bị xây xe. Cho nên là nói,,2026-06-04 05:51:47.124748+00,vi
2365,hArnl8kI7DI,562.12,565.279,thiệt với các bạn đó là đây là một cái,,2026-06-04 05:51:47.124748+00,vi
2366,hArnl8kI7DI,563.24,567.519,sự lựa chọn khá hợp lý phân khúc xe bảy,,2026-06-04 05:51:47.124748+00,vi
2367,hArnl8kI7DI,565.279,569.399,chỗ mà các bạn cần mua về để chở gia,,2026-06-04 05:51:47.124748+00,vi
2368,hArnl8kI7DI,567.519,571.12,đình nhà người ta. Đó là chiếc VinFast,,2026-06-04 05:51:47.124748+00,vi
2369,hArnl8kI7DI,569.399,573.72,Limo Green. Rồi ở đây chúng ta sẽ có vô,,2026-06-04 05:51:47.124748+00,vi
2370,hArnl8kI7DI,571.12,575.519,lăng là vô lăng nhựa nha. Nhựa hoàn toàn,,2026-06-04 05:51:47.124748+00,vi
2371,hArnl8kI7DI,573.72,577.36,ha. Hoàn toàn nhựa hết. Rồi bên đây,,2026-06-04 05:51:47.124748+00,vi
2372,hArnl8kI7DI,575.519,579.959,"chúng ta cần số dạng núm xoay nè, nút P",,2026-06-04 05:51:47.124748+00,vi
2373,hArnl8kI7DI,577.36,582.16,"nè, học để đồ. Bên tay phải chúng ta sẽ",,2026-06-04 05:51:47.124748+00,vi
2374,hArnl8kI7DI,579.959,583.519,có một cái không gian để đồ nho nhỏ.,,2026-06-04 05:51:47.124748+00,vi
2375,hArnl8kI7DI,582.16,585.12,Trên này chúng ta sẽ có một học để đồ và,,2026-06-04 05:51:47.124748+00,vi
2376,hArnl8kI7DI,583.519,587.519,mở ra bằng cách là bấm bấm vào cái nút,,2026-06-04 05:51:47.124748+00,vi
2377,hArnl8kI7DI,585.12,588.68,này để mở ra.,,2026-06-04 05:51:47.124748+00,vi
2378,hArnl8kI7DI,587.519,590.959,Bên dưới này chúng ta sẽ có một cái hộp,,2026-06-04 05:51:47.124748+00,vi
2379,hArnl8kI7DI,588.68,593.36,để đồ và bên dưới này sẽ là hai lỗ sạc,,2026-06-04 05:51:47.124748+00,vi
2380,hArnl8kI7DI,590.959,595.04,USB A và USBC. Là nhờ nó không bị vướng,,2026-06-04 05:51:47.124748+00,vi
2381,hArnl8kI7DI,593.36,596.68,cái vị trí cần số cho nên là nó có thể,,2026-06-04 05:51:47.124748+00,vi
2382,hArnl8kI7DI,595.04,598.72,thiết kế thêm cái hộp để đồ bên dưới này,,2026-06-04 05:51:47.124748+00,vi
2383,hArnl8kI7DI,596.68,600.56,ha. Đây là cái kính không viền của chiếc,,2026-06-04 05:51:47.124748+00,vi
2384,hArnl8kI7DI,598.72,601.959,limo n. Nó không viền tới mức độ mà,,2026-06-04 05:51:47.124748+00,vi
2385,hArnl8kI7DI,600.56,603.68,chúng ta sẽ thấy bên cái cạnh này là một,,2026-06-04 05:51:47.124748+00,vi
2386,hArnl8kI7DI,601.959,605.48,cái cạnh kính luôn á mọi người. Nhưng mà,,2026-06-04 05:51:47.124748+00,vi
2387,hArnl8kI7DI,603.68,606.959,được mài nhẵn khá đẹp nha. Nói chung là,,2026-06-04 05:51:47.124748+00,vi
2388,hArnl8kI7DI,605.48,608.959,không chê được cái chi tiết này. Vô lăng,,2026-06-04 05:51:47.124748+00,vi
2389,hArnl8kI7DI,606.959,611.64,thì toàn bộ bằng nhựa nha các bạn. Toàn,,2026-06-04 05:51:47.124748+00,vi
2390,hArnl8kI7DI,608.959,613.399,bộ bằng nhựa luôn. Và cái nhựa cho cảm,,2026-06-04 05:51:47.124748+00,vi
2391,hArnl8kI7DI,611.64,615.24,giác là nó cũng không được sang xịn mịnh,,2026-06-04 05:51:47.124748+00,vi
2392,hArnl8kI7DI,613.399,616.32,cho lắm đâu. Tất cả chúng ta thao tác,,2026-06-04 05:51:47.124748+00,vi
2393,hArnl8kI7DI,615.24,617.72,đều phải qua màn hình trung tâm. Và màn,,2026-06-04 05:51:47.124748+00,vi
2394,hArnl8kI7DI,616.32,619.32,hình trung tâm bây giờ nó đã nét hơn đời,,2026-06-04 05:51:47.124748+00,vi
2395,hArnl8kI7DI,617.72,622.76,cũ rất là nhiều. Các bạn có thể thấy là,,2026-06-04 05:51:47.124748+00,vi
2396,hArnl8kI7DI,619.32,624.16,"bên trái là 72 cây, 72% đi được 324 cây.",,2026-06-04 05:51:47.124748+00,vi
2397,hArnl8kI7DI,622.76,625.44,Có thể nói chiếc xe này là một chiếc xe,,2026-06-04 05:51:47.124748+00,vi
2398,hArnl8kI7DI,624.16,629.2,có thể đi được một quãng đường rất là xa,,2026-06-04 05:51:47.124748+00,vi
2399,hArnl8kI7DI,625.44,631.92,của Vin. Có thể nhận được cả sạc nhanh,,2026-06-04 05:51:47.124748+00,vi
2400,hArnl8kI7DI,629.2,634.16,DC ở nh ngoài trụ sạc nhanh. Đây là cần,,2026-06-04 05:51:47.124748+00,vi
2401,hArnl8kI7DI,631.92,635.92,số dạng núm xoay và hai học để ly phía,,2026-06-04 05:51:47.124748+00,vi
2402,hArnl8kI7DI,634.16,637.16,trên. Trên này chúng ta tiếng là cái chỗ,,2026-06-04 05:51:47.124748+00,vi
2403,hArnl8kI7DI,635.92,639,để sạc không dây nhưng mà không phải nó,,2026-06-04 05:51:47.124748+00,vi
2404,hArnl8kI7DI,637.16,640.519,"chỉ là một cái chi tiết để đựng đồ thôi,",,2026-06-04 05:51:47.124748+00,vi
2405,hArnl8kI7DI,639,641.72,không phải là để sạc không dây. Một hãng,,2026-06-04 05:51:47.124748+00,vi
2406,hArnl8kI7DI,640.519,643.8,sản xuất xe tại Việt Nam chúng ta được,,2026-06-04 05:51:47.124748+00,vi
2407,hArnl8kI7DI,641.72,645.36,cái lợi gì? Đó là họ sẽ làm xe theo đúng,,2026-06-04 05:51:47.124748+00,vi
2408,hArnl8kI7DI,643.8,647.68,cái nhu cầu của người Việt và đúng cái,,2026-06-04 05:51:47.124748+00,vi
2409,hArnl8kI7DI,645.36,649.36,điều kiện khí hậu của người Việt. Ví dụ,,2026-06-04 05:51:47.124748+00,vi
2410,hArnl8kI7DI,647.68,651.079,chiếc Limo Green này cái máy lạnh nó mát,,2026-06-04 05:51:47.124748+00,vi
2411,hArnl8kI7DI,649.36,652.68,giả mang luôn á mọi người. Trời xin thưa,,2026-06-04 05:51:47.124748+00,vi
2412,hArnl8kI7DI,651.079,653.959,mọi người cái máy lạnh nó sướng gì đâu,,2026-06-04 05:51:47.124748+00,vi
2413,hArnl8kI7DI,652.68,655.959,luôn á. Nãy giờ ngồi trong cái xe này,,2026-06-04 05:51:47.124748+00,vi
2414,hArnl8kI7DI,653.959,657.36,mặc dù giữ cái trời Hà Nội mùa này thì,,2026-06-04 05:51:47.124748+00,vi
2415,hArnl8kI7DI,655.959,659.32,phải nói là khủng khiếp nhưng mà ngồi,,2026-06-04 05:51:47.124748+00,vi
2416,hArnl8kI7DI,657.36,661.36,trong xe mình cực kỳ mát luôn. Siêu mát,,2026-06-04 05:51:47.124748+00,vi
2417,hArnl8kI7DI,659.32,662.959,luôn. Mình hứa mình thề mình đảm bảo cái,,2026-06-04 05:51:47.124748+00,vi
2418,hArnl8kI7DI,661.36,665.04,máy lạnh xe này mà ai dám chê thì mình,,2026-06-04 05:51:47.124748+00,vi
2419,hArnl8kI7DI,662.959,666.8,cũng nể luôn á. Còn về vật liệu của,,2026-06-04 05:51:47.124748+00,vi
2420,hArnl8kI7DI,665.04,668.959,Vinfat Limo Green thì sao? Chúng ta sẽ,,2026-06-04 05:51:47.124748+00,vi
2421,hArnl8kI7DI,666.8,672.68,thấy ở đây chúng ta sẽ có vô lăng bằng,,2026-06-04 05:51:47.124748+00,vi
2422,hArnl8kI7DI,668.959,676.68,nhựa. Nhựa bệ tỳ tây trộm ví nó vẫn còn,,2026-06-04 05:51:47.124748+00,vi
2423,hArnl8kI7DI,672.68,678.72,"làm bằng da. Nhựa nhựa, nhựa nhựa. Tất",,2026-06-04 05:51:47.124748+00,vi
2424,hArnl8kI7DI,676.68,681.04,cả đều bằng nhựa mọi người. Và đây là,,2026-06-04 05:51:47.124748+00,vi
2425,hArnl8kI7DI,678.72,683.279,cái điều mà những người sử dụng xe sẽ,,2026-06-04 05:51:47.124748+00,vi
2426,hArnl8kI7DI,681.04,684.959,mong muốn tại vì nó sẽ bền bỉ. Mình đang,,2026-06-04 05:51:47.124748+00,vi
2427,hArnl8kI7DI,683.279,687.12,ở hàng ghế thứ hai của chiếc VinFast,,2026-06-04 05:51:47.124748+00,vi
2428,hArnl8kI7DI,684.959,689.36,Limo Green và có thể đánh giá một điều,,2026-06-04 05:51:47.124748+00,vi
2429,hArnl8kI7DI,687.12,691.8,đó là không gian của xe này thì không có,,2026-06-04 05:51:47.124748+00,vi
2430,hArnl8kI7DI,689.36,694.48,điểm gì để chê. Nó quá rộng rãi đối với,,2026-06-04 05:51:47.124748+00,vi
2431,hArnl8kI7DI,691.8,696.839,cái số tiền mở ra là 750 triệu. Và trần,,2026-06-04 05:51:47.124748+00,vi
2432,hArnl8kI7DI,694.48,700.2,trên đầu mình còn cách trần rất cao.,,2026-06-04 05:51:47.124748+00,vi
2433,hArnl8kI7DI,696.839,702.12,Cách trần lên tới wow hơn cả nửa gan tây,,2026-06-04 05:51:47.124748+00,vi
2434,hArnl8kI7DI,700.2,704.72,là mười mấy phân. Mà mình là người cao,,2026-06-04 05:51:47.124748+00,vi
2435,hArnl8kI7DI,702.12,707.56,"1,76 nha. Mà thấy không gian trên trần",,2026-06-04 05:51:47.124748+00,vi
2436,hArnl8kI7DI,704.72,709.8,là phải nói là không điểm gì để chê. Rồi,,2026-06-04 05:51:47.124748+00,vi
2437,hArnl8kI7DI,707.56,712.92,">> phía sau là có cửa gió máy lạnh, USB,",,2026-06-04 05:51:47.124748+00,vi
2438,hArnl8kI7DI,709.8,715.079,USBC. Đây là cái chỗ để mở cửa ra nè. Nó,,2026-06-04 05:51:47.124748+00,vi
2439,hArnl8kI7DI,712.92,717.04,sẽ gồm một cái tay chúng ta sẽ để vào,,2026-06-04 05:51:47.124748+00,vi
2440,hArnl8kI7DI,715.079,718.399,đây để mở cửa ra.,,2026-06-04 05:51:47.124748+00,vi
2441,hArnl8kI7DI,717.04,719.959,Vin có thiết kế cái chỗ này để chúng ta,,2026-06-04 05:51:47.124748+00,vi
2442,hArnl8kI7DI,718.399,722.279,để đồ trên cái lưng ghế phía sau nè. Và,,2026-06-04 05:51:47.124748+00,vi
2443,hArnl8kI7DI,719.959,724.639,toàn bộ những cái nội thất này đều được,,2026-06-04 05:51:47.124748+00,vi
2444,hArnl8kI7DI,722.279,726.72,làm bằng nỉ nha. Mình đang ngồi ở hàng,,2026-06-04 05:51:47.124748+00,vi
2445,hArnl8kI7DI,724.639,728.839,ghế thứ ba của chiếc Vinfast Limo Green.,,2026-06-04 05:51:47.124748+00,vi
2446,hArnl8kI7DI,726.72,731.88,Và đây là cái chỗ để chân nè. Mình là,,2026-06-04 05:51:47.124748+00,vi
2447,hArnl8kI7DI,728.839,734.24,"người cao 1,76 cũng ngồi được. Nếu mà so",,2026-06-04 05:51:47.124748+00,vi
2448,hArnl8kI7DI,731.88,736.32,với lại những chiếc như Xender XL7 thì,,2026-06-04 05:51:47.124748+00,vi
2449,hArnl8kI7DI,734.24,738.279,"ngồi rộng hơn, được đối xử là con người",,2026-06-04 05:51:47.124748+00,vi
2450,hArnl8kI7DI,736.32,740.04,hơn khi chúng ta có cái cửa gió máy lạnh,,2026-06-04 05:51:47.124748+00,vi
2451,hArnl8kI7DI,738.279,742.399,hàng gế thứ ba và có thể chỉnh được cái,,2026-06-04 05:51:47.124748+00,vi
2452,hArnl8kI7DI,740.04,748.8,tốc độ gió trên này. Đây cần số dạng núm,,2026-06-04 05:51:47.124748+00,vi
2453,hArnl8kI7DI,742.399,752.279,xoay PR RND vặn xuống. NDR camera phía,,2026-06-04 05:51:47.124748+00,vi
2454,hArnl8kI7DI,748.8,755.36,sau có cái L để cho thể hiện là chúng ta,,2026-06-04 05:51:47.124748+00,vi
2455,hArnl8kI7DI,752.279,759.16,biết là de trái phải gì đó. Rồi vào đ,,2026-06-04 05:51:47.124748+00,vi
2456,hArnl8kI7DI,755.36,761.72,thôi. 73% 328 km. Ồ họ cố tình làm cho,,2026-06-04 05:51:47.124748+00,vi
2457,hArnl8kI7DI,759.16,763.48,chân ga nó khá dịu nha. Không có bị cảm,,2026-06-04 05:51:47.124748+00,vi
2458,hArnl8kI7DI,761.72,766.04,giác là phải kìm cái chân ga nhiều khi,,2026-06-04 05:51:47.124748+00,vi
2459,hArnl8kI7DI,763.48,768.24,đi một cái xe điện. Thả chân ra thì trớn,,2026-06-04 05:51:47.124748+00,vi
2460,hArnl8kI7DI,766.04,770.56,khá nhiều. Đang để mố chạy thế nào đây?,,2026-06-04 05:51:47.124748+00,vi
2461,hArnl8kI7DI,768.24,773.56,N vừa n cao nè. Các bạn có thể tăng giảm,,2026-06-04 05:51:47.124748+00,vi
2462,hArnl8kI7DI,770.56,775.279,cái mức phanh tái sinh có quá đã. đủ,,2026-06-04 05:51:47.124748+00,vi
2463,hArnl8kI7DI,773.56,776.8,những cái cần để mà chúng ta sử dụng,,2026-06-04 05:51:47.124748+00,vi
2464,hArnl8kI7DI,775.279,778.16,hàng ngày bình thường. Mặt đường này khá,,2026-06-04 05:51:47.124748+00,vi
1377,moNqhkSmNNg,169.2,173.44,This is the uh I believe it's the,,2026-06-04 05:51:47.124748+00,en
2465,hArnl8kI7DI,776.8,781.12,đẹp cho nên mình cũng không có đánh giá,,2026-06-04 05:51:47.124748+00,vi
2466,hArnl8kI7DI,778.16,783.44,gì nhiều được về phuộc hay là về cách âm,,2026-06-04 05:51:47.124748+00,vi
2467,hArnl8kI7DI,781.12,785.519,gầm. Có vẻ như cái tiếng môơ nó nó không,,2026-06-04 05:51:47.124748+00,vi
2468,hArnl8kI7DI,783.44,787.8,bị quá lớn như những con VinFast khác.,,2026-06-04 05:51:47.124748+00,vi
2469,hArnl8kI7DI,785.519,789.519,Và bán kính quay đầu với bản thân mình,,2026-06-04 05:51:47.124748+00,vi
2470,hArnl8kI7DI,787.8,790.8,thì mình đang quay đầu chiếc xe này và,,2026-06-04 05:51:47.124748+00,vi
2471,hArnl8kI7DI,789.519,792.079,cảm giác là bán kính quay đầu không bị,,2026-06-04 05:51:47.124748+00,vi
2472,hArnl8kI7DI,790.8,793.72,quá rộng một phần là vì mình đánh đá,,2026-06-04 05:51:47.124748+00,vi
2473,hArnl8kI7DI,792.079,797.519,đánh lái khá nhanh. Ví dụ như đang chạy,,2026-06-04 05:51:47.124748+00,vi
2474,hArnl8kI7DI,793.72,799.72,50 nè mà cần vượt cái container nè.,,2026-06-04 05:51:47.124748+00,vi
2475,hArnl8kI7DI,797.519,801.839,Wow. Cái khó là làm sao kiểm soát được,,2026-06-04 05:51:47.124748+00,vi
2476,hArnl8kI7DI,799.72,804.399,cái mức công suất 2011 mã lực của chiếc,,2026-06-04 05:51:47.124748+00,vi
2477,hArnl8kI7DI,801.839,806,xe này và mua xoắn hình như là 200 Nm,,2026-06-04 05:51:47.124748+00,vi
2478,hArnl8kI7DI,804.399,807.44,đúng không anh? Giống công suất VF6. Cái,,2026-06-04 05:51:47.124748+00,vi
2479,hArnl8kI7DI,806,809.639,khó là kiểm soát nó chứ không phải là,,2026-06-04 05:51:47.124748+00,vi
2480,hArnl8kI7DI,807.44,811.04,cái khó là là động cơ yếu hay mạnh. Rồi,,2026-06-04 05:51:47.124748+00,vi
2481,hArnl8kI7DI,809.639,813.04,bây giờ mình sẽ cho các bạn biết một cái,,2026-06-04 05:51:47.124748+00,vi
2482,hArnl8kI7DI,811.04,815.44,cảm giác tăng tốc của một chiếc xe điện,,2026-06-04 05:51:47.124748+00,vi
2483,hArnl8kI7DI,813.04,819.519,nó sẽ như thế nào với chiếc Limo Green,,2026-06-04 05:51:47.124748+00,vi
2484,hArnl8kI7DI,815.44,821,này. Đó ris bánh luôn ghê chưa? Đó hệ,,2026-06-04 05:51:47.124748+00,vi
2485,hArnl8kI7DI,819.519,824.839,thống chống trượt hoạt động rồi kìa. Lên,,2026-06-04 05:51:47.124748+00,vi
2486,hArnl8kI7DI,821,827.6,"90 rất nhanh luôn. Rồi giảm tốc nè. Ừ,",,2026-06-04 05:51:47.124748+00,vi
2487,hArnl8kI7DI,824.839,829.519,thắng khá dịu. Mình sẽ thử lại một cái,,2026-06-04 05:51:47.124748+00,vi
2488,hArnl8kI7DI,827.6,831.68,xíu nữa tại vì cái thắng này nó rất là,,2026-06-04 05:51:47.124748+00,vi
2489,hArnl8kI7DI,829.519,835.079,quan trọng khi các bạn dùng để chở người,,2026-06-04 05:51:47.124748+00,vi
2490,hArnl8kI7DI,831.68,836.519,"khác. Ừ, thắng khá dịu, thắng rất dịu.",,2026-06-04 05:51:47.124748+00,vi
2491,hArnl8kI7DI,835.079,838.639,Mình vẫn chưa quen được cảm giác đi xe,,2026-06-04 05:51:47.124748+00,vi
2492,hArnl8kI7DI,836.519,840,"Vinfast khi mà phía trước nó bị trống,",,2026-06-04 05:51:47.124748+00,vi
2493,hArnl8kI7DI,838.639,841.399,không còn cái gì phía trước cả. Tất cả,,2026-06-04 05:51:47.124748+00,vi
2494,hArnl8kI7DI,840,842.56,là phải qua cái màn hình này. Và các bạn,,2026-06-04 05:51:47.124748+00,vi
2495,hArnl8kI7DI,841.399,844.639,muốn biết tốc độ thì các bạn phải liếc,,2026-06-04 05:51:47.124748+00,vi
2496,hArnl8kI7DI,842.56,846.44,"mắt xuống dưới đầy tí xíu. Ờ, với cái",,2026-06-04 05:51:47.124748+00,vi
2497,hArnl8kI7DI,844.639,849.079,thiết kế của chiếc Limo Green này thì nó,,2026-06-04 05:51:47.124748+00,vi
2498,hArnl8kI7DI,846.44,851.16,cho cảm giác rằng chiếc xe này nó rộng,,2026-06-04 05:51:47.124748+00,vi
2499,hArnl8kI7DI,849.079,853.04,rãi. Hôm nay mới được ngồi trong chiếc,,2026-06-04 05:51:47.124748+00,vi
2534,7Lm-Rpw0Zl0,18.68,22,"được hai người lớn, để chân như thế này",,2026-06-04 05:51:47.124748+00,vi
2535,7Lm-Rpw0Zl0,20.359,24.199,và điều hòa thì mắt rượi. Hàng ghế thứ,,2026-06-04 05:51:47.124748+00,vi
2536,7Lm-Rpw0Zl0,22,26.24,"hai ngả lưng thoải mái, đầu gối thừa cả",,2026-06-04 05:51:47.124748+00,vi
2537,7Lm-Rpw0Zl0,24.199,27.96,găng tay. Dù là xe dịch vụ nhưng Limo,,2026-06-04 05:51:47.124748+00,vi
2538,7Lm-Rpw0Zl0,26.24,29.92,Green lái lại khá là thích. Vô lăng phản,,2026-06-04 05:51:47.124748+00,vi
2539,7Lm-Rpw0Zl0,27.96,32.119,"hồi nhanh nhạy, ga và phanh đều mượt mà",,2026-06-04 05:51:47.124748+00,vi
2540,7Lm-Rpw0Zl0,29.92,33.879,không sợ khách bị say xe. Xe dịch vụ mà,,2026-06-04 05:51:47.124748+00,vi
2541,7Lm-Rpw0Zl0,32.119,35.719,"treo sau là liên kết đa điểm, dập tắt",,2026-06-04 05:51:47.124748+00,vi
2542,7Lm-Rpw0Zl0,33.879,37.44,"dao động nhanh, không bị bồng bềnh. Mất",,2026-06-04 05:51:47.124748+00,vi
2543,7Lm-Rpw0Zl0,35.719,39.96,nhiều nhất chắc là mất công độ xe. Trang,,2026-06-04 05:51:47.124748+00,vi
2544,7Lm-Rpw0Zl0,37.44,41.6,"bị gốc của mẫu xe này chỉ có ghế nỉ, vô",,2026-06-04 05:51:47.124748+00,vi
2545,7Lm-Rpw0Zl0,39.96,43.12,"lăng thì chống trơn, không màn hình đằng",,2026-06-04 05:51:47.124748+00,vi
2546,7Lm-Rpw0Zl0,41.6,44.76,sau luôn. Có mỗi một cái màn hình 10,,2026-06-04 05:51:47.124748+00,vi
2547,7Lm-Rpw0Zl0,43.12,46.32,inch ở đây nhưng mà độ phản hồi cũng,,2026-06-04 05:51:47.124748+00,vi
2548,7Lm-Rpw0Zl0,44.76,48.44,không được nhanh nhạy lắm. Không Apple,,2026-06-04 05:51:47.124748+00,vi
2549,7Lm-Rpw0Zl0,46.32,50.079,"CarPlay, không Auto, không có túi khí ở",,2026-06-04 05:51:47.124748+00,vi
2550,7Lm-Rpw0Zl0,48.44,52.239,"phía sau, không cruise control, không",,2026-06-04 05:51:47.124748+00,vi
2551,7Lm-Rpw0Zl0,50.079,53.92,"adust. Mâm thì ốp nhựa, không có gương",,2026-06-04 05:51:47.124748+00,vi
2552,7Lm-Rpw0Zl0,52.239,55.32,gập điện. Nhìn chung là để có đầy đủ,,2026-06-04 05:51:47.124748+00,vi
2553,7Lm-Rpw0Zl0,53.92,58.64,trang bị mà dùng thì các bác phải thêm,,2026-06-04 05:51:47.124748+00,vi
2554,7Lm-Rpw0Zl0,55.32,58.64,tầm 30 đến 40 triệu nữa.,,2026-06-04 05:51:47.124748+00,vi
2555,0TZjJ4OCunU,0.48,4.4,Trước mắt các bạn đây là mẫu xe VinFast,,2026-06-04 05:51:47.124748+00,vi
2556,0TZjJ4OCunU,2.399,6.08,Limo Green. Mẫu xe này đã chính thức,,2026-06-04 05:51:47.124748+00,vi
2557,0TZjJ4OCunU,4.4,8.04,được giao đến những khách hàng đầu tiên,,2026-06-04 05:51:47.124748+00,vi
2558,0TZjJ4OCunU,6.08,10.44,đặt cọc sớm ngay từ tháng ba vừa qua,,2026-06-04 05:51:47.124748+00,vi
2559,0TZjJ4OCunU,8.04,12.28,thông qua công ty GSM. Trong số này thì,,2026-06-04 05:51:47.124748+00,vi
2560,0TZjJ4OCunU,10.44,13.839,có cả các khách hàng cá nhân cũng như là,,2026-06-04 05:51:47.124748+00,vi
2561,0TZjJ4OCunU,12.28,16.199,các khách hàng doanh nghiệp vận tải tư,,2026-06-04 05:51:47.124748+00,vi
2562,0TZjJ4OCunU,13.839,18.359,nhân. Ngoài ra thì công ty Xan SM sắp,,2026-06-04 05:51:47.124748+00,vi
2563,0TZjJ4OCunU,16.199,20.439,tới cũng sẽ bổ sung mẫu xe này để phục,,2026-06-04 05:51:47.124748+00,vi
2564,0TZjJ4OCunU,18.359,22.88,vụ khách hàng trên toàn quốc. Limorin là,,2026-06-04 05:51:47.124748+00,vi
2565,0TZjJ4OCunU,20.439,24.84,mẫu xe điện bảy chỗ đầu tiên của VinFast,,2026-06-04 05:51:47.124748+00,vi
2566,0TZjJ4OCunU,22.88,27.279,hướng đến các khách hàng mua xe phục vụ,,2026-06-04 05:51:47.124748+00,vi
2567,0TZjJ4OCunU,24.84,28.76,cho mục đích kinh doanh vận tải. Vì vậy,,2026-06-04 05:51:47.124748+00,vi
2568,0TZjJ4OCunU,27.279,30.48,khi được đưa ra thị trường thì mẫu xe,,2026-06-04 05:51:47.124748+00,vi
2569,0TZjJ4OCunU,28.76,33.36,này sẽ cạnh tranh cùng với những đối thủ,,2026-06-04 05:51:47.124748+00,vi
2570,0TZjJ4OCunU,30.48,36.16,"như là Mitsubishi Xpander, Toyota Velos",,2026-06-04 05:51:47.124748+00,vi
2571,0TZjJ4OCunU,33.36,39.2,"Rot, Suzuki Estiga trong phân khúc xe",,2026-06-04 05:51:47.124748+00,vi
2572,0TZjJ4OCunU,36.16,40.64,Miv bảy chỗ chuyên chạy dịch vụ. So với,,2026-06-04 05:51:47.124748+00,vi
2573,0TZjJ4OCunU,39.2,42.84,những mẫu xe xăng truyền thống thì,,2026-06-04 05:51:47.124748+00,vi
2574,0TZjJ4OCunU,40.64,46.559,VinFast Limorin sở hữu kích thước to lớn,,2026-06-04 05:51:47.124748+00,vi
2575,0TZjJ4OCunU,42.84,47.879,hơn với chiều dài cơ sở lên đến 2840 mm.,,2026-06-04 05:51:47.124748+00,vi
2576,0TZjJ4OCunU,46.559,49.879,Không gian bên trong thì cực kỳ rộng,,2026-06-04 05:51:47.124748+00,vi
2577,0TZjJ4OCunU,47.879,51.8,"rãi, thoải mái cho cả bảy người ngồi với",,2026-06-04 05:51:47.124748+00,vi
2578,0TZjJ4OCunU,49.879,53.719,khoa hành lý lớn. Thiết kế của xe thì,,2026-06-04 05:51:47.124748+00,vi
2579,0TZjJ4OCunU,51.8,56.039,"thực sự tối giãn, phần đầu sở hữu dải",,2026-06-04 05:51:47.124748+00,vi
2580,0TZjJ4OCunU,53.719,58,đèn định vị led mỏng. Đây cũng là đèn xi,,2026-06-04 05:51:47.124748+00,vi
2581,0TZjJ4OCunU,56.039,60.16,nhan của chiếc xe. Bên dưới sẽ là đèn,,2026-06-04 05:51:47.124748+00,vi
2582,0TZjJ4OCunU,58,62.28,pha cốt. Phần đuôi phía sau thì nhìn,,2026-06-04 05:51:47.124748+00,vi
2583,0TZjJ4OCunU,60.16,64.92,vuông vắn. Tuy nhiên nếu có đèn hậu kéo,,2026-06-04 05:51:47.124748+00,vi
2584,0TZjJ4OCunU,62.28,67.119,dài ngang thân xe thì sẽ đẹp hơn. Nội,,2026-06-04 05:51:47.124748+00,vi
2585,0TZjJ4OCunU,64.92,69.4,"thất bên trong xe thì cực kỳ đơn giản,",,2026-06-04 05:51:47.124748+00,vi
2586,0TZjJ4OCunU,67.119,71.28,"vô lăng nhựa ba chấu, không có nút bấm,",,2026-06-04 05:51:47.124748+00,vi
2587,0TZjJ4OCunU,69.4,72.92,không có màn hình hiển thị. Tất cả thông,,2026-06-04 05:51:47.124748+00,vi
2588,0TZjJ4OCunU,71.28,74.84,tin vận hành của xe sẽ được tập trung,,2026-06-04 05:51:47.124748+00,vi
2589,0TZjJ4OCunU,72.92,77.24,vào màn hình giải trí trung tâm 10.1,,2026-06-04 05:51:47.124748+00,vi
2590,0TZjJ4OCunU,74.84,80.84,inch. Màn hình này sẽ có hỗ trợ kết nối,,2026-06-04 05:51:47.124748+00,vi
2591,0TZjJ4OCunU,77.24,82.84,Wii và Bluetooth.,,2026-06-04 05:51:47.124748+00,vi
2592,0TZjJ4OCunU,80.84,85.56,Cần số dạng núm xoay sẽ được đặt ở khu,,2026-06-04 05:51:47.124748+00,vi
2593,0TZjJ4OCunU,82.84,87.88,vực bệ tỳ tay trung tâm. Chế độ B đậu xe,,2026-06-04 05:51:47.124748+00,vi
2594,0TZjJ4OCunU,85.56,89.64,được tách thành một nút rời. Vinfast,,2026-06-04 05:51:47.124748+00,vi
2595,0TZjJ4OCunU,87.88,91.56,trang bị cho Limorin một động cơ điện,,2026-06-04 05:51:47.124748+00,vi
2596,0TZjJ4OCunU,89.64,95.159,đặt ở cầu trước với công suất tối đa,,2026-06-04 05:51:47.124748+00,vi
2597,0TZjJ4OCunU,91.56,97.079,"khoảng 200 mã lực, một bên xoắn 280 Nm.",,2026-06-04 05:51:47.124748+00,vi
2598,0TZjJ4OCunU,95.159,98.88,Các thông số này theo lý thuyết thì thừa,,2026-06-04 05:51:47.124748+00,vi
2599,0TZjJ4OCunU,97.079,100.92,sức vận hành trên đường đô thị và đường,,2026-06-04 05:51:47.124748+00,vi
2600,0TZjJ4OCunU,98.88,105.04,trường ở Việt Nam. Hệ thống pin được,,2026-06-04 05:51:47.124748+00,vi
2601,0TZjJ4OCunU,100.92,107.84,"trang bị là LFB với dung lượng 60,13 KWh",,2026-06-04 05:51:47.124748+00,vi
2602,0TZjJ4OCunU,105.04,110.119,cho quãng đường di chuyển lên đến 450 km,,2026-06-04 05:51:47.124748+00,vi
2603,0TZjJ4OCunU,107.84,113.2,cho mỗi lần sạc. Tính năng sạc nhanh từ,,2026-06-04 05:51:47.124748+00,vi
2604,0TZjJ4OCunU,110.119,116.56,10% lên đến 70% chỉ trong vòng 30 phút,,2026-06-04 05:51:47.124748+00,vi
2605,0TZjJ4OCunU,113.2,118.2,với đầu sạc DC 80 kW.,,2026-06-04 05:51:47.124748+00,vi
2606,0TZjJ4OCunU,116.56,120.92,Trang bị tiện nghi của mẫu xe này cũng ở,,2026-06-04 05:51:47.124748+00,vi
2607,0TZjJ4OCunU,118.2,123,mức cơ bản với ghế bọc vải chỉnh cơ.,,2026-06-04 05:51:47.124748+00,vi
1009,nOpmGFkntb4,340.02,342.66,ສໍາ ລັບອາຫານທ່ຽງ,,2026-06-04 05:51:47.124748+00,unknown
2608,0TZjJ4OCunU,120.92,125.36,"Hàng ghế phía sau có thể gặp một chạm,",,2026-06-04 05:51:47.124748+00,vi
2609,0TZjJ4OCunU,123,128.64,có cửa gió riêng với cổng sạc USB A và,,2026-06-04 05:51:47.124748+00,vi
2610,0TZjJ4OCunU,125.36,130.239,"USBC, camera lùi. Về các tính năng an",,2026-06-04 05:51:47.124748+00,vi
2611,0TZjJ4OCunU,128.64,132,toàn thì Vinfat Lim Morin sẽ được trang,,2026-06-04 05:51:47.124748+00,vi
2612,0TZjJ4OCunU,130.239,134.08,bị các tính năng như là chống bó cứng,,2026-06-04 05:51:47.124748+00,vi
2613,0TZjJ4OCunU,132,136.16,"phanh, phân phối lực phanh điện tử, hỗ",,2026-06-04 05:51:47.124748+00,vi
2614,0TZjJ4OCunU,134.08,137.959,"trợ phanh khẩn cấp, cân bằng điện tử,",,2026-06-04 05:51:47.124748+00,vi
2615,0TZjJ4OCunU,136.16,139.879,"kiểm soát lực kéo, hỗ trợ khởi hành",,2026-06-04 05:51:47.124748+00,vi
2616,0TZjJ4OCunU,137.959,141.68,ngang dốc. Limorin hiện nay đang được,,2026-06-04 05:51:47.124748+00,vi
2617,0TZjJ4OCunU,139.879,144.4,bán với duy nhất một phiên bản và đi kèm,,2026-06-04 05:51:47.124748+00,vi
2618,0TZjJ4OCunU,141.68,146.56,với mức giá là 749 triệu đồng. Đây sẽ là,,2026-06-04 05:51:47.124748+00,vi
2619,0TZjJ4OCunU,144.4,148.16,"mẫu xe chiến lược của Vinfast, đáp ứng",,2026-06-04 05:51:47.124748+00,vi
2620,0TZjJ4OCunU,146.56,150.48,nhu cầu lớn của thị trường về một chiếc,,2026-06-04 05:51:47.124748+00,vi
2621,0TZjJ4OCunU,148.16,152.319,"xe điện bảy chỗ, rộng rãi, tiết kiệm.",,2026-06-04 05:51:47.124748+00,vi
2622,0TZjJ4OCunU,150.48,155.2,Đặc biệt với chính sách miễn phí sạc kéo,,2026-06-04 05:51:47.124748+00,vi
2623,0TZjJ4OCunU,152.319,157.16,dài đến tận tháng 6 năm 2027 thì đây sẽ,,2026-06-04 05:51:47.124748+00,vi
2624,0TZjJ4OCunU,155.2,159.64,là mẫu xe tối ưu cho các dịch vụ kinh,,2026-06-04 05:51:47.124748+00,vi
2625,0TZjJ4OCunU,157.16,159.64,doanh vận tải.,,2026-06-04 05:51:47.124748+00,vi
1378,moNqhkSmNNg,171.2,175.36,provincial electrical authority or,,2026-06-04 05:51:47.124748+00,en
1001,nOpmGFkntb4,291.48,296.1,ຮ້ານຄາເຟ່ ແລະເບິ່ງຄືວ່າເຮົາກຳລັງຈະໄປຄາເຟ່ທາງນອກ ໂອ້ຍ ພວກເຮົາມາຢູ່ນີ້,,2026-06-04 05:51:47.124748+00,unknown
1002,nOpmGFkntb4,298.56,304.44,ດີ ທັນທີທີ່ເຈົ້າປິດ AC ຂອງເຄື່ອງຈັກອອກ ພວກມັນເຫື່ອອອກຫຼາຍຢູ່ບ່ອນນັ້ນ ພວກເຮົາ,,2026-06-04 05:51:47.124748+00,unknown
1003,nOpmGFkntb4,304.44,309.96,ຈຶ່ງໄປຮ້ານກາເຟ ແລະຂ້ອຍສາມາດ ເຫັນພູມສັນຖານຢູ່ທີ່ນີ້ເບິ່ງດີຫຼາຍ ມັນສຽງສັ່ນສະເທືອນຫຼາຍ ຂ້ອຍ,,2026-06-04 05:51:47.124748+00,unknown
1004,nOpmGFkntb4,309.96,315,ໄດ້ຍິນສຽງດົນຕີຫຼີ້ນມັນເບິ່ງງາມຫຼາຍ ໂອ້ຍແລ້ວລັອກລູກນ້ອຍຂອງພວກເຮົາພວກເຮົາບໍ່ໄດ້ຕັ້ງຊື່ມັນ oh,,2026-06-04 05:51:47.124748+00,unknown
1005,nOpmGFkntb4,315,319.02,ພວກເຮົາຕ້ອງເອີ້ນມັນວ່າ macaron ຂ້ອຍຮູ້ສຶກວ່າມັນບໍ່ປະດິດຫຼາຍເພາະວ່ານັ້ນແມ່ນມັນແທ້ໆ.,,2026-06-04 05:51:47.124748+00,unknown
1006,nOpmGFkntb4,319.02,323.28,ຊື່ແລ້ວ Mac ຫຼື Mikey macaroon Mikey macaron Mikey ໄດ້ Macaron ໂອ້ຍຂ້ອຍ,,2026-06-04 05:51:47.124748+00,so
1007,nOpmGFkntb4,323.28,326.94,ມັກທີ່ວ່າຕົວຈິງແລ້ວເຫມາະສົມກັບ,,2026-06-04 05:51:47.124748+00,unknown
1008,nOpmGFkntb4,335.28,340.02,ກາເຟທີ່ມີຄວາມສຸກທີ່ພວກເຮົາໄດ້ຮັບຄວາມຫວານຊື່ນ,,2026-06-04 05:51:47.124748+00,unknown
1143,Jja5en9n9pw,116.36,121.6,เลย,,2026-06-04 05:51:47.124748+00,th
1315,Jja5en9n9pw,628.04,631.04,กัน,,2026-06-04 05:51:47.124748+00,th
1501,moNqhkSmNNg,495.28,500.4,"play. So you unplug it from the charger,",,2026-06-04 05:51:47.124748+00,en
1502,moNqhkSmNNg,497.84,502.879,"you plug it in your car, you get out",,2026-06-04 05:51:47.124748+00,fr
1503,moNqhkSmNNg,500.4,506.8,"your phone, and there's going to be a QR",,2026-06-04 05:51:47.124748+00,en
1504,moNqhkSmNNg,502.879,509.12,code and you just click on that and away,,2026-06-04 05:51:47.124748+00,en
1505,moNqhkSmNNg,506.8,511.599,you go. Pretty well every app works the,,2026-06-04 05:51:47.124748+00,en
1506,moNqhkSmNNg,509.12,514.24,"same way. Uh so yeah, here I had to",,2026-06-04 05:51:47.124748+00,so
1507,moNqhkSmNNg,511.599,517.68,choose the wallet I was going to use and,,2026-06-04 05:51:47.124748+00,en
1508,moNqhkSmNNg,514.24,520.159,then I had to confirm that and then I,,2026-06-04 05:51:47.124748+00,en
1509,moNqhkSmNNg,517.68,522.159,had to click start charging. So after,,2026-06-04 05:51:47.124748+00,en
1510,moNqhkSmNNg,520.159,524.8,"doing all that, yeah, it eventually",,2026-06-04 05:51:47.124748+00,en
1511,moNqhkSmNNg,522.159,527.76,started charging. Did the handshake. Oh,,2026-06-04 05:51:47.124748+00,en
1512,moNqhkSmNNg,524.8,529.36,"no, I'm starting here at 22%. Okay, so",,2026-06-04 05:51:47.124748+00,tl
1513,moNqhkSmNNg,527.76,532.72,let's see how long it takes to get to,,2026-06-04 05:51:47.124748+00,en
1514,moNqhkSmNNg,529.36,535.44,"full, but alas, look at this. This is",,2026-06-04 05:51:47.124748+00,en
1515,moNqhkSmNNg,532.72,538.56,"supposed to be 240 kilowatt, but it's",,2026-06-04 05:51:47.124748+00,en
1516,moNqhkSmNNg,535.44,541.6,"only charging at 40 kilow now. Okay, the",,2026-06-04 05:51:47.124748+00,en
1517,moNqhkSmNNg,538.56,544,"Cine 7, I do think it's limited at 150.",,2026-06-04 05:51:47.124748+00,en
1518,moNqhkSmNNg,541.6,545.839,Should be 150 then. There's nobody else,,2026-06-04 05:51:47.124748+00,en
1844,moNqhkSmNNg,1366.48,1370.36,one. Bye for now.,,2026-06-04 05:51:47.124748+00,en
1867,j41GKdcPhMM,3.649,6.97,นาที,,2026-06-04 05:51:47.124748+00,th
2001,99ZI6yDVOrA,313.37,317.87,그 엔진으로 하는 자동차에 대해서,,2026-06-04 05:51:47.124748+00,ko
2002,99ZI6yDVOrA,315.98,319.88,비중을 많이 주고 있는 것 같아요,,2026-06-04 05:51:47.124748+00,ko
2003,99ZI6yDVOrA,317.87,322.76,그걸 하이브리드 하지만 이제 중국차,,2026-06-04 05:51:47.124748+00,ko
2076,99ZI6yDVOrA,513.55,549.69,해보겠습니다,,2026-06-04 05:51:47.124748+00,ko
2296,hArnl8kI7DI,424,427.919,VDS,,2026-06-04 05:51:47.124748+00,de
2501,hArnl8kI7DI,853.04,856.72,nhìn bên ngoài thôi. Và cái điểm chê của,,2026-06-04 05:51:47.124748+00,vi
2502,hArnl8kI7DI,855.12,858.199,mình cho chiếc xe này là gì? Nói thiệt á,,2026-06-04 05:51:47.124748+00,vi
2503,hArnl8kI7DI,856.72,860.44,là chiếc Limo Green là một chiếc xe có,,2026-06-04 05:51:47.124748+00,vi
2504,hArnl8kI7DI,858.199,862.399,"thể sạc miễn phí, tiết kiệm, không gian",,2026-06-04 05:51:47.124748+00,vi
2505,hArnl8kI7DI,860.44,863.959,"rộng rãi, thương hiệu của Việt Nam.",,2026-06-04 05:51:47.124748+00,vi
4,cuFkQBe26mM,36,41.52,อรุณสวัสดิ์เช้าวันที่ 2 ของการเดินทาง,,2026-06-04 05:51:47.124748+00,th
5,cuFkQBe26mM,38.44,44.039,ครับวันนี้เรากำลังจะข้ามไปประเทศลาวนะ,,2026-06-04 05:51:47.124748+00,th
6,cuFkQBe26mM,41.52,45.8,ครับตอนนี้เราอยู่ที่ด่านพรมแดนหนองคาย,,2026-06-04 05:51:47.124748+00,th
7,cuFkQBe26mM,44.039,48.079,ตอนนี้เรากำลังจะยื่นเอกสารแล้วนะครับ,,2026-06-04 05:51:47.124748+00,th
8,cuFkQBe26mM,45.8,51.48,ซึ่งเอกสารที่เราเตรียมเนี่ยจะต้องเตรียม,,2026-06-04 05:51:47.124748+00,th
9,cuFkQBe26mM,48.079,53.28,เอกสารสำหรับรถแล้วก็สำหรับคนด้วยตอนแรก,,2026-06-04 05:51:47.124748+00,th
10,cuFkQBe26mM,51.48,56.719,เนี่ยเดี๋ยวเราจะต้องไปทำถ้าเกิดยังไม่,,2026-06-04 05:51:47.124748+00,th
11,cuFkQBe26mM,53.28,58.92,เคยข้ามนะครับเดี๋ยวเราจะต้องทำตัว QR,,2026-06-04 05:51:47.124748+00,th
12,cuFkQBe26mM,56.719,62.84,coe สำหรับตัวพาสปอร์ตรถกันก่อนแล้วก็,,2026-06-04 05:51:47.124748+00,th
13,cuFkQBe26mM,58.92,65.92,เดี๋ยวเราจะไปชอบที่ไหนนะ 4D  4D สำหรับ,,2026-06-04 05:51:47.124748+00,th
14,cuFkQBe26mM,62.84,69.32,คนอ่า 4D สำหรับคนไปยื่นเอกสารสำหรับคนนะ,,2026-06-04 05:51:47.124748+00,th
15,cuFkQBe26mM,65.92,71.72,ครับแล้วก็6ดีศุลกรสำหรับ 6d สำหรับรถนะ,,2026-06-04 05:51:47.124748+00,th
16,cuFkQBe26mM,69.32,74.159,ครับเดี๋ยวเรามาสรุปเอกสารให้ฟังอีกทีนะ,,2026-06-04 05:51:47.124748+00,th
17,cuFkQBe26mM,71.72,76,ครับว่ามันจะมีอะไรบ้างนะครับก็จะมีอ่ะ,,2026-06-04 05:51:47.124748+00,th
18,cuFkQBe26mM,74.159,78.119,ไม่เป็นไรเดี๋ยวผมขึ้นรายละเอียดให้แล้ว,,2026-06-04 05:51:47.124748+00,th
19,cuFkQBe26mM,76,80.159,กันเพราะเพราะถ้าพูดมันมันน่าจะยาวนะครับ,,2026-06-04 05:51:47.124748+00,th
20,cuFkQBe26mM,78.119,82.799,ว่าเราจะต้องเตรียมเอกสารอะไรไปบ้าง,,2026-06-04 05:51:47.124748+00,th
21,cuFkQBe26mM,80.159,85,เดี๋ยวตอนนี้เราขอไปทำเอกสารเรื่องรถแล้ว,,2026-06-04 05:51:47.124748+00,th
22,cuFkQBe26mM,82.799,86.799,ข้ามแดนผ่านไปก่อนนะครับแล้วเดี๋ยวเราจะ,,2026-06-04 05:51:47.124748+00,th
23,cuFkQBe26mM,85,89.32,มาเล่าให้ฟังตอนนี้เริ่มอันนี้ฝั่งไทย,,2026-06-04 05:51:47.124748+00,th
24,cuFkQBe26mM,86.799,92.52,ก่อนอ่าฝั่งไทยก่อนนะครับแล้วเดี๋ยวเราก็,,2026-06-04 05:51:47.124748+00,th
25,cuFkQBe26mM,89.32,94.2,ไปทำฝั่งฝั่งาอีกทีเดี๋ยวไปทำเอกสารแล้ว,,2026-06-04 05:51:47.124748+00,th
26,cuFkQBe26mM,92.52,97.56,เดี๋ยวมาเล่าให้ฟังอีกทีครับตอนนี้เริ่ม,,2026-06-04 05:51:47.124748+00,th
27,cuFkQBe26mM,94.2,116.77,ตื่นเต้นะไปทำเอกสารก่อน,,2026-06-04 05:51:47.124748+00,th
28,cuFkQBe26mM,97.56,116.77,[เพลง],,2026-06-04 05:51:47.124748+00,th
29,cuFkQBe26mM,118.84,155.209,ครับเ,,2026-06-04 05:51:47.124748+00,th
30,cuFkQBe26mM,121.17,155.209,[เพลง],,2026-06-04 05:51:47.124748+00,th
31,cuFkQBe26mM,161.09,164.139,[เพลง],,2026-06-04 05:51:47.124748+00,th
32,cuFkQBe26mM,166.66,172.4,[เพลง],,2026-06-04 05:51:47.124748+00,th
33,cuFkQBe26mM,168.12,175.4,ขวาหรือซ้ายก็ได้ขวาะกันขวาเหรอเอ้ยอัน,,2026-06-04 05:51:47.124748+00,th
34,cuFkQBe26mM,172.4,178,ไหนวะอันไหนเนี่ยซ้ายก็ได้อ่ะซ้ายมันไม่,,2026-06-04 05:51:47.124748+00,th
35,cuFkQBe26mM,175.4,182.56,รู้มันมีไม้กั้น 2 อันก็ไม่รู้ว่าอันไหน,,2026-06-04 05:51:47.124748+00,th
36,cuFkQBe26mM,178,187.84,แต่ต้องจอดอ่ะไม่รู้ว่าคนอยู่ไหนยังไงต่อ,,2026-06-04 05:51:47.124748+00,th
37,cuFkQBe26mM,182.56,189.56,นี้รเปล่างงมาก 20 บาทค่ะ 20 บาทงงไม่,,2026-06-04 05:51:47.124748+00,th
38,cuFkQBe26mM,187.84,191.44,ต้องงงอย่าเพิ่งงง,,2026-06-04 05:51:47.124748+00,th
39,cuFkQBe26mM,189.56,193,อ่ะ,,2026-06-04 05:51:47.124748+00,th
40,cuFkQBe26mM,191.44,198.519,20,,2026-06-04 05:51:47.124748+00,unknown
41,cuFkQBe26mM,193,202.36,ขอบครออะไรลไปเสร็จได้แล้วนเหรอเออเอางงเ,,2026-06-04 05:51:47.124748+00,th
42,cuFkQBe26mM,198.519,204.44,ก็ังไครั้งแรกเ,,2026-06-04 05:51:47.124748+00,th
43,cuFkQBe26mM,202.36,208.879,ก็ทำไม,,2026-06-04 05:51:47.124748+00,th
44,cuFkQBe26mM,204.44,211.84,วะทำไมไม่ใช้กล้องหน้าตลกกว่าไม่เป็นไร,,2026-06-04 05:51:47.124748+00,th
45,cuFkQBe26mM,208.879,215.36,เนี่ยเราได้เห็นทางเิโออยากเห็นหน้าคน,,2026-06-04 05:51:47.124748+00,th
46,cuFkQBe26mM,211.84,218.4,เป็นอย่างงี้ครับบอร์เอคตอนนี้เราข้าม,,2026-06-04 05:51:47.124748+00,th
47,cuFkQBe26mM,215.36,221.48,ผ่านมาแล้วยังยังไม่ข้ามเราเพิ่งแบบจ่าย,,2026-06-04 05:51:47.124748+00,th
48,cuFkQBe26mM,218.4,224.439,ค่าผ่านทางเราอยู่เมืองไทยอยู่จ้าอเรายัง,,2026-06-04 05:51:47.124748+00,th
49,cuFkQBe26mM,221.48,224.439,ไม่ได้ไปฝั่งนี้,,2026-06-04 05:51:47.124748+00,th
50,cuFkQBe26mM,225.519,233.319,เลยอ่าเรากำลังข้ามสะพานมิตรภาพไทยลาว,,2026-06-04 05:51:47.124748+00,th
51,cuFkQBe26mM,230.519,236.36,แล้วนะครับโอ้โหหลังจากเสียเวลามามาถึง,,2026-06-04 05:51:47.124748+00,th
52,cuFkQBe26mM,233.319,238.84,นี่้าประมาณ 99:00 น 11:30 นยังไม่ได้,,2026-06-04 05:51:47.124748+00,th
53,cuFkQBe26mM,236.36,243,ข้ามเลยครับเนี่ยประมาณตอนนี้ประมาณ 11:30,,2026-06-04 05:51:47.124748+00,th
54,cuFkQBe26mM,238.84,247.48,นแล้วเพิ่งจะได้ข้ามเนี่ยครับนี่ครั้งแรก,,2026-06-04 05:51:47.124748+00,th
55,cuFkQBe26mM,243,251.519,เลยก็คือการขับรถข้ามประเทศเมากดู,,2026-06-04 05:51:47.124748+00,th
56,cuFkQBe26mM,247.48,254.04,บรรยากาศไปก่อนครับการข้ามาไทยลาวตอนนี้,,2026-06-04 05:51:47.124748+00,th
57,cuFkQBe26mM,251.519,260.6,เราอยู่ฝั่งไทยอยู่ครับแล้วก็กำลังอยู่,,2026-06-04 05:51:47.124748+00,th
58,cuFkQBe26mM,254.04,263.6,กลางแม่น้ำโขงนะครับเรากำลังจะนไปฝั่งลาว,,2026-06-04 05:51:47.124748+00,th
59,cuFkQBe26mM,260.6,263.6,แล้ว,,2026-06-04 05:51:47.124748+00,th
60,cuFkQBe26mM,265.84,274.68,แย้เรา้ามาฝั่งลตอนนี้เรา้ามาฝั่งเอาแล้ว,,2026-06-04 05:51:47.124748+00,th
61,cuFkQBe26mM,270.12,278.08,ครับนี่ทีนี้เราจะต้องขับขวาแล้วล่ะนะ,,2026-06-04 05:51:47.124748+00,th
62,cuFkQBe26mM,274.68,281.639,ครับอไม่เป็นไรโอเคเดี๋ยวเราจะไปลุ้นกัน,,2026-06-04 05:51:47.124748+00,th
63,cuFkQBe26mM,278.08,284.16,ที่ตมฝั่งลาวต่อค่ะออตอนนี้เราอยู่ฝั่ง,,2026-06-04 05:51:47.124748+00,th
64,cuFkQBe26mM,281.639,284.16,ลาวแล้วนะ,,2026-06-04 05:51:47.124748+00,th
65,cuFkQBe26mM,284.84,291.52,ครับเราไปถึงตมฝั่งาเราจะต้องทำอะไรบ้าง,,2026-06-04 05:51:47.124748+00,th
66,cuFkQBe26mM,288.24,295.68,น้องจตรวจเมืองตรวจขเข้าเมืองก่อนใช่มย,,2026-06-04 05:51:47.124748+00,th
67,cuFkQBe26mM,291.52,299,แล้วเราก็จะไปหาร้านแลกเงินเอาเอาสเต็ป,,2026-06-04 05:51:47.124748+00,th
68,cuFkQBe26mM,295.68,303.8,แรกก่อนนก็มก่อนไงแล้วก็จะไปหาร้านแรก,,2026-06-04 05:51:47.124748+00,th
69,cuFkQBe26mM,299,307.039,เงินโอเคมาลงมาเสร็จปั๊บทีนี้ภาษาไทยจะ,,2026-06-04 05:51:47.124748+00,th
70,cuFkQBe26mM,303.8,307.039,ใช้ไม่ได้แล้วนะคะคุณผู้,,2026-06-04 05:51:47.124748+00,th
71,cuFkQBe26mM,307.16,315.16,ชมก่อนนะเข้าใจว่าน่าจะต้องจอดหรือยังไง,,2026-06-04 05:51:47.124748+00,th
72,cuFkQBe26mM,312.52,315.16,ก่อน,,2026-06-04 05:51:47.124748+00,th
73,cuFkQBe26mM,318.6,328.7,แล้วน่าจะต้องไปตามทางเขไปก่อน,,2026-06-04 05:51:47.124748+00,th
74,cuFkQBe26mM,322.84,330.12,เนาะใช่ใช่มใช่แล้วมาคันหน้าเลยด้วย,,2026-06-04 05:51:47.124748+00,th
75,cuFkQBe26mM,328.7,333.4,[เพลง],,2026-06-04 05:51:47.124748+00,th
76,cuFkQBe26mM,330.12,336.56,เราวิ่งถูกเลนใช่มยเออถูกเลนใช่มตอนนี้,,2026-06-04 05:51:47.124748+00,th
77,cuFkQBe26mM,333.4,340.16,น่าจะต้องขวาแล้วใช่มยเราขวาไปก่อนแล้ว,,2026-06-04 05:51:47.124748+00,th
78,cuFkQBe26mM,336.56,345.039,กันนะครับเส้นทางนี้มันไม่มีเพื่อนเลยอ่ะ,,2026-06-04 05:51:47.124748+00,th
79,cuFkQBe26mM,340.16,347.919,เออมันช่างเดียวดายซะเหลือเกินเอคเข้าใจ,,2026-06-04 05:51:47.124748+00,th
80,cuFkQBe26mM,345.039,351.36,ป่ะน่าจะตงอันนี้เป็นอันนี้เป็นตมแน่นอน,,2026-06-04 05:51:47.124748+00,th
81,cuFkQBe26mM,347.919,354.199,อ่าอันนี้ตมแล้วก็เห้ามเลี้ยวขวาเอ้ยห้าม,,2026-06-04 05:51:47.124748+00,th
82,cuFkQBe26mM,351.36,358.639,เลี้ยวซ้ายตรงนก่อนแล้วยังไงต่อตรงไปก่อน,,2026-06-04 05:51:47.124748+00,th
83,cuFkQBe26mM,354.199,362.759,เราคงต้องตรงไปใช่ๆแล้วยัง,,2026-06-04 05:51:47.124748+00,th
84,cuFkQBe26mM,358.639,366.22,ไงเออไวท,,2026-06-04 05:51:47.124748+00,th
85,cuFkQBe26mM,362.759,370,ค่ะเดี๋ยวขอจอดตั้งสติแป๊บ,,2026-06-04 05:51:47.124748+00,th
86,cuFkQBe26mM,366.22,374.479,[เพลง],,2026-06-04 05:51:47.124748+00,th
87,cuFkQBe26mM,370,378.16,นึงอยู่ลาวแล้วนะครับตอนนี้ข้ามผ่านมาได้,,2026-06-04 05:51:47.124748+00,th
88,cuFkQBe26mM,374.479,381.44,ด้วยดีเกือบจะไม่ดีเอกสารขาดไปขาดมาตอน,,2026-06-04 05:51:47.124748+00,th
89,cuFkQBe26mM,378.16,383.919,นี้ถามว่าเอกสเอกสารอะไรบ้างจำไม่ได้แล้ว,,2026-06-04 05:51:47.124748+00,th
90,cuFkQBe26mM,381.44,385.68,นะครับเดี๋ยวผมทิ้งลิงก์ไวให้ดูของคนอื่น,,2026-06-04 05:51:47.124748+00,th
91,cuFkQBe26mM,383.919,389.56,แล้วกันว่ามันต้องใช้เอกสารอะไรบ้างนะ,,2026-06-04 05:51:47.124748+00,th
92,cuFkQBe26mM,385.68,392.639,ครับมันจะมีเรื่องของอาตมสกอเรื่องของตม 2,,2026-06-04 05:51:47.124748+00,th
93,cuFkQBe26mM,389.56,395.72,ตม 3 ตม 4 เยอะแยะวุ่นวายวืดวือด้วยความ,,2026-06-04 05:51:47.124748+00,th
94,cuFkQBe26mM,392.639,398.72,ที่ว่าเราอ่ะเออไปยืมเล่มเ้ามาด้วยแหละ,,2026-06-04 05:51:47.124748+00,th
95,cuFkQBe26mM,395.72,401.84,ใช่ยืมเล่มเมาก็เลยต้องมีเรื่องของใบเบ,,2026-06-04 05:51:47.124748+00,th
96,cuFkQBe26mM,398.72,405.039,อำนาจที่จะต้องใช้อากรแซม 10 บาทวแบ่ง,,2026-06-04 05:51:47.124748+00,th
274,cuFkQBe26mM,1056.49,1069.22,[เพลง],,2026-06-04 05:51:47.124748+00,th
97,cuFkQBe26mM,401.84,408.8,เป็น 3 ชุดแบ่งให้กรมสุนแบ่งให้ตมแล้วก็,,2026-06-04 05:51:47.124748+00,th
98,cuFkQBe26mM,405.039,410.96,ขนส่งอ่าแต่ยังโชคดีที่เรามีเจ้าหน้าที่,,2026-06-04 05:51:47.124748+00,th
99,cuFkQBe26mM,408.8,413.8,ใช่ใจดีช่วยเหลือเราอยู่ใจดีช่วยเหลือ,,2026-06-04 05:51:47.124748+00,th
100,cuFkQBe26mM,410.96,416.36,ตลอดนะครับน้องเถามว่านี่ยังไม่ได้ไปอีก,,2026-06-04 05:51:47.124748+00,th
101,cuFkQBe26mM,413.8,418.479,เหรอบอกเอายังเลยครับพี่ผมคาดว่าจะข้าม,,2026-06-04 05:51:47.124748+00,th
102,cuFkQBe26mM,416.36,421.08,ประมาณสัก 1:00 นได้เคก็หัวเราะแล้วเช่วย,,2026-06-04 05:51:47.124748+00,th
103,cuFkQBe26mM,418.479,424.12,จัดเอกสารออะไรขาดเหลือเคช่วยเราตอนนี้,,2026-06-04 05:51:47.124748+00,th
104,cuFkQBe26mM,421.08,426.72,เราข้ามมาอยู่ฝั่งลาวแล้วนะครับก็เดี๋ยว,,2026-06-04 05:51:47.124748+00,th
105,cuFkQBe26mM,424.12,430.199,เราคงต้องไปทำเอกสารก่อนตอนนี้เรายังงง,,2026-06-04 05:51:47.124748+00,th
106,cuFkQBe26mM,426.72,433.08,เรื่องของเลนสเรื่องของว่าเราจะต้องไปติด,,2026-06-04 05:51:47.124748+00,th
107,cuFkQBe26mM,430.199,435.759,ต่อที่ไหนเดี๋ยวผมขอดูรายละเอียดอีกทีนึง,,2026-06-04 05:51:47.124748+00,th
108,cuFkQBe26mM,433.08,438.16,แล้วก็เมื่อกี้ขับมาคันเดียวด้วยแหละเลย,,2026-06-04 05:51:47.124748+00,th
109,cuFkQBe26mM,435.759,441.039,ไม่รู้ว่าเราจะต้องไปไหนต่อนะครับโอเค,,2026-06-04 05:51:47.124748+00,th
110,cuFkQBe26mM,438.16,445.639,เดี๋ยวขอไปทำเรื่องเอกสารต่อที่ฝั่งาว,,2026-06-04 05:51:47.124748+00,th
111,cuFkQBe26mM,441.039,449.52,ครับเราดูคลิปครับไปดูไปนะครับก็ได้ความ,,2026-06-04 05:51:47.124748+00,th
112,cuFkQBe26mM,445.639,452.84,ว่าพอเราออกมาแล้วเดี๋ยวเราคนขคงต้องไปจ,,2026-06-04 05:51:47.124748+00,th
113,cuFkQBe26mM,449.52,457.919,จอดรถด้านหลังอาคารนี้นะครับเพื่อไปทำ,,2026-06-04 05:51:47.124748+00,th
114,cuFkQBe26mM,452.84,457.919,เอกสารก่อนใช่มใช่,,2026-06-04 05:51:47.124748+00,th
115,cuFkQBe26mM,459.879,470.039,ไครับนี่ก็จอดมาทางันนี้ขับไปจะเจอเจ,,2026-06-04 05:51:47.124748+00,th
116,cuFkQBe26mM,466.759,472.759,คาเราเจอเพื่อนชาวไทยแล้วนะครับตรงนี้,,2026-06-04 05:51:47.124748+00,th
117,cuFkQBe26mM,470.039,476.74,แหละแล้วก็ตง,,2026-06-04 05:51:47.124748+00,th
118,cuFkQBe26mM,472.759,481.019,นู้นลมๆม,,2026-06-04 05:51:47.124748+00,th
119,cuFkQBe26mM,476.74,481.019,[เพลง],,2026-06-04 05:51:47.124748+00,th
120,cuFkQBe26mM,485.12,488.08,ลม,,2026-06-04 05:51:47.124748+00,th
121,cuFkQBe26mM,486.24,492.479,ๆ,,2026-06-04 05:51:47.124748+00,th
122,cuFkQBe26mM,488.08,493.96,ข้างเออไปด้วยดิพี่อย่าเพิ่งหนีเข้าพ,,2026-06-04 05:51:47.124748+00,th
123,cuFkQBe26mM,492.479,499.08,พี่ี่อย่าเพิ่งไปดิ,,2026-06-04 05:51:47.124748+00,th
124,cuFkQBe26mM,493.96,502.28,พี่ไปด้วยโอเคเดี๋ยวไปกันด้วยกันนะ,,2026-06-04 05:51:47.124748+00,th
125,cuFkQBe26mM,499.08,506.4,ครับเรามีเพื่อนชาวไทยไปใกล้ๆแล้วนะครับ,,2026-06-04 05:51:47.124748+00,th
126,cuFkQBe26mM,502.28,510.7,เดี๋ยวเราขอไปทำเอกสารก่อนเหมตัวช่วยเรา,,2026-06-04 05:51:47.124748+00,th
127,cuFkQBe26mM,506.4,515.85,ต้องรีบไปก่อนนะครับโอเคเดี๋ยวเจอกันครับ,,2026-06-04 05:51:47.124748+00,th
128,cuFkQBe26mM,510.7,515.85,[เพลง],,2026-06-04 05:51:47.124748+00,th
129,cuFkQBe26mM,519.72,537.96,[เพลง],,2026-06-04 05:51:47.124748+00,th
130,cuFkQBe26mM,538.72,544.04,คไปดีนะเป็นแบบไปต่างประเทศ,,2026-06-04 05:51:47.124748+00,th
131,cuFkQBe26mM,542.06,547.88,[เพลง],,2026-06-04 05:51:47.124748+00,th
132,cuFkQBe26mM,544.04,551.74,นแล้วพี่ก็เข้าไปที่เบอร์ 5,,2026-06-04 05:51:47.124748+00,th
133,cuFkQBe26mM,547.88,594.88,ไหนที่เกำลังเข้าไปเ,,2026-06-04 05:51:47.124748+00,th
134,cuFkQBe26mM,551.74,598.279,[เพลง],,2026-06-04 05:51:47.124748+00,th
135,cuFkQBe26mM,594.88,602.64,เหมือนเรามาิดทางเลยหรอพี่หเหมือนเรามาสน,,2026-06-04 05:51:47.124748+00,th
136,cuFkQBe26mM,598.279,606.04,ทางเลยอ่ะใหรอกจริงหรอทำไมฉันรู้สึกว่า,,2026-06-04 05:51:47.124748+00,th
137,cuFkQBe26mM,602.64,609.2,ลูกศรมันชี้มาทางนี้วะจริงหรอ,,2026-06-04 05:51:47.124748+00,th
138,cuFkQBe26mM,606.04,614.36,เออจริง,,2026-06-04 05:51:47.124748+00,th
139,cuFkQBe26mM,609.2,617.56,งงจริงจริงหรอเออขขับไปก่อนหน้าด้านขับไป,,2026-06-04 05:51:47.124748+00,th
140,cuFkQBe26mM,614.36,619.03,ก่อนเขับตามมอเตอร์ไซค์อ่ะเออมอเตอร์ไซค์,,2026-06-04 05:51:47.124748+00,th
141,cuFkQBe26mM,617.56,620.839,ไปได้กูก็ไปได้อ่ะ,,2026-06-04 05:51:47.124748+00,th
142,cuFkQBe26mM,619.03,625.77,[เพลง],,2026-06-04 05:51:47.124748+00,th
143,cuFkQBe26mM,620.839,629.72,เออนี่ความคือความบันเทิงของกันไม่มีรถนำ,,2026-06-04 05:51:47.124748+00,th
144,cuFkQBe26mM,625.77,633.48,[เพลง],,2026-06-04 05:51:47.124748+00,th
145,cuFkQBe26mM,629.72,633.48,ทำไมมอไซต์หนนทางได้,,2026-06-04 05:51:47.124748+00,th
146,cuFkQBe26mM,634.2,640.12,อ่ะเมื่อกี้เมื่อสักครู่นี้ครับเราขับตาม,,2026-06-04 05:51:47.124748+00,th
147,cuFkQBe26mM,637.519,643.72,Google มาเรากำลังจะไปที่พักนะครับปรากฏ,,2026-06-04 05:51:47.124748+00,th
148,cuFkQBe26mM,640.12,647.079,ว่าจะถึงที่พักอยู่และนะครับเอ๊อยู่ทำไม,,2026-06-04 05:51:47.124748+00,th
149,cuFkQBe26mM,643.72,649.48,มีมอเตอร์ไซค์แซงมากวักมือเรียกเราลืมปิด,,2026-06-04 05:51:47.124748+00,th
150,cuFkQBe26mM,647.079,653.16,อะไรหรือเปล่าปรากฏว่าเป็นตำรวจครับ,,2026-06-04 05:51:47.124748+00,th
151,cuFkQBe26mM,649.48,655.839,เนื่องจากเราสวนทางนะครับเราก็เลยไปโดน,,2026-06-04 05:51:47.124748+00,th
152,cuFkQBe26mM,653.16,659.56,ตำรวจจับซักเล็กน้อยแล้วก็เสียค่าปรับให้,,2026-06-04 05:51:47.124748+00,th
153,cuFkQBe26mM,655.839,661.8,ตำรวจซักเล็กน้อยนะครับใช่เค่าปรับปราบ,,2026-06-04 05:51:47.124748+00,th
154,cuFkQBe26mM,659.56,664.24,ครับปตำรวจไปเลี้ยงกาแฟอ๋อไปเลี้ยงกาแฟก็,,2026-06-04 05:51:47.124748+00,th
155,cuFkQBe26mM,661.8,666.959,เลยว่าจะพากับตำรวจไปคาเฟ่ซะหน่อยอย่าง,,2026-06-04 05:51:47.124748+00,th
156,cuFkQBe26mM,664.24,668.839,งี้นะครับใช่อยากไปคาเฟ่อ่าเห็นนึกว่า,,2026-06-04 05:51:47.124748+00,th
157,cuFkQBe26mM,666.959,671,ตำรวจอยากไปคาเฟ่เราก็เลยจะพาตำรวจไป,,2026-06-04 05:51:47.124748+00,th
158,cuFkQBe26mM,668.839,673,คาเฟ่ซักนิดนึงเพราะว่าอยากจะิงกาแฟนะ,,2026-06-04 05:51:47.124748+00,th
159,cuFkQBe26mM,671,675.68,ครับเพราะฉะนั้นอย่าไปเชื่อ Google มากนะ,,2026-06-04 05:51:47.124748+00,th
160,cuFkQBe26mM,673,678.72,ครับในการมาที่ลาวนะครับพยายามดูป้ายให้,,2026-06-04 05:51:47.124748+00,th
161,cuFkQBe26mM,675.68,681.92,เรียบร้อยนี่ขนาดเราแบบพยายามที่จะขับเลน,,2026-06-04 05:51:47.124748+00,th
162,cuFkQBe26mM,678.72,684.56,ขวาแล้วพยายามขับอย่างมีสติแล้วนะครับอื,,2026-06-04 05:51:47.124748+00,th
163,cuFkQBe26mM,681.92,686.6,พอดีเราเห็นมอเตอร์ไซค์นำเราก็เลยตามเลย,,2026-06-04 05:51:47.124748+00,th
164,cuFkQBe26mM,684.56,688.92,จ้าตามเลยแต่แล้วจริงๆเมื่อกี้เราก็,,2026-06-04 05:51:47.124748+00,th
165,cuFkQBe26mM,686.6,690.8,สังเกตเอ๊ะทำไมเหมือนมันมันสวนเลนหรือ,,2026-06-04 05:51:47.124748+00,th
166,cuFkQBe26mM,688.92,693.32,เปล่ามาอะไรอย่างงี้ใช่มั้ยใช่ๆเพราะว่า,,2026-06-04 05:51:47.124748+00,th
167,cuFkQBe26mM,690.8,696.8,มันมีลูกศรอยู่บนถนนไงแต่ก็มันใกล้ถึง,,2026-06-04 05:51:47.124748+00,th
168,cuFkQBe26mM,693.32,699.279,แล้วก็เลยอ่าคิดว่าคงไม่มีอะไรมั้งก็ก็,,2026-06-04 05:51:47.124748+00,th
169,cuFkQBe26mM,696.8,701.399,โดนไปซะนะครับเป็นอีกหนึ่งประสบการณ์ใน,,2026-06-04 05:51:47.124748+00,th
170,cuFkQBe26mM,699.279,704.079,การขับรถที่ลาวนะครับแปลว่าเรามาถึงลาว,,2026-06-04 05:51:47.124748+00,th
171,cuFkQBe26mM,701.399,707.2,แล้วจริงถึงลาวแล้วจริงๆโอเคเยี่ยมครับ,,2026-06-04 05:51:47.124748+00,th
172,cuFkQBe26mM,704.079,710.639,สุดยอดก็เดี๋ยวตอนนี้เมื่อกี้เราเข้าไป,,2026-06-04 05:51:47.124748+00,th
173,cuFkQBe26mM,707.2,713.04,เช็คอินที่พักแล้วนะครับเราก็ออกไปหาอะไร,,2026-06-04 05:51:47.124748+00,th
174,cuFkQBe26mM,710.639,715.76,กินนซะหน่อยเพราะว่าตอนนี้ก็ประมาณ 14:00,,2026-06-04 05:51:47.124748+00,th
175,cuFkQBe26mM,713.04,720.2,นแล้วนะครับที่ลาวก็ประมาณ 14:00 นแล้วก็,,2026-06-04 05:51:47.124748+00,th
176,cuFkQBe26mM,715.76,723.279,เดี๋ยวเราออกไปหาอะไรกินกันครับ,,2026-06-04 05:51:47.124748+00,th
177,cuFkQBe26mM,720.2,726.839,ยัน,,2026-06-04 05:51:47.124748+00,th
178,cuFkQBe26mM,723.279,729.36,อ่อยฟันอ่อยแน่ๆนี่ครับเมื่อกี้เรามาจ่าย,,2026-06-04 05:51:47.124748+00,th
179,cuFkQBe26mM,726.839,731.76,ที่ป้อมตำรวจตรงนี้นะครับตำรวจได้กินกาแฟ,,2026-06-04 05:51:47.124748+00,th
180,cuFkQBe26mM,729.36,735.76,อร่อยหลายแก้วเลยครับขวามือขวามือสบายใจ,,2026-06-04 05:51:47.124748+00,th
181,cuFkQBe26mM,731.76,735.76,นี่แหละครับขวามือนี่ครับป้อมนี่แหละ,,2026-06-04 05:51:47.124748+00,th
182,cuFkQBe26mM,738.75,749.32,[เพลง],,2026-06-04 05:51:47.124748+00,th
183,cuFkQBe26mM,744.639,751.44,ครับอ่านี่นะครับก็ร่มลื่นครับที่ลาวนะ,,2026-06-04 05:51:47.124748+00,th
184,cuFkQBe26mM,749.32,755.199,ครับนี่ถ่ายให้ดูอยากจะถ่ายให้ดูเหลือ,,2026-06-04 05:51:47.124748+00,th
185,cuFkQBe26mM,751.44,757.959,เกินเรือนรับรองเรใหญ่มากนะครับต้นสักที่,,2026-06-04 05:51:47.124748+00,th
186,cuFkQBe26mM,755.199,759.839,นี่ต้นใหญ่ๆทั้งนั้นเลยนะครับในอากาศร่ม,,2026-06-04 05:51:47.124748+00,th
187,cuFkQBe26mM,757.959,762.639,รื่น,,2026-06-04 05:51:47.124748+00,th
188,cuFkQBe26mM,759.839,764.959,ดีเมื่อสักครู่เราเลยร้านอาหารมาแล้วนะ,,2026-06-04 05:51:47.124748+00,th
189,cuFkQBe26mM,762.639,768.199,ครับซึ่งตรงร้านอาหารเไม่มีที่จอดเราก็,,2026-06-04 05:51:47.124748+00,th
190,cuFkQBe26mM,764.959,770.76,เลยต้องขับมาอีกสักนิดนึงเราจะเห็นได้ว่า,,2026-06-04 05:51:47.124748+00,th
191,cuFkQBe26mM,768.199,773.32,เอ่อก็จะมีบริเวณข้างวัดนี้จะมีที่จอด,,2026-06-04 05:51:47.124748+00,th
192,cuFkQBe26mM,770.76,776.36,ซึ่งตอนนี้เป็นขาวดำเราน่าจะจอดได้เราคง,,2026-06-04 05:51:47.124748+00,th
193,cuFkQBe26mM,773.32,780.5,ไม่โดนปรับแล้วแหละเดี๋ยวเราต้องเดินสัก,,2026-06-04 05:51:47.124748+00,th
194,cuFkQBe26mM,776.36,789.88,นิดนึงไปหาอะไรทานกันครับไป,,2026-06-04 05:51:47.124748+00,th
195,cuFkQBe26mM,780.5,792,[เพลง],,2026-06-04 05:51:47.124748+00,th
196,cuFkQBe26mM,789.88,794.72,หลังจากที่เราผ่านเหตุการณ์น่าตื่นเต้น,,2026-06-04 05:51:47.124748+00,th
197,cuFkQBe26mM,792,797.56,กันมาเมื่อสักครู่นี้นะคะก็หิวแล้วก็เลย,,2026-06-04 05:51:47.124748+00,th
198,cuFkQBe26mM,794.72,800.36,มาหาอะไรกินกันเสิร์ชจากใน Google เจอ,,2026-06-04 05:51:47.124748+00,th
199,cuFkQBe26mM,797.56,803.8,ร้านนี้ค่ะ 3 เอื้อยน้องนะคก็จะมีเป็น,,2026-06-04 05:51:47.124748+00,th
200,cuFkQBe26mM,800.36,807.16,อาหารไทยอาหารอีสานแล้วก็อาหารเวียดนาม,,2026-06-04 05:51:47.124748+00,th
201,cuFkQBe26mM,803.8,810.12,ที่นี่เราก็เลยสั่งเป็นเฝอค่ะกล้วยใหญ่,,2026-06-04 05:51:47.124748+00,th
202,cuFkQBe26mM,807.16,812.279,มากแล้วก็พี่อุ๋ยสั่งเป็นกะเพราไก่ไข่ดาว,,2026-06-04 05:51:47.124748+00,th
203,cuFkQBe26mM,810.12,816.12,เดี๋ยวจะมาดูกันว่ากะเพราไก่ไข่ดาวที่นี่,,2026-06-04 05:51:47.124748+00,th
204,cuFkQBe26mM,812.279,818.959,กับที่ไทยอันไหนจะแซ่บกว่ากันนะ,,2026-06-04 05:51:47.124748+00,th
205,cuFkQBe26mM,816.12,823.32,คะครับตอนนี้เราอยู่,,2026-06-04 05:51:47.124748+00,th
206,cuFkQBe26mM,818.959,825.8,ที่หน้าร้านนะคะร้านอาหาร 3 เอื้อยน้องก็,,2026-06-04 05:51:47.124748+00,th
207,cuFkQBe26mM,823.32,829.12,จริงๆก็ถ้าเป็นไทยก็คือ 3 พี่น้องนั่นเอง,,2026-06-04 05:51:47.124748+00,th
208,cuFkQBe26mM,825.8,832,นะคะข้างในก็จะมีอาหารหลากหลายมากเลยมี,,2026-06-04 05:51:47.124748+00,th
209,cuFkQBe26mM,829.12,835.12,นักท่องเที่ยวมากินกันเยอะพอสมคนเพราะว่า,,2026-06-04 05:51:47.124748+00,th
210,cuFkQBe26mM,832,837.32,โซนเจะเป็นโซนเหมือนคล้ายๆข้าวสารบ้านเรา,,2026-06-04 05:51:47.124748+00,th
211,cuFkQBe26mM,835.12,839.92,เลยค่ะมีร้านอาหารเยอะแล้วก็มีเกสเฮาส์,,2026-06-04 05:51:47.124748+00,th
212,cuFkQBe26mM,837.32,843.88,อะไรพวกนี้เยอะเยอะแยะไปหมดเลยค่าอาหาร,,2026-06-04 05:51:47.124748+00,th
213,cuFkQBe26mM,839.92,845.839,"วันนี้คะโดนไปกินไปเป็นแสนเลยจ้า 140,000",,2026-06-04 05:51:47.124748+00,th
214,cuFkQBe26mM,843.88,848.92,กีบแต่ว่ายังไม่ได้ตีว่าเป็นเงินไทย,,2026-06-04 05:51:47.124748+00,th
215,cuFkQBe26mM,845.839,851.8,ประมาณเท่าไหร่นะคะเดี๋ยวไปคำนวนอีกท,,2026-06-04 05:51:47.124748+00,th
216,cuFkQBe26mM,848.92,855.16,นึงหลังจากเราทานอาหารเสร็จเรียบร้อยแล้ว,,2026-06-04 05:51:47.124748+00,th
217,cuFkQBe26mM,851.8,857.639,นะครับเดี๋ยวสถานที่ถัดไปนั่นก็คือวัดหอ,,2026-06-04 05:51:47.124748+00,th
218,cuFkQBe26mM,855.16,860.68,พระแก้วนะครับก็จะอยู่ไม่ไกลจากบริเวณนี้,,2026-06-04 05:51:47.124748+00,th
219,cuFkQBe26mM,857.639,863.8,สักประมาณ 1 กมไปครับเดี๋ยวเราออกเดินทาง,,2026-06-04 05:51:47.124748+00,th
220,cuFkQBe26mM,860.68,863.8,กันก่อน,,2026-06-04 05:51:47.124748+00,th
221,cuFkQBe26mM,864.85,878.36,[เพลง],,2026-06-04 05:51:47.124748+00,th
222,cuFkQBe26mM,874.759,880.56,และตอนนี้เราก็อยู่ที่หอพระแก้วนะครับที่,,2026-06-04 05:51:47.124748+00,th
223,cuFkQBe26mM,878.36,882.68,ประเทศลาวนะครับเมืองเวียงจันทร์เมื่อสัก,,2026-06-04 05:51:47.124748+00,th
224,cuFkQBe26mM,880.56,885.48,ครู่เราจอดรถด้านหน้าตรงข้ามนะครับมีที่,,2026-06-04 05:51:47.124748+00,th
225,cuFkQBe26mM,882.68,887.399,"จอดก็จะเสียค่าจอดสักประมาณ 10,000 กีบ",,2026-06-04 05:51:47.124748+00,th
226,cuFkQBe26mM,885.48,889.92,เมื่อเข้ามาแล้วนะครับทางด้านขวามือเราจะ,,2026-06-04 05:51:47.124748+00,th
227,cuFkQBe26mM,887.399,892.36,พบกับจุดจำหน่ายตั๋วนะครับถ้าเป็นคนลาวก็,,2026-06-04 05:51:47.124748+00,th
228,cuFkQBe26mM,889.92,895.12,"จะเสียแค่ 5,000 กีบนะครับแต่ถ้าเป็นคน",,2026-06-04 05:51:47.124748+00,th
229,cuFkQBe26mM,892.36,897.48,"ต่างชาติก็จะเสียประมาณ 30,000 กีบต่อคน",,2026-06-04 05:51:47.124748+00,th
230,cuFkQBe26mM,895.12,900.64,นะครับเดี๋ยวเราไปดูด้านในครับว่ามีอะไร,,2026-06-04 05:51:47.124748+00,th
231,cuFkQBe26mM,897.48,910.73,กันบ้างครับ,,2026-06-04 05:51:47.124748+00,th
232,cuFkQBe26mM,900.64,910.73,[เพลง],,2026-06-04 05:51:47.124748+00,th
233,cuFkQBe26mM,910.839,917.72,เมื่อสักครู่ที่เราเข้าไปในอุโบสถนะครับ,,2026-06-04 05:51:47.124748+00,th
234,cuFkQBe26mM,913.04,920.199,เราจะไปพบกับพระองคสีดำขนาดใหญ่นะครับ,,2026-06-04 05:51:47.124748+00,th
235,cuFkQBe26mM,917.72,922.279,ซึ่งแต่ว่าเมื่อกี้เ้าไม่อนุญาตให้ถ่าย,,2026-06-04 05:51:47.124748+00,th
236,cuFkQBe26mM,920.199,924.88,ภาพเราก็เลยไม่ได้เก็บภาพบรรยากาศมาให้นะ,,2026-06-04 05:51:47.124748+00,th
237,cuFkQBe26mM,922.279,927.959,ครับข้างบนทางตรงกลางก็จะมีพระพุทรูปขนาด,,2026-06-04 05:51:47.124748+00,th
238,cuFkQBe26mM,924.88,931.44,ใหญ่องค์สีดำนะครับแล้วก็ด้านซ้ายขวามือ,,2026-06-04 05:51:47.124748+00,th
239,cuFkQBe26mM,927.959,933.519,ในบริเวณห้องถตรงกลางเนี่ยก็จะมีอ่าเรียก,,2026-06-04 05:51:47.124748+00,th
240,cuFkQBe26mM,931.44,935.839,ว่าพระพุทธรูปเก่านะครับหรือว่าวัตถุ,,2026-06-04 05:51:47.124748+00,th
241,cuFkQBe26mM,933.519,938.48,โบราณเก่าๆเนี่ยตั้งโชว์ไว้ให้เราดูด้วย,,2026-06-04 05:51:47.124748+00,th
242,cuFkQBe26mM,935.839,942.12,นะครับในบริเวณนี้ก็จะเป็นบริเวณด้านนอก,,2026-06-04 05:51:47.124748+00,th
243,cuFkQBe26mM,938.48,945.079,ของอุโบสถนะครับก็จะมีมีจริงๆมีหลักศิลา,,2026-06-04 05:51:47.124748+00,th
244,cuFkQBe26mM,942.12,947.319,เนาะขนาดเก่าเลยแล้วก็มีพระพุทธรูปโบราณ,,2026-06-04 05:51:47.124748+00,th
245,cuFkQBe26mM,945.079,949.519,นะครับเราจะเห็นได้ว่าเรียงลายเต็มไปหมด,,2026-06-04 05:51:47.124748+00,th
246,cuFkQBe26mM,947.319,953.399,เลยนะครับนี่ก็คือบริเเป็นบริเวณรอบของ,,2026-06-04 05:51:47.124748+00,th
247,cuFkQBe26mM,949.519,953.399,ตัวอุโบสถนี้ครับ,,2026-06-04 05:51:47.124748+00,th
248,cuFkQBe26mM,957.62,967.199,[เพลง],,2026-06-04 05:51:47.124748+00,th
249,cuFkQBe26mM,965.36,970.199,เราอยู่ที่วัดศรีสะเกษนะครับซึ่งจะอยู่,,2026-06-04 05:51:47.124748+00,th
250,cuFkQBe26mM,967.199,972.519,บริเวณตรงข้ามกับหอพระแก้วนะครับด้านหลัง,,2026-06-04 05:51:47.124748+00,th
251,cuFkQBe26mM,970.199,975.199,เนี่ยเราสามารถเดินเข้าไปดูได้นะครับการ,,2026-06-04 05:51:47.124748+00,th
252,cuFkQBe26mM,972.519,977.519,เข้าไปที่นี่ก็จะมีคาบัตรเข้าชมอยู่,,2026-06-04 05:51:47.124748+00,th
253,cuFkQBe26mM,975.199,982.08,"ประมาณสัก 30,000 กีบด้วยกันนะครับก็จะ",,2026-06-04 05:51:47.124748+00,th
254,cuFkQBe26mM,977.519,1004.179,จ่ายด้านในเดี๋ยวเราเข้าไปดูกันเลยครับ,,2026-06-04 05:51:47.124748+00,th
255,cuFkQBe26mM,982.08,1004.179,[เพลง],,2026-06-04 05:51:47.124748+00,th
256,cuFkQBe26mM,1006.279,1011.36,นี่คือบริเวณภายรอบวัดของวัดศรีสะเกษนะ,,2026-06-04 05:51:47.124748+00,th
257,cuFkQBe26mM,1009.16,1014.48,ครับเราจะเห็นว่ามีพระพุทธรูปโบราณอยู่,,2026-06-04 05:51:47.124748+00,th
258,cuFkQBe26mM,1011.36,1017.92,เต็มรวมไปถึงบนกำแพงด้วยนะครับด้านในของ,,2026-06-04 05:51:47.124748+00,th
259,cuFkQBe26mM,1014.48,1020.48,วัดศรีสะเกษเนี่ยก็จะมีอุโบสถอยู่ตรงกลาง,,2026-06-04 05:51:47.124748+00,th
260,cuFkQBe26mM,1017.92,1022.8,นะครับที่เราจะเห็นแห่งเนี้ยจะสวยมากเลย,,2026-06-04 05:51:47.124748+00,th
261,cuFkQBe26mM,1020.48,1025.839,จะเป็นลักษณะของวัดโบราณตอนเนี้ยเรา,,2026-06-04 05:51:47.124748+00,th
262,cuFkQBe26mM,1022.8,1029.12,ประมาณสัก 16:00 นละแสงกำลังสวยมากถ้าเรา,,2026-06-04 05:51:47.124748+00,th
263,cuFkQBe26mM,1025.839,1032.199,เห็นว่าข้างบนเนี่ยจะเห็นว่าฟ้าใสสวยมาก,,2026-06-04 05:51:47.124748+00,th
264,cuFkQBe26mM,1029.12,1035.28,จะเป็นโบสถ์ในโบสถ์โบราณนะครับข้างในเอง,,2026-06-04 05:51:47.124748+00,th
265,cuFkQBe26mM,1032.199,1037.199,จะมีพระพุทธรูปอยู่แล้วก็จะมีพระพุทธรูป,,2026-06-04 05:51:47.124748+00,th
266,cuFkQBe26mM,1035.28,1040.12,ฝังอยู่ตามกำแพงด้วยเช่นเดียวกันเพียงแต่,,2026-06-04 05:51:47.124748+00,th
267,cuFkQBe26mM,1037.199,1042.6,ว่าข้างในตอนเเขาไม่ได้ให้ถ่ายรูปนะครับ,,2026-06-04 05:51:47.124748+00,th
268,cuFkQBe26mM,1040.12,1045.679,ก็จะเป็นศิลปะแบบลาวโบราณนะครับเราจะเห็น,,2026-06-04 05:51:47.124748+00,th
269,cuFkQBe26mM,1042.6,1048.36,ได้ว่าบรรยากาศจะสวยงามมากเหมือนคล้ายๆ,,2026-06-04 05:51:47.124748+00,th
270,cuFkQBe26mM,1045.679,1051.36,กับตอนที่เราไปเชียงเชียงใหม่เนาะ,,2026-06-04 05:51:47.124748+00,th
271,cuFkQBe26mM,1048.36,1053.44,เชียงใหม่วัดอะไรที่ที่เหมือนในละครนะนะ,,2026-06-04 05:51:47.124748+00,th
272,cuFkQBe26mM,1051.36,1056.49,ครับแต่ว่าอันนี้ก็จะเป็นแบบอีกแบบนึงนะ,,2026-06-04 05:51:47.124748+00,th
273,cuFkQBe26mM,1053.44,1069.22,ครับก็จะสวยงามน่าดูเหมือนกัน,,2026-06-04 05:51:47.124748+00,th
275,cuFkQBe26mM,1069.36,1074.44,ครับตอนนี้เราอยู่กันที่พระธาตุหลวงนะ,,2026-06-04 05:51:47.124748+00,th
276,cuFkQBe26mM,1072.08,1076.4,ครับที่เวียงจันทน์ที่เดิมนะครับแต่ว่าที,,2026-06-04 05:51:47.124748+00,th
277,cuFkQBe26mM,1074.44,1078.679,เนี้ยข้อดีของการเที่ยวเวียงจันทร์เนี่ย,,2026-06-04 05:51:47.124748+00,th
278,cuFkQBe26mM,1076.4,1080.559,นั่นคือที่เที่ยวแต่ที่ไม่ไกลกันเลยเราจะ,,2026-06-04 05:51:47.124748+00,th
279,cuFkQBe26mM,1078.679,1082.679,เหจะเห็นได้ว่าวันนี้เราเทียบมา 1 ที่ 2,,2026-06-04 05:51:47.124748+00,th
280,cuFkQBe26mM,1080.559,1084.96,ที่แล้วก็ที่ที่นี่เป็นที่ที่ 3 นะครับก็,,2026-06-04 05:51:47.124748+00,th
281,cuFkQBe26mM,1082.679,1087.52,คือพระธาตุหลวงนั่นเองนะครับก็จะเป็น,,2026-06-04 05:51:47.124748+00,th
282,cuFkQBe26mM,1084.96,1089.919,ลักษณะของเหมือนของพระธาตุจริงๆคล้ายๆกับ,,2026-06-04 05:51:47.124748+00,th
283,cuFkQBe26mM,1087.52,1092.679,ธาตุพนมเลยนะครับแต่ดูจะเป็นทานลักษณะสี,,2026-06-04 05:51:47.124748+00,th
284,cuFkQBe26mM,1089.919,1094.6,ทองนะครับที่ที่ที่นี่ทนักท่องเที่ยวก็จะ,,2026-06-04 05:51:47.124748+00,th
285,cuFkQBe26mM,1092.679,1097.32,"เสียประมาณค่าเข้าประมาณสัก 30,000 กีบ",,2026-06-04 05:51:47.124748+00,th
286,cuFkQBe26mM,1094.6,1099.28,ด้วยกันนะครับมาช่วงเย็นๆแบบนี้ดีครับไม่,,2026-06-04 05:51:47.124748+00,th
287,cuFkQBe26mM,1097.32,1104.08,ร้อนแล้วก็แสงกำลังสวยเลยครับเราสามารถ,,2026-06-04 05:51:47.124748+00,th
288,cuFkQBe26mM,1099.28,1104.08,ขับรถมาจอดข้างในได้เลยแบบนี้ครับ,,2026-06-04 05:51:47.124748+00,th
289,cuFkQBe26mM,1109.19,1112.289,[เพลง],,2026-06-04 05:51:47.124748+00,th
290,cuFkQBe26mM,1116.76,1123.919,นี่คือบริเวณด้านในนะครับเราจะสังเกตว่า,,2026-06-04 05:51:47.124748+00,th
291,cuFkQBe26mM,1118.88,1127.12,ด้านในเนี่ยก็จะเป็นพื้นที่รอบๆมีพระรอบ,,2026-06-04 05:51:47.124748+00,th
292,cuFkQBe26mM,1123.919,1130.24,บริเวณเลยรวมไปถึงสนามหญ้าด้วยนะครับแล้ว,,2026-06-04 05:51:47.124748+00,th
293,cuFkQBe26mM,1127.12,1132.32,ก็มีพระพุทธรูปโบราณประดับอยู่ข้างกำแพง,,2026-06-04 05:51:47.124748+00,th
294,cuFkQBe26mM,1130.24,1136.97,นะครับเราจะเห็นได้ว่าวันเย็นๆอย่างเงี้ย,,2026-06-04 05:51:47.124748+00,th
295,cuFkQBe26mM,1132.32,1166,อาการ่มนะครับฟ้าก็กำลังสวยเลยครับตอนนี้,,2026-06-04 05:51:47.124748+00,th
296,cuFkQBe26mM,1136.97,1168.24,[เพลง],,2026-06-04 05:51:47.124748+00,th
297,cuFkQBe26mM,1166,1170.559,หลังจากเราไปพระธาตุมาเมื่อสักครู่นี้,,2026-06-04 05:51:47.124748+00,th
298,cuFkQBe26mM,1168.24,1173.12,แล้วนะครับตอนนี้เรามาอยู่ที่ประตูไทร,,2026-06-04 05:51:47.124748+00,th
299,cuFkQBe26mM,1170.559,1175.52,หรือประตูชัยเป็นจุดอีกหนึ่งจุดเช็คอิน,,2026-06-04 05:51:47.124748+00,th
300,cuFkQBe26mM,1173.12,1177.72,ของที่เวียงจันทร์ใครไปใครมาก็ต้องมาแวะ,,2026-06-04 05:51:47.124748+00,th
301,cuFkQBe26mM,1175.52,1179.72,ที่นี่ครับยิ่งมาตอนเย็นเนี่ยบรรยากาศไม่,,2026-06-04 05:51:47.124748+00,th
302,cuFkQBe26mM,1177.72,1182.36,ร้อนแล้วก็จะมีประดับไฟด้านหลังเหมือน,,2026-06-04 05:51:47.124748+00,th
303,cuFkQBe26mM,1179.72,1185.24,อยู่ฝรั่งเศสเมยฮะแล้วก็ตอนนี้นะครับวัน,,2026-06-04 05:51:47.124748+00,th
304,cuFkQBe26mM,1182.36,1188.32,นี้เองเป็นวันชาติของอ่าประเทศลาวด้วยเรา,,2026-06-04 05:51:47.124748+00,th
305,cuFkQBe26mM,1185.24,1190.88,จะเห็นได้ว่าเขาจะมีน้ำพุก็มีคนจำนวนมาก,,2026-06-04 05:51:47.124748+00,th
306,cuFkQBe26mM,1188.32,1193.88,เลยมาอยู่ด้านหลังมาชมนับรับชมน้ำพุกัน,,2026-06-04 05:51:47.124748+00,th
307,cuFkQBe26mM,1190.88,1193.88,ครับ,,2026-06-04 05:51:47.124748+00,th
308,cuFkQBe26mM,1200.96,1204.059,[เพลง],,2026-06-04 05:51:47.124748+00,th
309,cuFkQBe26mM,1208.54,1213.9,[เพลง],,2026-06-04 05:51:47.124748+00,th
310,cuFkQBe26mM,1217.679,1223.039,สำหรับประตูชัยนี้ครับก็จะมี 2 ฝั่งวิว,,2026-06-04 05:51:47.124748+00,th
311,cuFkQBe26mM,1220.84,1225.44,ที่เราเห็นเนี่ยเราข้ามมาอีกฝั่งนึงหลัง,,2026-06-04 05:51:47.124748+00,th
312,cuFkQBe26mM,1223.039,1228.039,จากน้ำพุนะครับก็ด้านหลังเนี่ยจะเห็นว่า,,2026-06-04 05:51:47.124748+00,th
313,cuFkQBe26mM,1225.44,1230.72,มันจะเป็นถนนจริงๆคล้ายๆถนนราชดำเนินหรือ,,2026-06-04 05:51:47.124748+00,th
314,cuFkQBe26mM,1228.039,1233.52,ถนนชองลิเซของฝรั่งเศสเลยนะครับเดี๋ยวตอน,,2026-06-04 05:51:47.124748+00,th
315,cuFkQBe26mM,1230.72,1236.88,นี้เดี๋ยวเราจะพาไปเดินดูประตูว่าข้างใน,,2026-06-04 05:51:47.124748+00,th
316,cuFkQBe26mM,1233.52,1239.76,ประตูเนี่ยมีอะไรกันตามมาเลย,,2026-06-04 05:51:47.124748+00,th
317,cuFkQBe26mM,1236.88,1242.679,ครับเราจะเห็นได้ว่าประตูเนี่ยค่อนข้าง,,2026-06-04 05:51:47.124748+00,th
318,cuFkQBe26mM,1239.76,1244.44,ใหญ่นะครับเพราะว่าสูงกันประมาณสักตึก 7,,2026-06-04 05:51:47.124748+00,th
319,cuFkQBe26mM,1242.679,1247.44,ชั้นได้นะครับตอนนี้เรากำลังเดินเข้า,,2026-06-04 05:51:47.124748+00,th
320,cuFkQBe26mM,1244.44,1250.24,ประตูนะครับเข้าไปดูว่าข้างในเนี่ยมีอะไร,,2026-06-04 05:51:47.124748+00,th
321,cuFkQBe26mM,1247.44,1254.6,นะครับเราจะเห็นว่าสถาปนิกด้านในก็จะมี,,2026-06-04 05:51:47.124748+00,th
322,cuFkQBe26mM,1250.24,1259.48,คล้ายๆไทยนะครับมีอนุมานด้วยนะครับแล้วก็,,2026-06-04 05:51:47.124748+00,th
323,cuFkQBe26mM,1254.6,1263.4,มีพญานาคนะครับแล้วก็มีช้าง 3 นเศียรนะ,,2026-06-04 05:51:47.124748+00,th
324,cuFkQBe26mM,1259.48,1266.84,ครับอนี่ก็คือเป็นบรรยากาศภายในนะครับ,,2026-06-04 05:51:47.124748+00,th
325,cuFkQBe26mM,1263.4,1270.559,อ่าจริงๆไม่แน่ใจว่าเขาสามารถเดินขึ้นไป,,2026-06-04 05:51:47.124748+00,th
326,cuFkQBe26mM,1266.84,1273.4,ดูข้างบนได้หรือเปล่านะครับนี่ข้างในเรา,,2026-06-04 05:51:47.124748+00,th
327,cuFkQBe26mM,1270.559,1276.44,ผ่านประตูมาแล้วนะครับเราก็จะเจอกับน้ำพุ,,2026-06-04 05:51:47.124748+00,th
328,cuFkQBe26mM,1273.4,1279.08,เมื่อกี้ที่เราแวะดูนะครับข้างหน้าจะเป็น,,2026-06-04 05:51:47.124748+00,th
329,cuFkQBe26mM,1276.44,1281.4,น้ำพุคนก็ยังเยอะอยู่เลยนะครับจะสังเกต,,2026-06-04 05:51:47.124748+00,th
330,cuFkQBe26mM,1279.08,1284.12,ว่าตอนนี้ก็เหมือนเป็นลานสาธารณะเลยที่,,2026-06-04 05:51:47.124748+00,th
331,cuFkQBe26mM,1281.4,1286.679,เราสามารถเข้ามาถ่ายรูปกันได้นะครับแล้ว,,2026-06-04 05:51:47.124748+00,th
332,cuFkQBe26mM,1284.12,1291.12,ก็มาเยี่ยมชมนั่งพักพอนย่อนใจนะครับก็ถือ,,2026-06-04 05:51:47.124748+00,th
333,cuFkQBe26mM,1286.679,1293.279,เป็นอีกหนจุดสำหรับชาวลาวที่เข้ามาแวะพัก,,2026-06-04 05:51:47.124748+00,th
334,cuFkQBe26mM,1291.12,1296.36,ผ่อนกันบริเวณนี้,,2026-06-04 05:51:47.124748+00,th
335,cuFkQBe26mM,1293.279,1300.12,ครับและอีกหนึ่งภารกิจสำคัญสำหรับในวัน,,2026-06-04 05:51:47.124748+00,th
336,cuFkQBe26mM,1296.36,1303.96,นี้ของเรานั่นก็คือเราจะไปทำการทดลอง,,2026-06-04 05:51:47.124748+00,th
337,cuFkQBe26mM,1300.12,1306,ชาร์จไฟที่สปลกันค่ะอ่าอนี้เป็นสิ่งที่,,2026-06-04 05:51:47.124748+00,th
338,cuFkQBe26mM,1303.96,1308.36,ลุ้นมากนะครับว่าเราจะสามารถชาร์จได้หรือ,,2026-06-04 05:51:47.124748+00,th
339,cuFkQBe26mM,1306,1310.88,เปล่านะครับเดี๋ยวเราจะบอกขั้นตอนคร่าวๆ,,2026-06-04 05:51:47.124748+00,th
340,cuFkQBe26mM,1308.36,1313.6,นะครับแล้วเราจะไปชาร์จให้ดูว่ามันสามารถ,,2026-06-04 05:51:47.124748+00,th
341,cuFkQBe26mM,1310.88,1315.96,ชาร์จได้หรือเปล่าเอากำลังอ่าเอาใจช่วย,,2026-06-04 05:51:47.124748+00,th
342,cuFkQBe26mM,1313.6,1318.72,ด้วยนะครับไปครับเดี๋ยวเราไปชาร์ไฟกันต่อ,,2026-06-04 05:51:47.124748+00,th
343,cuFkQBe26mM,1315.96,1321.72,ครับ,,2026-06-04 05:51:47.124748+00,th
344,cuFkQBe26mM,1318.72,1321.72,เ,,2026-06-04 05:51:47.124748+00,th
345,cuFkQBe26mM,1323.45,1326.569,[เพลง],,2026-06-04 05:51:47.124748+00,th
346,cuFkQBe26mM,1330.16,1364.36,[เพลง],,2026-06-04 05:51:47.124748+00,th
347,cuFkQBe26mM,1362.08,1367.48,และนี่คือช่วงวินาทีสำคัญนะครับที่เรา,,2026-06-04 05:51:47.124748+00,th
348,cuFkQBe26mM,1364.36,1370.08,กำลังชาร์จที่ตู้้านั่นเองเมื่อสักครู่เ,,2026-06-04 05:51:47.124748+00,th
349,cuFkQBe26mM,1367.48,1372.24,ตอนที่เรามาถึงเนี่ยมี honda  crv ที่,,2026-06-04 05:51:47.124748+00,th
350,cuFkQBe26mM,1370.08,1374.84,เป็นรุ่นไฟฟ้าตอนแรกที่จะนำเข้าที่เมือง,,2026-06-04 05:51:47.124748+00,th
351,cuFkQBe26mM,1372.24,1376.84,ไทยครับมาชาร์จอยู่ด้วยตอนนี้เราก็กำลัง,,2026-06-04 05:51:47.124748+00,th
352,cuFkQBe26mM,1374.84,1379.72,ชาร์จแล้วเดี๋ยวตอนนี้มันกำลังคุยกับตู้,,2026-06-04 05:51:47.124748+00,th
353,cuFkQBe26mM,1376.84,1381.039,อยู่แล้วนะครับตอนนี้ดูว่าไฟเข้าป่าอลอง,,2026-06-04 05:51:47.124748+00,th
354,cuFkQBe26mM,1379.72,1385.08,ดู,,2026-06-04 05:51:47.124748+00,th
355,cuFkQBe26mM,1381.039,1385.08,ครับน่าจะกำลังคุยกัน,,2026-06-04 05:51:47.124748+00,th
356,cuFkQBe26mM,1385.48,1391.96,อยู่อ่าเหมือนจะเข้าแล้วเหมือนจะเข้าแล้ว,,2026-06-04 05:51:47.124748+00,th
357,cuFkQBe26mM,1388.159,1394.679,ดูๆๆๆๆไม่ได้ยากอย่างที่คิดนะครับเดี๋ยว,,2026-06-04 05:51:47.124748+00,th
358,cuFkQBe26mM,1391.96,1394.679,ไปดูในรถดี,,2026-06-04 05:51:47.124748+00,th
359,cuFkQBe26mM,1396.2,1400.559,กว่าอ้าวเข้าไ,,2026-06-04 05:51:47.124748+00,th
360,cuFkQBe26mM,1402.08,1409.36,เนี่ยไม่เข้าเอาละวะเดี๋ยวรอดูก่อนแป๊บ,,2026-06-04 05:51:47.124748+00,th
361,cuFkQBe26mM,1407.52,1412.33,นึง,,2026-06-04 05:51:47.124748+00,th
362,cuFkQBe26mM,1409.36,1415.559,a  Few  Moms,,2026-06-04 05:51:47.124748+00,en
363,cuFkQBe26mM,1412.33,1417.88,[ปรบมือ],,2026-06-04 05:51:47.124748+00,th
364,cuFkQBe26mM,1415.559,1422.159,Later เมื่อกี้ไม่เข้าครับแต่ว่าตอนนี้,,2026-06-04 05:51:47.124748+00,th
365,cuFkQBe26mM,1417.88,1425,เข้าแล้วมาดูนี่ๆๆๆๆตอนนี้อยู่ที่ประมาณ,,2026-06-04 05:51:47.124748+00,th
366,cuFkQBe26mM,1422.159,1427.48,86% เมื่อกี้เราทำยังไงก็ไม่เข้าเราถอด,,2026-06-04 05:51:47.124748+00,th
367,cuFkQBe26mM,1425,1430.6,หัวชาร์จ 1 ทีแล้วก็สแกนใหม่อีกรอบแล้วก็,,2026-06-04 05:51:47.124748+00,th
368,cuFkQBe26mM,1427.48,1433.24,ลุ้นตอนนี้เข้าเป็นที่เรียบร้อยแล้วครับ,,2026-06-04 05:51:47.124748+00,th
369,cuFkQBe26mM,1430.6,1435.279,เราได้กินไฟราวสมใจแล้วครับเพราะะนั้น,,2026-06-04 05:51:47.124748+00,th
370,cuFkQBe26mM,1433.24,1437.72,พรุ่งนี้เราไปถึงวังเวียงแน่นอนแล้ว,,2026-06-04 05:51:47.124748+00,th
371,cuFkQBe26mM,1435.279,1440.64,เดี๋ยวเราไปชาร์ที่วังเวียงอีกสักรอบอุ่น,,2026-06-04 05:51:47.124748+00,th
372,cuFkQBe26mM,1437.72,1443.6,ใจะวันนี้สบายใจะภารกิจของเราสำเร็จแล้ว,,2026-06-04 05:51:47.124748+00,th
373,cuFkQBe26mM,1440.64,1447.76,ครับเดี๋ยวตอนนี้ขอเวลาชาร์จรถก่อนเชิญ,,2026-06-04 05:51:47.124748+00,th
374,cuFkQBe26mM,1443.6,1447.76,กันครับดูครับไปวิ่งเท่า,,2026-06-04 05:51:47.124748+00,th
375,cuFkQBe26mM,1454.08,1462.84,ไหร่จุดชาร์จที่นี่อยู่บริเวณห้างเลยครับ,,2026-06-04 05:51:47.124748+00,th
376,cuFkQBe26mM,1457.52,1462.84,เราสามารถชาร์จได้ง่ายๆเลยหาไม่ยากครับ,,2026-06-04 05:51:47.124748+00,th
377,cuFkQBe26mM,1468.02,1485.099,[เพลง],,2026-06-04 05:51:47.124748+00,th
378,cuFkQBe26mM,1494.71,1500.72,[เพลง],,2026-06-04 05:51:47.124748+00,th
379,cuFkQBe26mM,1496.6,1503.44,เรียบร้อยเต็ม 100% เราชาร์จมาประมาณ 48,,2026-06-04 05:51:47.124748+00,th
380,cuFkQBe26mM,1500.72,1503.44,นาทีนะ,,2026-06-04 05:51:47.124748+00,th
381,cuFkQBe26mM,1509.04,1522.64,[เพลง],,2026-06-04 05:51:47.124748+00,th
382,cuFkQBe26mM,1519.64,1525.52,ครับตอนนี้เรามาถึงห้องเรียบร้อยนะครับ,,2026-06-04 05:51:47.124748+00,th
383,cuFkQBe26mM,1522.64,1528.32,เดี๋ยวเราจะมารีวิวว่าจริงๆวันนี้เราผ่าน,,2026-06-04 05:51:47.124748+00,th
384,cuFkQBe26mM,1525.52,1532.12,อะไรมามากมายหลายๆอย่างด้วยกันนะครับตั้ง,,2026-06-04 05:51:47.124748+00,th
385,cuFkQBe26mM,1528.32,1537.24,ตั้งแต่เริ่มตั้งแต่การตมฝั่งไทยนะครับตม,,2026-06-04 05:51:47.124748+00,th
386,cuFkQBe26mM,1532.12,1539.679,ฝั่งลาวนะครับโดนตำรวจจับปับนะครับวิ่ง,,2026-06-04 05:51:47.124748+00,th
387,cuFkQBe26mM,1537.24,1544.44,ผิดเส้นทางอะไรก็แล้วแต่เดี๋ยวเราเริ่ม,,2026-06-04 05:51:47.124748+00,th
388,cuFkQBe26mM,1539.679,1547.399,จากการรีวิวการชาร์จไฟของเจ้าตัวโลก้ากัน,,2026-06-04 05:51:47.124748+00,th
389,cuFkQBe26mM,1544.44,1550.88,ก่อนนะครับสิ่งที่เราไปชาร์จไฟที่ห้าง,,2026-06-04 05:51:47.124748+00,th
390,cuFkQBe26mM,1547.399,1554.279,ภักษรอะไรปาร์คสันโอเคปารสันนะครับเราไป,,2026-06-04 05:51:47.124748+00,th
391,cuFkQBe26mM,1550.88,1559.24,ชาร์จไฟที่สถานีตู้ชาร์จของโลก้าต้องบอก,,2026-06-04 05:51:47.124748+00,th
392,cuFkQBe26mM,1554.279,1561.679,ว่าตู้ชาร์จของที่สปปลาวเนี่ยมีมีของ้า,,2026-06-04 05:51:47.124748+00,th
393,cuFkQBe26mM,1559.24,1564,เองแล้วก็มี bl  doot ด้วย bl  doot เอง,,2026-06-04 05:51:47.124748+00,th
394,cuFkQBe26mM,1561.679,1566.6,เนี่ยน่าจะทำร่วมกับปตทครับเพราะผมไปดู,,2026-06-04 05:51:47.124748+00,th
395,cuFkQBe26mM,1564,1569.159,แล้วเรื่องของแอปพลิเคชันโลโก้อะไรต่างๆ,,2026-06-04 05:51:47.124748+00,th
396,cuFkQBe26mM,1566.6,1571.76,เนี่ยค่อนข้างจะคล้ายๆกันหรือแทบจะเหมือน,,2026-06-04 05:51:47.124748+00,th
397,cuFkQBe26mM,1569.159,1573.679,ๆกันนะครับแต่ว่าเราเลือกชาร์จที่เป็นล้า,,2026-06-04 05:51:47.124748+00,th
398,cuFkQBe26mM,1571.76,1576.399,มาก่อนเพราะว่าเราเคยมีสมาชิกไม่ว่าจะ,,2026-06-04 05:51:47.124748+00,th
399,cuFkQBe26mM,1573.679,1579.279,เป็น AA ก Cat สีขาวนะครับไม่ผมไม่แน่ใจ,,2026-06-04 05:51:47.124748+00,th
400,cuFkQBe26mM,1576.399,1583.44,ว่าของใครนะครับแล้วก็จะมีพี่ดลกัปตัน DIY,,2026-06-04 05:51:47.124748+00,th
401,cuFkQBe26mM,1579.279,1586.52,ก็เคยมาชาร์จที่ตัวล้าแล้วนะครับก็วิธี,,2026-06-04 05:51:47.124748+00,th
402,cuFkQBe26mM,1583.44,1588.76,การชาร์จล้าไม่ยากครับเริ่มจากการโหลด,,2026-06-04 05:51:47.124748+00,th
403,cuFkQBe26mM,1586.52,1591.48,แอปพลิเคชันที่ชื่อว่า loa,,2026-06-04 05:51:47.124748+00,th
404,cuFkQBe26mM,1588.76,1594.12,แล้วเราก็ทำการ register ใส่ชื่อใส่เบอร์,,2026-06-04 05:51:47.124748+00,th
405,cuFkQBe26mM,1591.48,1598.84,โทรศัพท์ใส่อีเมลให้เรียบร้อยอันอันนี้,,2026-06-04 05:51:47.124748+00,th
406,cuFkQBe26mM,1594.12,1601.52,คือสต็ปแรกสต็ปที่ 2 ทำการผูกบัตรเครดิต,,2026-06-04 05:51:47.124748+00,th
922,6rw0NJdxgMs,1061.24,1063.92,ໂຮງແຮມ ຄວນ,,2026-06-04 05:51:47.124748+00,unknown
407,cuFkQBe26mM,1598.84,1605.44,นะครับก็ใส่บัตรเครดิตของไทยสามารถใช้ได้,,2026-06-04 05:51:47.124748+00,th
408,cuFkQBe26mM,1601.52,1608.36,เลยนะครับสสต็ปที่ 3 เราก็ทำการเลือกซื้อ,,2026-06-04 05:51:47.124748+00,th
409,cuFkQBe26mM,1605.44,1610.919,Watcher ของ loa นะครับซึ่งมันก็จะมีให้,,2026-06-04 05:51:47.124748+00,th
410,cuFkQBe26mM,1608.36,1614.2,เลือกหลายราคานะครับเราก็เลือกราคา,,2026-06-04 05:51:47.124748+00,th
411,cuFkQBe26mM,1610.919,1619.559,"แพ็คเกจที่มันต่ำสุดก็ประมาณ 200,000 กีบ",,2026-06-04 05:51:47.124748+00,th
412,cuFkQBe26mM,1614.2,1623.84,ก็ตกอยู่ประมาณ 300 เท่าไหร่ 303  30  300,,2026-06-04 05:51:47.124748+00,th
413,cuFkQBe26mM,1619.559,1626.84,30 บาทประมาณนี้นะประมาณ 330 บาทนะครับ,,2026-06-04 05:51:47.124748+00,th
414,cuFkQBe26mM,1623.84,1629.399,เราก็เลือกเติมเงินไปนะครับมันก็บัตร,,2026-06-04 05:51:47.124748+00,th
415,cuFkQBe26mM,1626.84,1632.48,เครดิตมันก็ตัดไปแล้วเครดิตมันก็จะขึ้นมา,,2026-06-04 05:51:47.124748+00,th
416,cuFkQBe26mM,1629.399,1636.36,ที่ตัวแอปพลิเคชันของโลก้าทีนี้วิธีการ,,2026-06-04 05:51:47.124748+00,th
417,cuFkQBe26mM,1632.48,1639.559,ชาร์จก็ไม่ยากเลยครับเราก็ทำการขับไปหา,,2026-06-04 05:51:47.124748+00,th
418,cuFkQBe26mM,1636.36,1643.2,ตัวตู้โลก้าซึ่งที่เราไปชาร์จก็คือที่,,2026-06-04 05:51:47.124748+00,th
419,cuFkQBe26mM,1639.559,1645.64,ห้างปสันนั่นเองนะครับตอนแรกเราไปวิ่งไป,,2026-06-04 05:51:47.124748+00,th
420,cuFkQBe26mM,1643.2,1648.679,แถวๆนั้นหาไม่เจอมาถึงจุดชาร์จปุ๊บหาไม่,,2026-06-04 05:51:47.124748+00,th
421,cuFkQBe26mM,1645.64,1650.48,เจอปรากฏว่าเราก็จอดรถดูแล้วก็เดินดูอีก,,2026-06-04 05:51:47.124748+00,th
422,cuFkQBe26mM,1648.679,1654.399,เล็กน้อยนะครับปรากฏว่ามันอยู่เลยไปอีก,,2026-06-04 05:51:47.124748+00,th
423,cuFkQBe26mM,1650.48,1656.64,นิดหน่อยเราก็ทำการเลี้ยวเข้าห้างไปหลัง,,2026-06-04 05:51:47.124748+00,th
424,cuFkQBe26mM,1654.399,1660.96,จากทำเราทำการเลี้ยวเข้าห้างไปเนี่ยจริงๆ,,2026-06-04 05:51:47.124748+00,th
425,cuFkQBe26mM,1656.64,1665,เราเจอเอ่อ Honda  ch-r นะครับเอ้ไม่ใช่,,2026-06-04 05:51:47.124748+00,th
426,cuFkQBe26mM,1660.96,1668.48,ไม่ใช่สิ Honda  HRV ที่เป็น EV นะครับ,,2026-06-04 05:51:47.124748+00,th
427,cuFkQBe26mM,1665,1671,ซึ่งเป็นพวงมาลัยซ้ายอ่าน่าจะเป็นตัวจาก,,2026-06-04 05:51:47.124748+00,th
428,cuFkQBe26mM,1668.48,1674.72,จีนนัแหละครับที่จริงๆว่ามีแผนที่จะเข้า,,2026-06-04 05:51:47.124748+00,th
429,cuFkQBe26mM,1671,1677.519,ไทยนะครับเกำลังจอดชาร์จอยู่ซึ่งเา้าจอด,,2026-06-04 05:51:47.124748+00,th
430,cuFkQBe26mM,1674.72,1679.559,ชาร์จเป็นอีกหัวนึงเป็นหัว gbt ซึ่งหัว,,2026-06-04 05:51:47.124748+00,th
431,cuFkQBe26mM,1677.519,1682.96,เหมือนจีนนะนะครับผมจำไม่ได้แน่ใจว่าหัว,,2026-06-04 05:51:47.124748+00,th
432,cuFkQBe26mM,1679.559,1685.08,อะไรนะครับแต่ว่าอีกหัวนึงเป็น ccs  Combo,,2026-06-04 05:51:47.124748+00,th
433,cuFkQBe26mM,1682.96,1687.559,ซึ่งเราสามารถชาร์จได้ครับตัวนี้นะครับพอ,,2026-06-04 05:51:47.124748+00,th
434,cuFkQBe26mM,1685.08,1691.159,ไปถึงเนี่ยเชาร์จอยู่กเค้าก็ชาร์จเสร็จพอ,,2026-06-04 05:51:47.124748+00,th
435,cuFkQBe26mM,1687.559,1693.72,ดีวิธีการชาร์จก็คือไปถึงตู้ครับอ่าตู้,,2026-06-04 05:51:47.124748+00,th
436,cuFkQBe26mM,1691.159,1695.88,มันก็จะมีหน้าตาให้กดเนาะแล้วก็เราสามารถ,,2026-06-04 05:51:47.124748+00,th
437,cuFkQBe26mM,1693.72,1697.96,เลือกเป็นภาษาไทยได้นะครับหลังจากเรา,,2026-06-04 05:51:47.124748+00,th
438,cuFkQBe26mM,1695.88,1701.559,เลือกภาษาไทยแล้วก็ไม่ยากเลยครับเปิด,,2026-06-04 05:51:47.124748+00,th
439,cuFkQBe26mM,1697.96,1704.76,แอปพลิเคชัน loa ขึ้นมาทำการสแกนแล้วก็กด,,2026-06-04 05:51:47.124748+00,th
440,cuFkQBe26mM,1701.559,1707.36,เริ่มชาร์จเลยตอนแรกเนี่ยเราไปถึงเนี่ย,,2026-06-04 05:51:47.124748+00,th
441,cuFkQBe26mM,1704.76,1709.44,เราทำการเริ่มชาร์จปรากฏว่าชาร์จไม่เข้า,,2026-06-04 05:51:47.124748+00,th
442,cuFkQBe26mM,1707.36,1711.799,เราก็ลุ้นแล้วะเอ้ยมันพรุ่งนี้จะไปได้,,2026-06-04 05:51:47.124748+00,th
443,cuFkQBe26mM,1709.44,1714.12,มั้ยในวังเวียงไฟจะพอมั้ยนะครับตอนแรกก็,,2026-06-04 05:51:47.124748+00,th
444,cuFkQBe26mM,1711.799,1716.64,แอบหวั่นใจแต่จริงๆแล้วเมื่อวานเราชาร์มา,,2026-06-04 05:51:47.124748+00,th
445,cuFkQBe26mM,1714.12,1719.399,เต็ม 100% เรียบร้อยเรียบร้อยเรียบร้อย,,2026-06-04 05:51:47.124748+00,th
446,cuFkQBe26mM,1716.64,1722.36,แล้วนะครับอ่ะรอบแรกไม่ได้เราก็ยังไม่ถอด,,2026-06-04 05:51:47.124748+00,th
447,cuFkQBe26mM,1719.399,1724.88,ใจครับเราทำการถอดหัวใหม่แล้วก็ทำการ,,2026-06-04 05:51:47.124748+00,th
923,6rw0NJdxgMs,1116.12,1117.866,ເບິ່ງເຮືອນ,,2026-06-04 05:51:47.124748+00,unknown
448,cuFkQBe26mM,1722.36,1728.24,เสียบกลับเข้าไปเหมือนเดิมแล้วก็ทำการ,,2026-06-04 05:51:47.124748+00,th
449,cuFkQBe26mM,1724.88,1730.799,สแกนนะครับปรากฏว่าก็สแกนได้เรียบร้อยนะ,,2026-06-04 05:51:47.124748+00,th
450,cuFkQBe26mM,1728.24,1734.799,ครับแอปพลิเคชันก็ทำงานเรียบร้อยทีนี้เรา,,2026-06-04 05:51:47.124748+00,th
451,cuFkQBe26mM,1730.799,1738.679,สบายใจะไฟเข้าเรียบร้อยเราก็ไปเอ่อเดิน,,2026-06-04 05:51:47.124748+00,th
452,cuFkQBe26mM,1734.799,1742.039,ตลาดเข้าไปเดินห้างเข้าห้องน้ำอ่าหาอาหาร,,2026-06-04 05:51:47.124748+00,th
453,cuFkQBe26mM,1738.679,1745.279,รับประทานนะครับเราก็จอดชาร์จไปสักประมาณ,,2026-06-04 05:51:47.124748+00,th
454,cuFkQBe26mM,1742.039,1748.24,48 นาทีได้ประมาณเกือบๆชั่วโมงนะครับเรา,,2026-06-04 05:51:47.124748+00,th
455,cuFkQBe26mM,1745.279,1753.12,ก็ได้ไฟมาเต็ม 100% จำนวนไฟที่ได้เราจะ,,2026-06-04 05:51:47.124748+00,th
456,cuFkQBe26mM,1748.24,1757,ได้ประมาณอยู่ 9.7 กลวัตค่าชาร์จไฟก็ถ้า,,2026-06-04 05:51:47.124748+00,th
457,cuFkQBe26mM,1753.12,1760.039,ตกเป็นเงินไทยก็ประมาณ 80 เท่าไหร่ 87,,2026-06-04 05:51:47.124748+00,th
458,cuFkQBe26mM,1757,1763.6,บาทอ่าประมาณ 87 บาทก็ตกเฉลี่ยอยู่ประมาณ,,2026-06-04 05:51:47.124748+00,th
459,cuFkQBe26mM,1760.039,1766.32,หน่วยละ 9 บาทถ้าเทียบกับของปตทที่จอดใน,,2026-06-04 05:51:47.124748+00,th
460,cuFkQBe26mM,1763.6,1768.799,ห้างนะครับก็จะราคาเรทประมาณนี้เลย 9 ปตท,,2026-06-04 05:51:47.124748+00,th
461,cuFkQBe26mM,1766.32,1771.6,ที่จอดในห้างก็ประมาณ 9  9 บาท 99.50,,2026-06-04 05:51:47.124748+00,th
462,cuFkQBe26mM,1768.799,1773.919,อะไรประมาณนี้นะครับก็เรียกว่าราคาใกล้,,2026-06-04 05:51:47.124748+00,th
463,cuFkQBe26mM,1771.6,1777.12,เคียงกันนะครับเราเพราะฉะนั้นวันนี้เราก็,,2026-06-04 05:51:47.124748+00,th
464,cuFkQBe26mM,1773.919,1781.039,ทำการชาร์จไฟเสร็จเรียบร้อยภารกิจวันนี้,,2026-06-04 05:51:47.124748+00,th
465,cuFkQBe26mM,1777.12,1784.279,success แล้วครับสำหรับการชาร์จไฟที่ลาว,,2026-06-04 05:51:47.124748+00,th
466,cuFkQBe26mM,1781.039,1788.6,สปปลาวนั่นเองนะครับเราก็ทำการหยุดชาร์จ,,2026-06-04 05:51:47.124748+00,th
467,cuFkQBe26mM,1784.279,1792.96,ไฟได้ไฟมาเต็ม 100% ระยะทางวิ่งได้ 501,,2026-06-04 05:51:47.124748+00,th
468,cuFkQBe26mM,1788.6,1796.24,กมนะครับตามมาตรฐาน nedc เดี๋ยวพรุ่งนี้,,2026-06-04 05:51:47.124748+00,th
469,cuFkQBe26mM,1792.96,1798.679,เราจะไปชามทำการชาร์จไฟที่วังเวียงอีกที,,2026-06-04 05:51:47.124748+00,th
470,cuFkQBe26mM,1796.24,1802.76,นึงวังเวียงห่างจากที่ที่เวียงจันทร์,,2026-06-04 05:51:47.124748+00,th
471,cuFkQBe26mM,1798.679,1806.44,ประมาณซัก 120 กว่ากิมได้นะครับสำหรับที่,,2026-06-04 05:51:47.124748+00,th
472,cuFkQBe26mM,1802.76,1808.48,วังเวียงนะครับก็กลับมาเมื่อตอนเช้าครับ,,2026-06-04 05:51:47.124748+00,th
473,cuFkQBe26mM,1806.44,1812.279,เรามาคุยกันเมื่อตอนเช้ากันหน่อยในช่วง,,2026-06-04 05:51:47.124748+00,th
474,cuFkQBe26mM,1808.48,1815.72,สเต็ปที่เราข้ามพรมแดนจากเอ่อหนองคายมา,,2026-06-04 05:51:47.124748+00,th
475,cuFkQBe26mM,1812.279,1818.12,ที่ฝั่งลาวต้องบอกว่าจริงๆเราคิดว่าเราจะ,,2026-06-04 05:51:47.124748+00,th
476,cuFkQBe26mM,1815.72,1821,น่าจะทำเวลาได้ดีกว่านี้นะครับกะว่ามาถึง,,2026-06-04 05:51:47.124748+00,th
477,cuFkQBe26mM,1818.12,1823.6,สักประมาณ 9:30 นสัก 11:30 นเนี่ยเราน่า,,2026-06-04 05:51:47.124748+00,th
478,cuFkQBe26mM,1821,1826.679,จะข้ามมาฝั่งลาวเรียบร้อยแล้วปรากฏว่าเอา,,2026-06-04 05:51:47.124748+00,th
479,cuFkQBe26mM,1823.6,1828.6,เค้าจริงๆเนี่ย 11:30 นเรายังไม่ถึงไหน,,2026-06-04 05:51:47.124748+00,th
480,cuFkQBe26mM,1826.679,1832.399,เลยครับเรามาเสร็จที่,,2026-06-04 05:51:47.124748+00,th
481,cuFkQBe26mM,1828.6,1834.679,เอ่อด่านลาวเนี่ยสักประมาณเกือบๆ 13:30 น,,2026-06-04 05:51:47.124748+00,th
482,cuFkQBe26mM,1832.399,1838.279,ได้ครับค่อนข้างใช้เวลาพอสมควรนะเนื่อง,,2026-06-04 05:51:47.124748+00,th
483,cuFkQBe26mM,1834.679,1840.64,จากเอกสารเนี่ยค่อนข้างใช้ระยะเวลาเยอะ,,2026-06-04 05:51:47.124748+00,th
484,cuFkQBe26mM,1838.279,1843.159,มากๆนะครับจริงๆเอกสารเนี่ยมันจะต้อง,,2026-06-04 05:51:47.124748+00,th
485,cuFkQBe26mM,1840.64,1846.32,เตรียมให้พร้อมมากๆครับสำหรับถ้าคนไม่เคย,,2026-06-04 05:51:47.124748+00,th
486,cuFkQBe26mM,1843.159,1848.88,มานะครับมันจะค่อนข้างวุ่นวายขั้นตอน,,2026-06-04 05:51:47.124748+00,th
487,cuFkQBe26mM,1846.32,1851.279,รีวิวโดยละเอียดเนี่ยจริงๆผมอ่ะตั้งใจจะ,,2026-06-04 05:51:47.124748+00,th
488,cuFkQBe26mM,1848.88,1853.799,ทำนะครับแต่ปรากฏว่าเอกสารมันขาดไปขาดมา,,2026-06-04 05:51:47.124748+00,th
532,cuFkQBe26mM,1983.639,1991.32,ตม 3 ก็คือบัญชีคนโดยสาร passenger  List,,2026-06-04 05:51:47.124748+00,th
489,cuFkQBe26mM,1851.279,1856.6,ต้องติดสแตมป์สแตมป์ไม่ครบอะไรบ้างแล้ว,,2026-06-04 05:51:47.124748+00,th
490,cuFkQBe26mM,1853.799,1859.08,แต่เนี่ยปรากฏว่ามันแบบโหมันหลากหลายมาก,,2026-06-04 05:51:47.124748+00,th
491,cuFkQBe26mM,1856.6,1861.12,ครับจำไม่ได้เอาเป็นว่าเราไปหน้าด่าน,,2026-06-04 05:51:47.124748+00,th
492,cuFkQBe26mM,1859.08,1864.559,หนองคายเนี่ยเดี๋ยวจริงๆเขาจะมีเจ้าหน้า,,2026-06-04 05:51:47.124748+00,th
493,cuFkQBe26mM,1861.12,1867.36,ที่ช่วยเดี๋ยวผมจะลงลิงก์ที่เอ่อพี่คนนึง,,2026-06-04 05:51:47.124748+00,th
494,cuFkQBe26mM,1864.559,1870.72,เขาทำไว้เกี่ยวกับเรื่องรีวิวขับรถข้าม,,2026-06-04 05:51:47.124748+00,th
495,cuFkQBe26mM,1867.36,1872.96,ด่านหนองคายไปยังประเทศลาวให้อีกทีนึงอัน,,2026-06-04 05:51:47.124748+00,th
496,cuFkQBe26mM,1870.72,1875.88,นั้นเขาจะรีวิวโดยละเอียดหน่อยแต่ผมมา,,2026-06-04 05:51:47.124748+00,th
497,cuFkQBe26mM,1872.96,1879.159,เล่าให้ฟังคร่าวๆก็ได้ครับผมเอาเอ่อเซฟ,,2026-06-04 05:51:47.124748+00,th
498,cuFkQBe26mM,1875.88,1881.799,เอ่อตัวหน้าของเ่อขั้นตอนจากพี่เามา,,2026-06-04 05:51:47.124748+00,th
499,cuFkQBe26mM,1879.159,1885.72,เหมือนกันเลยครับจริงๆถ้าเกิดสมมุติถาม,,2026-06-04 05:51:47.124748+00,th
500,cuFkQBe26mM,1881.799,1888.36,ว่ารถที่ติดไฟแนนซ์ข้ามได้ไหมแน่นอนว่า,,2026-06-04 05:51:47.124748+00,th
503,cuFkQBe26mM,1890.84,1898.159,ของมันอยู่ก็คือไปทำการขอยืมเล่มไฟแนนซ์,,2026-06-04 05:51:47.124748+00,th
504,cuFkQBe26mM,1893.799,1900.519,มานะครับก็จริงๆผมเขียนรีวิวในไว้ในอกอ่า,,2026-06-04 05:51:47.124748+00,th
505,cuFkQBe26mM,1898.159,1902.159,กลุ่มของ AA  Thailand  Club เรียบร้อย,,2026-06-04 05:51:47.124748+00,th
506,cuFkQBe26mM,1900.519,1905.48,แล้วนะครับเดี๋ยวอาจจะไปหาอ่านกันได้นะ,,2026-06-04 05:51:47.124748+00,th
507,cuFkQBe26mM,1902.159,1908.679,ครับเดี๋ยวผมขอพูดเฉพาะในส่วนของการขับรถ,,2026-06-04 05:51:47.124748+00,th
508,cuFkQBe26mM,1905.48,1912.519,ข้ามจากฝั่งไทยไปฝั่งลาวกันก่อนนะครับ,,2026-06-04 05:51:47.124748+00,th
509,cuFkQBe26mM,1908.679,1915.2,เรื่องของของเอกสารครับจริงๆเนี่ยการ,,2026-06-04 05:51:47.124748+00,th
510,cuFkQBe26mM,1912.519,1918.84,เอกสารที่จากฝั่งไทยไปฝั่งลาว,,2026-06-04 05:51:47.124748+00,th
511,cuFkQBe26mM,1915.2,1921.72,เนี่ยมันก็จะมีเอกสารเราควรจะจัดไว้ 2,,2026-06-04 05:51:47.124748+00,th
512,cuFkQBe26mM,1918.84,1924.76,ชุดนะครับ 1 คือสำเนาพาสปอร์ตของผู้เดิน,,2026-06-04 05:51:47.124748+00,th
513,cuFkQBe26mM,1921.72,1928.12,ทางทุกคนคนละ 1 ใบนะครับสำเนาคู่มือรถนะ,,2026-06-04 05:51:47.124748+00,th
514,cuFkQBe26mM,1924.76,1931.32,ครับเอ่อหน้าของเจ้าของรถประวัติภาษี 1,,2026-06-04 05:51:47.124748+00,th
515,cuFkQBe26mM,1928.12,1935.559,ชุดสำเนาบัตรประชาชนสำเนาพาสปอร์ตรถทุก,,2026-06-04 05:51:47.124748+00,th
516,cuFkQBe26mM,1931.32,1938.36,หน้านะครับใบตม 2 ตม 3 ตม 4 อย่างละ 1 ใบ,,2026-06-04 05:51:47.124748+00,th
517,cuFkQBe26mM,1935.559,1941.32,จริงๆเอกสารพวกเนี้ยจริงๆแนะนำให้ซอก,,2026-06-04 05:51:47.124748+00,th
518,cuFkQBe26mM,1938.36,1944.48,เตรียมไว้สักประมาณ 4-5 ชุดเผื่อในกรณี,,2026-06-04 05:51:47.124748+00,th
519,cuFkQBe26mM,1941.32,1947.639,ที่มีปัญหานะครับแล้วก็พอสำหรับพอเป็นรถ,,2026-06-04 05:51:47.124748+00,th
520,cuFkQBe26mM,1944.48,1953.08,ที่ติดไฟแนนซ์เนี่ยก็จะมีเค้าจะมีไฟแนนซ์,,2026-06-04 05:51:47.124748+00,th
521,cuFkQBe26mM,1947.639,1956.36,จะให้ให้หนังสืออ้าใบอะไรนะอ่าใบมอบอำนาจ,,2026-06-04 05:51:47.124748+00,th
522,cuFkQBe26mM,1953.08,1958.6,มาด้วยนะครับแล้วก็แต่การที่เค้าใบใบมอบ,,2026-06-04 05:51:47.124748+00,th
523,cuFkQBe26mM,1956.36,1960.76,อำนาจมาเนี่ยเ้าอาจจะยังไม่ได้ติดสแตมป์,,2026-06-04 05:51:47.124748+00,th
524,cuFkQBe26mM,1958.6,1963.76,ให้เพราะฉะนั้นเราก็ต้องซื้อสแตมป์มาติด,,2026-06-04 05:51:47.124748+00,th
525,cuFkQBe26mM,1960.76,1966.96,ด้วย 10 บาทนะครับก็คือมันจะเป็น 5 บาท 2,,2026-06-04 05:51:47.124748+00,th
526,cuFkQBe26mM,1963.76,1971.24,บาผมเนี่ยติดขั้นตอนเละครับโอเคอันนี้ก็,,2026-06-04 05:51:47.124748+00,th
527,cuFkQBe26mM,1966.96,1975.639,จะเป็นเอกสารสำหรับขาเข้านะครับจริงๆใบตม,,2026-06-04 05:51:47.124748+00,th
528,cuFkQBe26mM,1971.24,1978.32,2 นะครับมันสามารถขอได้ที่เอ่อบริเวณที่,,2026-06-04 05:51:47.124748+00,th
529,cuFkQBe26mM,1975.639,1981.36,ผ่านแดนเลยนะครับ 5D ช่อง 5D ดีนะครับใบ,,2026-06-04 05:51:47.124748+00,th
530,cuFkQBe26mM,1978.32,1983.639,ตม 2 คือใบรายการที่เกี่ยวกับพาหนะซึ่ง,,2026-06-04 05:51:47.124748+00,th
531,cuFkQBe26mM,1981.36,1987.159,เดี๋ยวเขาจะมีตัวอย่างในการกรอกไว้ด้วยใบ,,2026-06-04 05:51:47.124748+00,th
924,6rw0NJdxgMs,1117.88,1118.4,ພັກ,,2026-06-04 05:51:47.124748+00,unknown
533,cuFkQBe26mM,1987.159,1994.44,ใบตม 4 ก็คือบัญชีคนประจำพาหนะรายละเอียด,,2026-06-04 05:51:47.124748+00,th
534,cuFkQBe26mM,1991.32,1996.279,มันเยอะยิบย่อยมากๆแต่ว่าหน้าหน้าด่าน,,2026-06-04 05:51:47.124748+00,th
535,cuFkQBe26mM,1994.44,1998.48,เนี่ยเขาจะมีตัวอย่างให้กรอกอยู่ดูที่,,2026-06-04 05:51:47.124748+00,th
536,cuFkQBe26mM,1996.279,2002.919,โต๊ะได้เดี๋ยวผมอาจจะมี insert แทรกรีวิว,,2026-06-04 05:51:47.124748+00,th
537,cuFkQBe26mM,1998.48,2006.36,ไปนะครับทีนี้ขั้นตอนแรกถ้าสมมุติในกรณี,,2026-06-04 05:51:47.124748+00,th
538,cuFkQBe26mM,2002.919,2009.2,ที่ขับรถเข้ามาครั้งแรกนะครับครับไม่เคย,,2026-06-04 05:51:47.124748+00,th
539,cuFkQBe26mM,2006.36,2012.159,ขับรถผ่านแดนมาก่อนเลยเลยนะครับเราจะต้อง,,2026-06-04 05:51:47.124748+00,th
540,cuFkQBe26mM,2009.2,2014.24,ไปทำเค้าเรียกว่าเราจะต้องไปทำเอาตัว,,2026-06-04 05:51:47.124748+00,th
541,cuFkQBe26mM,2012.159,2016.519,พาสปอร์ตโค้ดเนี่ยไปทำบาร์โคดซะก่อน,,2026-06-04 05:51:47.124748+00,th
542,cuFkQBe26mM,2014.24,2020.2,พาสปอร์ตรถอ่าเล่มม่วงเราเรียกว่าเล่ม,,2026-06-04 05:51:47.124748+00,th
543,cuFkQBe26mM,2016.519,2022.519,ม่วงเหกันไปทำบารโคดซะก่อนนะครับซึ่งจอด,,2026-06-04 05:51:47.124748+00,th
544,cuFkQBe26mM,2020.2,2025.12,รถเรียบร้อยเราก็ไปทำทางด้านซ้ายมือนะ,,2026-06-04 05:51:47.124748+00,th
545,cuFkQBe26mM,2022.519,2027.039,ครับไปถามเ้าก็ได้ว่าพาสปอร์อยู่ที่ไหนนะ,,2026-06-04 05:51:47.124748+00,th
546,cuFkQBe26mM,2025.12,2030.44,ครับหรือผมผมไม่แน่ใจว่าผมถ่ายวีดีโอไว้,,2026-06-04 05:51:47.124748+00,th
547,cuFkQBe26mM,2027.039,2034.919,หรือเปล่าถ้ามีเดี๋ยวแทรกไว้ให้นะครับ,,2026-06-04 05:51:47.124748+00,th
548,cuFkQBe26mM,2030.44,2037.96,โอเคหลังจากนั้นพอทำบาร์โค้ดเรียบร้อยนะ,,2026-06-04 05:51:47.124748+00,th
549,cuFkQBe26mM,2034.919,2040.12,ครับเราก็จะมาช่อง 4D เพื่อยื่นเอกสารนะ,,2026-06-04 05:51:47.124748+00,th
550,cuFkQBe26mM,2037.96,2043.559,ครับที่เราเตรียมไว้เมื่อสักครู่นี้ก็คือ,,2026-06-04 05:51:47.124748+00,th
551,cuFkQBe26mM,2040.12,2046.559,เอ่อมีพาสปอร์ตตัวจริงเล่มม่วงนะครับแสดง,,2026-06-04 05:51:47.124748+00,th
552,cuFkQBe26mM,2043.559,2049.879,ตัวตนพาสปอร์ตทุกคนนะครับแล้วก็เจ้าหน้า,,2026-06-04 05:51:47.124748+00,th
553,cuFkQBe26mM,2046.559,2051.839,ที่จะประทับตาลงในตม 2 แลส่งคืนทั้งหมด,,2026-06-04 05:51:47.124748+00,th
554,cuFkQBe26mM,2049.879,2054.44,หลังจากนั้นเราก็มาช่อง 6d ยื่นเอกสาร,,2026-06-04 05:51:47.124748+00,th
555,cuFkQBe26mM,2051.839,2056.839,พาสปอร์ตตัวจริงเล่มม่วงแล้วก็เจ้าของรถ,,2026-06-04 05:51:47.124748+00,th
556,cuFkQBe26mM,2054.44,2059.24,ก็จะเซ็นเอกสารด้วยนะครับจริงๆเดี๋ยว,,2026-06-04 05:51:47.124748+00,th
557,cuFkQBe26mM,2056.839,2061.32,สเต็ปขั้นตอนในรายละเอียดอ่ะผมแนะนำให้ไป,,2026-06-04 05:51:47.124748+00,th
558,cuFkQBe26mM,2059.24,2064.32,ดูช่องพี่เค้าดีกว่าเดี๋ยวผมแนบลิงก์ไว้,,2026-06-04 05:51:47.124748+00,th
559,cuFkQBe26mM,2061.32,2068.119,ให้เมีค่อนข้างสเต็ปเรียบร้อยมากนะครับพอ,,2026-06-04 05:51:47.124748+00,th
560,cuFkQBe26mM,2064.32,2070.52,ผมยื่นเอกสารคนลดเสร็จเรียบร้อยนะนะครับ,,2026-06-04 05:51:47.124748+00,th
561,cuFkQBe26mM,2068.119,2074.28,เราก็จะทำการขับรถแต่เขายังไม่ได้คืนเล่ม,,2026-06-04 05:51:47.124748+00,th
562,cuFkQBe26mM,2070.52,2077.96,ม่วงนะครับเราก็จะทำการขับรถผ่านแดนที่,,2026-06-04 05:51:47.124748+00,th
563,cuFkQBe26mM,2074.28,2080.44,ฝั่งไทยไปผ่านผ่านแป๊บนึงอ่ะครับไม่ไกล,,2026-06-04 05:51:47.124748+00,th
564,cuFkQBe26mM,2077.96,2083.04,มากบริเวณแถวนั้นแหละก็จอดให้เขาทำการ,,2026-06-04 05:51:47.124748+00,th
565,cuFkQBe26mM,2080.44,2087.839,ตรวจรถนิดหน่อยให้ตรวจคนนิดหน่อยแค่นั้น,,2026-06-04 05:51:47.124748+00,th
566,cuFkQBe26mM,2083.04,2089.919,เองนะครับแล้วเขาก็อ่าเขาคก็จะมีตรวจเลข,,2026-06-04 05:51:47.124748+00,th
567,cuFkQBe26mM,2087.839,2092.639,ตัวถังรถซึ่งอ goodcat จะอยู่ที่หน้า,,2026-06-04 05:51:47.124748+00,th
568,cuFkQBe26mM,2089.919,2094.72,กระจกตอนแรกเาบอกว่าอยู่ที่คือในเล่มอ่ะ,,2026-06-04 05:51:47.124748+00,th
569,cuFkQBe26mM,2092.639,2097.16,ครับมันจะบอกว่าอยู่บริเวณด้านคนขับใต้,,2026-06-04 05:51:47.124748+00,th
570,cuFkQBe26mM,2094.72,2099.72,ที่ด้านคนขับปรากฏว่าจริงๆแล้วเนี่ยมัน,,2026-06-04 05:51:47.124748+00,th
571,cuFkQBe26mM,2097.16,2101.48,อยู่บริเวณหน้ากระจกถ้าเราขับ goodcat,,2026-06-04 05:51:47.124748+00,th
572,cuFkQBe26mM,2099.72,2103.48,อยู่เราจะรู้ว่าจะอยู่บริเวณหน้ากระจกทาง,,2026-06-04 05:51:47.124748+00,th
573,cuFkQBe26mM,2101.48,2106.56,ด้านซ้ายมือนะครับเดี๋ยวนี้รถจีนส่วนใหญ่,,2026-06-04 05:51:47.124748+00,th
574,cuFkQBe26mM,2103.48,2110.04,ประเป็นประมาณนี้หมดนะครับหลังจากนั้นนะ,,2026-06-04 05:51:47.124748+00,th
575,cuFkQBe26mM,2106.56,2112.28,ครับเราก็จะทำการขับรถต่อไปอีกหน่อยอ่า,,2026-06-04 05:51:47.124748+00,th
576,cuFkQBe26mM,2110.04,2115.4,เราได้สมุดเล่มม่วงคืนแล้วเราก็จะทำการ,,2026-06-04 05:51:47.124748+00,th
577,cuFkQBe26mM,2112.28,2119.68,ขับรถต่อผ่านไปนะครับแล้วก็ทำการจ่ายค่า,,2026-06-04 05:51:47.124748+00,th
578,cuFkQBe26mM,2115.4,2122.839,ผ่านแดนฝั่งไทยประมาณ 20 บาทนะครับก็จ่าย,,2026-06-04 05:51:47.124748+00,th
579,cuFkQBe26mM,2119.68,2126.2,เป็นเงินไทยได้เลยครับจ่าย 20 บาทเรียบ,,2026-06-04 05:51:47.124748+00,th
580,cuFkQBe26mM,2122.839,2129.119,ร้อยเราก็ทำการขับข้ามผ่านไปช่วงเวลานี้,,2026-06-04 05:51:47.124748+00,th
581,cuFkQBe26mM,2126.2,2133.079,ก็ขับไปเลยครับไปเรื่อยๆถึงครึ่งสะพานก็,,2026-06-04 05:51:47.124748+00,th
582,cuFkQBe26mM,2129.119,2135.48,จะเจอธงชาติของฝั่งลาวแล้วแล้วเราก็ข้าม,,2026-06-04 05:51:47.124748+00,th
583,cuFkQBe26mM,2133.079,2139.119,ไปฝั่งลาวนะครับพอข้ามไปฝั่งลาวให้ท่อง,,2026-06-04 05:51:47.124748+00,th
584,cuFkQBe26mM,2135.48,2141.76,ไว้ชิดขวาชิดขวาขับเลนขวาเพราะการขับใน,,2026-06-04 05:51:47.124748+00,th
585,cuFkQBe26mM,2139.119,2144.16,ลาวจะไม่เหมือนกันนะครับลาวเขจะขับเลนขวา,,2026-06-04 05:51:47.124748+00,th
586,cuFkQBe26mM,2141.76,2147.64,ส่วนไทยเนี่ยจะขับเลนซ้ายเพราะฉะนั้นก็พอ,,2026-06-04 05:51:47.124748+00,th
587,cuFkQBe26mM,2144.16,2150.16,ไปถึงปุ๊บเจอแยกก็ชิดขวาแล้วก็พอจะเจอ,,2026-06-04 05:51:47.124748+00,th
588,cuFkQBe26mM,2147.64,2152.76,เหมือนด่านอะไรต่างๆเนี่ยก็ทำการชิดขวา,,2026-06-04 05:51:47.124748+00,th
589,cuFkQBe26mM,2150.16,2155.16,ไว้แล้วก็เลี้ยวอ้อมไปทางด้านหลังตึก,,2026-06-04 05:51:47.124748+00,th
590,cuFkQBe26mM,2152.76,2157.72,เดี๋ยวผมน่าจะมีน่าจะมีวีีดีโอแทรกไว้ให้,,2026-06-04 05:51:47.124748+00,th
591,cuFkQBe26mM,2155.16,2160.92,อยู่นะครับพอเลี้ยวเลี้ยวอ้อมเข้าไปไป,,2026-06-04 05:51:47.124748+00,th
592,cuFkQBe26mM,2157.72,2163.48,หลังตึดแล้วก็ไปทำการจอดรถนะครับจอดรถ,,2026-06-04 05:51:47.124748+00,th
593,cuFkQBe26mM,2160.92,2166.48,แล้วก็ไปทำเรื่องเอกสาร1ึคือว่าซื้อ,,2026-06-04 05:51:47.124748+00,th
594,cuFkQBe26mM,2163.48,2172.48,ประกันภัยรถยนต์ก่อนซึ่งประกันภัยรถยนต์,,2026-06-04 05:51:47.124748+00,th
595,cuFkQBe26mM,2166.48,2176.319,ก็เราซื้อของอนประมาณซัก 160 บาทซึ่งเรา,,2026-06-04 05:51:47.124748+00,th
596,cuFkQBe26mM,2172.48,2179.359,สามารถจ่ายเป็นเงินไทยได้เลยครับอ่าพอ,,2026-06-04 05:51:47.124748+00,th
597,cuFkQBe26mM,2176.319,2182.56,ซื้อประกันรถเสร็จก็ซื้อซิมนะครับซิมเรา,,2026-06-04 05:51:47.124748+00,th
598,cuFkQBe26mM,2179.359,2184.72,ก็ประมาณคนละ 150 บาทนะครับอ่าเราก็ซื้อ,,2026-06-04 05:51:47.124748+00,th
599,cuFkQBe26mM,2182.56,2187.839,อ่าอินเทอร์เน็ตเราใช้ได้ะนะครับประกัน,,2026-06-04 05:51:47.124748+00,th
600,cuFkQBe26mM,2184.72,2192,ภัยรถมีะทีนี้มันก็จะต้องดำเนินการเกี่ยว,,2026-06-04 05:51:47.124748+00,th
601,cuFkQBe26mM,2187.839,2195.56,กับเรื่องของอิมมิเกรชั่นโดคนเข้าเมืองนะ,,2026-06-04 05:51:47.124748+00,th
602,cuFkQBe26mM,2192,2198.44,ครับไปแตมบัตรแล้วก็จะต้องมีหนังสือติด,,2026-06-04 05:51:47.124748+00,th
603,cuFkQBe26mM,2195.56,2200.599,ตามรถเมันจะเป็นประมาณเนี้ยมันจะวุ่นวาย,,2026-06-04 05:51:47.124748+00,th
604,cuFkQBe26mM,2198.44,2203.56,หน่อยสำหรับอันเนี้ยก็จะมีต้องไปไปกรอก,,2026-06-04 05:51:47.124748+00,th
605,cuFkQBe26mM,2200.599,2206.599,ข้อมูลบนตู้ต้องบอกว่า AA  goodcat เนี่ย,,2026-06-04 05:51:47.124748+00,th
606,cuFkQBe26mM,2203.56,2209.24,เไปกรอกเนี่ยข้อมูลไม่มีเลยนะครับไม่มี,,2026-06-04 05:51:47.124748+00,th
607,cuFkQBe26mM,2206.599,2211.599,อยู่ในระบบซึ่งเราเบอกว่าของเาเนี่ยยัง,,2026-06-04 05:51:47.124748+00,th
608,cuFkQBe26mM,2209.24,2214.04,ไม่ไม่มีอ่าอยู่ในระบบก็ไม่เป็นไรเรา,,2026-06-04 05:51:47.124748+00,th
609,cuFkQBe26mM,2211.599,2216.44,สามารถเลือกอื่นๆไปก็ได้นะครับอันนี้ไม่,,2026-06-04 05:51:47.124748+00,th
610,cuFkQBe26mM,2214.04,2219.88,ได้ติดปัญหาอะไรแล้วก็กรอกทะเบียนสามารถ,,2026-06-04 05:51:47.124748+00,th
611,cuFkQBe26mM,2216.44,2222.92,กรอกเป็นเอ่ออ่าภาษาอังกฤษนะครับแล้วก็,,2026-06-04 05:51:47.124748+00,th
612,cuFkQBe26mM,2219.88,2225.76,ก่อนเภาษาอังกฤษแล้วเก็จะบปริ้นใบให้เรา,,2026-06-04 05:51:47.124748+00,th
613,cuFkQBe26mM,2222.92,2228.64,ไปจ่ายเงินมาจริงๆที่ลาวเนี่ยมีหลายสเต็ป,,2026-06-04 05:51:47.124748+00,th
614,cuFkQBe26mM,2225.76,2231.839,นะครับที่จ่ายตังค์ไม่ว่าจะเป็นขอใบอะไร,,2026-06-04 05:51:47.124748+00,th
615,cuFkQBe26mM,2228.64,2233.56,ต่างๆทีละ 20  40  20  40 เตรียมๆไว้นะ,,2026-06-04 05:51:47.124748+00,th
616,cuFkQBe26mM,2231.839,2236.76,ครับจริงๆตรงนั้นน่ะสามารถจ่ายเป็นเงิน,,2026-06-04 05:51:47.124748+00,th
617,cuFkQBe26mM,2233.56,2239.079,ไทยได้นะครับเราได้ใบมาเสร็จก็ไปจ่ายเงิน,,2026-06-04 05:51:47.124748+00,th
618,cuFkQBe26mM,2236.76,2240.72,เขียนอะไรเนี่ยมันก็จะมีสเต็ปประมาผมจำ,,2026-06-04 05:51:47.124748+00,th
619,cuFkQBe26mM,2239.079,2244,ไม่ได้แล้วมันสเต็ปมันค่อนข้างเยอะอ่ะ,,2026-06-04 05:51:47.124748+00,th
620,cuFkQBe26mM,2240.72,2246.4,ครับเมื่อทำกระบวนการเสร็จบริเวณหน้าตู้,,2026-06-04 05:51:47.124748+00,th
621,cuFkQBe26mM,2244,2250.119,เหล่าๆนั้นเสร็จเรียบร้อยแล้วเนี่ยเราก็,,2026-06-04 05:51:47.124748+00,th
622,cuFkQBe26mM,2246.4,2253.8,กลับมาที่รถแล้วก็เอาอ่าเอกสารเนี่ยไปทำ,,2026-06-04 05:51:47.124748+00,th
623,cuFkQBe26mM,2250.119,2256.52,การยื่นช่อง 5D นะครับแล้วก็ทำการอไปยื่น,,2026-06-04 05:51:47.124748+00,th
624,cuFkQBe26mM,2253.8,2260.359,ให้เค้าเสร็จปึ๊บก็จะทำการมันจะมีตัว,,2026-06-04 05:51:47.124748+00,th
625,cuFkQBe26mM,2256.52,2263.24,บาร์โค้ดให้ทำการสแกนออกเพื่อผ่านออกมา,,2026-06-04 05:51:47.124748+00,th
626,cuFkQBe26mM,2260.359,2265.92,สต็ปเหมือนจะไม่นานแต่ผมเนี่ยใช้เวลานาน,,2026-06-04 05:51:47.124748+00,th
627,cuFkQBe26mM,2263.24,2268.359,มากๆต้องบอกว่ามันมาครั้งแรกครับเพราะว่า,,2026-06-04 05:51:47.124748+00,th
628,cuFkQBe26mM,2265.92,2270.44,สเต็ปมันจะแบบเปลี่ยนไปเปลี่ยนมาเอกสาร,,2026-06-04 05:51:47.124748+00,th
629,cuFkQBe26mM,2268.359,2273.119,ไม่ครบมั่งขาดอันนั้นมั่งขาดอันนี้มั่ง,,2026-06-04 05:51:47.124748+00,th
630,cuFkQBe26mM,2270.44,2277.92,เยอะแยะนะครับก็ค่อนข้างที่จะใช้เวลาพอสม,,2026-06-04 05:51:47.124748+00,th
631,cuFkQBe26mM,2273.119,2280.04,ควร 13:00 นก็ประมาณัก 13:30 นเราก็ออกมา,,2026-06-04 05:51:47.124748+00,th
632,cuFkQBe26mM,2277.92,2284.079,ได้เรียบร้อยเห็นมั้ยครับว่าเราใช้เวลา,,2026-06-04 05:51:47.124748+00,th
633,cuFkQBe26mM,2280.04,2286.64,ตั้งแต่ 9:30 นยัน 13:30 นค่อนข้างใช้,,2026-06-04 05:51:47.124748+00,th
634,cuFkQBe26mM,2284.079,2290.079,เวลาพอสมควรเหมือนกันนะครับอันนี้ก็เป็น,,2026-06-04 05:51:47.124748+00,th
635,cuFkQBe26mM,2286.64,2292.2,เรื่องราวของการขับรถข้ามผ่านแดนมาหลัง,,2026-06-04 05:51:47.124748+00,th
636,cuFkQBe26mM,2290.079,2296.52,จากนั้นเราก็จะทำการขับรถข้ามผ่านแดนให้,,2026-06-04 05:51:47.124748+00,th
637,cuFkQBe26mM,2292.2,2299.16,ท่องไว้ครับว่าชิดขวาชิดขวาแล้วก็ชิดขวา,,2026-06-04 05:51:47.124748+00,th
638,cuFkQBe26mM,2296.52,2302.04,นะครับเพื่อทำการไม่ผิดนะครับอ่าเพราะ,,2026-06-04 05:51:47.124748+00,th
639,cuFkQBe26mM,2299.16,2304.52,ฉะนั้นสังเกตป้ายด้วยนะครับเราอยากจะให้,,2026-06-04 05:51:47.124748+00,th
640,cuFkQBe26mM,2302.04,2308.44,สังเกตป้ายด้วยนะครับแล้วมันก็จะต่อมา,,2026-06-04 05:51:47.124748+00,th
641,cuFkQBe26mM,2304.52,2311.839,เรื่องราวของเอ่อที่เราถูกตรวจจับนั่นเอง,,2026-06-04 05:51:47.124748+00,th
642,cuFkQBe26mM,2308.44,2313.599,นะครับต้องบอกว่าเราคิดว่ามั่นใจใน Google,,2026-06-04 05:51:47.124748+00,th
643,cuFkQBe26mM,2311.839,2316.079,เนี่ยแหละครับว่า Google เนี่ยจะช่วยเรา,,2026-06-04 05:51:47.124748+00,th
644,cuFkQBe26mM,2313.599,2318.16,ได้นะครับเราก็ใช้ Google นำทางมาเลยครับ,,2026-06-04 05:51:47.124748+00,th
645,cuFkQBe26mM,2316.079,2321.8,เราก็เสิร์ชมา Google ก็นำทางมาเรียบร้อย,,2026-06-04 05:51:47.124748+00,th
646,cuFkQBe26mM,2318.16,2325.079,เลยปรากฏว่ามันก็ทำทางดีมาสักระยะนึงครับ,,2026-06-04 05:51:47.124748+00,th
647,cuFkQBe26mM,2321.8,2327.64,เราก็ขับชิดขวามาตลอดท่องไว้ชิดขวาชิดขวา,,2026-06-04 05:51:47.124748+00,th
648,cuFkQBe26mM,2325.079,2330.88,ไว้เฮ้ยอะไรประมาณเนี้ยนะครับแล้วก็ขับมา,,2026-06-04 05:51:47.124748+00,th
649,cuFkQBe26mM,2327.64,2333.76,สักพักนึงปรากฏว่าใกล้จะถึงที่พักแล้วอีก,,2026-06-04 05:51:47.124748+00,th
650,cuFkQBe26mM,2330.88,2337.64,สักประมาณ 5 เมตได้มันจะเจอทางแยกซ้ายกับ,,2026-06-04 05:51:47.124748+00,th
651,cuFkQBe26mM,2333.76,2341.16,ขวา Google มันบอกให้ตรงไปผมก็ขับตรงไปไป,,2026-06-04 05:51:47.124748+00,th
652,cuFkQBe26mM,2337.64,2344.599,เลยครับจะถึงที่พักเเรียกว่าจอดแทบจะซอย,,2026-06-04 05:51:47.124748+00,th
653,cuFkQBe26mM,2341.16,2349.319,หน้าที่พักแล้วปรากฏว่าสักพักตำรวจขับมา,,2026-06-04 05:51:47.124748+00,th
654,cuFkQBe26mM,2344.599,2351.839,ครับตำรวจลาวขับมาโบกให้จอดห้ามตรงแ่า,,2026-06-04 05:51:47.124748+00,th
655,cuFkQBe26mM,2349.319,2354.76,เพราะฉะนั้นขอดูใบอนุญาตต่างๆซึ่งเราก็มี,,2026-06-04 05:51:47.124748+00,th
656,cuFkQBe26mM,2351.839,2357.839,ให้เค้าเรียบร้อยนะครับปรากฏว่าจริงๆทาง,,2026-06-04 05:51:47.124748+00,th
657,cuFkQBe26mM,2354.76,2361.119,ตรงนั้นมันห้ามตรงนะครับเค้าก็เลยเรียกไป,,2026-06-04 05:51:47.124748+00,th
658,cuFkQBe26mM,2357.839,2365.24,เสียค่าปรับที่ป้อมนะครับส่วนค่าปรับจะ,,2026-06-04 05:51:47.124748+00,th
659,cuFkQBe26mM,2361.119,2368.24,เป็นเท่าไหร่ก็ละไว้แล้วะกันนะครับอ่าเอา,,2026-06-04 05:51:47.124748+00,th
660,cuFkQBe26mM,2365.24,2371.56,เป็นว่าจ่ายเป็นเงินไทยได้นะครับ,,2026-06-04 05:51:47.124748+00,th
661,cuFkQBe26mM,2368.24,2374.64,โอเคหลังจากเราจ่ายเงินเสียค่าปรับเรียบ,,2026-06-04 05:51:47.124748+00,th
662,cuFkQBe26mM,2371.56,2376.119,ร้อยแล้วนะครับเราก็สอบถามเขาว่าเส้นทาง,,2026-06-04 05:51:47.124748+00,th
663,cuFkQBe26mM,2374.64,2378.44,ที่ถูกต้องจะเป็นต้องเป็นยังไงนะครับ,,2026-06-04 05:51:47.124748+00,th
664,cuFkQBe26mM,2376.119,2381.72,ปรากฏว่าเขาบอกว่าจริงๆมันจะต้องห้ามตรง,,2026-06-04 05:51:47.124748+00,th
665,cuFkQBe26mM,2378.44,2383.8,ไปสามารถเลี้ยวขวาได้นะครับก็พอเราไปแยก,,2026-06-04 05:51:47.124748+00,th
666,cuFkQBe26mM,2381.72,2385.8,ตรงนั้นอีกสักทีนึงเราจะเห็นโอหมีป้ายวง,,2026-06-04 05:51:47.124748+00,th
667,cuFkQBe26mM,2383.8,2388.28,กลมเล็กๆเนี่ยเขียนห้ามตรงไปอยู่นะครับ,,2026-06-04 05:51:47.124748+00,th
668,cuFkQBe26mM,2385.8,2390.839,แล้วเราก็เลยโอเครอบนี้เราก็เลยทำการ,,2026-06-04 05:51:47.124748+00,th
669,cuFkQBe26mM,2388.28,2395.319,เลี้ยวขวาไปอย่างไปทางที่ถูกต้องนะครับ,,2026-06-04 05:51:47.124748+00,th
670,cuFkQBe26mM,2390.839,2398.359,อันนี้ก็คือถือว่าเป็นตำรวจจับครั้งแรกใน,,2026-06-04 05:51:47.124748+00,th
671,cuFkQBe26mM,2395.319,2400.88,การขับรถผ่านแดนนะครับครับมันก็เป็นอีก,,2026-06-04 05:51:47.124748+00,th
672,cuFkQBe26mM,2398.359,2403.24,ประสบการณ์นึงครับถ้าเราไม่ได้ซีเรียส,,2026-06-04 05:51:47.124748+00,th
673,cuFkQBe26mM,2400.88,2406.8,อะไรก็ถือว่าเป็นอีกประสบการณ์นึงทำให้,,2026-06-04 05:51:47.124748+00,th
674,cuFkQBe26mM,2403.24,2409.92,เราระมัดระวังในการขับรถมากยิ่งขึ้นนะ,,2026-06-04 05:51:47.124748+00,th
675,cuFkQBe26mM,2406.8,2412.599,ครับอันนี้ก็เป็นเรื่องราวของการขับรถ,,2026-06-04 05:51:47.124748+00,th
676,cuFkQBe26mM,2409.92,2414.76,ผ่านแดนนะครับเรื่องของการที่วันนี้ที่,,2026-06-04 05:51:47.124748+00,th
677,cuFkQBe26mM,2412.599,2416.72,เราถูกตำรวจเรียกนะครับเดี๋ยวเรียกว่าจับ,,2026-06-04 05:51:47.124748+00,th
678,cuFkQBe26mM,2414.76,2419.2,เลยแล้วเรียกว่าตำรวจเรียกนะครับแล้วก็,,2026-06-04 05:51:47.124748+00,th
679,cuFkQBe26mM,2416.72,2422.64,ตักเตือนแล้วก็มีค่าปรับนิดหน่อยสำหรับ,,2026-06-04 05:51:47.124748+00,th
680,cuFkQBe26mM,2419.2,2425.44,การขับรถผิดเลนหรือการขับรถสวนเลนนั่นเอง,,2026-06-04 05:51:47.124748+00,th
681,cuFkQBe26mM,2422.64,2427.8,ครับแล้วเดี๋ยวพรุ่งนี้เราจะออกเดินทางไป,,2026-06-04 05:51:47.124748+00,th
682,cuFkQBe26mM,2425.44,2431.2,วังเวียงแต่เช้ากันครับเพราะฉเพราะฉะนั้น,,2026-06-04 05:51:47.124748+00,th
683,cuFkQBe26mM,2427.8,2433.68,วันนี้เดี๋ยวขออนุญาตพักผ่อนก่อนแล้ว,,2026-06-04 05:51:47.124748+00,th
684,cuFkQBe26mM,2431.2,2436.46,เดี๋ยวเจอกัน EP หน้าในวันพรุ่งนี้ครับขอ,,2026-06-04 05:51:47.124748+00,th
685,cuFkQBe26mM,2433.68,2455.969,ตัวก่อนครับ,,2026-06-04 05:51:47.124748+00,th
686,cuFkQBe26mM,2436.46,2455.969,[เพลง],,2026-06-04 05:51:47.124748+00,th
687,nCMVe_m-PTc,0,5.19,เพิ่งทำปีแรกเพิ่งครบปีแรกเดือนนี้เลย,,2026-06-04 05:51:47.124748+00,th
688,nCMVe_m-PTc,2.46,8.4,แล้วก็คืนทุนแล้วในปีแรกสุดยอดมากๆ,,2026-06-04 05:51:47.124748+00,th
689,nCMVe_m-PTc,5.19,8.4,[เพลง],,2026-06-04 05:51:47.124748+00,th
690,nCMVe_m-PTc,9.599,16.56,แม่ตายไฮเทคโลก,,2026-06-04 05:51:47.124748+00,th
691,nCMVe_m-PTc,13.28,19.44,นี้นะครับเป็นทีวีชาร์จเจอร์หรือสถานี,,2026-06-04 05:51:47.124748+00,th
692,nCMVe_m-PTc,16.56,22.98,ชาร์จรถยนต์ไฟฟ้าในลาวด้วยนะครับตอนนี้,,2026-06-04 05:51:47.124748+00,th
693,nCMVe_m-PTc,19.44,27.48,เราอยู่หน้าอาคารของเขาเลยโลก้าโลโก้นี้,,2026-06-04 05:51:47.124748+00,th
694,nCMVe_m-PTc,22.98,29.279,นะครับก็มีรถมาไม่น้อยล่ะนะตอนนี้เป็น b,,2026-06-04 05:51:47.124748+00,th
695,nCMVe_m-PTc,27.48,32.52,y  B นะครับที่อยู่ตรงหน้าผมซึ่งเป็น,,2026-06-04 05:51:47.124748+00,th
696,nCMVe_m-PTc,29.279,34.92,รุ่นโมเดลก่อนที่จะมี Apple  3 ในเมือง,,2026-06-04 05:51:47.124748+00,th
697,nCMVe_m-PTc,32.52,36.78,ไทยด้วยที่นี่เนี่ยมีรถไฟฟ้าจากจีนเข้ามา,,2026-06-04 05:51:47.124748+00,th
829,6rw0NJdxgMs,453.575,456.219,ບໍ່ - ເຫັນໄທ,,2026-06-04 05:51:47.124748+00,unknown
698,nCMVe_m-PTc,34.92,39.54,ก่อนหน้าประเทศไทยค่อนข้างนานแล้วนะครับ,,2026-06-04 05:51:47.124748+00,th
699,nCMVe_m-PTc,36.78,41.399,เพราะว่าสำคัญก็ค่อนข้างดีพวงมาลัยก็พวง,,2026-06-04 05:51:47.124748+00,th
700,nCMVe_m-PTc,39.54,44.579,มาลัยซ้ายเหมือนกันฉะนั้นเขาก็รับรถจาก,,2026-06-04 05:51:47.124748+00,th
701,nCMVe_m-PTc,41.399,47.34,จีนมาได้เลยตัวแอปพลิเคชัน loka  EV ครับ,,2026-06-04 05:51:47.124748+00,th
702,nCMVe_m-PTc,44.579,50.76,เขาก็ทำออกมามีทั้งกราฟแตะนะครับแล้วก็มี,,2026-06-04 05:51:47.124748+00,th
703,nCMVe_m-PTc,47.34,54,แอปโหลดโหลดแอปนี้รองรับ 4 ภาษาเลยนะภาษา,,2026-06-04 05:51:47.124748+00,th
704,nCMVe_m-PTc,50.76,56.82,ลาวภาษาจีนภาษาอังกฤษแล้วก็ภาษาไทยด้วย,,2026-06-04 05:51:47.124748+00,th
705,nCMVe_m-PTc,54,60.6,จ้านี่นะครับใครที่มาเที่ยวเมืองลาวถ้า,,2026-06-04 05:51:47.124748+00,th
706,nCMVe_m-PTc,56.82,62.239,ขับรถดีๆข้ามฝั่งมาก็มาชาร์จได้ที่ loca,,2026-06-04 05:51:47.124748+00,th
707,nCMVe_m-PTc,60.6,65.58,แห่งนี้เลยนะครับ,,2026-06-04 05:51:47.124748+00,th
708,nCMVe_m-PTc,62.239,67.92,มาอยู่หน้าตึก loca แล้วจะไม่คุยกับ CEO,,2026-06-04 05:51:47.124748+00,th
709,nCMVe_m-PTc,65.58,70.52,และผู้ก่อตั้งของโลก้าได้ไงคุณสุริโยครับ,,2026-06-04 05:51:47.124748+00,th
710,nCMVe_m-PTc,67.92,73.439,สวัสดีครับอ่ะปรบมือต้อนรับทุกคนคนโอ้โห,,2026-06-04 05:51:47.124748+00,th
711,nCMVe_m-PTc,70.52,75.72,เห็นว่าเบิ่งแบไต๋มาตั้งนานแล้วเหมือนกัน,,2026-06-04 05:51:47.124748+00,th
712,nCMVe_m-PTc,73.439,78.96,ตั้งแต่เด็กเลยอย่างนั้นเลยเหรอฮะดีใจมาก,,2026-06-04 05:51:47.124748+00,th
713,nCMVe_m-PTc,75.72,80.939,มายืนอยู่เนี่ยก็ชื่นชมว่ามีจุด EV,,2026-06-04 05:51:47.124748+00,th
714,nCMVe_m-PTc,78.96,83.58,charger และที่นี่ใช้รถไฟฟ้ามาก่อนไทย,,2026-06-04 05:51:47.124748+00,th
715,nCMVe_m-PTc,80.939,87.36,ด้วยเห็นไหมมีไวดีมาตั้งหลายรุ่นแล้วใช่,,2026-06-04 05:51:47.124748+00,th
716,nCMVe_m-PTc,83.58,90.6,ครับมาประมาณ 5 รุ่นตลาดคึกคักมั้ยตอนนี้,,2026-06-04 05:51:47.124748+00,th
717,nCMVe_m-PTc,87.36,92.9,ตอนนี้ก็คึกคักมากคือผู้ชนะตัวนี้คือขาย,,2026-06-04 05:51:47.124748+00,th
718,nCMVe_m-PTc,90.6,92.9,ดีเลย,,2026-06-04 05:51:47.124748+00,th
719,nCMVe_m-PTc,93.38,99.24,ดีใจด้วยที่ไทยนี่ยังไม่ค่อยคืนทุนนะ,,2026-06-04 05:51:47.124748+00,th
720,nCMVe_m-PTc,96.299,100.799,เพราะว่าสุดท้ายก็ชาร์จบ้านกันก็ยังไม่,,2026-06-04 05:51:47.124748+00,th
721,nCMVe_m-PTc,99.24,103.32,ค่อยออกมาชาร์จข้างนอกกันแต่ว่าตอนนี้,,2026-06-04 05:51:47.124748+00,th
722,nCMVe_m-PTc,100.799,106.079,ตลาดก็เริ่มเกิดมีรถ EV ในเมืองลาวตอนนี้,,2026-06-04 05:51:47.124748+00,th
723,nCMVe_m-PTc,103.32,108.96,"กี่คันครับประมาณ 1,500 คันหู 1,500 คัน",,2026-06-04 05:51:47.124748+00,th
724,nCMVe_m-PTc,106.079,111.479,"แล้วที่ 1,200 คันเนี่ยเกิดขึ้นในปี 2022",,2026-06-04 05:51:47.124748+00,th
725,nCMVe_m-PTc,108.96,114,เยี่ยมเลยแล้วคุณสุริโยก่อตั้งเรื่องนี้,,2026-06-04 05:51:47.124748+00,th
726,nCMVe_m-PTc,111.479,116.64,นานหรือยังลงได้ทีวีเนี่ยลงเก้าอี้บีเรา,,2026-06-04 05:51:47.124748+00,th
727,nCMVe_m-PTc,114,119.04,เราทำตอนแรกทำเมื่อมาเซิร์ฟตัว loca,,2026-06-04 05:51:47.124748+00,th
728,nCMVe_m-PTc,116.64,122.52,แท็กซี่เราพอเราต้องการที่จะหันไปเป็น EB,,2026-06-04 05:51:47.124748+00,th
729,nCMVe_m-PTc,119.04,124.64,100% ตอนนี้เรามีรถอยู่ 700 คันเราหันไป,,2026-06-04 05:51:47.124748+00,th
730,nCMVe_m-PTc,122.52,127.32,แล้วอยู่ประมาณ 90 คันสุดยอดเลยแล้วก็,,2026-06-04 05:51:47.124748+00,th
731,nCMVe_m-PTc,124.64,129.42,ทีเนี้ยคนขับเขาต้องการชาร์จเจอร์เราก็,,2026-06-04 05:51:47.124748+00,th
732,nCMVe_m-PTc,127.32,132.78,ต้องเอาของที่เรายังไม่มีเราก็เลยต้องลง,,2026-06-04 05:51:47.124748+00,th
733,nCMVe_m-PTc,129.42,136.62,ทุนด้วยผมก็เป็น Electrical  JBL ก็เลยทำ,,2026-06-04 05:51:47.124748+00,th
734,nCMVe_m-PTc,132.78,138.84,ตัวนี้ขึ้นมาดีเลยดีเลยสักกี่ปีฮะเพิ่งทำ,,2026-06-04 05:51:47.124748+00,th
735,nCMVe_m-PTc,136.62,141.9,ปีแรกเพิ่งครบปีแรกเดือนนี้เลยแล้วก็คืน,,2026-06-04 05:51:47.124748+00,th
736,nCMVe_m-PTc,138.84,144.66,ทุนแล้วในปีแรกสุดยอดมากๆมีกี่จุดแล้วตอน,,2026-06-04 05:51:47.124748+00,th
737,nCMVe_m-PTc,141.9,148.08,นี้จุดชาร์จ EV ตอนนี้เรามี 7 จุดทั้งหมด,,2026-06-04 05:51:47.124748+00,th
738,nCMVe_m-PTc,144.66,150.06,แล้วก็กำลังติดตั้งอยู่อีก 4 จุดแล้วก็ 7,,2026-06-04 05:51:47.124748+00,th
739,nCMVe_m-PTc,148.08,152.3,จุดเนี่ยมีตั้งแต่วังเวียงไปจนถึง,,2026-06-04 05:51:47.124748+00,th
830,6rw0NJdxgMs,456.876,458.856,ບໍ່ໄປໄທ,,2026-06-04 05:51:47.124748+00,unknown
740,nCMVe_m-PTc,150.06,155.4,สะหวันนะเขตสะหวันนะเขตนี่ก็ด่านมุกดาหาร,,2026-06-04 05:51:47.124748+00,th
741,nCMVe_m-PTc,152.3,158.4,ครับผมเห็นว่าให้บริการเป็น DC  charger,,2026-06-04 05:51:47.124748+00,th
742,nCMVe_m-PTc,155.4,161.28,คือ Fast  Charge ได้เร็วเร็ว 120,,2026-06-04 05:51:47.124748+00,th
743,nCMVe_m-PTc,158.4,165.18,กิโลวัตต์หัวของไทยมาได้ไหมได้ครับ Combo,,2026-06-04 05:51:47.124748+00,th
744,nCMVe_m-PTc,161.28,167.76,อ่ะสู้ๆของเราจะมี gbt แล้วก็ตัว cf  type,,2026-06-04 05:51:47.124748+00,th
745,nCMVe_m-PTc,165.18,170.519,2 ก็ตัว Combo นะครับอ่าตามมาตรฐานมอก,,2026-06-04 05:51:47.124748+00,th
746,nCMVe_m-PTc,167.76,173.459,ของไทยเลยก็สามารถมาใช้ได้ฉะนั้นถ้าขับรถ,,2026-06-04 05:51:47.124748+00,th
747,nCMVe_m-PTc,170.519,175.319,ข้ามด่านมาก็สามารถมาชาร์จได้ที่นี่ชาร์จ,,2026-06-04 05:51:47.124748+00,th
748,nCMVe_m-PTc,173.459,177.9,ได้เลยครับลงทะเบียนนะครับเราเชื่อมบัตร,,2026-06-04 05:51:47.124748+00,th
749,nCMVe_m-PTc,175.319,180.3,เครดิตเราก็ชาร์จได้อ่าคิดราคาเป็นยังไง,,2026-06-04 05:51:47.124748+00,th
750,nCMVe_m-PTc,177.9,183.06,บ้างเอ่อของเราเนี่ยจะถูกกว่าจะได้ฝั่ง,,2026-06-04 05:51:47.124748+00,th
751,nCMVe_m-PTc,180.3,185.28,ไทยฝั่งไทยก็จะอยู่ประมาณถ้าจำไม่ผิดก็ 4,,2026-06-04 05:51:47.124748+00,th
752,nCMVe_m-PTc,183.06,187.379,บาทหรือว่าสอบถาม 50 ของเราสูงสุด 7 บาท,,2026-06-04 05:51:47.124748+00,th
753,nCMVe_m-PTc,185.28,190,ตัวนี้ที่ไทยโอเคบาทของเรานี่จะอยู่,,2026-06-04 05:51:47.124748+00,th
754,nCMVe_m-PTc,187.379,194.31,"ประมาณ 3,000 กีบ 3,000 กีบ",,2026-06-04 05:51:47.124748+00,th
755,nCMVe_m-PTc,190,194.31,[เสียงหัวเราะ],,2026-06-04 05:51:47.124748+00,th
756,nCMVe_m-PTc,221.86,226.419,[เพลง],,2026-06-04 05:51:47.124748+00,th
757,nCMVe_m-PTc,250.08,255.72,ดีใจเดี๋ยวแบไต๋จะมาทำเป็นเวอร์ชั่นลาว,,2026-06-04 05:51:47.124748+00,th
758,nCMVe_m-PTc,252.84,259.079,เลยจริงๆเข้า Facebook  Page นะที่ลาวตอน,,2026-06-04 05:51:47.124748+00,th
759,nCMVe_m-PTc,255.72,262.979,นี้แบไต๋ก็เป็นภาษาลาวทั้งหมดแล้วผมก็พูด,,2026-06-04 05:51:47.124748+00,th
760,nCMVe_m-PTc,259.079,264.78,ลาวด้วยภาษา AI  AI มาพูดลาวได้แล้ว,,2026-06-04 05:51:47.124748+00,th
761,nCMVe_m-PTc,262.979,268.44,เดี๋ยวอีกหน่อยจะมี talenge คนเราอะไรอีก,,2026-06-04 05:51:47.124748+00,th
762,nCMVe_m-PTc,264.78,270.66,เพียบเลยดีใจเท่านั้นสุดท้ายครับทำตลาด EV,,2026-06-04 05:51:47.124748+00,th
763,nCMVe_m-PTc,268.44,273.06,ที่นี่รัฐบาลส่งเสริมแค่ไหนส่งเสริมมาก,,2026-06-04 05:51:47.124748+00,th
764,nCMVe_m-PTc,270.66,275.34,ครับก็คือธุรกิจ charger เนี่ยเขาเปิด,,2026-06-04 05:51:47.124748+00,th
765,nCMVe_m-PTc,273.06,277.86,กว้างมากๆใครก็ทำได้นะครับอันนั้นไม่,,2026-06-04 05:51:47.124748+00,th
766,nCMVe_m-PTc,275.34,280.44,เหมือนธุรกิจ Telecom หรือ utility ตัว,,2026-06-04 05:51:47.124748+00,th
767,nCMVe_m-PTc,277.86,282.72,นี้ก็เปิดตอนที่เราติดตั้งเนี่ยเค้าออกใบ,,2026-06-04 05:51:47.124748+00,th
768,nCMVe_m-PTc,280.44,286.08,อนุญาตให้พวกเราง่ายมากโอ้เยี่ยมเลยดีใจ,,2026-06-04 05:51:47.124748+00,th
769,nCMVe_m-PTc,282.72,289.139,นะฮะนี่คุณสุริโยนะครับโคฟาวเดอร์ผู้ก่อ,,2026-06-04 05:51:47.124748+00,th
770,nCMVe_m-PTc,286.08,292.759,ตั้งแล้วก็ CEO ของ loca  EV ครับขอบคุณ,,2026-06-04 05:51:47.124748+00,th
771,nCMVe_m-PTc,289.139,292.759,มากครับขอบคุณครับขอบคุณครับ,,2026-06-04 05:51:47.124748+00,th
772,nCMVe_m-PTc,294,300.36,คุณผู้ชมครับชอบกดไลค์ใช่กดแชร์กด,,2026-06-04 05:51:47.124748+00,th
773,nCMVe_m-PTc,297.3,304.139,Subscribe และกดกระดิ่งเพื่อติดตาม bey,,2026-06-04 05:51:47.124748+00,th
774,nCMVe_m-PTc,300.36,305.54,เราจะมีเรื่องดีๆแบบนี้มาให้คุณเสมอชอบ,,2026-06-04 05:51:47.124748+00,th
775,nCMVe_m-PTc,304.139,317.6,ช่วยแชร์ด้วยนะครับ,,2026-06-04 05:51:47.124748+00,th
776,nCMVe_m-PTc,305.54,317.6,[เพลง],,2026-06-04 05:51:47.124748+00,th
777,6rw0NJdxgMs,56.44,61.28,ຂ້ອຍບໍ່ຄິດວ່າມັນເປັນອັນຕະລາຍແທ້ໆ ແຕ່ມັນເປັນເມືອງທີ່ມີຊາຍແດນຕິດຈອດກັນ ແລະເຂົາເຈົ້າຢາກໃຫ້ພວກເຮົາເອົາ,,2026-06-04 05:51:47.124748+00,unknown
778,6rw0NJdxgMs,61.28,65.242,ລົດຖີບໄປໄວ້ພາຍໃນຄືນ ເຊິ່ງມັນເຢັນແທ້ໆ ຂ້ອຍສາມາດຄິດຄ່າ Eve,,2026-06-04 05:51:47.124748+00,unknown
779,6rw0NJdxgMs,69.24,71.032,ວ່າເຮົາຈະໄປໃສ ມື້ນີ້ Gulsah,,2026-06-04 05:51:47.124748+00,unknown
780,6rw0NJdxgMs,71.032,73.738,ເຮົາຈະໄປປາກເຊ-ປາກເຊ,,2026-06-04 05:51:47.124748+00,unknown
781,6rw0NJdxgMs,73.738,80.194,ໃກ້ກັບກຳປູເຈຍ 340 ກິໂລແມັດ ຂ້ອຍຍັງບໍ່ພ້ອມ ຈິດໃຈຍັງບໍ່ພ້ອມ,,2026-06-04 05:51:47.124748+00,unknown
782,6rw0NJdxgMs,80.194,84.068,ແຕ່ມາເບິ່ງກັນເລີຍ - ຄຳຖາມຄືຖ້າຂ້ອຍພ້ອມ,,2026-06-04 05:51:47.124748+00,unknown
783,6rw0NJdxgMs,84.068,86.873,340 ຊົ່ວໂມງ,,2026-06-04 05:51:47.124748+00,unknown
784,6rw0NJdxgMs,87.72,92.612,ກາເຟມີຢູ່ບ່ອນໃດ໋ ເພາະ ເຮົາມີ ລົດ 340 ຊົ່ວໂມງ .,,2026-06-04 05:51:47.124748+00,unknown
785,6rw0NJdxgMs,94.832,96.915,ດື່ມກາເຟຫຼາຍໆເດີ້ - ມື້ນີ້,,2026-06-04 05:51:47.124748+00,unknown
786,6rw0NJdxgMs,107.13,108.914,ໄປ,,2026-06-04 05:51:47.124748+00,unknown
787,6rw0NJdxgMs,120.88,121.906,ປາກເຊ,,2026-06-04 05:51:47.124748+00,unknown
788,6rw0NJdxgMs,125.88,126.491,ໂອ,,2026-06-04 05:51:47.124748+00,unknown
789,6rw0NJdxgMs,127.71,129.743,ເຄ ບໍ່ຢາກຂ້າມແດນ,,2026-06-04 05:51:47.124748+00,unknown
790,6rw0NJdxgMs,130.431,132.151,ບໍ່ ບໍ່ ບໍ່ ບໍ່,,2026-06-04 05:51:47.124748+00,unknown
791,6rw0NJdxgMs,132.151,134.954,ເຮົາຢູ່ລາວແມ່ນ,,2026-06-04 05:51:47.124748+00,unknown
792,6rw0NJdxgMs,139.92,144.177,ແລ້ວ ເຮົາສາມາດຂ້າມຊາຍແດນນີ້ໄປໄທໄດ້ ແຕ່ເຮົາບໍ່,,2026-06-04 05:51:47.124748+00,unknown
793,6rw0NJdxgMs,144.959,146.283,ເຮັດ ເຮົາໄປແບບນັ້ນ,,2026-06-04 05:51:47.124748+00,unknown
794,6rw0NJdxgMs,146.283,148.088,ໂອເຄ ເຈົ້າໄປກ່ອນ,,2026-06-04 05:51:47.124748+00,unknown
795,6rw0NJdxgMs,150.652,152.451,ໂອ້ ມັນສູງເກີນໄປບໍ່,,2026-06-04 05:51:47.124748+00,unknown
796,6rw0NJdxgMs,157.172,158.148,ງ່າຍ,,2026-06-04 05:51:47.124748+00,unknown
797,6rw0NJdxgMs,161.12,164.824,ທ່າແຂກນີ້ເປັນເມືອງເຢັນ ຂ້ອຍມັກມັນ,,2026-06-04 05:51:47.124748+00,unknown
798,6rw0NJdxgMs,164.824,169.22,ຢູ່ອີກມື້ໜຶ່ງ ໝາຍຄວາມວ່າຂ້ອຍແກ້ໄຂໄດ້,,2026-06-04 05:51:47.124748+00,unknown
799,6rw0NJdxgMs,169.22,170.713,ຄືກັນ ກູ,,2026-06-04 05:51:47.124748+00,unknown
800,6rw0NJdxgMs,170.713,176.075,ດີໃຈແລ້ວ ຮ້ານອາຫານກໍ່ງາມຄືກັນ. ຢູ່ທີ່ນັ້ນ,,2026-06-04 05:51:47.124748+00,unknown
801,6rw0NJdxgMs,176.075,179.921,ຄືຢູ່ທົ່ວທຸກແຫ່ງ ມັນເບິ່ງຄືວ່າພວກເຮົາຢູ່ສະເໝີທີ່ແມ່ນໍ້າຂອງ,,2026-06-04 05:51:47.124748+00,unknown
802,6rw0NJdxgMs,179.921,182.199,yeah Eve ສາກເຕັມ,,2026-06-04 05:51:47.124748+00,tr
803,6rw0NJdxgMs,182.199,188.948,ໄລຍະ 200 km ທີ່ມັນບອກ ແຕ່ເຈົ້າຮູ້ບໍວ່າຂ້ອຍຮູ້ Gulsah ຂ້ອຍດື່ມກາເຟຫຼາຍອັນໃດ໋,,2026-06-04 05:51:47.124748+00,unknown
804,6rw0NJdxgMs,189.855,194.653,ຈຶ່ງຈະເຊົາຫຼາຍ ເຊິ່ງກໍ່ດີ ຂ້ອຍຈະສຽບສາຍ,,2026-06-04 05:51:47.124748+00,unknown
805,6rw0NJdxgMs,194.653,199.36,ໃຫ້ເບິ່ງວ່າມື້ໃດຈະໄປອາດຈະລຽບ,,2026-06-04 05:51:47.124748+00,unknown
806,6rw0NJdxgMs,199.892,204.314,ມັນຈະດີ ເປົ້າໝາຍຫຼັກຄືຢາກໄດ້ໄປກໍາປູເຈຍໄວໆ,,2026-06-04 05:51:47.124748+00,unknown
807,6rw0NJdxgMs,204.314,208.706,ເພາະຂ້ອຍຢາກໄດ້ໄປປະເທດກຳປູເຈຍ ອົດໃຈລໍຖ້າ,,2026-06-04 05:51:47.124748+00,unknown
808,6rw0NJdxgMs,209.769,211.2,. ໄປ,,2026-06-04 05:51:47.124748+00,unknown
809,6rw0NJdxgMs,236.24,238.28,ໂອ້ ຮູຂຸມ,,2026-06-04 05:51:47.124748+00,unknown
810,6rw0NJdxgMs,327.04,332.56,ຂົນແລ້ວ ສາກເທື່ອທຳອິດເປັນເສັ້ນທາງທີ່ໜ້າເບື່ອໜ້ອຍໜຶ່ງ ມັນໄປຊື່ໆ,,2026-06-04 05:51:47.124748+00,unknown
811,6rw0NJdxgMs,332.56,337.44,ຫຼີກລ່ຽງຂຸມໄດ້ ແຕ່ກໍ່ເປັນແນວນັ້ນ ບາງເທື່ອເຈົ້າຮູ້ບໍ່ວ່າ ມັນ,,2026-06-04 05:51:47.124748+00,unknown
812,6rw0NJdxgMs,337.44,343.56,ໜ້າຕື່ນເຕັ້ນຫຼາຍສະເໝີ ແຕ່ເຮົາຈະມີກາເຟ ໄລ່ເອົາໜຶ່ງຊົ່ວໂມງ ບາງທີ ແລະຂ້ອຍຈະກັບໄປທາງນີ້,,2026-06-04 05:51:47.124748+00,unknown
813,6rw0NJdxgMs,347.56,349.88,ເປັນເວລາໜຶ່ງຊົ່ວໂມງ ກັບມາເປັນ 91%,,2026-06-04 05:51:47.124748+00,unknown
814,6rw0NJdxgMs,359.88,363.936,ໂອ້ຍຍຍຍຍຍຍຍຍຍຍຍຍຍຍຍຍຍຍຍ,,2026-06-04 05:51:47.124748+00,unknown
815,6rw0NJdxgMs,365.156,371.547,ຍຍຍຍຍຍຍຍ ອິນໂດເນເຊຍ,,2026-06-04 05:51:47.124748+00,unknown
816,6rw0NJdxgMs,377.239,380.16,ແຕ່ຢ່າງນ້ອຍມື້ນີ້ພວກເຮົາສາມາດເຮັດໄດ້ແນ່ນອນ,,2026-06-04 05:51:47.124748+00,unknown
817,6rw0NJdxgMs,390.16,392.366,ມັນບໍ່ແມ່ນຮ້ານອາຫານແມ່ນມັນບໍ່ມີ,,2026-06-04 05:51:47.124748+00,unknown
818,6rw0NJdxgMs,401.048,404.53,ກິ່ນຫອມແລ້ວບາງທີຂ້ອຍກໍ່ບໍ່ຮູ້,,2026-06-04 05:51:47.124748+00,unknown
819,6rw0NJdxgMs,405.687,409.766,ດີຂ້ອຍສາມາດເຮັດໄດ້ 30 ຕື່ມອີກ 30,,2026-06-04 05:51:47.124748+00,unknown
820,6rw0NJdxgMs,409.766,412.907,ແມ່ນແລ້ວຂ້ອຍສາມາດຍືດໄດ້ເລັກນ້ອຍ,,2026-06-04 05:51:47.124748+00,unknown
821,6rw0NJdxgMs,415.88,420.032,yeah ມັນບໍ່ງ່າຍປານໃດທີ່ຈະຊອກຫາຂ້ອຍຫມາຍຄວາມວ່າເຈົ້າສາມາດຊອກຫາອາຫານໄດ້ຢູ່ທົ່ວທຸກແຫ່ງ,,2026-06-04 05:51:47.124748+00,unknown
822,6rw0NJdxgMs,420.032,426.545,ແຕ່ເຈົ້າຕ້ອງລະມັດລະວັງເລັກນ້ອຍເພາະວ່ານັກທ່ອງທ່ຽວບໍ່ສາມາດກິນໄດ້,,2026-06-04 05:51:47.124748+00,unknown
823,6rw0NJdxgMs,428.827,432.364,ແຕ່,,2026-06-04 05:51:47.124748+00,unknown
824,6rw0NJdxgMs,432.364,436.12,ລົມພັດແຮງແທ້ໆ ມື້ນີ້ຂ້ອຍສາມາດກິນຫຍັງໄດ້. slip stream ທີ່ນີ້ຕາມເສັ້ນທາງເຫຼົ່ານີ້ທີ່,,2026-06-04 05:51:47.124748+00,unknown
825,6rw0NJdxgMs,438.277,439.273,ເຈົ້າພົບເຫັນ,,2026-06-04 05:51:47.124748+00,unknown
826,6rw0NJdxgMs,440.211,443.275,ບໍ່ສາມາດ slipstream ຢ່າງແທ້ຈິງເພາະວ່າມີຂຸມທັງຫມົດເຊັ່ນ:,,2026-06-04 05:51:47.124748+00,unknown
827,6rw0NJdxgMs,444.901,447.353,ເຫັນວ່າມີ ຂ້າພະເຈົ້າຄິດວ່າໃຫຍ່ຄືໃຫຍ່,,2026-06-04 05:51:47.124748+00,unknown
828,6rw0NJdxgMs,447.353,451.699,ໂອ້ ໂອ້ ໂອ້ ມັນດີກວ່າ ໂອ້ຍເບິ່ງວ່າດີກວ່າ,,2026-06-04 05:51:47.124748+00,unknown
831,6rw0NJdxgMs,462.64,464.419,yeah ຂ້ອຍເຫັນວ່າຂ້ອຍກໍ່,,2026-06-04 05:51:47.124748+00,unknown
832,6rw0NJdxgMs,464.419,467.01,ໄປບ່ອນນັ້ນໃຫ້ລອງເບິ່ງນີ້,,2026-06-04 05:51:47.124748+00,unknown
833,6rw0NJdxgMs,470.88,473.203,yeah ໄກປານໃດມີ,,2026-06-04 05:51:47.124748+00,unknown
834,6rw0NJdxgMs,473.203,477.017,ຮ້ານອາຫານອີກ - yeah,,2026-06-04 05:51:47.124748+00,unknown
835,6rw0NJdxgMs,478.04,480.814,ງ່າຍດັ່ງນັ້ນຂ້ອຍສາມາດ,,2026-06-04 05:51:47.124748+00,unknown
836,6rw0NJdxgMs,481.408,482.37,ເຮັດໄດ້,,2026-06-04 05:51:47.124748+00,unknown
837,6rw0NJdxgMs,482.37,486.336,. 18 km 14% ບໍ່ມີບັນຫາ,,2026-06-04 05:51:47.124748+00,unknown
838,6rw0NJdxgMs,489.15,491.736,Eve ເຈົ້າຈະເຮັດມັນດົນປານໃດ huh,,2026-06-04 05:51:47.124748+00,unknown
839,6rw0NJdxgMs,492.768,495.085,ດົນປານໃດພວກເຮົາບໍ່ຮູ້,,2026-06-04 05:51:47.124748+00,unknown
840,6rw0NJdxgMs,500.236,502.636,yeah ມັນເຖິງເວລາແລ້ວ,,2026-06-04 05:51:47.124748+00,unknown
841,6rw0NJdxgMs,502.636,505.181,ໂອ້ ຂ້ອຍຄິດວ່າມັນຢູ່ທີ່ນີ້,,2026-06-04 05:51:47.124748+00,unknown
842,6rw0NJdxgMs,518.16,519.037,Yeah,,2026-06-04 05:51:47.124748+00,tr
843,6rw0NJdxgMs,524.594,527.107,ເບິ່ງຄືວ່າຮ້ານອາຫານ,,2026-06-04 05:51:47.124748+00,unknown
844,6rw0NJdxgMs,530.077,533.719,ບໍ່ເປັນຫຍັງຕອນນີ້ຂ້ອຍຢູ່ທີ່ 3% ດັ່ງນັ້ນພວກເຮົາຕ້ອງ,,2026-06-04 05:51:47.124748+00,unknown
845,6rw0NJdxgMs,534.907,538.8,ຂ້ອຍຢູ່ທີ່ 3% ຕອນນີ້ພວກເຮົາຕ້ອງຄິດຄ່າ - yeah,,2026-06-04 05:51:47.124748+00,unknown
846,6rw0NJdxgMs,591.8,594.92,sweet ພວກເຂົາຍັງໃຫ້ຂ້ອຍສຽບຢູ່ນີ້,,2026-06-04 05:51:47.124748+00,unknown
847,6rw0NJdxgMs,594.92,601.8,ເພາະວ່າພວກເຂົາບໍ່ສາມາດຕິດຕາມໄດ້ 16 ແຕ່ແນ່ນອນ amplet ຄວນຈະມີ. ໂອເຄ,,2026-06-04 05:51:47.124748+00,unknown
848,6rw0NJdxgMs,606.45,608.269,ເຮົາກິນຫຍັງ Gulsah,,2026-06-04 05:51:47.124748+00,so
849,6rw0NJdxgMs,609.988,614.762,egg star egg - ໄຂ່ດາວໄຂ່,,2026-06-04 05:51:47.124748+00,no
850,6rw0NJdxgMs,614.946,616.595,ດາວ ລົດຊາດທີ່ອັດສະຈັນ,,2026-06-04 05:51:47.124748+00,unknown
851,6rw0NJdxgMs,616.595,617.923,ວ້າວ ມັນດີ yeah,,2026-06-04 05:51:47.124748+00,unknown
852,6rw0NJdxgMs,617.923,620.92,yeah ດີແທ້ເພາະວ່າຂ້ອຍຄິດວ່ານີ້,,2026-06-04 05:51:47.124748+00,unknown
853,6rw0NJdxgMs,620.92,624.056,"ແມ່ນຮ້ານອາຫານຄອບຄົວ, ສະນັ້ນມັນດີທີ່ສຸດ",,2026-06-04 05:51:47.124748+00,unknown
854,6rw0NJdxgMs,624.056,626.26,ທີ່ຈະຊອກຫາຢູ່ຕະຫຼອດ,,2026-06-04 05:51:47.124748+00,unknown
855,6rw0NJdxgMs,629.48,635.139,OK ໄລ່ລາວພຽງແຕ່ 30% ເທົ່ານັ້ນເພາະວ່າບໍ່ມີກາເຟຢູ່ທີ່ນີ້,,2026-06-04 05:51:47.124748+00,unknown
856,6rw0NJdxgMs,635.139,644.805,ແລະມັນບໍ່ດີສໍາລັບ Gulsah ດັ່ງນັ້ນພວກເຮົາພຽງແຕ່ຂັບລົດໄປຫາ Amazonye Cafe ຕໍ່ໄປ ',,2026-06-04 05:51:47.124748+00,unknown
857,6rw0NJdxgMs,644.805,648.56,ແລະ' ' ' ' ' ' ',,2026-06-04 05:51:47.124748+00,unknown
858,6rw0NJdxgMs,649.32,654.892,' ໄປ 110 ກິໂລແມັດ ແຕ່ທີ່ຈິງແລ້ວ ມັນກະພໍດີແບບທີ່ເຮົາເຮັດຕອນນີ້,,2026-06-04 05:51:47.124748+00,unknown
859,6rw0NJdxgMs,655.549,661.603,ຂັບລົດເຮົາຂັບລົດໄປ 1 ຊົ່ວໂມງ ຫຼື 2 ຊົ່ວໂມງ ເພາະກາເຟເຮົາຂັບໄປ 2 ຊົ່ວໂມງ,,2026-06-04 05:51:47.124748+00,unknown
860,6rw0NJdxgMs,662.729,668.84,1 ຊົ່ວໂມງ ສາກໄຟອີກ 1 ຊົ່ວໂມງ ແລ້ວ,,2026-06-04 05:51:47.124748+00,unknown
861,6rw0NJdxgMs,669.112,676.56,ຊິເອົາອີກ 3 ຊົ່ວໂມງ ມື້ນີ້ໄດ້ 340 ກິໂລແມັດ 350 ກິໂລແມັດ,,2026-06-04 05:51:47.124748+00,unknown
862,6rw0NJdxgMs,678,680.56,ຕົວຈິງແລ້ວກໍ່ພໍດີບໍ່ຫຼາຍແທ້ໆ,,2026-06-04 05:51:47.124748+00,unknown
863,6rw0NJdxgMs,681.581,689.24,ແລະມັນບໍ່ຮ້ອນຫຼາຍມື້ນີ້ມັນພຽງແຕ່ 31° ແຕ່ແມ່ນແລ້ວຂ້ອນຂ້າງຫນ້າເບື່ອໃນມື້ນີ້ uh,,2026-06-04 05:51:47.124748+00,unknown
864,6rw0NJdxgMs,689.8,696.2,ມັນບໍ່ມີຫຍັງແທ້ໆທີ່ບໍ່ເຫັນບໍ່ມີຫຍັງເກີດຂຶ້ນຂ້ອຍດີໃຈທີ່ຂ້ອຍຫມາຍຄວາມວ່າຂ້ອຍດີໃຈທີ່ບໍ່ມີຫຍັງເກີດຂຶ້ນມັນເປັນ,,2026-06-04 05:51:47.124748+00,unknown
865,6rw0NJdxgMs,696.2,703.48,ມື້ທີ່ດີທີ່ບໍ່ມີຫຍັງເກີດຂື້ນກັບລົດຖີບ uh ແຕ່ແມ່ນແລ້ວມາເບິ່ງໃຫ້ເບິ່ງ ວ່າ,,2026-06-04 05:51:47.124748+00,unknown
866,6rw0NJdxgMs,703.48,705.563,ມື້ຍັງບໍ່ຫມົດແລ້ວ,,2026-06-04 05:51:47.124748+00,unknown
867,6rw0NJdxgMs,719.56,723.44,ສໍາລັບລາວ ເບິ່ງຄືວ່າ,,2026-06-04 05:51:47.124748+00,unknown
868,6rw0NJdxgMs,723.44,728.12,ໃນອາຊີແລະປະເທດກໍາປູເຈຍ. ມີເຄື່ອງສາກແຕ່ນີ້,,2026-06-04 05:51:47.124748+00,unknown
869,6rw0NJdxgMs,728.12,736.04,ບໍ່ມີສາຍສາກອີກແລ້ວ ໃນປະເທດກຳປູເຈຍໃນເມືອງໃຫຍ່ uh ແຕ່ເຂົາເຈົ້າມີຮ້ານ Amazon ຮ້ານນີ້ຢູ່,,2026-06-04 05:51:47.124748+00,unknown
870,6rw0NJdxgMs,737.04,741.92,ທົ່ວທຸກແຫ່ງ ແລະເບິ່ງຄືເກົ່າ ສະນັ້ນຂ້ອຍຮູ້ຢູ່ສະເໝີວ່າປລັກສຽບ,,2026-06-04 05:51:47.124748+00,unknown
871,6rw0NJdxgMs,741.92,749.16,ຢູ່ໃສຄືກັບວ່າຂ້ອຍສຽບໃສ່ຢູ່ບ່ອນນັ້ນ ແລ້ວນີ້ຈະເປັນຂອງຂ້ອຍໄປສະຖານີສາກໄຟ,,2026-06-04 05:51:47.124748+00,unknown
872,6rw0NJdxgMs,750.44,752.48,ກັບກາເຟດີ,,2026-06-04 05:51:47.124748+00,unknown
921,6rw0NJdxgMs,1018.834,1020.72,ສຸກສັນວັນທີ່ຄົນມີຄວາມສຸກ,,2026-06-04 05:51:47.124748+00,unknown
873,6rw0NJdxgMs,753.918,757.732,"ທີ່ຢູ່ບ່ອນນັ້ນພວກເຮົາຈະໄປມື້ອື່ນ - ແມ່ນແລ້ວ 4,000 ເກາະທີ່ນີ້",,2026-06-04 05:51:47.124748+00,unknown
874,6rw0NJdxgMs,757.732,761.612,ໂອ້ຍ - ບໍ່ມີທະເລໃຫຍ່ປານໃດ ແຕ່ເຮືອຂ້າມນໍ້າຂອງ ດອນເດ,,2026-06-04 05:51:47.124748+00,unknown
875,6rw0NJdxgMs,763.769,766.096,ັອດ,,2026-06-04 05:51:47.124748+00,unknown
876,6rw0NJdxgMs,766.659,767.369,ຂ້ອຍ,,2026-06-04 05:51:47.124748+00,unknown
877,6rw0NJdxgMs,768.713,769.634,ໄປຮອດບ່ອນນັ້ນ,,2026-06-04 05:51:47.124748+00,unknown
878,6rw0NJdxgMs,769.634,771.409,. ferry,,2026-06-04 05:51:47.124748+00,cy
879,6rw0NJdxgMs,771.409,773.986,yeah - ຕື່ນເຕັ້ນ,,2026-06-04 05:51:47.124748+00,unknown
880,6rw0NJdxgMs,775.643,776.301,ດີ - ແມ່ນ,,2026-06-04 05:51:47.124748+00,unknown
881,6rw0NJdxgMs,776.301,777.883,ແລ້ວມາເບິ່ງ,,2026-06-04 05:51:47.124748+00,unknown
882,6rw0NJdxgMs,777.883,779.655,ມື້ປະຕິບັດມື້ອື່ນ,,2026-06-04 05:51:47.124748+00,unknown
883,6rw0NJdxgMs,781.625,782.187,ok,,2026-06-04 05:51:47.124748+00,sk
884,6rw0NJdxgMs,786.597,791.549,69 ກິໂລແມັດໄປໄລຍະ 73,,2026-06-04 05:51:47.124748+00,unknown
885,6rw0NJdxgMs,795.989,798.222,ແຕ່ນີ້ແມ່ນວິທີທີ່ພວກເຮົາມ້ວນໃນປັດຈຸບັນ,,2026-06-04 05:51:47.124748+00,unknown
886,6rw0NJdxgMs,799.535,805.978,ແລະຂ້ອຍຕ້ອງເວົ້າວ່າຂ້ອຍມັກວິທີການໃຫມ່ນີ້ລະບົບໃຫມ່ນີ້,,2026-06-04 05:51:47.124748+00,unknown
887,6rw0NJdxgMs,805.978,806.842,ຂ້ອຍຫມາຍເຖິງ,,2026-06-04 05:51:47.124748+00,unknown
888,6rw0NJdxgMs,808.686,820.055,ມໍເຕີ uh ເພາະວ່າປົກກະຕິແລ້ວຂ້ອຍຂັບລົດຂອງນາງເປົ່າແລະຫຼັງຈາກນັ້ນຂ້ອຍຄິດຄ່າປະມານ 3 ຫຼື 4 ຊົ່ວໂມງແລ້ວ,,2026-06-04 05:51:47.124748+00,unknown
889,6rw0NJdxgMs,820.055,826.549,"ໄປອີກ, ແຕ່ຕອນນີ້ກັບຮ້ານ Amazon ນ້ອຍໆທີ່ຂ້ອຍຮູ້ວ່າຂ້ອຍສາມາດສຽບໄຟ",,2026-06-04 05:51:47.124748+00,unknown
890,6rw0NJdxgMs,826.549,831.277,ໄດ້ໄວກວ່ານີ້ແລະຂ້ອຍຮູ້ວ່າຂ້ອຍສາມາດສາກໄຟ,,2026-06-04 05:51:47.124748+00,unknown
891,6rw0NJdxgMs,832.184,836.853,ໄດ້ໄວກວ່ານີ້. ຜ່ອນຄາຍຂ້ອຍສະເຫມີວ່າ,,2026-06-04 05:51:47.124748+00,unknown
892,6rw0NJdxgMs,837.603,838.742,ລາວເຮັດຫຍັງຢູ່,,2026-06-04 05:51:47.124748+00,unknown
893,6rw0NJdxgMs,840.48,844.527,ຂ້ອຍຕ້ອງໃຫ້ເຈົ້າຮູ້ສະເໝີ ຄືເອົາສາຍອອກສຽບໃສ່ເຈົ້າ ໂອ້,,2026-06-04 05:51:47.124748+00,unknown
894,6rw0NJdxgMs,844.527,850.015,ກິ່ນມັນຍັງບໍ່ໝົດ,,2026-06-04 05:51:47.124748+00,unknown
895,6rw0NJdxgMs,850.015,855.998,ຂ້ອຍຮູ້ສຶກມັກ ແລະ ໂດຍສະເພາະກັບ Gulsah ແມ່ນເຈົ້າສາມາດລົມກັນໄດ້ໜຶ່ງຊົ່ວໂມງ,,2026-06-04 05:51:47.124748+00,unknown
896,6rw0NJdxgMs,855.998,859.222,ແລະເຂົາເຈົ້າຄືວ່າ ໂອ້ຍ ເຮົາໄປໄດ້ແລ້ວ ມັນເຢັນໆ,,2026-06-04 05:51:47.124748+00,unknown
897,6rw0NJdxgMs,859.222,862.744,ສະນັ້ນ ມື້ນີ້ຂ້ອຍຄິດຄ່າທັງໝົດຄື 3 ຊົ່ວໂມງເຄິ່ງ,,2026-06-04 05:51:47.124748+00,unknown
898,6rw0NJdxgMs,863.713,868.56,ແລະຍັງ,,2026-06-04 05:51:47.124748+00,unknown
899,6rw0NJdxgMs,868.56,874.453,ອີກຫຼາຍ 35 ກິໂລແມັດ. ຕ້ອງເຊຍຜູ້ຊາຍ,,2026-06-04 05:51:47.124748+00,unknown
900,6rw0NJdxgMs,875.453,880.065,uh ເຈົ້າຍັງຕ້ອງພັກຜ່ອນ ເຈົ້າຮູ້ວ່າມັນເປັນສ່ວນຫນຶ່ງຂອງມັນ,,2026-06-04 05:51:47.124748+00,unknown
901,6rw0NJdxgMs,880.878,884.723,ໂດຍສະເພາະເສັ້ນທາງທີ່ຫນ້າເບື່ອເຊັ່ນນີ້ມັນບໍ່,,2026-06-04 05:51:47.124748+00,unknown
902,6rw0NJdxgMs,885.442,890.08,ສະບາຍແຕ່ມື້ອື່ນຈະຫນ້າສົນໃຈຫຼາຍພວກເຮົາຈະໄປເກາະ,,2026-06-04 05:51:47.124748+00,unknown
903,6rw0NJdxgMs,890.08,892.27,ah ທີ່ຫນ້າຫວາດ,,2026-06-04 05:51:47.124748+00,unknown
904,6rw0NJdxgMs,892.739,893.337,ສຽວ,,2026-06-04 05:51:47.124748+00,unknown
905,6rw0NJdxgMs,894,894.853,ໂຮງແຮມ,,2026-06-04 05:51:47.124748+00,unknown
906,6rw0NJdxgMs,906,909.992,wow ພວກເຮົາຢູ່ປາກເຊ guys,,2026-06-04 05:51:47.124748+00,unknown
907,6rw0NJdxgMs,910.93,915.193,woh ແມ່ນຫຍັງເມືອງງາມແທ້ໆ,,2026-06-04 05:51:47.124748+00,unknown
908,6rw0NJdxgMs,916.131,923.633,ແລະ uh 3% ຫມໍ້ໄຟ 6 km ເຖິງໂຮງແຮມແລະຂ້ອຍມີ ທັງ,,2026-06-04 05:51:47.124748+00,unknown
909,6rw0NJdxgMs,936.04,937.051,ຫມົດ,,2026-06-04 05:51:47.124748+00,unknown
910,6rw0NJdxgMs,941.741,945.915,6 ກິໂລແມັດ. ສະອາດຫຼາຍ,,2026-06-04 05:51:47.124748+00,unknown
911,6rw0NJdxgMs,945.915,949.171,ແລະດີຫຼາຍທີ່ເຈົ້າຮູ້ວ່າການສັນຈອນບໍ່ຮ້າຍຫຼາຍ,,2026-06-04 05:51:47.124748+00,unknown
912,6rw0NJdxgMs,949.171,956.645,ຂ້ອຍມັກມັນແທ້ໆ ແລະທຸກໂຮງແຮມທີ່ເຮົາໄປມາຕະຫຼອດ,,2026-06-04 05:51:47.124748+00,unknown
913,6rw0NJdxgMs,957.958,960.367,ສະອາດບໍ່ແພງ,,2026-06-04 05:51:47.124748+00,unknown
914,6rw0NJdxgMs,961.618,963.818,ບາງຄົນກໍ່ມ່ວນຢູ່ທີ່ນັ້ນ,,2026-06-04 05:51:47.124748+00,unknown
915,6rw0NJdxgMs,965.162,966.331,ຂ້ອຍກໍ່ເຮັດໄດ້ຄືກັນ,,2026-06-04 05:51:47.124748+00,unknown
916,6rw0NJdxgMs,966.331,968.695,ah ຂ້ອຍມັກຂີ່ລົດໃນຕົວເມືອງ,,2026-06-04 05:51:47.124748+00,unknown
917,6rw0NJdxgMs,972.603,975.896,ແມ່ນດີທີ່ສຸດ ແຕ່ບໍ່ມີກະເປົ໋າກໍ່,,2026-06-04 05:51:47.124748+00,unknown
918,6rw0NJdxgMs,987.13,987.65,ມ່ວນ ຍິ່ງ,,2026-06-04 05:51:47.124748+00,unknown
919,6rw0NJdxgMs,996.2,997.64,ເຮັດໃຫ້ລາວຍິ້ມໄດ້,,2026-06-04 05:51:47.124748+00,unknown
920,6rw0NJdxgMs,1006.64,1007.86,ຂ້ອຍມັກສິ່ງເຫຼົ່ານີ້,,2026-06-04 05:51:47.124748+00,unknown
925,6rw0NJdxgMs,1134,1137.32,ນີ້ ຢູ່ບ່ອນນັ້ນ,,2026-06-04 05:51:47.124748+00,unknown
926,6rw0NJdxgMs,1140.92,1141.464,.,,2026-06-04 05:51:47.124748+00,unknown
927,6rw0NJdxgMs,1143.246,1144.018,yeah,,2026-06-04 05:51:47.124748+00,tr
928,6rw0NJdxgMs,1155.713,1162.101,yeah ເມືອງແມ່ນມ່ວນທີ່ມ່ວນໃນເມືອງຂ້ອຍມັກວ່າ,,2026-06-04 05:51:47.124748+00,unknown
929,6rw0NJdxgMs,1168.76,1175.153,"ok ຫ້ອງຫ້າແລະຫົກພວກເຮົາຈ່າຍ 220,000",,2026-06-04 05:51:47.124748+00,unknown
930,6rw0NJdxgMs,1176.247,1178.576,ອັນນີ້ slippery,,2026-06-04 05:51:47.124748+00,no
931,6rw0NJdxgMs,1182.341,1183.501,oh yeah ງາມ,,2026-06-04 05:51:47.124748+00,id
932,6rw0NJdxgMs,1202.004,1203.352,huh - ຊຸ່ມຊື້ນ,,2026-06-04 05:51:47.124748+00,unknown
933,6rw0NJdxgMs,1203.977,1207.96,ທີ່ນີ້ yeah ເລັກນ້ອຍ yeah oh mosquitoes,,2026-06-04 05:51:47.124748+00,en
934,6rw0NJdxgMs,1209.054,1211.4,oh ແທ້ - ອາດຈະເປັນ,,2026-06-04 05:51:47.124748+00,unknown
935,6rw0NJdxgMs,1218.2,1222.546,ສູນທຸກສິ່ງທຸກຢ່າງ zeroed,,2026-06-04 05:51:47.124748+00,unknown
936,6rw0NJdxgMs,1226.176,1227.296,ແມ່ນແລ້ວ,,2026-06-04 05:51:47.124748+00,unknown
937,6rw0NJdxgMs,1238.32,1246.52,ທີ່ຢູ່ໃກ້ແຕ່ຂ້ອຍຮູ້ວ່າຂ້ອຍຮູ້ວ່າຂ້ອຍກໍາລັງເຮັດຫຍັງຢູ່ເບິ່ງບ່ອນນັ້ນ,,2026-06-04 05:51:47.124748+00,unknown
938,6rw0NJdxgMs,1246.52,1252.2,ແລະ bunga ນີ້ງາມຫຼາຍ. ທຸກທີ່ເຮົາພັກພຽງ,,2026-06-04 05:51:47.124748+00,unknown
939,6rw0NJdxgMs,1252.2,1261.32,ຄືນດຽວເທົ່ານັ້ນ ມື້ອື່ນເຮົາເກືອບຮອດຊາຍແດນ ເຢັນໆໆໆໆໆໆໆໆໆໆໆໆໆໆໆໆໆໆໆໆໆໆໆໆໆໆໆໆໆໆໆໆໆໆ,,2026-06-04 05:51:47.124748+00,unknown
940,6rw0NJdxgMs,1261.32,1268.64,ໆໆໆໆໆໆໆໆໆໆໆໆໆໆໆໆໆໆໆໆໆໆໆໆໆ,,2026-06-04 05:51:47.124748+00,unknown
941,6rw0NJdxgMs,1276.046,1278.932,ໆ,,2026-06-04 05:51:47.124748+00,unknown
942,6rw0NJdxgMs,1280.433,1286.067,ໆ ໆ,,2026-06-04 05:51:47.124748+00,unknown
943,6rw0NJdxgMs,1286.067,1290.989,ໆໆໆໆໆໆໆໆໆໆໆໆໆໆໆໆໆໆໆໆໆ,,2026-06-04 05:51:47.124748+00,unknown
944,6rw0NJdxgMs,1290.989,1293.037,ໆ,,2026-06-04 05:51:47.124748+00,unknown
945,6rw0NJdxgMs,1293.85,1295.143,ໆ,,2026-06-04 05:51:47.124748+00,unknown
946,6rw0NJdxgMs,1298.707,1302.39,!!!,,2026-06-04 05:51:47.124748+00,unknown
947,6rw0NJdxgMs,1303.828,1309.787,ກິໂລແມັດ,,2026-06-04 05:51:47.124748+00,unknown
948,6rw0NJdxgMs,1309.787,1312.65,5 ຊົ່ວໂມງ 50 ນາທີ ຂີ່,,2026-06-04 05:51:47.124748+00,unknown
949,6rw0NJdxgMs,1313.463,1317.024,ບໍ່ຫຼາຍປານໃດ ແຕ່ກໍ່ບໍ່ມີ,,2026-06-04 05:51:47.124748+00,unknown
950,6rw0NJdxgMs,1321.37,1325.164,ຫຍັງແປກປະຫຼາດແທ້ໆ ບໍ່ມີຫຍັງແປກໆ,,2026-06-04 05:51:47.124748+00,unknown
951,6rw0NJdxgMs,1326.446,1331.358,ເອີ່ ເອີ ເອີ ມັນໄວເກີນໄປໄວ,,2026-06-04 05:51:47.124748+00,unknown
952,6rw0NJdxgMs,1331.358,1337.12,ແທ້ໆ ບໍ່ໄດ້ໂຄ້ງດຽວ ວ້າວ,,2026-06-04 05:51:47.124748+00,unknown
953,nOpmGFkntb4,0,6.48,ສະບາຍດີຕອນເຊົ້າຈາກລະບຽງ Terrace ນ້ອຍໆທີ່ສວຍງາມຂອງພວກເຮົາທີ່ນີ້ທີ່ Liberty Place Guest House ໃນ,,2026-06-04 05:51:47.124748+00,en
954,nOpmGFkntb4,6.48,10.56,ຫຼວງພະບາງ ລາວເຮົາມາກິນເຂົ້າເຊົ້ານຳກັນ I've the same thing,,2026-06-04 05:51:47.124748+00,unknown
955,nOpmGFkntb4,10.56,15.06,every single day since we stay here which is the Omelette and toast and ພວກເຮົາມີ,,2026-06-04 05:51:47.124748+00,en
956,nOpmGFkntb4,15.06,21.66,ກາເຟຂອງພວກເຮົາ ແລະໝາກໄມ້ທີ່ໜ້າຮັກທີ່ສຸດ Dylan's ມີ,,2026-06-04 05:51:47.124748+00,unknown
957,nOpmGFkntb4,21.66,27.42,ຕ່ອນຊີ້ນທີ່ເບິ່ງເປັນເລື່ອງຕະຫຼົກທີ່ສຸດນັ້ນຄືໄສ້ກອກ ແຕ່ພວກມັນໄດ້ເບິ່ງເປັນປາໝຶກດ້ວຍເຫດຜົນບາງຢ່າງ ແຕ່ມັນດີ,,2026-06-04 05:51:47.124748+00,unknown
958,nOpmGFkntb4,27.42,34.02,ຫຼາຍເທື່ອສຸດທ້າຍທີ່ເຈົ້າເຫັນພວກເຮົາ ພວກເຮົາສຳຫຼວດຢູ່ດົນນານ. prabang by foot sort of the Town Center ມີຫຍັງ,,2026-06-04 05:51:47.124748+00,en
959,nOpmGFkntb4,34.02,40.08,ມາເບິ່ງແນ່ວ່າກິນຫຍັງຢູ່ນີ້ ແຕ່ມື້ນີ້ເຮົາມາທ່ຽວຊົມເຂດນອກເມືອງຫຼວງ,,2026-06-04 05:51:47.124748+00,unknown
960,nOpmGFkntb4,40.08,45.54,ພະບາງໃຫ້ຫຼາຍຂຶ້ນໃນແບບຂອງການເດີນທາງທີ່ໜ້າຕື່ນຕາຕື່ນໃຈທີ່ພວກເຮົາຈະມາສະແດງໃຫ້ທ່ານເຫັນໃນພຽງເວລາດຽວເທົ່ານັ້ນ. ອັນທີສອງ,,2026-06-04 05:51:47.124748+00,unknown
961,nOpmGFkntb4,45.54,51.3,ເພາະຄິດວ່າຈະມາຮອດຕອນໃດ ດຽວນີ້ເປັນມື້ສຸດທ້າຍຂອງພວກເຮົາທີ່ຫຼວງພະບາງ ແລະ ມື້ອື່ນ,,2026-06-04 05:51:47.124748+00,unknown
962,nOpmGFkntb4,51.3,57.18,ເຮົາຈະໄປລົດໄຟຄວາມໄວສູງວຽງຈັນ ນະຄອນຫຼວງວຽງຈັນ ຂໍອາຫານນີ້ໃຫ້ຈົບ ແລ້ວໄປ,,2026-06-04 05:51:47.124748+00,unknown
963,nOpmGFkntb4,57.18,62.88,ທ່ຽວນຳກັນເລີຍເດີ້ ກຸນແຈສໍາລັບຍານພາຫະນະຂອງພວກເຮົາສໍາລັບມື້ນີ້ y ໃຫ້ພວກເຮົາສະແດງໃຫ້ທ່ານຮູ້ວ່າພວກເຮົາມີ,,2026-06-04 05:51:47.124748+00,unknown
964,nOpmGFkntb4,67.56,72.48,"ຫຍັງ, ດັ່ງນັ້ນພວກເຮົາໄດ້ຈອງລົດ EV ສະເພາະນີ້ຈາກບໍລິສັດທີ່ເອີ້ນວ່າ discover laos ແລະຕົວຈິງແລ້ວ",,2026-06-04 05:51:47.124748+00,unknown
965,nOpmGFkntb4,72.48,78.3,"ລາຄາພຽງແຕ່ 45 ໂດລາສະຫະລັດສໍາລັບ 8 ຊົ່ວໂມງທັງຫມົດແລະມັນມີສີ່ບ່ອນນັ່ງມີພຽງສອງຄົນເທົ່ານັ້ນ, ແຕ່",,2026-06-04 05:51:47.124748+00,unknown
966,nOpmGFkntb4,78.3,82.14,ຖ້າທ່ານມີ. ສີ່ຄົນລາຄາຖືກຫຼາຍທີ່ຈະຂັບລົດໄປທົ່ວຫຼວງພະບາງໃນນັ້ນສາມາດໄປໄດ້ເຖິງ,,2026-06-04 05:51:47.124748+00,unknown
967,nOpmGFkntb4,82.14,86.88,"170 ກິໂລແມັດ ພວກເຮົາບໍ່ໄດ້ໃຊ້ໃນທຸກມື້ນີ້, ແຕ່ພວກເຮົາອາດຈະໃຊ້ປະມານເຄິ່ງຫນຶ່ງຂອງມັນໄວຫມາຍເຫດ",,2026-06-04 05:51:47.124748+00,unknown
968,nOpmGFkntb4,86.88,92.88,ລາວບໍ່ໄດ້ຫມາຍຄວາມວ່າ 170 ກິໂລແມັດ. ມັນໄປໄດ້ໄກບໍ່ຈຳເປັນຕ້ອງສາກໄຟອີກ,,2026-06-04 05:51:47.124748+00,unknown
969,nOpmGFkntb4,92.88,98.1,ແນ່ນອນ ມັນເປັນລົດໄຟຟ້າທີ່ເຈົ້າຕ້ອງສາກ ມັນມີບ່ອນສາກຢູ່ເມືອງນີ້,,2026-06-04 05:51:47.124748+00,unknown
970,nOpmGFkntb4,98.1,103.8,ຂ້ອຍບໍ່ຮູ້ວ່າມັນໄປໄດ້ 170 ເຮົາຍັງບໍ່ໄດ້ລອງເທື່ອ ລອງບໍ່ລອງ ສິດໃຫ້ຂ້ອຍ,,2026-06-04 05:51:47.124748+00,unknown
971,nOpmGFkntb4,103.8,109.56,"ຍ້າຍບ່ອນນັ່ງນີ້ກັບຄືນໄປບ່ອນທັງຫມົດ, ດັ່ງນັ້ນການທ່ອງທ່ຽວເລັກນ້ອຍຂອງຍານພາຫະນະນ້ອຍໆຂອງພວກເຮົາ, ຂ້ອຍຄິດວ່າມັນເປັນຍີ່ຫໍ້ໃຫມ່",,2026-06-04 05:51:47.124748+00,unknown
972,nOpmGFkntb4,109.56,116.1,"ເພາະວ່າເບິ່ງນີ້ພາດສະຕິກຈະມາ, ໂອ້ແມ່ນແລ້ວ, ມີ AC ທີ່ພວກເຮົາຈະເປີດ",,2026-06-04 05:51:47.124748+00,unknown
973,nOpmGFkntb4,116.1,120.12,ໃນວິນາທີເພາະວ່າພວກເຮົາ ຈະເປີດມັນຮ້ອນຫຼາຍ ເຈົ້າຍັງສາມາດບອກໄດ້ວ່າມັນເປັນຍີ່ຫໍ້ໃຫມ່ເພາະວ່າ,,2026-06-04 05:51:47.124748+00,unknown
974,nOpmGFkntb4,120.12,124.02,ມັນ e ຍັງຖືກຫໍ່ດ້ວຍປລາສຕິກແຕ່ຂ້ອຍຈະບໍ່ເອົາມັນອອກຖ້າພວກເຂົາເອົາສິ່ງນັ້ນ,,2026-06-04 05:51:47.124748+00,unknown
975,nOpmGFkntb4,124.02,129.3,ໃສ່ຕາມຈຸດປະສົງມັນຫນ້າຮັກຫຼາຍມັນເປັນລົດທີ່ຂ້ອຍຈະມັກເປັນເຈົ້າຂອງໃນຊີວິດຈິງມັນ,,2026-06-04 05:51:47.124748+00,unknown
976,nOpmGFkntb4,129.3,135.54,ຫນ້າຮັກແລະມັນເປັນລົດໄຟຟ້າ. ຍານພາຫານະທີ່ງາມແທ້ໆ ຕອນທີ່ເຮົານັ່ງຢູ່ຮ້ານກາເຟມື້ໜຶ່ງ,,2026-06-04 05:51:47.124748+00,unknown
977,nOpmGFkntb4,135.54,140.64,ຢູ່ຫຼວງພະບາງ ເຮົາເຫັນລົດຄັນໜຶ່ງແລ່ນຜ່ານໄປ ແລະ ໄດແລນກໍຄືເຮົາຕ້ອງໄປເບິ່ງ,,2026-06-04 05:51:47.124748+00,unknown
978,nOpmGFkntb4,140.64,144.6,ທັນທີ ເຮົາຕິດຕໍ່ກັບເຂົາວ່າເຮົາຕ້ອງການເຊົ່າໄດ້ບໍ? ອັນນີ້ ແລະ ເຂົາເຈົ້າເປັນແບບນັ້ນ ແນ່ນອນ ເລື່ອງ,,2026-06-04 05:51:47.124748+00,unknown
979,nOpmGFkntb4,144.6,151.2,ນີ້ແມ່ນອັດຕະໂນມັດເຕັມທີ່ ແນ່ນອນວ່າມີສອງ pedals ຫນຶ່ງເລັ່ງຫນຶ່ງ Break um ໃຫ້ເບິ່ງ,,2026-06-04 05:51:47.124748+00,unknown
980,nOpmGFkntb4,152.94,163.26,"ວ່າມັນມີ reverse neutral ແລະຂັບຄືກັນກັບລົດອັດຕະໂນມັດອື່ນໆ, ມັນໄດ້ໄປເຖິງ 168",,2026-06-04 05:51:47.124748+00,unknown
981,nOpmGFkntb4,163.26,168.72,"ກິໂລແມັດ, ສະນັ້ນມັນຍັງ. ຂ້ອນຂ້າງຫຼາຍຮ້ອຍເປີເຊັນ 99 ເວົ້າເຖິງນີ້ ແຕ່",,2026-06-04 05:51:47.124748+00,unknown
982,nOpmGFkntb4,168.72,176.76,ແມ່ນແລ້ວ ມັນເບິ່ງງາມ ອິເລັກໂທຣນິກ ອິເລັກໂທຣນິກ ທີ່ສວຍງາມ ດຽວນີ້ຂ້ອຍຕ້ອງໃສ່ Google Maps,,2026-06-04 05:51:47.124748+00,unknown
983,nOpmGFkntb4,176.76,181.44,ກ່ອນ ກ່ອນທີ່ພວກເຮົາຈະໄປ ຫຼືຈະຂັບລົດໄປທົ່ວເມືອງກ່ອນ ແມ່ນແລ້ວ ເຮົາມາຮູ້ຈັກກັບລົດໜ້ອຍໜຶ່ງ ແລ້ວ,,2026-06-04 05:51:47.124748+00,unknown
984,nOpmGFkntb4,181.44,186.3,", ໃຫ້ເຮົາເຮັດແນວນັ້ນໃຫ້ຂັບ aro ​ແລະ​ບ້ານ​ເມືອງ​ເບິ່ງ​ກ່ອນ​ວ່າ​ຈະ​ຄິດ​ແນວ​ໃດ​ຈະ​ລອງ​ແນວ​ນີ້ ​ເຖິງ​ວ່າ",,2026-06-04 05:51:47.124748+00,unknown
985,nOpmGFkntb4,186.3,190.98,​ບໍ່​ຄິດ​ວ່າ​ມັນ​ຈະ​ຍາກ​ປານ​ນັ້ນ​ບໍ່​ແມ່ນ​ຄື​ລົດ​ເບາະ​ແຕ່​ຢ່າ​ໄປ​ຕຳ​ສິ່ງ​ໃດ,,2026-06-04 05:51:47.124748+00,unknown
986,nOpmGFkntb4,192.42,197.94,​ພ້ອມ​ແລ້ວ​ໂອ​ເຄ ຂັບ​ຂີ່​ຂວາ​ທາງ​ຂວາ ຕ້ອງ ຂັບຊ້າ ເຈົ້າຮູ້,,2026-06-04 05:51:47.124748+00,unknown
987,nOpmGFkntb4,197.94,204.3,ມາເລີ່ມກັນເລີຍວ່າ ອັນນີ້ເລັ່ງຄວາມໄວໄດ້ ຫຼື ບໍ່ພ້ອມແມ່ນແລ້ວ,,2026-06-04 05:51:47.124748+00,unknown
988,nOpmGFkntb4,205.86,211.38,ມັນສະບາຍໆ ແບບນີ້ ເປັນການຂັບຂີ່ທີ່ສະດວກສະບາຍສຳລັບຂ້ອຍແນ່ນອນ ເພາະເຮົາໄປໄດ້ສອງ,,2026-06-04 05:51:47.124748+00,unknown
989,nOpmGFkntb4,211.38,216.84,ກິໂລແມັດຕໍ່ຊົ່ວໂມງ ແຕ່ຕອນນີ້ເຮົາພຽງ ເຂົ້າໄປໃນເສັ້ນທາງໃຫຍ່ນີ້ແມ່ນການເດີນທາງຖະຫນົນທີ່ຫນ້າຕື່ນເຕັ້ນ,,2026-06-04 05:51:47.124748+00,unknown
990,nOpmGFkntb4,217.38,225.6,yeah ຂັບລົດໃນ Tesla ຂອງພວກເຮົາຂັບລົດປະມານຫຼວງພະບາງແມ່ນແລ້ວສິ່ງທີ່ rollers ສູງເຮັດຫຼືດັ່ງນັ້ນຂ້າພະເຈົ້າໄດ້ຍິນ,,2026-06-04 05:51:47.124748+00,unknown
1107,Jja5en9n9pw,15.639,21.32,ฮะมีการรณรงค์นะครับว่าคุณสามารถที่จะขับ,,2026-06-04 05:51:47.124748+00,th
991,nOpmGFkntb4,225.6,231.84,ເພື່ອໄປສະຖານທີ່ຕົ້ນຕໍຂອງພວກເຮົາໃນມື້ນັ້ນມັນໃຊ້ເວລາປະມານ 50 ນາທີຂັບລົດຂ້າພະເຈົ້າ. ບໍ່ແນ່ໃຈວ່າມັນ,,2026-06-04 05:51:47.124748+00,unknown
992,nOpmGFkntb4,231.84,237.54,"ຈະໃຊ້ເວລາດົນກວ່ານີ້ຫຼືຫນ້ອຍລົງຫນ້ອຍຫນຶ່ງ, ຂ້ອຍເດົາແມ່ນຂຶ້ນກັບວ່າຕີນຂອງ Dylan ຫນັກປານໃດໃນມື້ນີ້",,2026-06-04 05:51:47.124748+00,unknown
993,nOpmGFkntb4,237.54,243.06,", ແຕ່ນັ້ນກໍ່ຫມາຍຄວາມວ່າພວກເຮົາຄວນຈະຢຸດຢູ່ບ່ອນໃດບ່ອນຫນຶ່ງຕາມທາງໂດຍເບິ່ງຂອງ Google",,2026-06-04 05:51:47.124748+00,unknown
994,nOpmGFkntb4,243.06,246.84,Maps ມີຫຼາຍສະຖານທີ່ຕາມ. ວິທີການທີ່ທ່ານສາມາດປະເພດຂອງການຢຸດເຊົາແລະມີ foo ບາງ d ແລະສິ່ງທີ່ເປັນ,,2026-06-04 05:51:47.124748+00,unknown
995,nOpmGFkntb4,246.84,252.9,"ເຊັ່ນນັ້ນ, ພວກເຮົາຈະເບິ່ງວ່າພວກເຮົາສາມາດຊອກຫາບາງສິ່ງບາງຢ່າງໄດ້ເມື່ອພວກເຮົາອອກຈາກພາກກາງຂອງຫຼວງພະບາງຫຼາຍເລັກນ້ອຍ",,2026-06-04 05:51:47.124748+00,unknown
996,nOpmGFkntb4,252.9,258.9,"ມາເຖິງຕອນນັ້ນດີ, ສິ່ງຫນຶ່ງທີ່ຂ້ອຍກັງວົນແມ່ນແຕ່ວ່າຄົນອື່ນ",,2026-06-04 05:51:47.124748+00,unknown
997,nOpmGFkntb4,258.9,264.18,ຈະເຂົ້າໄປໃນລົດນີ້ເພາະວ່າພວກເຂົາມີ. ໜັງສືຜ່ານແດນຂອງພວກເຮົາ ແລະອັນໃດເກີດຂຶ້ນ ຂ້ອຍ,,2026-06-04 05:51:47.124748+00,unknown
998,nOpmGFkntb4,264.18,267.9,ຄິດວ່າພວກເຮົາຈະຕ້ອງຈ່າຍຄ່ານີ້ ສະນັ້ນ ຫວັງວ່າຄົງຈະບໍ່ມີໃຜມາຕຳເຮົາ,,2026-06-04 05:51:47.124748+00,unknown
999,nOpmGFkntb4,267.9,271.56,ໄດ້ ເພາະຂ້ອຍບໍ່ຄິດວ່າລົດຄັນນີ້ລາຄາຖືກແນ່ນອນ ບໍ່ໄດ້ຢູ່ໃນງົບປະມານປະຈຳວັນຂອງພວກເຮົາ ຈັ່ງໃດກໍ,,2026-06-04 05:51:47.124748+00,unknown
1000,nOpmGFkntb4,285.96,291.48,ດີ ດັ່ງນັ້ນພວກເຮົາຈຶ່ງໄປຮອດ. ເສັງເຂົ້າ,,2026-06-04 05:51:47.124748+00,unknown
1010,nOpmGFkntb4,344.16,353.28,ນີ້ຄືແກງແກງໄກ່ລາວ ຂ້ອຍສົມມຸດວ່າມີ,,2026-06-04 05:51:47.124748+00,unknown
1011,nOpmGFkntb4,353.28,358.08,ຜັກຊີຢູ່ດ້ານເທິງຫຼາຍ ແລະເຈົ້າຮູ້ບໍວ່າເຮົາບໍ່ມັກຜັກຊີ ມັນມີລົດຊາດຄືກັບ,,2026-06-04 05:51:47.124748+00,unknown
1012,nOpmGFkntb4,358.08,362.64,ສະບູສຳລັບເຮົາ ແຕ່ເຮົາບໍ່ເຄີຍຮູ້ວ່າເຮົາໄປປະເທດໃໝ່ໆ ບໍ່ວ່າຈະໃຊ້ຜັກຊີ.,,2026-06-04 05:51:47.124748+00,unknown
1013,nOpmGFkntb4,362.64,367.08,ເປັນເຄື່ອງປຸງຢູ່ບ່ອນນີ້ ມັນເບິ່ງຄືວ່າເຂົາເຈົ້າເຮັດແນວນັ້ນ ຂ້ອຍກໍ່ເອົາໄປໃສ່ຂ້າງໆ ແຊບ,,2026-06-04 05:51:47.124748+00,unknown
1014,nOpmGFkntb4,371.64,378.54,ຫຼາຍສິ່ງທີ່ຂ້ອຍໄດ້ມາແມ່ນສະຫຼັດໝາກຫຸ່ງ ຂ້ອຍເຄີຍກິນໝາກຫຸ່ງຢູ່ໄທຫຼາຍເທື່ອແລ້ວ ບໍ່,,2026-06-04 05:51:47.124748+00,unknown
1015,nOpmGFkntb4,378.54,382.92,ຄ່ອຍເບິ່ງຄືເກົ່າ. ຄືກັນ ອັນນີ້ແນ່ນອນ ມັນມີຫຼາກຫຼາຍແບບຂອງຕົວມັນເອງ ສະນັ້ນ ອັນນີ້ຕ້ອງເປັນ ສະປາ,,2026-06-04 05:51:47.124748+00,unknown
1016,nOpmGFkntb4,382.92,388.14,ໝາກຫຸ່ງແບບດັງໆ ຈື່ງມີສີສັນໜ້ອຍກວ່າອັນທີ່ຂ້ອຍເຄີຍໃຊ້ໃນຕອນນີ້ ລາວບອກວ່າຂ້ອຍຢາກ ເຜັດ ແລະຂ້ອຍກໍ່ເວົ້າວ່າແມ່ນແລ້ວ ແລະລາວເວົ້າວ່າເຜັດຕາເວັນຕົກ ແລະຂ້ອຍ,,2026-06-04 05:51:47.124748+00,unknown
1017,nOpmGFkntb4,388.14,392.7,. ເວົ້າວ່າ yeah sure ເນື່ອງຈາກວ່າຂ້າພະເຈົ້າບໍ່ແນ່ໃຈວ່າຂ້າພະເຈົ້າສາມາດຈັດການ,,2026-06-04 05:51:47.124748+00,unknown
1018,nOpmGFkntb4,392.7,401.16,ກັບເຜັດລາວແຕ່ເບິ່ງ ຄືກັບວ່າບໍ່ມີໝາກເຜັດຢູ່ໃນນັ້ນເລີຍ ແປວ່າເຜັດຂອງຕາເວັນຕົກໝາຍຄວາມວ່າບໍ່ມີ,,2026-06-04 05:51:47.124748+00,unknown
1019,nOpmGFkntb4,401.16,407.46,ເຜັດ ແຕ່ກໍດີພໍທ້ອງເຮົາເຕັມແລ້ວ ດຽວນີ້ເຮົາໄປນ້ຳຕົກຕາດເລີຍ ຈັ່ງແມ່ນ,,2026-06-04 05:51:47.124748+00,unknown
1020,nOpmGFkntb4,407.46,411.54,ດີແທ້ ພໍໄດ້ນັ່ງເບິ່ງຢູ່ທາງນອກ. The Rice Terraces,,2026-06-04 05:51:47.124748+00,en
1021,nOpmGFkntb4,411.54,417.12,so many butterflies as well as a really calm he's play some like music he's repeating the,,2026-06-04 05:51:47.124748+00,en
1022,nOpmGFkntb4,417.12,421.578,"same song over and over and over ໂຊກດີທີ່ເພງຖືກທັງຫມົດ, ມັນ okay ແມ່ນ",,2026-06-04 05:51:47.124748+00,no
1023,nOpmGFkntb4,433.02,441,5 000. ຂ້າພະເຈົ້າເດົາວ່າພວກເຮົາພຽງແຕ່ເອົາປີ້ນີ້ແມ່ນບ່ອນຈອດລົດ. ປີ້ແມ່ນບໍ ຂ້ອຍບໍ່,,2026-06-04 05:51:47.124748+00,unknown
1024,nOpmGFkntb4,441,444.36,ຮູ້ເລື່ອງນີ້ ແຕ່ຂ້ອຍຄິດວ່າຕ້ອງເອົາປີ້ກ່ອນ ແລ້ວໄປຮັບເຄື່ອງເພື່ອໄປນໍ້າ,,2026-06-04 05:51:47.124748+00,unknown
1025,nOpmGFkntb4,444.36,447.36,ຕົກ ເຖິງວ່າພວກເຮົາມີລົດເປັນຂອງຕົນເອງແລ້ວ ຂ້ອຍຄິດວ່າຈະໄປ,,2026-06-04 05:51:47.124748+00,unknown
1108,Jja5en9n9pw,18.199,24.88,รถมาที่สปปลาวได้เลยนะไม่ว่าคุณจะเป็นรถ,,2026-06-04 05:51:47.124748+00,th
1026,nOpmGFkntb4,447.36,454.92,"ຂັບລົດໄດ້ . ແຕ່ບໍ່ເຫັນເຈົ້າ Mikey ພວກເຮົາເລືອກມື້ທີ່ຮ້ອນທີ່ສຸດເທົ່າທີ່ເຄີຍນັ່ງຢູ່ໃນລົດ,",,2026-06-04 05:51:47.124748+00,unknown
1027,nOpmGFkntb4,454.92,459.54,"ເຖິງແມ່ນວ່າຈະມີ AC ລະເບີດໃບ ໜ້າ ຂອງພວກເຮົາມັນຮ້ອນຫຼາຍຄືກັບເຮືອນແກ້ວນ້ອຍໆ,",,2026-06-04 05:51:47.124748+00,unknown
1028,nOpmGFkntb4,460.32,466.08,"ຖັງເຫື່ອອອກຫຼາຍ, ແມ່ນແລ້ວມັນຮ້ອນຫຼາຍເບິ່ງວ່າພວກເຮົາໄດ້ຮັບປີ້ແນວໃດ ໂອ້. ແມ່ນແລ້ວ",,2026-06-04 05:51:47.124748+00,unknown
1029,nOpmGFkntb4,472.44,477.06,", ໄດ້ສອງປີ້ນີ້ um ລົດກໍ່ມີໄຟຟ້າດີ ອັນນີ້ກໍ່ມີ",,2026-06-04 05:51:47.124748+00,unknown
1030,nOpmGFkntb4,477.06,482.46,ເຄື່ອງປັບອາກາດແບບທຳມະຊາດທັງນັ້ນ ຄວາມຈິງແລ້ວຂ້ອຍອາດຈະໄດ້ຂັບລົດ,,2026-06-04 05:51:47.124748+00,unknown
1031,nOpmGFkntb4,482.46,489.48,ໄປເປີດປ່ອງຢ້ຽມ ມັນກໍ່ຈະມີລົມແຮງຢູ່ຄົນດຽວ GPS ຂອງຂ້ອຍຍັງຫຼິ້ນຢູ່ສະເໝີ,,2026-06-04 05:51:47.124748+00,unknown
1032,nOpmGFkntb4,493.62,497.58,ເພາະຂ້ອຍຖືກລົດອອກຈາກບ່ອນໃດບ່ອນໜຶ່ງ. ເມືອງນ້ອຍ ແຕ່ມີລົດບາງຄັນຍັງ,,2026-06-04 05:51:47.124748+00,unknown
1033,nOpmGFkntb4,497.58,501.06,"ຂັບມາຢູ່ ສະນັ້ນ ບໍ່ຮູ້ວ່າເຮົາໄດ້ລົງລົດໄປອີກໜ້ອຍໜຶ່ງແລ້ວ, ເບິ່ງຄືວ່ານີ້",,2026-06-04 05:51:47.124748+00,unknown
1034,nOpmGFkntb4,501.06,506.28,ແມ່ນບ່ອນຊື້ເຄື່ອງຫຼາຍກວ່າ ເຊັ່ນ ເສື້ອຜ້າ ໄອສຄຣີມ ຂອງໃຜຜູ້ໜຶ່ງແຕ່ງກິນທັງໝົດ.,,2026-06-04 05:51:47.124748+00,unknown
1035,nOpmGFkntb4,506.28,510.24,"ລົດຄັນອື່ນໆເບິ່ງຄືວ່າຈະໄປທາງນັ້ນ, ຂ້ອຍເດົາວ່າພວກເຮົາຄົງຈະມັກຍ່າງປ່າຕາມຫຼັງລົດຄັນອື່ນ",,2026-06-04 05:51:47.124748+00,unknown
1036,nOpmGFkntb4,510.24,513.3,"ກໍ່ບໍ່ຮູ້ວ່າເກີດຫຍັງຂຶ້ນ ແລະພວກເຮົາກໍຖືກລົງມາທີ່ນີ້, ແຕ່ອີກຄົນໜຶ່ງເບິ່ງຄືວ່າ",,2026-06-04 05:51:47.124748+00,unknown
1037,nOpmGFkntb4,513.3,517.68,ຈະຂັບລົດຕໍ່ໄປ ແລະ ດຽວນີ້ຂ້ອຍ. ບໍ່ຮູ້ວ່າເຮົາລົງຈາກບ່ອນນີ້ເພື່ອຢາກ,,2026-06-04 05:51:47.124748+00,unknown
1038,nOpmGFkntb4,517.68,523.02,ຊື້ຫຍັງ ຫຼືວ່າເຮົາຕັ້ງໃຈຈະເອົາເຂົາກັບລົດ ບໍ່ມີໃຜເວົ້າຫຍັງ ເຮົາ,,2026-06-04 05:51:47.124748+00,unknown
1039,nOpmGFkntb4,523.02,526.32,ລົງຈາກໄປ ເພາະຄິດວ່າເຮົາຢູ່ນີ້ ແຕ່ເຮົາບໍ່ຢູ່ໃສ ຄົນຂັບໄດ້ໄປ,,2026-06-04 05:51:47.124748+00,unknown
1040,nOpmGFkntb4,526.32,530.7,ຂ້າພະເຈົ້າບໍ່ແນ່ໃຈວ່າສິ່ງທີ່ເກີດຂຶ້ນພວກເຮົາສະເຫມີ d o ສະຖານທີ່ແບບນີ້ເຂົາເອົາເຈົ້າ,,2026-06-04 05:51:47.124748+00,unknown
1041,nOpmGFkntb4,530.7,534.3,ໄປບ່ອນໃດບ່ອນໜຶ່ງໃຫ້ເຈົ້າມັກຊື້ຂອງ ແຕ່ຖ້າເຈົ້າບໍ່ຢາກຊື້ຫຍັງ ເຈົ້າພຽງແຕ່ຢາກ,,2026-06-04 05:51:47.124748+00,unknown
1042,nOpmGFkntb4,534.3,538.08,ໄປສະຖານທີ່ທ່ອງທ່ຽວ ແລ້ວເຈົ້າມາຢືນຢູ່ບ່ອນນັ້ນ ເຫັນອັນນີ້ຄືເຮົາ,,2026-06-04 05:51:47.124748+00,unknown
1043,nOpmGFkntb4,538.08,542.76,ມາຮອດແລ້ວ ກໍ່ມີຄົນອື່ນມາລໍຖ້າຢູ່ແຖວນັ້ນ ຫວັງວ່າຈະມີລົດໄຟຟ້າອີກ,,2026-06-04 05:51:47.124748+00,unknown
1044,nOpmGFkntb4,542.76,546.42,ຄັນໜຶ່ງມາເອົາລົງນ້ຳຕົກຕົວຈິງ ເພາະເຮົາກວດເບິ່ງໃນ Google Maps,,2026-06-04 05:51:47.124748+00,unknown
1045,nOpmGFkntb4,546.42,553.5,ແລ້ວມັນບໍ່ໄກຈາກບ່ອນນີ້ແທ້ໆ ເລີຍບໍ່ຮູ້ວ່າມີພື້ນທີ່ພຽງພໍຫຼືບໍ່. ເຕັມ,,2026-06-04 05:51:47.124748+00,unknown
1046,nOpmGFkntb4,553.5,560.46,ອີກອັນໜຶ່ງເລີຍ ລອງເບິ່ງວ່າອັນນີ້ເຮັດໃຫ້ເຮົາໄປຮອດບ່ອນທີ່ຖືກຕ້ອງ ເຮົາກຳລັງມຸ່ງໜ້າໄປ,,2026-06-04 05:51:47.124748+00,unknown
1047,nOpmGFkntb4,560.46,565.92,ໃນທິດທາງທີ່ຖືກຕ້ອງ ສະນັ້ນ ດຽວນີ້ຂ້ອຍໄດ້ຍິນນໍ້າບາງໆ ດຽວນີ້ເຮົາຕ້ອງຢູ່ຂ້າງນ້ຳຕົກແລ້ວ,,2026-06-04 05:51:47.124748+00,unknown
1048,nOpmGFkntb4,565.92,569.4,ຂ້ອຍຄິດວ່າເຮົາມາຢູ່ບ່ອນທີ່ຖືກຕ້ອງເຈົ້າຮູ້ຂ້ອຍ. ຢ່າສົນໃຈເລື່ອງທີ່ເຂົາເຈົ້າຢຸດ,,2026-06-04 05:51:47.124748+00,unknown
1049,nOpmGFkntb4,569.4,574.02,ແລະເຈົ້າສາມາດຊື້ເຄື່ອງໄດ້ ແຕ່ບໍ່ມີໃຜບອກຫຍັງກັບພວກເຮົາ ຄິດວ່າພວກເຮົາຢູ່ນ້ຳຕົກຕາດ ແຕ່,,2026-06-04 05:51:47.124748+00,unknown
1050,nOpmGFkntb4,574.02,578.16,ມີເວລາຂີ່ລົດສາມ-ສີ່ນາທີ ແມ່ນແລ້ວຫຼັງຈາກນັ້ນກໍ່ບໍ່ໄດ້ຢູ່ທີ່ນັ້ນ ສະນັ້ນພຽງແຕ່ຕ້ອງການ. ຈະ,,2026-06-04 05:51:47.124748+00,unknown
1051,nOpmGFkntb4,578.16,581.94,ແຈ້ງຂຶ້ນໜ້ອຍໜຶ່ງ ສະນັ້ນ ຖ້າເຈົ້າກຳລັງເບິ່ງ ຢູ່ ແມ່ນແລະເຈົ້າກໍາລັງວາງແຜນທີ່ຈະມາທີ່ນີ້ຢ່າຖືກຖາມ,,2026-06-04 05:51:47.124748+00,unknown
1052,nOpmGFkntb4,581.94,585.78,ຄືກັບທີ່ພວກເຮົາໄດ້ຂີ່ລົດໄຟຟ້າຄັ້ງທໍາອິດພຽງແຕ່ຢູ່ຕໍ່ໄປເວັ້ນເສຍແຕ່ວ່າເຈົ້າຕ້ອງການຊື້ບາງສິ່ງບາງຢ່າງ,,2026-06-04 05:51:47.124748+00,unknown
1053,nOpmGFkntb4,585.78,590.58,ແນ່ນອນມັນເຢັນລົງທີ່ນີ້ ໂອ້ ເຈົ້າສາມາດຮູ້ສຶກວ່າມັນຢູ່ໃນອາກາດແລ້ວຫຼາຍຄົນ,,2026-06-04 05:51:47.124748+00,unknown
1054,nOpmGFkntb4,591.24,596.22,ໂອ້ ພະເຈົ້າຄົນຂັບລົດຕຸ໊ກຕຸກຄົນນັ້ນຫຍຸ້ງຢູ່ນຳຄົນທັງຫຼາຍມາທີ່ນີ້ທຸກຮູບທີ່ເຈົ້າ,,2026-06-04 05:51:47.124748+00,unknown
1055,nOpmGFkntb4,596.22,601.2,ເຫັນທາງອອນລາຍຄືບໍ່ມີຄົນແລ້ວເຈົ້າມາຮອດ ແລະມັນຄືອັນນີ້ຄືອັນໜຶ່ງໃນ Instagram,,2026-06-04 05:51:47.124748+00,unknown
1056,nOpmGFkntb4,601.2,607.2,ທຽບກັບຄວາມເປັນຈິງນີ້ຫຼາຍແທ້ໆ ເມື່ອນັກທ່ອງທ່ຽວກັບມາ ຢູ່ໃນຕົວເມືອງລວມທັງ,,2026-06-04 05:51:47.124748+00,unknown
1057,nOpmGFkntb4,607.2,612.06,ຕົວເຮົາເອງແນ່ນອນເຈົ້າອາດຈະຕ້ອງມາທີ່ນີ້ໄວແທ້ຫຼືຊ້າແທ້ໆທີ່ຈະຂ້າມສິ່ງ,,2026-06-04 05:51:47.124748+00,unknown
1058,nOpmGFkntb4,634.38,639.84,ຫນຶ່ງທີ່ຫນ້າຕະຫຼົກຄືຂ້ອຍເອົາຊຸດລອຍນ້ໍາຄິດວ່າຂ້ອຍສາມາດໄປລອຍນ້ໍາໄດ້ແຕ່ຂ້ອຍບໍ່ຄິດວ່ານີ້ແມ່ນ,,2026-06-04 05:51:47.124748+00,unknown
1059,nOpmGFkntb4,639.84,645.06,ບ່ອນທີ່ທ່ານໄປ. ລອຍນໍ້າ ເຖິງວ່ານໍ້າຈະເບິ່ງດີເລີດ,,2026-06-04 05:51:47.124748+00,unknown
1060,nOpmGFkntb4,645.06,649.68,ຄືກັບນໍ້າຊະນິດທີ່ເຈົ້າຢາກຈະໂດດລົງໄປ ແຕ່ແນ່ນອນວ່າເຈົ້າບໍ່ອະນຸຍາດໃຫ້ລົງລອຍນໍ້າໄດ້ ນໍ້າ,,2026-06-04 05:51:47.124748+00,unknown
1061,nOpmGFkntb4,649.68,655.14,ຕົກຕາດມີພະລັງແຮງຫຼາຍ ມີນໍ້າທີ່ບິນມາຫາໜ້າເຮົາ ຢູ່ທີ່ນີ້ມັນຮູ້ສຶກສົດຊື່ນແທ້ໆ,,2026-06-04 05:51:47.124748+00,unknown
1062,nOpmGFkntb4,655.14,660.06,. ໝອກດີແມ່ນ r ສົດຊື່ນແທ້ໆ ຂ້ອຍຢາກໄປກ່ອນ ເຈົ້າຮູ້ພຽງແຕ່ພະຍາຍາມຊອກຫາ,,2026-06-04 05:51:47.124748+00,unknown
1063,nOpmGFkntb4,660.06,666.42,ສັນຍານ ຫຼືເວົ້າວ່າບໍ່ລອຍ ບໍ່ມີໃຜລອຍໄດ້ ດັ່ງນັ້ນອາດຈະບໍ່ລອຍແມ່ນດີ ຂ້ອຍຍອມຮັບວ່າ,,2026-06-04 05:51:47.124748+00,unknown
1064,nOpmGFkntb4,666.42,672.18,ໃຫ້ອາຫານປ້າຍທີ່ຂ້ອຍບອກວ່າຢ່າລອຍ ຂ້ອຍເອົາກະເປົ໋າລອຍມານຳ. ຜ້າເຊັດໂຕຂ້ອຍພ້ອມທີ່ຈະກະໂດດເຂົ້າໄປ,,2026-06-04 05:51:47.124748+00,unknown
1065,nOpmGFkntb4,672.18,677.16,ເພາະຂ້ອຍເຫື່ອອອກໝົດມື້ ມັນດີທີ່ເຮົາໄປສະລອຍນໍ້າໃນ,,2026-06-04 05:51:47.124748+00,unknown
1066,nOpmGFkntb4,677.16,682.62,ໂຮງແຮມ ເຈົ້າໝາຍເຖິງຫ້ອງນໍ້າຫຍັງ ເຮົາບໍ່ມີສະລອຍນໍ້າໃນໂຮງແຮມ ແຕ່ໜ້າເສຍດາຍທີ່,,2026-06-04 05:51:47.124748+00,unknown
1067,nOpmGFkntb4,691.02,697.38,ມັນຄືກັບ ສົດໆ,,2026-06-04 05:51:47.124748+00,unknown
1068,nOpmGFkntb4,697.38,703.44,ໆ,,2026-06-04 05:51:47.124748+00,unknown
1069,nOpmGFkntb4,703.44,708.78,ໆໆໆໆໆໆໆໆໆໆໆໆໆໆໆໆໆໆໆໆໆໆໆໆໆໆໆໆໆໆໆໆໆໆໆໆໆໆໆໆໆໆໆໆໆໆໆໆໆໆໆໆໆໆໆໆໆໆໆໆໆໆໆໆໆໆໆໆໆໆໆໆໆໆໆໆໆໆໆໆໆໆໆໆໆໆໆໆໆໆໆໆໆໆໆໆໆໆໆ ຈຸດຢືນພຽງໜ້ອຍດຽວແມ່ນບໍ່,,2026-06-04 05:51:47.124748+00,unknown
1070,nOpmGFkntb4,708.78,713.52,"ມີໂຮງແຮມໃດແຫ່ງໜຶ່ງຂອງພວກເຮົາມີພື້ນທີ່ເຢັນສະບາຍໆເມື່ອບໍ່ດົນມານີ້, ສະນັ້ນເຂົາເຈົ້າຍັງບໍ່ທັນໄດ້ທາສີຜິວ",,2026-06-04 05:51:47.124748+00,unknown
1071,nOpmGFkntb4,718.776,722.58,"ມັນງາມຫຼາຍ, ຂ້ອຍຮູ້ສຶກສົດຊື່ນຫຼາຍທີ່ໄດ້ຢູ່ໃນນັ້ນຕະຫຼອດມື້ ມັນຄືກັບ",,2026-06-04 05:51:47.124748+00,unknown
1072,nOpmGFkntb4,722.58,726.78,ອຸນຫະພູມທີ່ສົມບູນແບບເຈົ້າບໍ່ຮູ້ຄືກັນ . ເຢັນ ຂ້ອຍແນ່ໃຈວ່າຫຼາຍໆຄົນຈະຮູ້ຈາກ watchi ng,,2026-06-04 05:51:47.124748+00,unknown
1073,nOpmGFkntb4,726.78,732.78,"ວິດີໂອທີ່ຜ່ານມາຂອງພວກເຮົາທີ່ Dylan ມີຄວາມສຸກຫຼາຍຢູ່ໃນນ້ໍາຫຼາຍກ່ວາເຂົາຢູ່ໃນດິນ, ສະ",,2026-06-04 05:51:47.124748+00,unknown
1074,nOpmGFkntb4,732.78,737.34,"ນັ້ນທັນທີທີ່ມີແຫຼ່ງນ້ໍາບາງບ່ອນເຂົາໄດ້ຈຸ່ມຕົວກັບມັນ,",,2026-06-04 05:51:47.124748+00,unknown
1075,nOpmGFkntb4,737.34,742.08,"ຖ້າບໍ່ດັ່ງນັ້ນເຂົາບໍ່ມີມື້ທີ່ສົມບູນ, ສະນັ້ນສິ່ງທີ່ຂ້າພະເຈົ້າບໍ່. ບໍ່ໄດ້ໃສ່ໃຈໃຫ້ຜົມປຽກ ຫຍັງ",,2026-06-04 05:51:47.124748+00,unknown
1076,nOpmGFkntb4,742.08,747,ປຽກຈຶ່ງດີ ຂ້ອຍບໍ່ບໍ່ໄດ້ແຕ່ງໜ້າເລີຍ ເຈົ້າຮູ້ວ່າມັນບໍ່,,2026-06-04 05:51:47.124748+00,unknown
1077,nOpmGFkntb4,747,750.6,ສຳຄັນ ຂ້ອຍຢາກເອົາຊຸດລອຍນໍ້າມາໃຫ້ ຂ້ອຍກະໂດດເຂົ້າໄປໄດ້ ເພາະມັນ,,2026-06-04 05:51:47.124748+00,unknown
1078,nOpmGFkntb4,750.6,757.38,ເຮັດ ເບິ່ງແລ້ວສົດຊື່ນ ແລະສີຟ້າຫຼາຍ ແລະຄືກັບວ່າແມ່ນແລ້ວ ອາດຈະເປັນເພາະວ່າຂ້ອຍຫິວນໍ້າແທ້ໆ,,2026-06-04 05:51:47.124748+00,unknown
1079,nOpmGFkntb4,757.38,762.48,ຂ້ອຍຮູ້ສຶກຢາກໂດດລົງນໍ້າ ແຕ່ຂໍເອົານໍ້າມາດື່ມນຳກັນເດີ້,,2026-06-04 05:51:47.124748+00,unknown
1109,Jja5en9n9pw,21.32,28,ธรรมดาหรือรถ EV นะและโลก้าชาริ Station,,2026-06-04 05:51:47.124748+00,th
1080,nOpmGFkntb4,769.124,774.9,"ລາວໜ້າຮັກຫຼາຍ ເຈົ້າຈື່ຊື່ຂອງລາວຕອນນີ້ໄມໄດ້ບໍ? Mikey Mikey macaron ທີ່ຢູ່ຂ້າງ Vans ທັງຫມົດ, ລາວ",,2026-06-04 05:51:47.124748+00,unknown
1081,nOpmGFkntb4,774.9,780.9,"ຫນ້າຮັກພິເສດ, ລາວໃຫມ່ຫຼາຍ, ລາວບໍ່ມີປ້າຍເລກ, ແຕ່ມັນບໍ່ຕົກ, ມັນບໍ່ມີ",,2026-06-04 05:51:47.124748+00,unknown
1082,nOpmGFkntb4,780.9,784.2,ເວລາທີ່ພວກເຮົາໄດ້ຮັບມັນແລະບໍ່ມີຫນຶ່ງຢູ່ຂ້າງຫລັງ. 'ບໍ່​ແນ່​ໃຈ​ວ່າ​ມັນ​ເປັນ​ສິ່ງ​ທີ່​ດີ​ແຕ່,,2026-06-04 05:51:47.124748+00,unknown
1083,nOpmGFkntb4,786.3,791.58,"​ມັນ​ເປັນ 125 ກິ​ໂລ​ແມັດ​ທີ່​ຍັງ​ເຫຼືອ​ໃນ​ຫມໍ້​ໄຟ​ແຕ່​ຂ້າ​ພະ​ເຈົ້າ​ຄິດ​ວ່າ​ພວກ​ເຮົາ​ຕ້ອງ​ການ​ພຽງ​ແຕ່ 28. ດຽວນີ້, ນີ້ເປັນ",,2026-06-04 05:51:47.124748+00,unknown
1084,nOpmGFkntb4,791.58,797.1,ຄັ້ງທຳອິດຂອງຂ້ອຍໃນລາວທີ່ບໍ່ເຄີຍມີມາກ່ອນ ແລະຂ້ອຍບໍ່ແນ່ໃຈວ່າຈະຄາດຫວັງຫຍັງໄດ້ ຂ້ອຍບໍ່ໄດ້ຄາດຫວັງຫຍັງຫຼາຍ,,2026-06-04 05:51:47.124748+00,unknown
1085,nOpmGFkntb4,797.1,802.2,ຕອນນີ້ມັນຕໍ່າ ຂ້ອຍບໍ່ມີເລີຍ ແຕ່ຫຼວງພະບາງເປັນບ່ອນທີ່ດີທີ່ສຸດທີ່ຈະເລີ່ມຕົ້ນ. ທາງ,,2026-06-04 05:51:47.124748+00,unknown
1086,nOpmGFkntb4,802.2,807.24,ເທັກນິກເຮົາເລີ່ມໄປທ່ຽວທີ່ປາກແບງ ແຕ່ອັນນີ້ບໍ່ໄດ້ນັບວ່າ,,2026-06-04 05:51:47.124748+00,unknown
1087,nOpmGFkntb4,807.24,815.1,ຫຼວງພະບາງ ກໍ່ງາມຫຼາຍ ທຳມະຊາດຫຼາຍແທ້ໆ ໃຫ້ເບິ່ງໄດ້ໃນແງ່ຂອງທິວທັດ ເຖິງວ່າເມືອງ,,2026-06-04 05:51:47.124748+00,unknown
1088,nOpmGFkntb4,815.1,821.76,ຈະນ້ອຍ ແຕ່ມື້ອື່ນເຮົາໄປຂຶ້ນທີ່ສູງ. - ລົດໄຟຄວາມໄວສູງລາວ ວຽງຈັນ,,2026-06-04 05:51:47.124748+00,unknown
1089,nOpmGFkntb4,821.76,828,ເພື່ອຈອງລົດໄຟຄວາມໄວສູງນີ້ແມ່ນມີຄວາມຫຍຸ້ງຍາກເລັກນ້ອຍແລະພວກເຮົາຈະອະທິບາຍເພີ່ມເຕີມ,,2026-06-04 05:51:47.124748+00,unknown
1090,nOpmGFkntb4,828,833.46,ກ່ຽວກັບວ່າໃນວິດີໂອຕໍ່ໄປແຕ່ຫວັງວ່ານິ້ວມືຂ້າມພວກເຮົາໃນຕົວຈິງແລ້ວພວກເຮົາຈະສາມາດໄດ້ຮັບຕົ໋ວພວກເຮົາມີ,,2026-06-04 05:51:47.124748+00,unknown
1091,nOpmGFkntb4,833.46,838.44,ບາງສິ່ງບາງຢ່າງດັ່ງນັ້ນຫວັງວ່າ. ຈະພາພວກເຮົາຂຶ້ນລົດໄຟນີ້ ດັ່ງນັ້ນພວກທ່ານອາດສັງເກດເຫັນວ່າພວກເຮົາໄດ້,,2026-06-04 05:51:47.124748+00,unknown
1092,nOpmGFkntb4,838.44,844.8,ເລີ່ມລົງວິດີໂອແບບປົກກະຕິຫຼາຍຂຶ້ນ ແຕ່ຍັງມີວິດີໂອສະໄຕລ໌ການເດີນທາງຫຼາຍຂຶ້ນໃນອະດີດທີ່,,2026-06-04 05:51:47.124748+00,unknown
1093,nOpmGFkntb4,844.8,850.26,ພວກເຮົາເຮັດບໍ່ໄດ້ແທ້ໆ ເພາະພວກເຮົາຢູ່ບ່ອນນັ້ນດົນເກີນໄປ ເພາະ ຂອງໂລກລະບາດ,,2026-06-04 05:51:47.124748+00,unknown
1094,nOpmGFkntb4,850.26,854.52,ແຕ່ຖືກຕ້ອງ ຕອນນີ້ເຮົາກຳລັງເດີນທາງຄືກັບທີ່ເຮົາຕັ້ງໃຈຈະເດີນທາງສະເໝີ ເຈົ້າຮູ້ວ່າຈະໄປຈາກບ່ອນໜຶ່ງ,,2026-06-04 05:51:47.124748+00,unknown
1095,nOpmGFkntb4,854.52,861.06,ໄປອີກບ່ອນໜຶ່ງໄດ້ໄວຫຼາຍ ສະນັ້ນເຮົາກໍ່ມ່ວນກັບການຖ່າຍທຳແບບນີ້ ແລະ,,2026-06-04 05:51:47.124748+00,unknown
1096,nOpmGFkntb4,861.06,867.6,ການເດີນທາງທົ່ວໄປມັນຍິ່ງດີຫຼາຍ ພ້ອມກັບການເດີນທາງອີກຫຼາຍ ແລະ ໄວກວ່າທີ່ພວກເຮົາຫວັງ,,2026-06-04 05:51:47.124748+00,unknown
1097,nOpmGFkntb4,867.6,873.48,ແລະພະຍາຍາມໂພດສອງຫາສາມເທື່ອຕໍ່ອາທິດເຊິ່ງເປັນຫຼາຍກ່ວາທີ່ພວກເຮົາໄດ້ໂພດໃນ YouTube ແລະ,,2026-06-04 05:51:47.124748+00,unknown
1098,nOpmGFkntb4,873.48,879.18,ນັ້ນແມ່ນຍ້ອນວ່າພວກເຮົາກໍ່ຕ້ອງການໃຫ້ໄດ້ 100K ກ່ອນປີໃຫມ່ດັ່ງນັ້ນຖ້າ,,2026-06-04 05:51:47.124748+00,unknown
1099,nOpmGFkntb4,879.18,883.74,ທ່ານໄດ້ ເຮັດວຽກຕະຫຼອດມາຈົນຈົບທີ່ນີ້ ແລະເຈົ້າຍັງບໍ່ໄດ້ສະໝັກເທື່ອ ກະລຸນາພິຈາລະນາການສະໝັກ,,2026-06-04 05:51:47.124748+00,unknown
1100,nOpmGFkntb4,883.74,887.82,ເພາະມັນຈະຊ່ວຍໃຫ້ເຮົາບັນລຸເປົ້າໝາຍໄດ້ຢ່າງແທ້ຈິງ ແລະພວກເຮົາຈະເຫັນໃນຄັ້ງຕໍ່ໄປ bye.,,2026-06-04 05:51:47.124748+00,unknown
1101,Jja5en9n9pw,0.04,4.72,ตอนนี้ผมอยู่ที่นครหลวงเวียงจันทร์นะครับ,,2026-06-04 05:51:47.124748+00,th
1102,Jja5en9n9pw,2,7.839,สปปลาวครับแล้วก็เป็นปีการท่องเที่ยวของ,,2026-06-04 05:51:47.124748+00,th
1103,Jja5en9n9pw,4.72,10.28,สปปลาวนะครับ Visit  LA  Year  2024 นะ,,2026-06-04 05:51:47.124748+00,th
1104,Jja5en9n9pw,7.839,12.88,ครับเชิญชวนให้ชาวต่างชาติไม่ว่าจะเป็นคน,,2026-06-04 05:51:47.124748+00,th
1105,Jja5en9n9pw,10.28,15.639,ไทยไม่ว่าชาติอะไรก็แล้วแต่เข้ามาเที่ยว,,2026-06-04 05:51:47.124748+00,th
1106,Jja5en9n9pw,12.88,18.199,ที่สปปลาวนะครับแล้วขณะเดียวกันตอนนี้นะ,,2026-06-04 05:51:47.124748+00,th
1321,moNqhkSmNNg,18.4,24.48,have here in Thailand. I'm going to look,,2026-06-04 05:51:47.124748+00,en
1110,Jja5en9n9pw,24.88,30.72,นะครับของโลก้าครับเขาเตรียมสถานีชาร์จ,,2026-06-04 05:51:47.124748+00,th
1111,Jja5en9n9pw,28,34.239,ไว้สำหรับรถ EV ของคนไทยนะครับที่เข้ามา,,2026-06-04 05:51:47.124748+00,th
1112,Jja5en9n9pw,30.72,38.44,ชาร์จไม่ว่าคุณจะเข้ามาทางหนองคายบึงกา,,2026-06-04 05:51:47.124748+00,th
1113,Jja5en9n9pw,34.239,40.68,นครพนมมุกดาหารอุบลนเข้ามาได้ทุกที่เลยนะ,,2026-06-04 05:51:47.124748+00,th
1114,Jja5en9n9pw,38.44,43.2,ครับเพราะว่าในแต่ละแขวงเนี่ยเาเตรียม,,2026-06-04 05:51:47.124748+00,th
1115,Jja5en9n9pw,40.68,46.079,Charging  Station เอาไว้นะครับแล้วก็,,2026-06-04 05:51:47.124748+00,th
1116,Jja5en9n9pw,43.2,49.199,การเดินทางเข้ามาที่สปปราวก็ง่ายนิดเดียว,,2026-06-04 05:51:47.124748+00,th
1117,Jja5en9n9pw,46.079,52.719,เองนะเพียงแค่รถของคุณนะครับไม่มีไฟแนนซ์,,2026-06-04 05:51:47.124748+00,th
1118,Jja5en9n9pw,49.199,56.16,ฮะสายยครบหมดมีบัตรทะเบียนรถมีใบขับขี่,,2026-06-04 05:51:47.124748+00,th
1119,Jja5en9n9pw,52.719,60,บัตรประชาชนเข้ามาทางด้านช่องผ่านด่านนะ,,2026-06-04 05:51:47.124748+00,th
1120,Jja5en9n9pw,56.16,62.12,ฮะกรมภาษีก็สามารถนำรถเข้ามาได้นะแล้วใน,,2026-06-04 05:51:47.124748+00,th
1121,Jja5en9n9pw,60,64.519,ครั้งๆนึงคุณสามารถขับรถเข้ามาได้ใน,,2026-06-04 05:51:47.124748+00,th
1122,Jja5en9n9pw,62.12,67,ประมาณ 2 อาทิตย์ครับ 14 วันสำหรับวีซ่า,,2026-06-04 05:51:47.124748+00,th
1123,Jja5en9n9pw,64.519,69.68,รถนะแต่ถ้าเกิดว่าตัวเราที่เราเข้ามา,,2026-06-04 05:51:47.124748+00,th
1124,Jja5en9n9pw,67,73.04,เนี่ยผ่านด่านทางด้านสปปลาวเราจะได้มี,,2026-06-04 05:51:47.124748+00,th
1125,Jja5en9n9pw,69.68,75.759,สิทธิ์เข้ามาเที่ยวสปปลาว 30 วันครับใน 1,,2026-06-04 05:51:47.124748+00,th
1126,Jja5en9n9pw,73.04,77.439,วีซ่าลักษณะเดียวกันของไทยครับแล้วเวลา,,2026-06-04 05:51:47.124748+00,th
1127,Jja5en9n9pw,75.759,79.68,คุณเอารถเข้ามาแล้วเนี่ยเราก็ต้องทำ,,2026-06-04 05:51:47.124748+00,th
1128,Jja5en9n9pw,77.439,81.96,ประกันนะฮะเพราะว่าเราจะเข้าไปในประเทศ,,2026-06-04 05:51:47.124748+00,th
1129,Jja5en9n9pw,79.68,84.92,ไหนเนี่ยก็จะมีประกันของประเทศนั้นเผื่อ,,2026-06-04 05:51:47.124748+00,th
1130,Jja5en9n9pw,81.96,87.119,จะเกิดอ่าอุบัติเหตุเกิดการเกี่ยวชนเนี่ย,,2026-06-04 05:51:47.124748+00,th
1131,Jja5en9n9pw,84.92,89.88,ก็จะเป็นลักษณะเดียวกันนะฮะเท่าที่ทราบมา,,2026-06-04 05:51:47.124748+00,th
1132,Jja5en9n9pw,87.119,92.96,"ก็อยู่ประมาณ 500,000 นึงขึ้นอยู่กันขนาด",,2026-06-04 05:51:47.124748+00,th
1133,Jja5en9n9pw,89.88,95.119,รถขนาดความแพงของรถแล้วะกันไทยเองเหมือน,,2026-06-04 05:51:47.124748+00,th
1134,Jja5en9n9pw,92.96,97.24,กันครับถ้าเกิดเป็นรถของสปปลาวเข้าไปที่,,2026-06-04 05:51:47.124748+00,th
1135,Jja5en9n9pw,95.119,99.64,ไทยเองเนี่ยก็จะต้องมีการเสียประกัน,,2026-06-04 05:51:47.124748+00,th
1136,Jja5en9n9pw,97.24,102.159,เหมือนกันว่ากี่มื้อลดราคาเท่าไหร่อยู่ใน,,2026-06-04 05:51:47.124748+00,th
1137,Jja5en9n9pw,99.64,104.56,วงเงินเท่าไหร่นะเพื่อความปลอดภัยนะฮะใน,,2026-06-04 05:51:47.124748+00,th
1138,Jja5en9n9pw,102.159,106.96,การท่องเที่ยวในการไปมาหาสู่กันตอนนี้ผม,,2026-06-04 05:51:47.124748+00,th
1139,Jja5en9n9pw,104.56,109.56,อยู่ที่ท่าแขกคำม่วนครับและที่นี่คือบ้าน,,2026-06-04 05:51:47.124748+00,th
1140,Jja5en9n9pw,106.96,113.36,พักท่าแขกใหม่และร้านอาหารท่าแขกใหม่นะ,,2026-06-04 05:51:47.124748+00,th
1141,Jja5en9n9pw,109.56,116.36,ที่นี่มีไว้สำหรับ EV  Station ครับรถไทย,,2026-06-04 05:51:47.124748+00,th
1142,Jja5en9n9pw,113.36,117.799,เข้ามาข้ามด่านมาแล้วก็มาชาร์จที่นี่ได้,,2026-06-04 05:51:47.124748+00,th
1144,Jja5en9n9pw,117.799,124.479,นะที่ขมวดนะครับเรามี 2 ที่ด้วยกันนะฮะ,,2026-06-04 05:51:47.124748+00,th
1145,Jja5en9n9pw,121.6,126.799,นั่นคือที่ภูผา่านและที่นี่นะฮะที่ท่าแขก,,2026-06-04 05:51:47.124748+00,th
1146,Jja5en9n9pw,124.479,129.399,นะครับก็สามารถรถข้ามมาถึงแล้วเนี่ยมา,,2026-06-04 05:51:47.124748+00,th
1147,Jja5en9n9pw,126.799,131.879,ชาร์จได้เลยเพราะที่นี่คือ loa  EV,,2026-06-04 05:51:47.124748+00,th
1148,Jja5en9n9pw,129.399,134.8,Charging  Station นะครับรองรับไว้,,2026-06-04 05:51:47.124748+00,th
1149,Jja5en9n9pw,131.879,138.16,สำหรับเปิดปีการท่องเที่ยวของสปปลาวครับ,,2026-06-04 05:51:47.124748+00,th
1150,Jja5en9n9pw,134.8,141.239,2024 ิ LA  Year นะครับคุณจะอยู่ที่ด่าน,,2026-06-04 05:51:47.124748+00,th
1151,Jja5en9n9pw,138.16,144.44,ไหนก็แล้วแต่ที่ตอนนี้เ้ามีถึง 17 สถานี,,2026-06-04 05:51:47.124748+00,th
1322,moNqhkSmNNg,19.84,28.08,at uh the five top or big ones and we'll,,2026-06-04 05:51:47.124748+00,en
1152,Jja5en9n9pw,141.239,147.28,สำหรับรถชาร์จนะครับและภายในปีนี้เขาจะ,,2026-06-04 05:51:47.124748+00,th
1153,Jja5en9n9pw,144.44,148.76,เพิ่มอีก 18 สถานีครับรวมเป็น 35 สถานี,,2026-06-04 05:51:47.124748+00,th
1154,Jja5en9n9pw,147.28,152.04,ครับตอนนี้ผมอยู่ที่,,2026-06-04 05:51:47.124748+00,th
1155,Jja5en9n9pw,148.76,155.4,สวรรณเพลสนี่ครับ maxi  at นะฮะเป็นบ่อน,,2026-06-04 05:51:47.124748+00,th
1156,Jja5en9n9pw,152.04,158.76,ชาร์จรถ EV แบบเร็วนะฮะจะเห็นว่ามีทั้ง 2,,2026-06-04 05:51:47.124748+00,th
1157,Jja5en9n9pw,155.4,162.239,หัวเลยนะคุณจะเห็นว่าอันนี้นะจะเป็นของ,,2026-06-04 05:51:47.124748+00,th
1158,Jja5en9n9pw,158.76,164.879,gbt และ css  type  2 ครับคุณจะขับมาจาก,,2026-06-04 05:51:47.124748+00,th
1159,Jja5en9n9pw,162.239,167.56,ที่เมืองไทยมุกดาหารข้ามมานะครับแล้วคุณ,,2026-06-04 05:51:47.124748+00,th
1160,Jja5en9n9pw,164.879,170.48,จะมาท่องเที่ยวที่สวรรนเขตก็สามารถมา,,2026-06-04 05:51:47.124748+00,th
1161,Jja5en9n9pw,167.56,172.64,ชาร์จได้ครับวิธีการก็ง่ายๆนะครับมีคำ,,2026-06-04 05:51:47.124748+00,th
1162,Jja5en9n9pw,170.48,176.159,อธิบายเรียบร้อยแล้วเลยนะครับตู้ชาร์จไฟ,,2026-06-04 05:51:47.124748+00,th
1163,Jja5en9n9pw,172.64,178.68,ฟ้าของโลก้านะครับมีทั้ง gbt แล้วก็ css,,2026-06-04 05:51:47.124748+00,th
1164,Jja5en9n9pw,176.159,180.8,type  2 นะฮะรองรับของคนไทยครับแล้วก็,,2026-06-04 05:51:47.124748+00,th
1165,Jja5en9n9pw,178.68,183.56,สามารถสแกนเข้าเข้ามาตรงนี้เลยนะครับแล้ว,,2026-06-04 05:51:47.124748+00,th
1166,Jja5en9n9pw,180.8,186.64,ก็จะรู้วิธีการเลยครับไม่ว่าจะเป็นภาษา,,2026-06-04 05:51:47.124748+00,th
1167,Jja5en9n9pw,183.56,188.92,ลาวภาษาจีนภาษาอังกฤษและภาษาไทยครับสแกน,,2026-06-04 05:51:47.124748+00,th
1168,Jja5en9n9pw,186.64,191.56,เรียบร้อยปั๊บก็จะบอกวิธีการเลยนะว่า,,2026-06-04 05:51:47.124748+00,th
1169,Jja5en9n9pw,188.92,194.519,ชาร์จยังไงและคิดค่าใช้จ่ายยังไงครับไม่,,2026-06-04 05:51:47.124748+00,th
1170,Jja5en9n9pw,191.56,196.959,ว่าคุณจะเป็นคนลาวที่เดินข้ามทางต่างแขวง,,2026-06-04 05:51:47.124748+00,th
1171,Jja5en9n9pw,194.519,199.44,หรือว่าจะเป็นคนไทยที่ข้ามมาแล้วตอนนี้ผม,,2026-06-04 05:51:47.124748+00,th
1172,Jja5en9n9pw,196.959,203.36,อยู่ที่นครหลวงเวียงจันทร์นะครับวันนี้,,2026-06-04 05:51:47.124748+00,th
1173,Jja5en9n9pw,199.44,206.36,เราจะเอามาชาร์จนะดูซิว่าขั้นตอนมันมายัง,,2026-06-04 05:51:47.124748+00,th
1174,Jja5en9n9pw,203.36,208.68,ไงนะะง่ายๆเลยแต่วันนี้เนี่ยเรามาชาร์จ,,2026-06-04 05:51:47.124748+00,th
1175,Jja5en9n9pw,206.36,211.799,กันนะแล้วดูซิว่าชารยังไงเพราะว่าเราใช้,,2026-06-04 05:51:47.124748+00,th
1176,Jja5en9n9pw,208.68,215.56,loa  EV เป็นแอปพลิเคชันที่สามารถรู้ได้,,2026-06-04 05:51:47.124748+00,th
1177,Jja5en9n9pw,211.799,218.92,เลยนะว่าแต่ละที่เนี่ยมีสถานีชาร์จแล้วก็,,2026-06-04 05:51:47.124748+00,th
1178,Jja5en9n9pw,215.56,222.76,มีคนชาร์จอยู่หรือเปล่าเราเดินทางไปเราจะ,,2026-06-04 05:51:47.124748+00,th
1179,Jja5en9n9pw,218.92,225.12,เห็นทันทีครับว่าถ้าตรงนั้นมีคนชาร์จอยู่,,2026-06-04 05:51:47.124748+00,th
1180,Jja5en9n9pw,222.76,228.319,เราก็จะไปอีกที่นึงฮะแล้วเราก็ตรวจสอบมา,,2026-06-04 05:51:47.124748+00,th
1181,Jja5en9n9pw,225.12,231.76,แล้วว่าที่เข้าวเนี่ยว่างครับแล้วเราก็มา,,2026-06-04 05:51:47.124748+00,th
1182,Jja5en9n9pw,228.319,231.76,ชาร์จฮะง่ายๆเลย,,2026-06-04 05:51:47.124748+00,th
1183,Jja5en9n9pw,234.12,239.4,ฮะแค่นี้เองแล้วพอเสร็จเรียบร้อยเราใช้,,2026-06-04 05:51:47.124748+00,th
1184,Jja5en9n9pw,237.04,241.36,แอปพลิเคชันในการจ่ายเงินนะเราจะรู้ทันที,,2026-06-04 05:51:47.124748+00,th
1185,Jja5en9n9pw,239.4,244.2,เลยว่าว่าใช้ไปนาทีละเท่าไหร่ผมเห็นแล้ว,,2026-06-04 05:51:47.124748+00,th
1186,Jja5en9n9pw,241.36,246.64,นาทีถูกมากนะว่าเราอยากจะชาร์จเท่าไหร่นะ,,2026-06-04 05:51:47.124748+00,th
1187,Jja5en9n9pw,244.2,249.599,ครับ 5 นาที 10 นาทีแล้วเดี๋ยวเราค่อยออก,,2026-06-04 05:51:47.124748+00,th
1188,Jja5en9n9pw,246.64,252.64,มานะแล้วเราก็เห็นสถานะนะครับของ,,2026-06-04 05:51:47.124748+00,th
1189,Jja5en9n9pw,249.599,254.92,แอปพลิเคชันนะฮะเราจะรู้ทันทีว่าตอนเนี้ย,,2026-06-04 05:51:47.124748+00,th
1190,Jja5en9n9pw,252.64,257.32,เติมไปแล้วกี่เปอร์เซ็นต์แล้วพอใจขนาดไหน,,2026-06-04 05:51:47.124748+00,th
1191,Jja5en9n9pw,254.92,260.639,นะฮะเพราะเราจะได้ไปต่อไงเดี๋ยวเราเข้าไป,,2026-06-04 05:51:47.124748+00,th
1192,Jja5en9n9pw,257.32,262.199,ทานอาหารไปทานกาแฟกันนะแล้วก็กลับมาอีกที,,2026-06-04 05:51:47.124748+00,th
1193,Jja5en9n9pw,260.639,264.639,เราจะอยู่ที่ไหนเราก็รู้สถานะของ,,2026-06-04 05:51:47.124748+00,th
1194,Jja5en9n9pw,262.199,266.84,แบตเตอรี่เราครับแล้วก็รถคันนั้นที่เห็น,,2026-06-04 05:51:47.124748+00,th
1195,Jja5en9n9pw,264.639,269.4,นะครับที่ชาร์ตัวเนี้ยได้ถูกจองเอาไว้,,2026-06-04 05:51:47.124748+00,th
1196,Jja5en9n9pw,266.84,271.8,ครับมันจะขึ้นมาเลยนะฮะว่าตู้นี้ว่างหรือ,,2026-06-04 05:51:47.124748+00,th
1197,Jja5en9n9pw,269.4,274.639,ไม่ว่างแล้วเมื่อกี้ผมมาชาร์จที่ตู้นี้นะ,,2026-06-04 05:51:47.124748+00,th
1198,Jja5en9n9pw,271.8,276.759,ฮะแล้วก็รถอีกคันนึงก็เข้ามาเพราะว่าเค้า,,2026-06-04 05:51:47.124748+00,th
1199,Jja5en9n9pw,274.639,280,จองเอาไว้ว่าเอยากจะเข้ามาชาร์จครับอัน,,2026-06-04 05:51:47.124748+00,th
1200,Jja5en9n9pw,276.759,282.56,นี้เป็นความชานฉลาดของผู้บริการแล้วก็ผู้,,2026-06-04 05:51:47.124748+00,th
1201,Jja5en9n9pw,280,284.52,ให้บริการเลยแล้วก็ User อย่างเรานะสะดวก,,2026-06-04 05:51:47.124748+00,th
1202,Jja5en9n9pw,282.56,286.88,รวดเร็วก็เพื่อว่าเราจะได้ไม่ไปเสีย,,2026-06-04 05:51:47.124748+00,th
1203,Jja5en9n9pw,284.52,290.6,เที่ยวไงถ้าเกิดว่ามันเต็มเรียบร้อยเราก็,,2026-06-04 05:51:47.124748+00,th
1204,Jja5en9n9pw,286.88,294.08,ไปบ่อนอื่นป่ะกินกาแฟดีกว่าแล้วก็สถานี,,2026-06-04 05:51:47.124748+00,th
1205,Jja5en9n9pw,290.6,296.32,ชาร์จทั่วสปปลาวนะครับมีด้วยกันถึง 17,,2026-06-04 05:51:47.124748+00,th
1206,Jja5en9n9pw,294.08,299.199,สถานีด้วยกันนะตอนนี้ผมอยู่ที่นครหลวง,,2026-06-04 05:51:47.124748+00,th
1207,Jja5en9n9pw,296.32,301.28,เวียงจันทร์นะมี 6 สถานีครับมีที่โรงแรม,,2026-06-04 05:51:47.124748+00,th
1208,Jja5en9n9pw,299.199,304,เวียงเงจันร์พลาซ่าครับ The ข้าวที่ผม,,2026-06-04 05:51:47.124748+00,th
1209,Jja5en9n9pw,301.28,306.72,นั่งอยู่นะฮะเป็นคาเฟ่ครับห้างสัสินค้า,,2026-06-04 05:51:47.124748+00,th
1210,Jja5en9n9pw,304,308.639,พักสั้นครับอิ่มสุกสุกี้นะฮะเชิ,,2026-06-04 05:51:47.124748+00,th
1211,Jja5en9n9pw,306.72,310.96,ซุปเปอร์มาร์เก็ตครับหรือว่าบู Off,,2026-06-04 05:51:47.124748+00,th
1212,Jja5en9n9pw,308.639,313.759,Highway ชาร์จอยู่ก็ให้รถเชาร์จไปครับผม,,2026-06-04 05:51:47.124748+00,th
1213,Jja5en9n9pw,310.96,315.88,ก็มานั่งดื่มกาแฟนะครับถ้าเป็นที่อื่นคุณ,,2026-06-04 05:51:47.124748+00,th
1214,Jja5en9n9pw,313.759,318.4,ก็สามารถจะเข้ามาได้นะตอนนี้ผมเข้ามาจาก,,2026-06-04 05:51:47.124748+00,th
1215,Jja5en9n9pw,315.88,321.319,หนองคายมาถึงหพหลวงเวียงจันทร์นะฮะหรือ,,2026-06-04 05:51:47.124748+00,th
1216,Jja5en9n9pw,318.4,324.759,ว่าจะเข้าจากบึงกาไปบอลิคำไซหรือว่าจะ,,2026-06-04 05:51:47.124748+00,th
1217,Jja5en9n9pw,321.319,329.039,เป็นจากนครพนมเข้าคำม่วนมุกดาหารสวรนเขต,,2026-06-04 05:51:47.124748+00,th
1218,Jja5en9n9pw,324.759,331.88,หรืออุบลราชธานีไปที่ปากเซครับคุณสามารถ,,2026-06-04 05:51:47.124748+00,th
1219,Jja5en9n9pw,329.039,334.52,จะรถ EV นะครับที่อยู่ที่เมืองไทยคุณ,,2026-06-04 05:51:47.124748+00,th
1220,Jja5en9n9pw,331.88,337.6,สามารถเข้ามาชาร์จที่ loa  EV  Station,,2026-06-04 05:51:47.124748+00,th
1221,Jja5en9n9pw,334.52,340.44,ได้เลยนะครับแล้วคุณก็จะสังเกตว่าเรา,,2026-06-04 05:51:47.124748+00,th
1222,Jja5en9n9pw,337.6,342.639,สามารถที่จะเดินทางจากใต้สุดขึ้นไปถึง,,2026-06-04 05:51:47.124748+00,th
1223,Jja5en9n9pw,340.44,344.6,เหนือได้เลยนะครับไม่ว่าคุณจะเข้ามาจาก,,2026-06-04 05:51:47.124748+00,th
1224,Jja5en9n9pw,342.639,348.4,อุบลราเข้ามาที่,,2026-06-04 05:51:47.124748+00,th
1225,Jja5en9n9pw,344.6,350.36,ปากเซคุณก็เข้ามาชาร์จที่ปากเซใช่มั้ย,,2026-06-04 05:51:47.124748+00,th
1226,Jja5en9n9pw,348.4,352.88,ครับแล้วก็เดินทางเข้ามาคุณอาจจะชาร์จที่,,2026-06-04 05:51:47.124748+00,th
1227,Jja5en9n9pw,350.36,356.039,สวนเขตก็ได้ขึ้นมาคำม่วนก็ได้แล้วก็มาถึง,,2026-06-04 05:51:47.124748+00,th
1228,Jja5en9n9pw,352.88,358.56,บอริคใสแล้วก็มาถึงที่นครหลวงเวียงจันทร์,,2026-06-04 05:51:47.124748+00,th
1229,Jja5en9n9pw,356.039,360.639,หรือคุณจะเดินทางขึ้นไปเมืองเฟืองเมือง,,2026-06-04 05:51:47.124748+00,th
1230,Jja5en9n9pw,358.56,363.16,เฟืองก็มีสถานนี้ชาร์จเหมือนกันนะครับที่,,2026-06-04 05:51:47.124748+00,th
1231,Jja5en9n9pw,360.639,365.88,คาเฟ่ผาเรืองนะฮะก็สามารถที่เข้าไปชาร์จ,,2026-06-04 05:51:47.124748+00,th
1232,Jja5en9n9pw,363.16,368.24,ที่อ่าเมืองเฟืองได้หรือว่าวังเวียงก็มี,,2026-06-04 05:51:47.124748+00,th
1233,Jja5en9n9pw,365.88,371.08,เหมือนกันที่วังเวียงมีอินทิราโรงแรม,,2026-06-04 05:51:47.124748+00,th
1234,Jja5en9n9pw,368.24,372.96,อินทิราครับและอันที่ 2 คือ tmk รีสอร์ท,,2026-06-04 05:51:47.124748+00,th
1323,moNqhkSmNNg,24.48,31.199,evaluate them and uh we'll look at them,,2026-06-04 05:51:47.124748+00,en
1235,Jja5en9n9pw,371.08,375.56,ครับเป็นโรงแรมใหญ่เหมือนกันจะสังเกตว่า,,2026-06-04 05:51:47.124748+00,th
1236,Jja5en9n9pw,372.96,377.88,อยู่ในโรงแรมทั้งคู่เลยนะหรือว่าจะเป็น,,2026-06-04 05:51:47.124748+00,th
1237,Jja5en9n9pw,375.56,380.599,ที่ินิคาเฟ่ครับ The มินิคาเฟ่ที่,,2026-06-04 05:51:47.124748+00,th
1238,Jja5en9n9pw,377.88,383.84,วังเวียงนะฮะนั่นก็อีกที่นึงมี 3 ที่เลย,,2026-06-04 05:51:47.124748+00,th
1239,Jja5en9n9pw,380.599,386.4,หลวงพระบางอ่าจากวังเวียงแล้วขึ้นไปหลวง,,2026-06-04 05:51:47.124748+00,th
1240,Jja5en9n9pw,383.84,389.12,พระบางที่หลวงพระบางก็มีอีกนะครับนั่นคือ,,2026-06-04 05:51:47.124748+00,th
1241,Jja5en9n9pw,386.4,392.16,ที่พูแมนครับโรงแรมพูแมนนั่นเองนะอีกอัน,,2026-06-04 05:51:47.124748+00,th
1242,Jja5en9n9pw,389.12,394.72,นึงคือไม์บ้านลวโรงแรมเปิดไมค์ใหญ่มากๆนะ,,2026-06-04 05:51:47.124748+00,th
1243,Jja5en9n9pw,392.16,397.68,มี 2 ที่เหมือนกันนะครับหรือว่าถ้าเกิดไป,,2026-06-04 05:51:47.124748+00,th
1244,Jja5en9n9pw,394.72,401.759,บริคำไซที่อยู่ตรงข้ามบึงกานะครับก็จะ,,2026-06-04 05:51:47.124748+00,th
1245,Jja5en9n9pw,397.68,404.52,เป็นสถานีชาร์จปารสั้นร้าน JJ มดเบเกอรี่,,2026-06-04 05:51:47.124748+00,th
1246,Jja5en9n9pw,401.759,407.52,ครับก็แวะเข้าไปได้นะตรงนั้นนะที่คำม่วน,,2026-06-04 05:51:47.124748+00,th
1247,Jja5en9n9pw,404.52,410.919,ครับถ้าไปแขวงคำม่วนเจะมี 2 ที่นะครับที่,,2026-06-04 05:51:47.124748+00,th
1248,Jja5en9n9pw,407.52,413.599,นึงก็คือเป็นร้านอาหารบ้านพัก้าแขกใหม่,,2026-06-04 05:51:47.124748+00,th
1249,Jja5en9n9pw,410.919,416.68,ครับผมก็แวะไปแล้วนะไปชาร์ที่นั่นครับอีก,,2026-06-04 05:51:47.124748+00,th
1250,Jja5en9n9pw,413.599,419.16,ที่นึงคุณสามารถจะเดินทางแล้วก็ไปเล่นที่,,2026-06-04 05:51:47.124748+00,th
1251,Jja5en9n9pw,416.68,422.599,ภูผาท the  rock  View  Point ที่นั่นก็,,2026-06-04 05:51:47.124748+00,th
1252,Jja5en9n9pw,419.16,426.12,จะมีสถานีชาร์จอีกอันนึงถ้าไปที่สวรเดน,,2026-06-04 05:51:47.124748+00,th
1253,Jja5en9n9pw,422.599,428.12,เขตก็จะมีสถานที่ชาร์จคือ masato  Coffee,,2026-06-04 05:51:47.124748+00,th
1254,Jja5en9n9pw,426.12,431.039,ครับตรงนั้นผมก็แวะไปเหมือนกันนะไปชิม,,2026-06-04 05:51:47.124748+00,th
1255,Jja5en9n9pw,428.12,434.68,กาแฟนะฮะแล้วก็ไปชาร์จด้วยแต่ถ้าเกิดว่า,,2026-06-04 05:51:47.124748+00,th
1256,Jja5en9n9pw,431.039,437.199,จะไปที่จำปาสักปากเซที่นั่นก็คือเบสโก,,2026-06-04 05:51:47.124748+00,th
1257,Jja5en9n9pw,434.68,438.639,ปากเซซุปเปอร์มาร์เก็ตครับก็ชาร์จเสร็จ,,2026-06-04 05:51:47.124748+00,th
1258,Jja5en9n9pw,437.199,441.199,เรียบร้อยแล้วเนี่ยก็สามารถเข้าไป,,2026-06-04 05:51:47.124748+00,th
1259,Jja5en9n9pw,438.639,445.44,ช้อปปิ้งนะฮะเข้าไปกินอาหารแล้วก็เดินทาง,,2026-06-04 05:51:47.124748+00,th
1260,Jja5en9n9pw,441.199,448,ต่อครับทั้งหมดนี้คือ 17 สถานีทั่วสปปลาว,,2026-06-04 05:51:47.124748+00,th
1261,Jja5en9n9pw,445.44,450.479,นะคะแล้วเขาก็บอกว่าปีนี้เพื่อเปิดปีการ,,2026-06-04 05:51:47.124748+00,th
1262,Jja5en9n9pw,448,452.759,ท่องเที่ยวเขาจะเพิ่มอีกทั้งหมดเป็น 35,,2026-06-04 05:51:47.124748+00,th
1263,Jja5en9n9pw,450.479,456,สถานีครับเยอะขึึ้นเรื่อยๆแล้วจะเห็นว่า,,2026-06-04 05:51:47.124748+00,th
1264,Jja5en9n9pw,452.759,459.599,ที่สปปราวเนี่ยรถ EV ค่อนข้างเยอะนะ้าก็,,2026-06-04 05:51:47.124748+00,th
1265,Jja5en9n9pw,456,463.599,เลยเปิดโอกาสให้เราเนี่ยสามารถที่จะขับรถ,,2026-06-04 05:51:47.124748+00,th
1266,Jja5en9n9pw,459.599,466.44,เข้ามาที่สปปลาวแล้วก็ชาร์จแบตเตอรี่ได้,,2026-06-04 05:51:47.124748+00,th
1267,Jja5en9n9pw,463.599,468.44,ตลอดเวลานะฮะและตอนนี้นะครับผมชาร์จไป,,2026-06-04 05:51:47.124748+00,th
1268,Jja5en9n9pw,466.44,472.479,แล้วนะครับมันบอกด้วยนะครับว่าเมื่อกี้ผม,,2026-06-04 05:51:47.124748+00,th
1269,Jja5en9n9pw,468.44,477.199,ชาร์จไป 23 นาทีครับแล้วก็แบตตอนนี้ 93%,,2026-06-04 05:51:47.124748+00,th
1270,Jja5en9n9pw,472.479,480.199,จากเมื่อกี้ 70% มาถึง 93% เนี่ยใช้เวลา,,2026-06-04 05:51:47.124748+00,th
1271,Jja5en9n9pw,477.199,482.68,ประมาณ 20 นาทีแล้วผมอยากไปแล้วผมก็มากด,,2026-06-04 05:51:47.124748+00,th
1272,Jja5en9n9pw,480.199,485.319,ตรงนี้ได้เลยว่าหยุดเรียบร้อยครับแล้ว,,2026-06-04 05:51:47.124748+00,th
1273,Jja5en9n9pw,482.68,487.599,หลังจากนี้เนี่ยเราก็จ่ายเงินจ่ายจากตรง,,2026-06-04 05:51:47.124748+00,th
1274,Jja5en9n9pw,485.319,491.039,นี้ได้เลยนะครับไม่ว่าคุณจะผ่านบัตร,,2026-06-04 05:51:47.124748+00,th
1275,Jja5en9n9pw,487.599,493.599,เครดิตบัตรเดบิตวีซ่ามาสเตอคดนะฮะก็จ่าย,,2026-06-04 05:51:47.124748+00,th
1276,Jja5en9n9pw,491.039,497.52,ตรงนี้ได้เลยแล้วเก็ชาร์จไปเลยนะแค่นี้,,2026-06-04 05:51:47.124748+00,th
1277,Jja5en9n9pw,493.599,504.28,เองนั่นก็เราก็ไปเอาหัวชาร์จออกได้เลยป 20,,2026-06-04 05:51:47.124748+00,th
1278,Jja5en9n9pw,497.52,511.24,"นาทีทั้งหมดเป็นเงิน 50,000 กีบประมาณ 80",,2026-06-04 05:51:47.124748+00,th
1279,Jja5en9n9pw,504.28,511.24,บาทคุณได้ 20%  80 บาทโอ้ยโอเคนะ,,2026-06-04 05:51:47.124748+00,th
1280,Jja5en9n9pw,512.279,518.24,แล้วก็หัวชาร์จนะฮะรองรับได้ถึง 2 ระบบนะ,,2026-06-04 05:51:47.124748+00,th
1281,Jja5en9n9pw,515.159,521.56,คุณจะเห็นว่า ccs  type  2 นะฮะสำหรับของ,,2026-06-04 05:51:47.124748+00,th
1282,Jja5en9n9pw,518.24,525.56,คนไทยคุณไม่ต้องเอาหัวแปลงมานะขับรถมาเฉย,,2026-06-04 05:51:47.124748+00,th
1283,Jja5en9n9pw,521.56,527.959,ๆเลยแล้วก็มาใช้ทุกสถานีชาร์จของ้า EV,,2026-06-04 05:51:47.124748+00,th
1284,Jja5en9n9pw,525.56,531.32,Station นะครับรองรับทั้งไทยและก็ลาวนะ,,2026-06-04 05:51:47.124748+00,th
1285,Jja5en9n9pw,527.959,535.04,ครับไม่ต้องเอาหัวชาร์จมานะครับแล้วก็ณปี,,2026-06-04 05:51:47.124748+00,th
1286,Jja5en9n9pw,531.32,537.88,การท่องเที่ยวของสปปลาวก็มีทุกๆแขวงเปิด,,2026-06-04 05:51:47.124748+00,th
1287,Jja5en9n9pw,535.04,540.959,ปีการท่องเที่ยวเนี่ยตลอดเลยนะครับที่,,2026-06-04 05:51:47.124748+00,th
1288,Jja5en9n9pw,537.88,544.36,ผ่านมาผมไปเปิดปีการท่องเที่ยวของคำม่วน,,2026-06-04 05:51:47.124748+00,th
1289,Jja5en9n9pw,540.959,547.279,ครับซึ่งอยู่ตรงข้ามนครพนมแล้วอีกอาทิตย์,,2026-06-04 05:51:47.124748+00,th
1290,Jja5en9n9pw,544.36,548.92,ข้างหน้านะครับวันที่ 19 ถึงวันที่ 25,,2026-06-04 05:51:47.124748+00,th
1291,Jja5en9n9pw,547.279,551.64,ครับนั่นคือจะเปิดปีการท่องเที่ยวของ,,2026-06-04 05:51:47.124748+00,th
1292,Jja5en9n9pw,548.92,553.68,ปากเซจำปาศักดิ์นะครับคุณจะอยู่ตรงที่,,2026-06-04 05:51:47.124748+00,th
1293,Jja5en9n9pw,551.64,556.48,อุบลเนี่ยสามารถข้ามมาเที่ยวที่,,2026-06-04 05:51:47.124748+00,th
1294,Jja5en9n9pw,553.68,559.68,จำปาศักดิ์ที่อุบลราได้เลยนะเป็นมหกรรม,,2026-06-04 05:51:47.124748+00,th
1295,Jja5en9n9pw,556.48,563.6,สัปดาห์การท่องเที่ยวของจำปาศักดิ์มีทั้ง,,2026-06-04 05:51:47.124748+00,th
1296,Jja5en9n9pw,559.68,566.24,คอนเสิร์ตมีทั้งตลาดนัดมีทั้งการชกมวยมี,,2026-06-04 05:51:47.124748+00,th
1297,Jja5en9n9pw,563.6,568.24,ทั้งการวิ่งเาจะเปิดปีการท่องเที่ยวและ,,2026-06-04 05:51:47.124748+00,th
1298,Jja5en9n9pw,566.24,572.16,เป็นการท่องเที่ยวของแขวงจำปาสักดิ์ครับ,,2026-06-04 05:51:47.124748+00,th
1299,Jja5en9n9pw,568.24,575.44,แล้วในเดือนข้างหน้าเปิดปีการท่องเที่ยว,,2026-06-04 05:51:47.124748+00,th
1300,Jja5en9n9pw,572.16,575.44,ของสวรรณเพลส,,2026-06-04 05:51:47.124748+00,th
1301,Jja5en9n9pw,580.519,587.279,เลยแล้วก็แขวงอื่นๆก็จะตามมานะนั่นหมาย,,2026-06-04 05:51:47.124748+00,th
1302,Jja5en9n9pw,584.48,589.88,ความว่าทั้งปีเนี่ยการท่องเที่ยวของสปป,,2026-06-04 05:51:47.124748+00,th
1303,Jja5en9n9pw,587.279,594,ลาวในการท่องเที่ยวของแต่ละแขวงเนี่ยเขา,,2026-06-04 05:51:47.124748+00,th
1304,Jja5en9n9pw,589.88,597,ก็จะเตรียมสถานที่เตรียมประเพณีงานรื่น,,2026-06-04 05:51:47.124748+00,th
1305,Jja5en9n9pw,594,599.519,เริงไว้ให้สำหรับชาวต่างชาติได้เข้ามา,,2026-06-04 05:51:47.124748+00,th
1306,Jja5en9n9pw,597,602.48,เยี่ยมชมได้เข้ามาท่องเที่ยวนะฮะแล้ววัน,,2026-06-04 05:51:47.124748+00,th
1307,Jja5en9n9pw,599.519,605.76,ที่ 24 นี้ก็เหมือนกันนะครับก็จะเป็นบุญ,,2026-06-04 05:51:47.124748+00,th
1308,Jja5en9n9pw,602.48,608.88,ประเพณีของวัดภูจำปาศักดิ์ครับก็จัดงาน,,2026-06-04 05:51:47.124748+00,th
1309,Jja5en9n9pw,605.76,611.2,ยิ่งใหญ่นะฮะที่สปปลาวก็เชิญชวนครับไม่,,2026-06-04 05:51:47.124748+00,th
1310,Jja5en9n9pw,608.88,614.68,ว่าจะเป็นคนไทยจะเป็นคนลาวก็แล้วแต่นะฮะ,,2026-06-04 05:51:47.124748+00,th
1311,Jja5en9n9pw,611.2,618.399,ขับรถเข้ามา EV ขับรถ EV เข้ามาสามารถ,,2026-06-04 05:51:47.124748+00,th
1312,Jja5en9n9pw,614.68,622.519,เข้าไปชาร์จรถได้ถึง 17 สถานีทั่วสปปลาว,,2026-06-04 05:51:47.124748+00,th
1313,Jja5en9n9pw,618.399,628.04,นะฮะแล้วก็ในปีนี้เขาจะเพิ่มสถานีชาร์จ,,2026-06-04 05:51:47.124748+00,th
1314,Jja5en9n9pw,622.519,631.04,ถึง 35 สถานีด้วยกันป่ะไปเที่ยวสปปเรา,,2026-06-04 05:51:47.124748+00,th
1316,Jja5en9n9pw,634.24,637.24,e,,2026-06-04 05:51:47.124748+00,es
1317,moNqhkSmNNg,4.584,6.604,[music],,2026-06-04 05:51:47.124748+00,ca
1318,moNqhkSmNNg,10.24,15.92,"Hey folks. So, welcome to the channel",,2026-06-04 05:51:47.124748+00,en
1319,moNqhkSmNNg,13.04,18.4,once more. And today we're doing a we're,,2026-06-04 05:51:47.124748+00,en
1320,moNqhkSmNNg,15.92,19.84,doing a deep dive into the Chargers we,,2026-06-04 05:51:47.124748+00,en
1324,moNqhkSmNNg,28.08,33.6,in terms of five parameters such as the,,2026-06-04 05:51:47.124748+00,en
1325,moNqhkSmNNg,31.199,36.64,charging speeds,,2026-06-04 05:51:47.124748+00,en
1326,moNqhkSmNNg,33.6,39.28,um how much it costs both the peak price,,2026-06-04 05:51:47.124748+00,en
1327,moNqhkSmNNg,36.64,41.04,and the off peak price.,,2026-06-04 05:51:47.124748+00,en
1328,moNqhkSmNNg,39.28,44.719,"just the network, how many of them there",,2026-06-04 05:51:47.124748+00,en
1329,moNqhkSmNNg,41.04,48.079,"are the app, how good is it, how bad is",,2026-06-04 05:51:47.124748+00,en
1330,moNqhkSmNNg,44.719,50.239,"it, can you book, can you not book, and",,2026-06-04 05:51:47.124748+00,en
1331,moNqhkSmNNg,48.079,51.84,"station amenities, which in my opinion",,2026-06-04 05:51:47.124748+00,en
1332,moNqhkSmNNg,50.239,54.48,is pretty important when you got to,,2026-06-04 05:51:47.124748+00,en
1333,moNqhkSmNNg,51.84,57.44,spend 45 minutes to an hour in the,,2026-06-04 05:51:47.124748+00,en
1334,moNqhkSmNNg,54.48,61.8,middle of a long journey. So number five,,2026-06-04 05:51:47.124748+00,en
1335,moNqhkSmNNg,57.44,61.8,at the bottom of the list is Tesla.,,2026-06-04 05:51:47.124748+00,en
1336,moNqhkSmNNg,62.16,67.2,"Yeah, Tesla. They were kind of the first",,2026-06-04 05:51:47.124748+00,en
1337,moNqhkSmNNg,64.64,70.32,"EV in Thailand. In fact, the probably",,2026-06-04 05:51:47.124748+00,en
1338,moNqhkSmNNg,67.2,72.159,were the first EV in Thailand. And I I,,2026-06-04 05:51:47.124748+00,en
1339,moNqhkSmNNg,70.32,75.28,like the product. I'm not a big fan of,,2026-06-04 05:51:47.124748+00,en
1340,moNqhkSmNNg,72.159,78.88,"the the uh the company, particularly the",,2026-06-04 05:51:47.124748+00,en
1341,moNqhkSmNNg,75.28,82.32,"CEO EEO, but um let's let's check this",,2026-06-04 05:51:47.124748+00,en
1342,moNqhkSmNNg,78.88,84.56,out. They I I loaded up the app. Took me,,2026-06-04 05:51:47.124748+00,en
1343,moNqhkSmNNg,82.32,86.799,a little while to figure out [music] how,,2026-06-04 05:51:47.124748+00,en
1344,moNqhkSmNNg,84.56,88.799,"to set the region to Thai, but I I",,2026-06-04 05:51:47.124748+00,en
1345,moNqhkSmNNg,86.799,90.159,finally got that done because if you,,2026-06-04 05:51:47.124748+00,en
1346,moNqhkSmNNg,88.799,93.119,"don't have the right region, you might",,2026-06-04 05:51:47.124748+00,en
1347,moNqhkSmNNg,90.159,95.759,not get the map that you need. Had to,,2026-06-04 05:51:47.124748+00,en
1348,moNqhkSmNNg,93.119,98.4,put in my username and password. several,,2026-06-04 05:51:47.124748+00,en
1349,moNqhkSmNNg,95.759,100.96,times until it finally,,2026-06-04 05:51:47.124748+00,en
1350,moNqhkSmNNg,98.4,103.36,opened up the app for me. And so that,,2026-06-04 05:51:47.124748+00,en
1351,moNqhkSmNNg,100.96,107.04,was a bit of a process. But then once I,,2026-06-04 05:51:47.124748+00,en
1352,moNqhkSmNNg,103.36,110,"got the app open, I couldn't find a map.",,2026-06-04 05:51:47.124748+00,en
1353,moNqhkSmNNg,107.04,112.24,"I there was stuff about home charging,",,2026-06-04 05:51:47.124748+00,en
1354,moNqhkSmNNg,110,113.92,"but when you went to the main menu,",,2026-06-04 05:51:47.124748+00,en
1355,moNqhkSmNNg,112.24,116.56,"looked like there was going to be a map,",,2026-06-04 05:51:47.124748+00,en
1356,moNqhkSmNNg,113.92,118.479,but couldn't find one. So couldn't even,,2026-06-04 05:51:47.124748+00,en
1357,moNqhkSmNNg,116.56,122.68,look up where the stations were located,,2026-06-04 05:51:47.124748+00,en
1358,moNqhkSmNNg,118.479,122.68,on the Tesla app.,,2026-06-04 05:51:47.124748+00,en
1359,moNqhkSmNNg,122.96,127.439,"Fearing not, I went to the website.",,2026-06-04 05:51:47.124748+00,en
1360,moNqhkSmNNg,125.04,130.72,"Thought, ""Okay, surely the website has",,2026-06-04 05:51:47.124748+00,en
1361,moNqhkSmNNg,127.439,132.56,"it."" And it did. So, had to log in",,2026-06-04 05:51:47.124748+00,en
1362,moNqhkSmNNg,130.72,135.68,"again. But on the website, I was able to",,2026-06-04 05:51:47.124748+00,en
1363,moNqhkSmNNg,132.56,138.4,find some superchargers. And I chose one,,2026-06-04 05:51:47.124748+00,en
1364,moNqhkSmNNg,135.68,142.319,that was going to be on my journey. This,,2026-06-04 05:51:47.124748+00,en
1365,moNqhkSmNNg,138.4,144.16,one here at the garage cafe. And uh so I,,2026-06-04 05:51:47.124748+00,en
1366,moNqhkSmNNg,142.319,145.92,"paid it a visit, not knowing if I'd be",,2026-06-04 05:51:47.124748+00,en
1367,moNqhkSmNNg,144.16,148.56,able to use it or not because couldn't,,2026-06-04 05:51:47.124748+00,en
1368,moNqhkSmNNg,145.92,152,find any info. Even when I went into the,,2026-06-04 05:51:47.124748+00,en
1369,moNqhkSmNNg,148.56,153.599,"detail, didn't tell me anything.",,2026-06-04 05:51:47.124748+00,en
1379,moNqhkSmNNg,173.44,178,something like that. This is the,,2026-06-04 05:51:47.124748+00,en
1380,moNqhkSmNNg,175.36,180.64,government agency that oversees,,2026-06-04 05:51:47.124748+00,en
1381,moNqhkSmNNg,178,182.56,electricity in Thailand. And uh they've,,2026-06-04 05:51:47.124748+00,en
1382,moNqhkSmNNg,180.64,185.76,got some chargers set up. And I went to,,2026-06-04 05:51:47.124748+00,en
1383,moNqhkSmNNg,182.56,189.519,"the flagship, the headquarters. And it",,2026-06-04 05:51:47.124748+00,en
1384,moNqhkSmNNg,185.76,191.84,was a bit of a it was a bit of a a mouse,,2026-06-04 05:51:47.124748+00,en
1385,moNqhkSmNNg,189.519,193.68,"maze to find the chargers. Turn left,",,2026-06-04 05:51:47.124748+00,en
1386,moNqhkSmNNg,191.84,196.239,"turn right, go through these gates, go",,2026-06-04 05:51:47.124748+00,en
1387,moNqhkSmNNg,193.68,198,around here. It's a big complex. There,,2026-06-04 05:51:47.124748+00,en
